{"textures":{"0":"modelengine:entity/dungeon_medium_lootchest"},"elements":[{"name":"cube","from":[3.35,9.2,4.7],"to":[12.95,10.4,11.3],"rotation":{"angle":0.0,"axis":"x","origin":[8.0,5.6,8.0]},"faces":{"down":{"uv":[8.0,2.75,4.0,5.5],"rotation":0,"texture":"#0","tintindex":0},"east":{"uv":[11.5,5.5,14.25,6.0],"rotation":0,"texture":"#0","tintindex":0},"north":{"uv":[7.5,10.5,11.5,11.0],"rotation":0,"texture":"#0","tintindex":0},"south":{"uv":[10.5,9.75,14.5,10.25],"rotation":0,"texture":"#0","tintindex":0},"up":{"uv":[8.0,2.75,4.0,0.0],"rotation":0,"texture":"#0","tintindex":0},"west":{"uv":[11.5,6.0,14.25,6.5],"rotation":0,"texture":"#0","tintindex":0}}},{"name":"cube","from":[5.75,10.4,6.5],"to":[10.55,11.6,9.5],"rotation":{"angle":0.0,"axis":"x","origin":[8.0,5.6,8.0]},"faces":{"down":{"uv":[7.5,10.5,5.5,11.75],"rotation":0,"texture":"#0","tintindex":0},"east":{"uv":[6.25,11.75,7.5,12.25],"rotation":0,"texture":"#0","tintindex":0},"north":{"uv":[7.5,11.5,9.5,12.0],"rotation":0,"texture":"#0","tintindex":0},"south":{"uv":[11.5,7.5,13.5,8.0],"rotation":0,"texture":"#0","tintindex":0},"up":{"uv":[5.5,11.5,3.5,10.25],"rotation":0,"texture":"#0","tintindex":0},"west":{"uv":[11.75,11.5,13.0,12.0],"rotation":0,"texture":"#0","tintindex":0}}},{"name":"cube","from":[11.15,6.8,4.7],"to":[12.95,9.2,5.8999996],"rotation":{"angle":0.0,"axis":"x","origin":[8.0,5.6,8.0]},"faces":{"down":{"uv":[13.5,8.75,12.75,9.25],"rotation":0,"texture":"#0","tintindex":0},"east":{"uv":[3.0,12.0,3.5,13.0],"rotation":0,"texture":"#0","tintindex":0},"north":{"uv":[11.0,11.5,11.75,12.5],"rotation":0,"texture":"#0","tintindex":0},"south":{"uv":[5.5,11.75,6.25,12.75],"rotation":0,"texture":"#0","tintindex":0},"up":{"uv":[13.5,8.75,12.75,8.25],"rotation":0,"texture":"#0","tintindex":0},"west":{"uv":[3.5,12.0,4.0,13.0],"rotation":0,"texture":"#0","tintindex":0}}},{"name":"cube","from":[11.15,6.8,10.1],"to":[12.95,9.2,11.3],"rotation":{"angle":0.0,"axis":"x","origin":[8.0,5.6,8.0]},"faces":{"down":{"uv":[13.5,9.25,12.75,8.75],"rotation":0,"texture":"#0","tintindex":0},"east":{"uv":[3.5,12.0,3.0,13.0],"rotation":0,"texture":"#0","tintindex":0},"north":{"uv":[6.25,11.75,5.5,12.75],"rotation":0,"texture":"#0","tintindex":0},"south":{"uv":[11.75,11.5,11.0,12.5],"rotation":0,"texture":"#0","tintindex":0},"up":{"uv":[13.5,8.25,12.75,8.75],"rotation":0,"texture":"#0","tintindex":0},"west":{"uv":[4.0,12.0,3.5,13.0],"rotation":0,"texture":"#0","tintindex":0}}},{"name":"cube","from":[3.35,6.8,10.1],"to":[5.1499996,9.2,11.3],"rotation":{"angle":0.0,"axis":"x","origin":[8.0,5.6,8.0]},"faces":{"down":{"uv":[12.75,9.25,13.5,8.75],"rotation":0,"texture":"#0","tintindex":0},"east":{"uv":[3.5,12.0,4.0,13.0],"rotation":0,"texture":"#0","tintindex":0},"north":{"uv":[5.5,11.75,6.25,12.75],"rotation":0,"texture":"#0","tintindex":0},"south":{"uv":[11.0,11.5,11.75,12.5],"rotation":0,"texture":"#0","tintindex":0},"up":{"uv":[12.75,8.25,13.5,8.75],"rotation":0,"texture":"#0","tintindex":0},"west":{"uv":[3.0,12.0,3.5,13.0],"rotation":0,"texture":"#0","tintindex":0}}},{"name":"cube","from":[3.35,6.8,4.7],"to":[5.1499996,9.2,5.8999996],"rotation":{"angle":0.0,"axis":"x","origin":[8.0,5.6,8.0]},"faces":{"down":{"uv":[12.75,8.75,13.5,9.25],"rotation":0,"texture":"#0","tintindex":0},"east":{"uv":[4.0,12.0,3.5,13.0],"rotation":0,"texture":"#0","tintindex":0},"north":{"uv":[11.75,11.5,11.0,12.5],"rotation":0,"texture":"#0","tintindex":0},"south":{"uv":[6.25,11.75,5.5,12.75],"rotation":0,"texture":"#0","tintindex":0},"up":{"uv":[12.75,8.75,13.5,8.25],"rotation":0,"texture":"#0","tintindex":0},"west":{"uv":[3.5,12.0,3.0,13.0],"rotation":0,"texture":"#0","tintindex":0}}},{"name":"cube","from":[3.35,5.6,4.7],"to":[12.95,6.8,11.3],"rotation":{"angle":0.0,"axis":"x","origin":[8.0,5.6,8.0]},"faces":{"down":{"uv":[8.0,5.5,4.0,8.25],"rotation":0,"texture":"#0","tintindex":0},"east":{"uv":[11.5,6.5,14.25,7.0],"rotation":0,"texture":"#0","tintindex":0},"north":{"uv":[7.5,11.0,11.5,11.5],"rotation":0,"texture":"#0","tintindex":0},"south":{"uv":[0.0,11.5,4.0,12.0],"rotation":0,"texture":"#0","tintindex":0},"up":{"uv":[4.0,8.25,0.0,5.5],"rotation":0,"texture":"#0","tintindex":0},"west":{"uv":[11.5,7.0,14.25,7.5],"rotation":0,"texture":"#0","tintindex":0}}},{"name":"cube","from":[3.9499998,6.8,5.3],"to":[12.35,9.8,10.700001],"rotation":{"angle":0.0,"axis":"x","origin":[8.0,5.6,8.0]},"faces":{"down":{"uv":[11.5,2.25,8.0,4.5],"rotation":0,"texture":"#0","tintindex":0},"east":{"uv":[3.5,8.25,5.75,9.5],"rotation":0,"texture":"#0","tintindex":0},"north":{"uv":[8.0,7.0,11.5,8.25],"rotation":0,"texture":"#0","tintindex":0},"south":{"uv":[0.0,8.25,3.5,9.5],"rotation":0,"texture":"#0","tintindex":0},"up":{"uv":[11.5,2.25,8.0,0.0],"rotation":0,"texture":"#0","tintindex":0},"west":{"uv":[5.75,8.25,8.0,9.5],"rotation":0,"texture":"#0","tintindex":0}}}],"display":{"head":{"translation":[0.0,-6.4,0.0],"rotation":[0.0,0.0,0.0],"scale":[3.8095,3.8095,3.8095]}}}