{"textures":{"0":"modelengine:entity/herobrine","1":"modelengine:entity/herobrine_bits","2":"modelengine:entity/herobrine_shield","3":"modelengine:entity/herobrine_alex"},"elements":[{"name":"leftarm","from":[6.8059998,4.3999996,5.6],"to":[8.906,8.0,7.7],"rotation":{"angle":0.0,"axis":"x","origin":[4.3999996,-2.8000002,6.8]},"faces":{"down":{"uv":[6.0,8.0,5.0,9.0],"rotation":0,"texture":"#3","tintindex":0},"east":{"uv":[4.0,6.5,5.0,8.0],"rotation":0,"texture":"#3","tintindex":0},"north":{"uv":[3.0,6.5,4.0,8.0],"rotation":0,"texture":"#3","tintindex":0},"south":{"uv":[5.0,6.5,6.0,8.0],"rotation":0,"texture":"#3","tintindex":0},"up":{"uv":[9.0,5.5,8.0,4.5],"rotation":0,"texture":"#3","tintindex":0},"west":{"uv":[6.0,6.5,7.0,8.0],"rotation":0,"texture":"#3","tintindex":0}}},{"name":"herobrine_bits_117","from":[7.397,1.3820142,5.6097097],"to":[8.0,2.5880144,7.4187098],"rotation":{"angle":-45.0,"axis":"x","origin":[1.6985,5.5425406,3.4168673]},"faces":{"down":{"uv":[0.75,11.5,1.0,12.25],"rotation":180,"texture":"#1","tintindex":0},"east":{"uv":[0.75,12.25,1.25,11.5],"rotation":270,"texture":"#1","tintindex":0},"north":{"uv":[1.25,11.5,0.75,11.75],"rotation":90,"texture":"#1","tintindex":0},"south":{"uv":[0.75,12.0,1.25,12.25],"rotation":270,"texture":"#1","tintindex":0},"up":{"uv":[1.0,11.5,1.25,12.25],"rotation":0,"texture":"#1","tintindex":0},"west":{"uv":[0.75,11.5,1.25,12.25],"rotation":270,"texture":"#1","tintindex":0}}},{"name":"herobrine_bits_112","from":[7.397,2.5880144,5.0067096],"to":[8.0,3.191015,7.4187098],"rotation":{"angle":-45.0,"axis":"x","origin":[1.6985,5.5425406,3.4168673]},"faces":{"down":{"uv":[1.25,11.25,1.5,12.25],"rotation":180,"texture":"#1","tintindex":0},"east":{"uv":[1.25,12.25,1.5,11.25],"rotation":270,"texture":"#1","tintindex":0},"north":{"uv":[1.5,11.25,1.25,11.5],"rotation":90,"texture":"#1","tintindex":0},"south":{"uv":[1.25,12.0,1.5,12.25],"rotation":270,"texture":"#1","tintindex":0},"up":{"uv":[1.25,11.25,1.5,12.25],"rotation":0,"texture":"#1","tintindex":0},"west":{"uv":[1.25,11.25,1.5,12.25],"rotation":270,"texture":"#1","tintindex":0}}},{"name":"herobrine_bits_108","from":[7.397,3.191015,4.4037094],"to":[8.0,3.7940145,6.2127094],"rotation":{"angle":-45.0,"axis":"x","origin":[1.6985,5.5425406,3.4168673]},"faces":{"down":{"uv":[1.5,11.0,1.75,11.75],"rotation":180,"texture":"#1","tintindex":0},"east":{"uv":[1.5,11.75,1.75,11.0],"rotation":270,"texture":"#1","tintindex":0},"north":{"uv":[1.75,11.0,1.5,11.25],"rotation":90,"texture":"#1","tintindex":0},"south":{"uv":[1.5,11.5,1.75,11.75],"rotation":270,"texture":"#1","tintindex":0},"up":{"uv":[1.5,11.0,1.75,11.75],"rotation":0,"texture":"#1","tintindex":0},"west":{"uv":[1.5,11.0,1.75,11.75],"rotation":270,"texture":"#1","tintindex":0}}},{"name":"herobrine_bits_96","from":[7.397,3.7940145,1.9917097],"to":[8.0,4.3970146,5.6097097],"rotation":{"angle":-45.0,"axis":"x","origin":[1.6985,5.5425406,3.4168673]},"faces":{"down":{"uv":[1.75,10.0,2.0,11.5],"rotation":180,"texture":"#1","tintindex":0},"east":{"uv":[1.75,11.5,2.0,10.0],"rotation":270,"texture":"#1","tintindex":0},"north":{"uv":[2.0,10.0,1.75,10.25],"rotation":90,"texture":"#1","tintindex":0},"south":{"uv":[1.75,11.25,2.0,11.5],"rotation":270,"texture":"#1","tintindex":0},"up":{"uv":[1.75,10.0,2.0,11.5],"rotation":0,"texture":"#1","tintindex":0},"west":{"uv":[1.75,10.0,2.0,11.5],"rotation":270,"texture":"#1","tintindex":0}}},{"name":"herobrine_bits_100","from":[7.397,3.191015,2.5947092],"to":[8.0,3.7940145,3.8007097],"rotation":{"angle":-45.0,"axis":"x","origin":[1.6985,5.5425406,3.4168673]},"faces":{"down":{"uv":[1.5,10.25,1.75,10.75],"rotation":180,"texture":"#1","tintindex":0},"east":{"uv":[1.5,10.75,1.75,10.25],"rotation":270,"texture":"#1","tintindex":0},"north":{"uv":[1.75,10.25,1.5,10.5],"rotation":90,"texture":"#1","tintindex":0},"south":{"uv":[1.5,10.5,1.75,10.75],"rotation":270,"texture":"#1","tintindex":0},"up":{"uv":[1.5,10.25,1.75,10.75],"rotation":0,"texture":"#1","tintindex":0},"west":{"uv":[1.5,10.25,1.75,10.75],"rotation":270,"texture":"#1","tintindex":0}}},{"name":"herobrine_bits_90","from":[7.397,2.5880144,1.3887095],"to":[8.0,3.7940145,2.5947092],"rotation":{"angle":-45.0,"axis":"x","origin":[1.6985,5.5425406,3.4168673]},"faces":{"down":{"uv":[1.25,9.75,1.5,10.25],"rotation":180,"texture":"#1","tintindex":0},"east":{"uv":[1.25,10.25,1.75,9.75],"rotation":270,"texture":"#1","tintindex":0},"north":{"uv":[1.75,9.75,1.25,10.0],"rotation":90,"texture":"#1","tintindex":0},"south":{"uv":[1.25,10.0,1.75,10.25],"rotation":270,"texture":"#1","tintindex":0},"up":{"uv":[1.5,9.75,1.75,10.25],"rotation":0,"texture":"#1","tintindex":0},"west":{"uv":[1.25,9.75,1.75,10.25],"rotation":270,"texture":"#1","tintindex":0}}},{"name":"herobrine_bits_101","from":[7.397,4.3970146,2.5947092],"to":[8.0,5.000015,5.0067096],"rotation":{"angle":-45.0,"axis":"x","origin":[1.6985,5.5425406,3.4168673]},"faces":{"down":{"uv":[2.0,10.25,2.25,11.25],"rotation":180,"texture":"#1","tintindex":0},"east":{"uv":[2.0,11.25,2.25,10.25],"rotation":270,"texture":"#1","tintindex":0},"north":{"uv":[2.25,10.25,2.0,10.5],"rotation":90,"texture":"#1","tintindex":0},"south":{"uv":[2.0,11.0,2.25,11.25],"rotation":270,"texture":"#1","tintindex":0},"up":{"uv":[2.0,10.25,2.25,11.25],"rotation":0,"texture":"#1","tintindex":0},"west":{"uv":[2.0,10.25,2.25,11.25],"rotation":270,"texture":"#1","tintindex":0}}},{"name":"herobrine_bits_97","from":[7.397,5.000015,1.9917097],"to":[8.0,5.603015,5.6097097],"rotation":{"angle":-45.0,"axis":"x","origin":[1.6985,5.5425406,3.4168673]},"faces":{"down":{"uv":[2.25,10.0,2.5,11.5],"rotation":180,"texture":"#1","tintindex":0},"east":{"uv":[2.25,11.5,2.5,10.0],"rotation":270,"texture":"#1","tintindex":0},"north":{"uv":[2.5,10.0,2.25,10.25],"rotation":90,"texture":"#1","tintindex":0},"south":{"uv":[2.25,11.25,2.5,11.5],"rotation":270,"texture":"#1","tintindex":0},"up":{"uv":[2.25,10.0,2.5,11.5],"rotation":0,"texture":"#1","tintindex":0},"west":{"uv":[2.25,10.0,2.5,11.5],"rotation":270,"texture":"#1","tintindex":0}}},{"name":"herobrine_bits_109","from":[7.397,6.2060146,4.4037094],"to":[8.0,6.8090153,6.2127094],"rotation":{"angle":-45.0,"axis":"x","origin":[1.6985,5.5425406,3.4168673]},"faces":{"down":{"uv":[2.75,11.0,3.0,11.75],"rotation":180,"texture":"#1","tintindex":0},"east":{"uv":[2.75,11.75,3.0,11.0],"rotation":270,"texture":"#1","tintindex":0},"north":{"uv":[3.0,11.0,2.75,11.25],"rotation":90,"texture":"#1","tintindex":0},"south":{"uv":[2.75,11.5,3.0,11.75],"rotation":270,"texture":"#1","tintindex":0},"up":{"uv":[2.75,11.0,3.0,11.75],"rotation":0,"texture":"#1","tintindex":0},"west":{"uv":[2.75,11.0,3.0,11.75],"rotation":270,"texture":"#1","tintindex":0}}},{"name":"herobrine_bits_113","from":[7.397,6.8090153,5.0067096],"to":[8.0,7.4120145,6.2127094],"rotation":{"angle":-45.0,"axis":"x","origin":[1.6985,5.5425406,3.4168673]},"faces":{"down":{"uv":[3.0,11.25,3.25,11.75],"rotation":180,"texture":"#1","tintindex":0},"east":{"uv":[3.0,11.75,3.25,11.25],"rotation":270,"texture":"#1","tintindex":0},"north":{"uv":[3.25,11.25,3.0,11.5],"rotation":90,"texture":"#1","tintindex":0},"south":{"uv":[3.0,11.5,3.25,11.75],"rotation":270,"texture":"#1","tintindex":0},"up":{"uv":[3.0,11.25,3.25,11.75],"rotation":0,"texture":"#1","tintindex":0},"west":{"uv":[3.0,11.25,3.25,11.75],"rotation":270,"texture":"#1","tintindex":0}}},{"name":"herobrine_bits_85","from":[7.397,6.2060146,0.7857094],"to":[8.0,6.8090153,3.8007097],"rotation":{"angle":-45.0,"axis":"x","origin":[1.6985,5.5425406,3.4168673]},"faces":{"down":{"uv":[2.75,9.5,3.0,10.75],"rotation":180,"texture":"#1","tintindex":0},"east":{"uv":[2.75,10.75,3.0,9.5],"rotation":270,"texture":"#1","tintindex":0},"north":{"uv":[3.0,9.5,2.75,9.75],"rotation":90,"texture":"#1","tintindex":0},"south":{"uv":[2.75,10.5,3.0,10.75],"rotation":270,"texture":"#1","tintindex":0},"up":{"uv":[2.75,9.5,3.0,10.75],"rotation":0,"texture":"#1","tintindex":0},"west":{"uv":[2.75,9.5,3.0,10.75],"rotation":270,"texture":"#1","tintindex":0}}},{"name":"herobrine_bits_91","from":[7.397,5.603015,1.3887095],"to":[8.0,6.2060146,5.6097097],"rotation":{"angle":-45.0,"axis":"x","origin":[1.6985,5.5425406,3.4168673]},"faces":{"down":{"uv":[2.5,9.75,2.75,11.5],"rotation":180,"texture":"#1","tintindex":0},"east":{"uv":[2.5,11.5,2.75,9.75],"rotation":270,"texture":"#1","tintindex":0},"north":{"uv":[2.75,9.75,2.5,10.0],"rotation":90,"texture":"#1","tintindex":0},"south":{"uv":[2.5,11.25,2.75,11.5],"rotation":270,"texture":"#1","tintindex":0},"up":{"uv":[2.5,9.75,2.75,11.5],"rotation":0,"texture":"#1","tintindex":0},"west":{"uv":[2.5,9.75,2.75,11.5],"rotation":270,"texture":"#1","tintindex":0}}},{"name":"herobrine_bits_82","from":[7.397,6.8090153,0.18270946],"to":[8.0,7.4120145,3.1977098],"rotation":{"angle":-45.0,"axis":"x","origin":[1.6985,5.5425406,3.4168673]},"faces":{"down":{"uv":[3.0,9.25,3.25,10.5],"rotation":180,"texture":"#1","tintindex":0},"east":{"uv":[3.0,10.5,3.25,9.25],"rotation":270,"texture":"#1","tintindex":0},"north":{"uv":[3.25,9.25,3.0,9.5],"rotation":90,"texture":"#1","tintindex":0},"south":{"uv":[3.0,10.25,3.25,10.5],"rotation":270,"texture":"#1","tintindex":0},"up":{"uv":[3.0,9.25,3.25,10.5],"rotation":0,"texture":"#1","tintindex":0},"west":{"uv":[3.0,9.25,3.25,10.5],"rotation":270,"texture":"#1","tintindex":0}}},{"name":"herobrine_bits_79","from":[7.397,7.4120145,-0.4202907],"to":[8.0,8.015015,2.5947092],"rotation":{"angle":-45.0,"axis":"x","origin":[1.6985,5.5425406,3.4168673]},"faces":{"down":{"uv":[3.25,9.0,3.5,10.25],"rotation":180,"texture":"#1","tintindex":0},"east":{"uv":[3.25,10.25,3.5,9.0],"rotation":270,"texture":"#1","tintindex":0},"north":{"uv":[3.5,9.0,3.25,9.25],"rotation":90,"texture":"#1","tintindex":0},"south":{"uv":[3.25,10.0,3.5,10.25],"rotation":270,"texture":"#1","tintindex":0},"up":{"uv":[3.25,9.0,3.5,10.25],"rotation":0,"texture":"#1","tintindex":0},"west":{"uv":[3.25,9.0,3.5,10.25],"rotation":270,"texture":"#1","tintindex":0}}},{"name":"herobrine_bits_76","from":[7.397,8.015015,-1.0232906],"to":[8.0,8.618015,1.9917097],"rotation":{"angle":-45.0,"axis":"x","origin":[1.6985,5.5425406,3.4168673]},"faces":{"down":{"uv":[3.5,8.75,3.75,10.0],"rotation":180,"texture":"#1","tintindex":0},"east":{"uv":[3.5,10.0,3.75,8.75],"rotation":270,"texture":"#1","tintindex":0},"north":{"uv":[3.75,8.75,3.5,9.0],"rotation":90,"texture":"#1","tintindex":0},"south":{"uv":[3.5,9.75,3.75,10.0],"rotation":270,"texture":"#1","tintindex":0},"up":{"uv":[3.5,8.75,3.75,10.0],"rotation":0,"texture":"#1","tintindex":0},"west":{"uv":[3.5,8.75,3.75,10.0],"rotation":270,"texture":"#1","tintindex":0}}},{"name":"herobrine_bits_72","from":[7.397,8.618015,-1.6262898],"to":[8.0,9.221015,1.3887095],"rotation":{"angle":-45.0,"axis":"x","origin":[1.6985,5.5425406,3.4168673]},"faces":{"down":{"uv":[3.75,8.5,4.0,9.75],"rotation":180,"texture":"#1","tintindex":0},"east":{"uv":[3.75,9.75,4.0,8.5],"rotation":270,"texture":"#1","tintindex":0},"north":{"uv":[4.0,8.5,3.75,8.75],"rotation":90,"texture":"#1","tintindex":0},"south":{"uv":[3.75,9.5,4.0,9.75],"rotation":270,"texture":"#1","tintindex":0},"up":{"uv":[3.75,8.5,4.0,9.75],"rotation":0,"texture":"#1","tintindex":0},"west":{"uv":[3.75,8.5,4.0,9.75],"rotation":270,"texture":"#1","tintindex":0}}},{"name":"herobrine_bits_70","from":[7.397,9.221015,-2.2292905],"to":[8.0,11.030014,-0.4202907],"rotation":{"angle":-45.0,"axis":"x","origin":[1.6985,5.5425406,3.4168673]},"faces":{"down":{"uv":[4.0,8.25,4.25,9.0],"rotation":180,"texture":"#1","tintindex":0},"east":{"uv":[4.0,9.0,4.75,8.25],"rotation":270,"texture":"#1","tintindex":0},"north":{"uv":[4.75,8.25,4.0,8.5],"rotation":90,"texture":"#1","tintindex":0},"south":{"uv":[4.0,8.75,4.75,9.0],"rotation":270,"texture":"#1","tintindex":0},"up":{"uv":[4.5,8.25,4.75,9.0],"rotation":0,"texture":"#1","tintindex":0},"west":{"uv":[4.0,8.25,4.75,9.0],"rotation":270,"texture":"#1","tintindex":0}}},{"name":"herobrine_bits_80","from":[7.397,9.221015,-0.4202907],"to":[8.0,10.427015,0.18270946],"rotation":{"angle":-45.0,"axis":"x","origin":[1.6985,5.5425406,3.4168673]},"faces":{"down":{"uv":[4.0,9.0,4.25,9.25],"rotation":180,"texture":"#1","tintindex":0},"east":{"uv":[4.0,9.25,4.5,9.0],"rotation":270,"texture":"#1","tintindex":0},"north":{"uv":[4.5,9.0,4.0,9.25],"rotation":90,"texture":"#1","tintindex":0},"south":{"uv":[4.0,9.0,4.5,9.25],"rotation":270,"texture":"#1","tintindex":0},"up":{"uv":[4.25,9.0,4.5,9.25],"rotation":0,"texture":"#1","tintindex":0},"west":{"uv":[4.0,9.0,4.5,9.25],"rotation":270,"texture":"#1","tintindex":0}}},{"name":"herobrine_bits_83","from":[7.397,9.221015,0.18270946],"to":[8.0,9.824015,0.7857094],"rotation":{"angle":-45.0,"axis":"x","origin":[1.6985,5.5425406,3.4168673]},"faces":{"down":{"uv":[4.0,9.25,4.25,9.5],"rotation":180,"texture":"#1","tintindex":0},"east":{"uv":[4.0,9.5,4.25,9.25],"rotation":270,"texture":"#1","tintindex":0},"north":{"uv":[4.25,9.25,4.0,9.5],"rotation":90,"texture":"#1","tintindex":0},"south":{"uv":[4.0,9.25,4.25,9.5],"rotation":270,"texture":"#1","tintindex":0},"up":{"uv":[4.0,9.25,4.25,9.5],"rotation":0,"texture":"#1","tintindex":0},"west":{"uv":[4.0,9.25,4.25,9.5],"rotation":270,"texture":"#1","tintindex":0}}}],"display":{"head":{"translation":[0.0,-6.4,0.0],"rotation":[0.0,0.0,0.0],"scale":[3.8095,3.8095,3.8095]}}}