{"textures":{"0":"modelengine:entity/boneshadingreaper","1":"modelengine:entity/boneshadin2heraldxd","2":"modelengine:entity/reapercloak","3":"modelengine:entity/osdes","4":"modelengine:entity/reaperfald","5":"modelengine:entity/fallenreaper"},"elements":[{"name":"right hand","from":[7.0041566,5.846078,7.044278],"to":[9.404158,8.2460785,9.444279],"rotation":{"angle":0.0,"axis":"x","origin":[4.6041565,0.44607806,8.244278]},"faces":{"down":{"uv":[9.2375,8.8875,8.7625,9.3625],"rotation":0,"texture":"#5","tintindex":0},"east":{"uv":[1.8875,8.8875,2.3625,9.3625],"rotation":0,"texture":"#5","tintindex":0},"north":{"uv":[1.2625,8.8875,1.7375,9.3625],"rotation":0,"texture":"#5","tintindex":0},"south":{"uv":[2.5125,8.8875,2.9875,9.3625],"rotation":0,"texture":"#5","tintindex":0},"up":{"uv":[7.2375,9.3625,6.7625,8.8875],"rotation":0,"texture":"#5","tintindex":0},"west":{"uv":[4.3875,8.8875,4.8625,9.3625],"rotation":0,"texture":"#5","tintindex":0}}}],"display":{"head":{"translation":[0.0,-6.4,0.0],"rotation":[0.0,0.0,0.0],"scale":[3.8095,3.8095,3.8095]}}}