{"textures":{"0":"modelengine:entity/lava_quid"},"elements":[{"name":"cube","from":[6.2,6.8,6.2],"to":[9.8,8.0,9.8],"rotation":{"angle":0.0,"axis":"x","origin":[5.6,8.0,5.6]},"faces":{"down":{"uv":[10.0,5.5,8.5,7.0],"rotation":0,"texture":"#0","tintindex":0},"east":{"uv":[10.5,9.25,12.0,9.75],"rotation":0,"texture":"#0","tintindex":0},"north":{"uv":[10.5,3.75,12.0,4.25],"rotation":0,"texture":"#0","tintindex":0},"south":{"uv":[10.5,9.75,12.0,10.25],"rotation":0,"texture":"#0","tintindex":0},"up":{"uv":[10.0,3.0,8.5,1.5],"rotation":0,"texture":"#0","tintindex":0},"west":{"uv":[10.5,10.25,12.0,10.75],"rotation":0,"texture":"#0","tintindex":0}}}],"display":{"head":{"translation":[0.0,-6.4,0.0],"rotation":[0.0,0.0,0.0],"scale":[3.8095,3.8095,3.8095]}}}