{"textures":{"0":"modelengine:entity/lava_quid"},"elements":[{"name":"cube","from":[7.4,0.7999997,7.4],"to":[8.6,8.0,8.6],"rotation":{"angle":0.0,"axis":"x","origin":[10.4,9.2,5.6]},"faces":{"down":{"uv":[3.5,10.25,3.0,10.75],"rotation":270,"texture":"#0","tintindex":0},"east":{"uv":[5.75,9.75,6.25,12.75],"rotation":0,"texture":"#0","tintindex":0},"north":{"uv":[7.25,9.75,7.75,12.75],"rotation":0,"texture":"#0","tintindex":0},"south":{"uv":[6.25,9.75,6.75,12.75],"rotation":0,"texture":"#0","tintindex":0},"up":{"uv":[5.5,10.5,5.0,10.0],"rotation":90,"texture":"#0","tintindex":0},"west":{"uv":[6.75,9.75,7.25,12.75],"rotation":0,"texture":"#0","tintindex":0}}}],"display":{"head":{"translation":[0.0,-6.4,0.0],"rotation":[0.0,0.0,0.0],"scale":[3.8095,3.8095,3.8095]}}}