{"textures":{"0":"modelengine:entity/warped_cave_mushroom"},"elements":[{"name":"cube","from":[5.3,8.0,5.3],"to":[10.700001,9.8,10.700001],"rotation":{"angle":0.0,"axis":"x","origin":[8.0,3.35,8.0]},"faces":{"down":{"uv":[4.5,4.5,0.0,9.0],"rotation":0,"texture":"#0","tintindex":0},"east":{"uv":[8.0,0.0,12.5,1.5],"rotation":0,"texture":"#0","tintindex":0},"north":{"uv":[4.5,7.0,9.0,8.5],"rotation":0,"texture":"#0","tintindex":0},"south":{"uv":[8.0,1.5,12.5,3.0],"rotation":0,"texture":"#0","tintindex":0},"up":{"uv":[4.5,4.5,0.0,0.0],"rotation":0,"texture":"#0","tintindex":0},"west":{"uv":[8.0,3.0,12.5,4.5],"rotation":0,"texture":"#0","tintindex":0}}},{"name":"cube","from":[5.8999996,9.8,5.8999996],"to":[10.1,10.4,10.1],"rotation":{"angle":0.0,"axis":"x","origin":[8.0,3.35,8.0]},"faces":{"down":{"uv":[8.0,3.5,4.5,7.0],"rotation":0,"texture":"#0","tintindex":0},"east":{"uv":[0.0,12.0,3.5,12.5],"rotation":0,"texture":"#0","tintindex":0},"north":{"uv":[0.0,11.5,3.5,12.0],"rotation":0,"texture":"#0","tintindex":0},"south":{"uv":[12.0,7.0,15.5,7.5],"rotation":0,"texture":"#0","tintindex":0},"up":{"uv":[8.0,3.5,4.5,0.0],"rotation":0,"texture":"#0","tintindex":0},"west":{"uv":[12.0,7.5,15.5,8.0],"rotation":0,"texture":"#0","tintindex":0}}}],"display":{"head":{"translation":[0.0,-6.4,0.0],"rotation":[0.0,0.0,0.0],"scale":[3.8095,3.8095,3.8095]}}}