{"textures":{"0":"modelengine:entity/warped_cave_mushroom"},"elements":[{"name":"cube","from":[6.502161,8.006102,6.4832277],"to":[9.502161,11.006102,9.483229],"rotation":{"angle":0.0,"axis":"x","origin":[8.002161,6.356102,7.983228]},"faces":{"down":{"uv":[12.0,9.5,9.5,12.0],"rotation":0,"texture":"#0","tintindex":0},"east":{"uv":[4.5,8.5,7.0,11.0],"rotation":0,"texture":"#0","tintindex":0},"north":{"uv":[8.0,4.5,10.5,7.0],"rotation":0,"texture":"#0","tintindex":0},"south":{"uv":[7.0,8.5,9.5,11.0],"rotation":0,"texture":"#0","tintindex":0},"up":{"uv":[12.0,9.5,9.5,7.0],"rotation":0,"texture":"#0","tintindex":0},"west":{"uv":[0.0,9.0,2.5,11.5],"rotation":0,"texture":"#0","tintindex":0}}},{"name":"cube","from":[4.552161,8.006102,7.533228],"to":[6.652161,11.006102,7.533228],"rotation":{"angle":-22.5,"axis":"y","origin":[5.452161,9.506102,7.533228]},"faces":{"down":{"uv":[0.0,0.0,1.75,0.0],"rotation":0,"texture":"#0","tintindex":0},"east":{"uv":[0.0,0.0,0.0,2.5],"rotation":0,"texture":"#0","tintindex":0},"north":{"uv":[4.25,9.0,2.5,11.5],"rotation":0,"texture":"#0","tintindex":0},"south":{"uv":[2.5,9.0,4.25,11.5],"rotation":0,"texture":"#0","tintindex":0},"up":{"uv":[0.0,0.0,1.75,0.0],"rotation":0,"texture":"#0","tintindex":0},"west":{"uv":[0.0,0.0,0.0,2.5],"rotation":0,"texture":"#0","tintindex":0}}},{"name":"cube","from":[4.6421614,8.006102,8.283228],"to":[6.7421613,11.006102,8.283228],"rotation":{"angle":22.5,"axis":"z","origin":[5.452161,9.506102,8.283228]},"faces":{"down":{"uv":[1.75,0.0,0.0,0.0],"rotation":0,"texture":"#0","tintindex":0},"east":{"uv":[0.0,0.0,0.0,2.5],"rotation":0,"texture":"#0","tintindex":0},"north":{"uv":[4.5,11.0,6.25,13.5],"rotation":0,"texture":"#0","tintindex":0},"south":{"uv":[6.25,11.0,4.5,13.5],"rotation":0,"texture":"#0","tintindex":0},"up":{"uv":[1.75,0.0,0.0,0.0],"rotation":0,"texture":"#0","tintindex":0},"west":{"uv":[0.0,0.0,0.0,2.5],"rotation":0,"texture":"#0","tintindex":0}}},{"name":"cube","from":[9.502161,8.006102,8.733229],"to":[11.602161,11.006102,8.733229],"rotation":{"angle":0.0,"axis":"x","origin":[8.002161,6.356102,7.983228]},"faces":{"down":{"uv":[0.0,0.0,1.75,0.0],"rotation":0,"texture":"#0","tintindex":0},"east":{"uv":[0.0,0.0,0.0,2.5],"rotation":0,"texture":"#0","tintindex":0},"north":{"uv":[6.25,11.0,4.5,13.5],"rotation":0,"texture":"#0","tintindex":0},"south":{"uv":[4.5,11.0,6.25,13.5],"rotation":0,"texture":"#0","tintindex":0},"up":{"uv":[0.0,0.0,1.75,0.0],"rotation":0,"texture":"#0","tintindex":0},"west":{"uv":[0.0,0.0,0.0,2.5],"rotation":0,"texture":"#0","tintindex":0}}},{"name":"cube","from":[9.862162,8.006102,8.283228],"to":[11.962161,11.006102,8.283228],"rotation":{"angle":-45.0,"axis":"z","origin":[10.552161,9.506102,8.283228]},"faces":{"down":{"uv":[1.75,0.0,0.0,0.0],"rotation":0,"texture":"#0","tintindex":0},"east":{"uv":[0.0,0.0,0.0,2.5],"rotation":0,"texture":"#0","tintindex":0},"north":{"uv":[2.5,9.0,4.25,11.5],"rotation":0,"texture":"#0","tintindex":0},"south":{"uv":[4.25,9.0,2.5,11.5],"rotation":0,"texture":"#0","tintindex":0},"up":{"uv":[1.75,0.0,0.0,0.0],"rotation":0,"texture":"#0","tintindex":0},"west":{"uv":[0.0,0.0,0.0,2.5],"rotation":0,"texture":"#0","tintindex":0}}}],"display":{"head":{"translation":[0.0,-6.4,0.0],"rotation":[0.0,0.0,0.0],"scale":[3.8095,3.8095,3.8095]}}}