{"textures":{"0":"modelengine:entity/warped_cave_mushroom"},"elements":[{"name":"cube","from":[7.55,6.38,7.55],"to":[8.45,8.18,8.45],"rotation":{"angle":0.0,"axis":"x","origin":[8.6,6.38,8.0]},"faces":{"down":{"uv":[1.0,12.5,1.75,13.25],"rotation":0,"texture":"#0","tintindex":0},"east":{"uv":[10.25,12.0,9.5,13.5],"rotation":0,"texture":"#0","tintindex":0},"north":{"uv":[9.25,11.0,8.5,12.5],"rotation":0,"texture":"#0","tintindex":0},"south":{"uv":[12.75,8.0,12.0,9.5],"rotation":0,"texture":"#0","tintindex":0},"up":{"uv":[12.5,0.75,13.25,0.0],"rotation":0,"texture":"#0","tintindex":0},"west":{"uv":[4.25,11.5,3.5,13.0],"rotation":0,"texture":"#0","tintindex":0}}}],"display":{"head":{"translation":[0.0,-6.4,0.0],"rotation":[0.0,0.0,0.0],"scale":[3.8095,3.8095,3.8095]}}}