{"textures":{"0":"modelengine:entity/3dtext_portal"},"elements":[{"name":"portal_0","from":[21.2,9.65,7.25],"to":[23.150002,13.55,9.2],"rotation":{"angle":0.0,"axis":"x","origin":[7.9625,10.8125,7.925]},"faces":{"down":{"uv":[10.125,3.5,9.25,4.375],"rotation":0,"texture":"#0","tintindex":0},"east":{"uv":[3.0,6.5,3.875,8.125],"rotation":0,"texture":"#0","tintindex":0},"north":{"uv":[6.25,6.25,7.125,7.875],"rotation":0,"texture":"#0","tintindex":0},"south":{"uv":[0.0,6.75,0.875,8.375],"rotation":0,"texture":"#0","tintindex":0},"up":{"uv":[3.375,10.125,2.5,9.25],"rotation":0,"texture":"#0","tintindex":0},"west":{"uv":[1.0,6.75,1.875,8.375],"rotation":0,"texture":"#0","tintindex":0}}},{"name":"portal_1","from":[18.650002,12.35,7.25],"to":[21.2,13.55,9.2],"rotation":{"angle":0.0,"axis":"x","origin":[7.9625,10.8125,7.925]},"faces":{"down":{"uv":[9.125,6.5,8.0,7.375],"rotation":0,"texture":"#0","tintindex":0},"east":{"uv":[11.5,9.75,12.375,10.25],"rotation":0,"texture":"#0","tintindex":0},"north":{"uv":[3.75,2.0,4.875,2.5],"rotation":0,"texture":"#0","tintindex":0},"south":{"uv":[11.0,7.25,12.125,7.75],"rotation":0,"texture":"#0","tintindex":0},"up":{"uv":[7.125,8.875,6.0,8.0],"rotation":0,"texture":"#0","tintindex":0},"west":{"uv":[5.25,11.75,6.125,12.25],"rotation":0,"texture":"#0","tintindex":0}}},{"name":"portal_2","from":[13.400001,12.2,7.25],"to":[17.45,13.55,9.2],"rotation":{"angle":0.0,"axis":"x","origin":[7.9625,10.8125,7.925]},"faces":{"down":{"uv":[6.5,0.0,4.75,0.875],"rotation":0,"texture":"#0","tintindex":0},"east":{"uv":[7.5,11.25,8.375,11.875],"rotation":0,"texture":"#0","tintindex":0},"north":{"uv":[8.0,5.0,9.75,5.625],"rotation":0,"texture":"#0","tintindex":0},"south":{"uv":[8.0,5.75,9.75,6.375],"rotation":0,"texture":"#0","tintindex":0},"up":{"uv":[6.0,5.375,4.25,4.5],"rotation":0,"texture":"#0","tintindex":0},"west":{"uv":[8.5,11.25,9.375,11.875],"rotation":0,"texture":"#0","tintindex":0}}},{"name":"portal_3","from":[10.1,10.1,7.25],"to":[12.05,13.55,9.2],"rotation":{"angle":0.0,"axis":"x","origin":[7.9625,10.8125,7.925]},"faces":{"down":{"uv":[10.125,7.5,9.25,8.375],"rotation":0,"texture":"#0","tintindex":0},"east":{"uv":[7.25,3.5,8.125,5.0],"rotation":0,"texture":"#0","tintindex":0},"north":{"uv":[7.25,2.0,8.125,3.5],"rotation":0,"texture":"#0","tintindex":0},"south":{"uv":[4.0,7.25,4.875,8.75],"rotation":0,"texture":"#0","tintindex":0},"up":{"uv":[10.125,7.375,9.25,6.5],"rotation":0,"texture":"#0","tintindex":0},"west":{"uv":[5.0,7.25,5.875,8.75],"rotation":0,"texture":"#0","tintindex":0}}},{"name":"portal_4","from":[7.55,12.2,7.25],"to":[10.1,13.55,9.2],"rotation":{"angle":0.0,"axis":"x","origin":[7.9625,10.8125,7.925]},"faces":{"down":{"uv":[9.375,1.5,8.25,2.375],"rotation":0,"texture":"#0","tintindex":0},"east":{"uv":[0.0,11.5,0.875,12.125],"rotation":0,"texture":"#0","tintindex":0},"north":{"uv":[6.75,9.75,7.875,10.375],"rotation":0,"texture":"#0","tintindex":0},"south":{"uv":[10.0,0.0,11.125,0.625],"rotation":0,"texture":"#0","tintindex":0},"up":{"uv":[9.125,8.375,8.0,7.5],"rotation":0,"texture":"#0","tintindex":0},"west":{"uv":[11.5,3.25,12.375,3.875],"rotation":0,"texture":"#0","tintindex":0}}},{"name":"portal_5","from":[2.4499998,12.2,7.25],"to":[6.95,13.55,9.2],"rotation":{"angle":0.0,"axis":"x","origin":[7.9625,10.8125,7.925]},"faces":{"down":{"uv":[5.125,3.5,3.25,4.375],"rotation":0,"texture":"#0","tintindex":0},"east":{"uv":[11.5,4.0,12.375,4.625],"rotation":0,"texture":"#0","tintindex":0},"north":{"uv":[8.0,0.0,9.875,0.625],"rotation":0,"texture":"#0","tintindex":0},"south":{"uv":[8.0,0.75,9.875,1.375],"rotation":0,"texture":"#0","tintindex":0},"up":{"uv":[5.125,3.375,3.25,2.5],"rotation":0,"texture":"#0","tintindex":0},"west":{"uv":[11.5,4.75,12.375,5.375],"rotation":0,"texture":"#0","tintindex":0}}},{"name":"portal_6","from":[0.049999714,8.0,7.25],"to":[1.8499998,13.55,9.2],"rotation":{"angle":0.0,"axis":"x","origin":[7.9625,10.8125,7.925]},"faces":{"down":{"uv":[5.25,9.75,4.5,10.625],"rotation":0,"texture":"#0","tintindex":0},"east":{"uv":[0.0,0.0,0.875,2.375],"rotation":0,"texture":"#0","tintindex":0},"north":{"uv":[1.0,2.5,1.75,4.875],"rotation":0,"texture":"#0","tintindex":0},"south":{"uv":[1.75,2.5,2.5,4.875],"rotation":0,"texture":"#0","tintindex":0},"up":{"uv":[7.25,0.875,6.5,0.0],"rotation":0,"texture":"#0","tintindex":0},"west":{"uv":[1.0,0.0,1.875,2.375],"rotation":0,"texture":"#0","tintindex":0}}},{"name":"portal_7","from":[-2.5000005,12.35,7.25],"to":[0.049999714,13.55,9.2],"rotation":{"angle":0.0,"axis":"x","origin":[7.9625,10.8125,7.925]},"faces":{"down":{"uv":[3.875,8.25,2.75,9.125],"rotation":0,"texture":"#0","tintindex":0},"east":{"uv":[11.75,6.25,12.625,6.75],"rotation":0,"texture":"#0","tintindex":0},"north":{"uv":[11.0,7.75,12.125,8.25],"rotation":0,"texture":"#0","tintindex":0},"south":{"uv":[10.75,11.0,11.875,11.5],"rotation":0,"texture":"#0","tintindex":0},"up":{"uv":[9.375,3.375,8.25,2.5],"rotation":0,"texture":"#0","tintindex":0},"west":{"uv":[11.75,6.75,12.625,7.25],"rotation":0,"texture":"#0","tintindex":0}}},{"name":"portal_8","from":[-5.05,8.0,7.25],"to":[-3.2500005,13.55,9.2],"rotation":{"angle":0.0,"axis":"x","origin":[7.9625,10.8125,7.925]},"faces":{"down":{"uv":[11.0,6.5,10.25,7.375],"rotation":0,"texture":"#0","tintindex":0},"east":{"uv":[2.0,0.0,2.875,2.375],"rotation":0,"texture":"#0","tintindex":0},"north":{"uv":[2.5,2.5,3.25,4.875],"rotation":0,"texture":"#0","tintindex":0},"south":{"uv":[3.0,0.0,3.75,2.375],"rotation":0,"texture":"#0","tintindex":0},"up":{"uv":[3.25,11.125,2.5,10.25],"rotation":0,"texture":"#0","tintindex":0},"west":{"uv":[0.0,2.5,0.875,4.875],"rotation":0,"texture":"#0","tintindex":0}}},{"name":"portal_9","from":[17.45,8.75,7.25],"to":[18.05,12.95,9.2],"rotation":{"angle":0.0,"axis":"x","origin":[7.9625,10.8125,7.925]},"faces":{"down":{"uv":[6.25,4.5,6.0,5.375],"rotation":0,"texture":"#0","tintindex":0},"east":{"uv":[0.0,5.0,0.875,6.75],"rotation":0,"texture":"#0","tintindex":0},"north":{"uv":[7.25,11.5,7.5,13.25],"rotation":0,"texture":"#0","tintindex":0},"south":{"uv":[2.0,11.75,2.25,13.5],"rotation":0,"texture":"#0","tintindex":0},"up":{"uv":[3.25,5.875,3.0,5.0],"rotation":0,"texture":"#0","tintindex":0},"west":{"uv":[1.0,5.0,1.875,6.75],"rotation":0,"texture":"#0","tintindex":0}}},{"name":"portal_10","from":[12.650001,8.75,7.25],"to":[13.400001,12.95,9.2],"rotation":{"angle":0.0,"axis":"x","origin":[7.9625,10.8125,7.925]},"faces":{"down":{"uv":[0.375,12.25,0.0,13.125],"rotation":0,"texture":"#0","tintindex":0},"east":{"uv":[2.0,5.0,2.875,6.75],"rotation":0,"texture":"#0","tintindex":0},"north":{"uv":[10.25,9.5,10.625,11.25],"rotation":0,"texture":"#0","tintindex":0},"south":{"uv":[10.5,1.5,10.875,3.25],"rotation":0,"texture":"#0","tintindex":0},"up":{"uv":[9.375,12.875,9.0,12.0],"rotation":0,"texture":"#0","tintindex":0},"west":{"uv":[5.25,1.0,6.125,2.75],"rotation":0,"texture":"#0","tintindex":0}}},{"name":"portal_11","from":[18.650002,9.65,7.25],"to":[20.600002,12.35,9.2],"rotation":{"angle":0.0,"axis":"x","origin":[7.9625,10.8125,7.925]},"faces":{"down":{"uv":[10.375,2.5,9.5,3.375],"rotation":0,"texture":"#0","tintindex":0},"east":{"uv":[0.0,8.5,0.875,9.625],"rotation":0,"texture":"#0","tintindex":0},"north":{"uv":[8.25,3.5,9.125,4.625],"rotation":0,"texture":"#0","tintindex":0},"south":{"uv":[1.0,8.5,1.875,9.625],"rotation":0,"texture":"#0","tintindex":0},"up":{"uv":[10.375,2.375,9.5,1.5],"rotation":0,"texture":"#0","tintindex":0},"west":{"uv":[7.25,8.5,8.125,9.625],"rotation":0,"texture":"#0","tintindex":0}}},{"name":"portal_12","from":[-2.5000005,8.0,7.25],"to":[-0.7000003,12.35,9.2],"rotation":{"angle":0.0,"axis":"x","origin":[7.9625,10.8125,7.925]},"faces":{"down":{"uv":[7.5,10.5,6.75,11.375],"rotation":0,"texture":"#0","tintindex":0},"east":{"uv":[3.75,0.0,4.625,1.875],"rotation":0,"texture":"#0","tintindex":0},"north":{"uv":[2.0,6.75,2.75,8.625],"rotation":0,"texture":"#0","tintindex":0},"south":{"uv":[7.25,0.0,8.0,1.875],"rotation":0,"texture":"#0","tintindex":0},"up":{"uv":[11.0,8.375,10.25,7.5],"rotation":0,"texture":"#0","tintindex":0},"west":{"uv":[3.25,4.5,4.125,6.375],"rotation":0,"texture":"#0","tintindex":0}}},{"name":"portal_13","from":[16.400002,8.0,7.25],"to":[17.45,12.2,9.2],"rotation":{"angle":0.0,"axis":"x","origin":[7.9625,10.8125,7.925]},"faces":{"down":{"uv":[12.5,0.0,12.0,0.875],"rotation":0,"texture":"#0","tintindex":0},"east":{"uv":[5.25,2.75,6.125,4.5],"rotation":0,"texture":"#0","tintindex":0},"north":{"uv":[2.0,8.75,2.5,10.5],"rotation":0,"texture":"#0","tintindex":0},"south":{"uv":[5.25,8.75,5.75,10.5],"rotation":0,"texture":"#0","tintindex":0},"up":{"uv":[5.25,1.875,4.75,1.0],"rotation":0,"texture":"#0","tintindex":0},"west":{"uv":[4.25,5.5,5.125,7.25],"rotation":0,"texture":"#0","tintindex":0}}},{"name":"portal_14","from":[13.400001,8.0,7.25],"to":[14.45,12.2,9.2],"rotation":{"angle":0.0,"axis":"x","origin":[7.9625,10.8125,7.925]},"faces":{"down":{"uv":[8.0,12.0,7.5,12.875],"rotation":0,"texture":"#0","tintindex":0},"east":{"uv":[5.25,5.5,6.125,7.25],"rotation":0,"texture":"#0","tintindex":0},"north":{"uv":[5.75,9.0,6.25,10.75],"rotation":0,"texture":"#0","tintindex":0},"south":{"uv":[6.25,9.0,6.75,10.75],"rotation":0,"texture":"#0","tintindex":0},"up":{"uv":[12.5,1.875,12.0,1.0],"rotation":0,"texture":"#0","tintindex":0},"west":{"uv":[6.25,1.0,7.125,2.75],"rotation":0,"texture":"#0","tintindex":0}}},{"name":"portal_15","from":[7.55,10.55,7.25],"to":[9.5,12.2,9.2],"rotation":{"angle":0.0,"axis":"x","origin":[7.9625,10.8125,7.925]},"faces":{"down":{"uv":[10.375,8.5,9.5,9.375],"rotation":0,"texture":"#0","tintindex":0},"east":{"uv":[8.5,10.5,9.375,11.25],"rotation":0,"texture":"#0","tintindex":0},"north":{"uv":[7.5,10.5,8.375,11.25],"rotation":0,"texture":"#0","tintindex":0},"south":{"uv":[10.5,8.5,11.375,9.25],"rotation":0,"texture":"#0","tintindex":0},"up":{"uv":[9.125,10.375,8.25,9.5],"rotation":0,"texture":"#0","tintindex":0},"west":{"uv":[0.0,10.75,0.875,11.5],"rotation":0,"texture":"#0","tintindex":0}}},{"name":"portal_16","from":[3.7999997,8.0,7.25],"to":[5.6,12.2,9.2],"rotation":{"angle":0.0,"axis":"x","origin":[7.9625,10.8125,7.925]},"faces":{"down":{"uv":[1.75,10.75,1.0,11.625],"rotation":0,"texture":"#0","tintindex":0},"east":{"uv":[6.25,2.75,7.125,4.5],"rotation":0,"texture":"#0","tintindex":0},"north":{"uv":[7.25,5.0,8.0,6.75],"rotation":0,"texture":"#0","tintindex":0},"south":{"uv":[7.25,6.75,8.0,8.5],"rotation":0,"texture":"#0","tintindex":0},"up":{"uv":[10.25,11.375,9.5,10.5],"rotation":0,"texture":"#0","tintindex":0},"west":{"uv":[6.25,4.5,7.125,6.25],"rotation":0,"texture":"#0","tintindex":0}}},{"name":"portal_17","from":[9.5,10.1,7.25],"to":[10.1,11.6,9.2],"rotation":{"angle":0.0,"axis":"x","origin":[7.9625,10.8125,7.925]},"faces":{"down":{"uv":[3.0,12.25,2.75,13.125],"rotation":0,"texture":"#0","tintindex":0},"east":{"uv":[11.5,5.5,12.375,6.125],"rotation":0,"texture":"#0","tintindex":0},"north":{"uv":[4.0,6.5,4.25,7.125],"rotation":0,"texture":"#0","tintindex":0},"south":{"uv":[6.0,7.25,6.25,7.875],"rotation":0,"texture":"#0","tintindex":0},"up":{"uv":[3.0,7.625,2.75,6.75],"rotation":0,"texture":"#0","tintindex":0},"west":{"uv":[6.25,11.5,7.125,12.125],"rotation":0,"texture":"#0","tintindex":0}}},{"name":"portal_18","from":[20.600002,9.65,7.25],"to":[21.2,10.85,9.2],"rotation":{"angle":0.0,"axis":"x","origin":[7.9625,10.8125,7.925]},"faces":{"down":{"uv":[5.5,12.25,5.25,13.125],"rotation":0,"texture":"#0","tintindex":0},"east":{"uv":[11.75,10.25,12.625,10.75],"rotation":0,"texture":"#0","tintindex":0},"north":{"uv":[5.0,2.0,5.25,2.5],"rotation":0,"texture":"#0","tintindex":0},"south":{"uv":[3.0,6.0,3.25,6.5],"rotation":0,"texture":"#0","tintindex":0},"up":{"uv":[3.25,13.125,3.0,12.25],"rotation":0,"texture":"#0","tintindex":0},"west":{"uv":[8.0,12.0,8.875,12.5],"rotation":0,"texture":"#0","tintindex":0}}},{"name":"portal_19","from":[-0.7000003,9.5,7.25],"to":[0.049999714,10.85,9.2],"rotation":{"angle":0.0,"axis":"x","origin":[7.9625,10.8125,7.925]},"faces":{"down":{"uv":[2.625,12.25,2.25,13.125],"rotation":0,"texture":"#0","tintindex":0},"east":{"uv":[11.5,8.25,12.375,8.875],"rotation":0,"texture":"#0","tintindex":0},"north":{"uv":[6.75,9.0,7.125,9.625],"rotation":0,"texture":"#0","tintindex":0},"south":{"uv":[6.25,10.75,6.625,11.375],"rotation":0,"texture":"#0","tintindex":0},"up":{"uv":[0.875,13.125,0.5,12.25],"rotation":0,"texture":"#0","tintindex":0},"west":{"uv":[11.5,9.0,12.375,9.625],"rotation":0,"texture":"#0","tintindex":0}}},{"name":"portal_20","from":[8.15,10.1,7.25],"to":[9.5,10.55,9.2],"rotation":{"angle":0.0,"axis":"x","origin":[7.9625,10.8125,7.925]},"faces":{"down":{"uv":[10.125,11.5,9.5,12.375],"rotation":0,"texture":"#0","tintindex":0},"east":{"uv":[8.25,4.75,9.125,5.0],"rotation":0,"texture":"#0","tintindex":0},"north":{"uv":[11.75,3.0,12.375,3.25],"rotation":0,"texture":"#0","tintindex":0},"south":{"uv":[11.75,10.75,12.375,11.0],"rotation":0,"texture":"#0","tintindex":0},"up":{"uv":[3.125,12.125,2.5,11.25],"rotation":0,"texture":"#0","tintindex":0},"west":{"uv":[10.5,3.25,11.375,3.5],"rotation":0,"texture":"#0","tintindex":0}}},{"name":"portal_21","from":[10.25,8.0,7.25],"to":[12.05,10.1,9.2],"rotation":{"angle":0.0,"axis":"x","origin":[7.9625,10.8125,7.925]},"faces":{"down":{"uv":[11.5,4.25,10.75,5.125],"rotation":0,"texture":"#0","tintindex":0},"east":{"uv":[9.25,9.5,10.125,10.375],"rotation":0,"texture":"#0","tintindex":0},"north":{"uv":[1.75,10.75,2.5,11.625],"rotation":0,"texture":"#0","tintindex":0},"south":{"uv":[3.25,10.75,4.0,11.625],"rotation":0,"texture":"#0","tintindex":0},"up":{"uv":[4.75,11.625,4.0,10.75],"rotation":0,"texture":"#0","tintindex":0},"west":{"uv":[0.0,9.75,0.875,10.625],"rotation":0,"texture":"#0","tintindex":0}}},{"name":"portal_22","from":[7.55,8.0,7.25],"to":[9.35,10.1,9.2],"rotation":{"angle":0.0,"axis":"x","origin":[7.9625,10.8125,7.925]},"faces":{"down":{"uv":[11.5,9.25,10.75,10.125],"rotation":0,"texture":"#0","tintindex":0},"east":{"uv":[1.0,9.75,1.875,10.625],"rotation":0,"texture":"#0","tintindex":0},"north":{"uv":[4.75,10.75,5.5,11.625],"rotation":0,"texture":"#0","tintindex":0},"south":{"uv":[10.75,5.25,11.5,6.125],"rotation":0,"texture":"#0","tintindex":0},"up":{"uv":[6.25,11.625,5.5,10.75],"rotation":0,"texture":"#0","tintindex":0},"west":{"uv":[3.5,9.75,4.375,10.625],"rotation":0,"texture":"#0","tintindex":0}}},{"name":"portal_23","from":[21.350002,8.0,7.25],"to":[23.150002,9.65,9.2],"rotation":{"angle":0.0,"axis":"x","origin":[7.9625,10.8125,7.925]},"faces":{"down":{"uv":[11.75,6.25,11.0,7.125],"rotation":0,"texture":"#0","tintindex":0},"east":{"uv":[10.75,10.25,11.625,11.0],"rotation":0,"texture":"#0","tintindex":0},"north":{"uv":[11.25,0.0,12.0,0.75],"rotation":0,"texture":"#0","tintindex":0},"south":{"uv":[11.25,0.75,12.0,1.5],"rotation":0,"texture":"#0","tintindex":0},"up":{"uv":[11.75,3.125,11.0,2.25],"rotation":0,"texture":"#0","tintindex":0},"west":{"uv":[11.0,1.5,11.875,2.25],"rotation":0,"texture":"#0","tintindex":0}}},{"name":"portal_24","from":[-7.6000004,8.0,7.25],"to":[-5.05,9.5,9.2],"rotation":{"angle":0.0,"axis":"x","origin":[7.9625,10.8125,7.925]},"faces":{"down":{"uv":[5.125,8.75,4.0,9.625],"rotation":0,"texture":"#0","tintindex":0},"east":{"uv":[10.25,11.5,11.125,12.125],"rotation":0,"texture":"#0","tintindex":0},"north":{"uv":[10.0,0.75,11.125,1.375],"rotation":0,"texture":"#0","tintindex":0},"south":{"uv":[10.25,3.5,11.375,4.125],"rotation":0,"texture":"#0","tintindex":0},"up":{"uv":[9.375,9.375,8.25,8.5],"rotation":0,"texture":"#0","tintindex":0},"west":{"uv":[11.25,11.5,12.125,12.125],"rotation":0,"texture":"#0","tintindex":0}}},{"name":"portal_25","from":[14.45,8.0,7.25],"to":[16.400002,9.35,9.2],"rotation":{"angle":0.0,"axis":"x","origin":[7.9625,10.8125,7.925]},"faces":{"down":{"uv":[10.625,5.5,9.75,6.375],"rotation":0,"texture":"#0","tintindex":0},"east":{"uv":[11.75,2.25,12.625,2.875],"rotation":0,"texture":"#0","tintindex":0},"north":{"uv":[1.0,11.75,1.875,12.375],"rotation":0,"texture":"#0","tintindex":0},"south":{"uv":[3.25,11.75,4.125,12.375],"rotation":0,"texture":"#0","tintindex":0},"up":{"uv":[10.625,5.375,9.75,4.5],"rotation":0,"texture":"#0","tintindex":0},"west":{"uv":[4.25,11.75,5.125,12.375],"rotation":0,"texture":"#0","tintindex":0}}}],"display":{"head":{"translation":[0.0,-6.4,0.0],"rotation":[0.0,0.0,0.0],"scale":[3.8095,3.8095,3.8095]}}}