{"textures":{"0":"modelengine:entity/herobrine","1":"modelengine:entity/herobrine_bits","2":"modelengine:entity/herobrine_shield"},"elements":[{"name":"herobrine_bits_118","from":[16.805492,3.8495448,4.8852196],"to":[18.01149,4.4525447,5.4882197],"rotation":{"angle":-45.0,"axis":"z","origin":[17.600643,17.163515,6.3102098]},"faces":{"down":{"uv":[9.25,11.5,9.5,12.0],"rotation":90,"texture":"#1","tintindex":0},"east":{"uv":[9.5,11.5,9.25,11.75],"rotation":90,"texture":"#1","tintindex":0},"north":{"uv":[9.25,11.5,9.5,12.0],"rotation":270,"texture":"#1","tintindex":0},"south":{"uv":[9.25,12.0,9.5,11.5],"rotation":270,"texture":"#1","tintindex":0},"up":{"uv":[9.25,11.5,9.5,12.0],"rotation":90,"texture":"#1","tintindex":0},"west":{"uv":[9.25,11.75,9.5,12.0],"rotation":270,"texture":"#1","tintindex":0}}},{"name":"herobrine_bits_116","from":[16.202492,3.2465448,4.8852196],"to":[18.61449,3.8495448,5.4882197],"rotation":{"angle":-45.0,"axis":"z","origin":[17.600643,17.163515,6.3102098]},"faces":{"down":{"uv":[9.0,11.25,9.25,12.25],"rotation":90,"texture":"#1","tintindex":0},"east":{"uv":[9.25,11.25,9.0,11.5],"rotation":90,"texture":"#1","tintindex":0},"north":{"uv":[9.0,11.25,9.25,12.25],"rotation":270,"texture":"#1","tintindex":0},"south":{"uv":[9.0,12.25,9.25,11.25],"rotation":270,"texture":"#1","tintindex":0},"up":{"uv":[9.0,11.25,9.25,12.25],"rotation":90,"texture":"#1","tintindex":0},"west":{"uv":[9.0,12.0,9.25,12.25],"rotation":270,"texture":"#1","tintindex":0}}},{"name":"herobrine_bits_110","from":[16.202492,2.6435447,4.8852196],"to":[19.217491,3.2465448,5.4882197],"rotation":{"angle":-45.0,"axis":"z","origin":[17.600643,17.163515,6.3102098]},"faces":{"down":{"uv":[8.75,11.0,9.0,12.25],"rotation":90,"texture":"#1","tintindex":0},"east":{"uv":[9.0,11.0,8.75,11.25],"rotation":90,"texture":"#1","tintindex":0},"north":{"uv":[8.75,11.0,9.0,12.25],"rotation":270,"texture":"#1","tintindex":0},"south":{"uv":[8.75,12.25,9.0,11.0],"rotation":270,"texture":"#1","tintindex":0},"up":{"uv":[8.75,11.0,9.0,12.25],"rotation":90,"texture":"#1","tintindex":0},"west":{"uv":[8.75,12.0,9.0,12.25],"rotation":270,"texture":"#1","tintindex":0}}},{"name":"herobrine_bits_71","from":[16.805492,2.040545,4.8852196],"to":[25.85049,2.6435447,5.4882197],"rotation":{"angle":-45.0,"axis":"z","origin":[17.600643,17.163515,6.3102098]},"faces":{"down":{"uv":[8.5,8.25,8.75,12.0],"rotation":90,"texture":"#1","tintindex":0},"east":{"uv":[8.75,8.25,8.5,8.5],"rotation":90,"texture":"#1","tintindex":0},"north":{"uv":[8.5,8.25,8.75,12.0],"rotation":270,"texture":"#1","tintindex":0},"south":{"uv":[8.5,12.0,8.75,8.25],"rotation":270,"texture":"#1","tintindex":0},"up":{"uv":[8.5,8.25,8.75,12.0],"rotation":90,"texture":"#1","tintindex":0},"west":{"uv":[8.5,11.75,8.75,12.0],"rotation":270,"texture":"#1","tintindex":0}}},{"name":"herobrine_bits_104","from":[17.408491,1.437545,4.8852196],"to":[21.026493,2.040545,5.4882197],"rotation":{"angle":-45.0,"axis":"z","origin":[17.600643,17.163515,6.3102098]},"faces":{"down":{"uv":[8.25,10.25,8.5,11.75],"rotation":90,"texture":"#1","tintindex":0},"east":{"uv":[8.5,10.25,8.25,10.5],"rotation":90,"texture":"#1","tintindex":0},"north":{"uv":[8.25,10.25,8.5,11.75],"rotation":270,"texture":"#1","tintindex":0},"south":{"uv":[8.25,11.75,8.5,10.25],"rotation":270,"texture":"#1","tintindex":0},"up":{"uv":[8.25,10.25,8.5,11.75],"rotation":90,"texture":"#1","tintindex":0},"west":{"uv":[8.25,11.5,8.5,11.75],"rotation":270,"texture":"#1","tintindex":0}}},{"name":"herobrine_bits_98","from":[18.01149,0.8345449,4.8852196],"to":[21.629494,1.437545,5.4882197],"rotation":{"angle":-45.0,"axis":"z","origin":[17.600643,17.163515,6.3102098]},"faces":{"down":{"uv":[8.0,10.0,8.25,11.5],"rotation":90,"texture":"#1","tintindex":0},"east":{"uv":[8.25,10.0,8.0,10.25],"rotation":90,"texture":"#1","tintindex":0},"north":{"uv":[8.0,10.0,8.25,11.5],"rotation":270,"texture":"#1","tintindex":0},"south":{"uv":[8.0,11.5,8.25,10.0],"rotation":270,"texture":"#1","tintindex":0},"up":{"uv":[8.0,10.0,8.25,11.5],"rotation":90,"texture":"#1","tintindex":0},"west":{"uv":[8.0,11.25,8.25,11.5],"rotation":270,"texture":"#1","tintindex":0}}},{"name":"herobrine_bits_93","from":[18.01149,0.23154473,4.8852196],"to":[22.23249,0.8345449,5.4882197],"rotation":{"angle":-45.0,"axis":"z","origin":[17.600643,17.163515,6.3102098]},"faces":{"down":{"uv":[7.75,9.75,8.0,11.5],"rotation":90,"texture":"#1","tintindex":0},"east":{"uv":[8.0,9.75,7.75,10.0],"rotation":90,"texture":"#1","tintindex":0},"north":{"uv":[7.75,9.75,8.0,11.5],"rotation":270,"texture":"#1","tintindex":0},"south":{"uv":[7.75,11.5,8.0,9.75],"rotation":270,"texture":"#1","tintindex":0},"up":{"uv":[7.75,9.75,8.0,11.5],"rotation":90,"texture":"#1","tintindex":0},"west":{"uv":[7.75,11.25,8.0,11.5],"rotation":270,"texture":"#1","tintindex":0}}},{"name":"herobrine_bits_115","from":[18.01149,-3.386455,4.8852196],"to":[18.61449,-0.37145543,5.4882197],"rotation":{"angle":-45.0,"axis":"z","origin":[17.600643,17.163515,6.3102098]},"faces":{"down":{"uv":[6.25,11.25,6.5,11.5],"rotation":90,"texture":"#1","tintindex":0},"east":{"uv":[7.5,11.25,6.25,11.5],"rotation":90,"texture":"#1","tintindex":0},"north":{"uv":[6.25,11.25,7.5,11.5],"rotation":270,"texture":"#1","tintindex":0},"south":{"uv":[6.25,11.5,7.5,11.25],"rotation":270,"texture":"#1","tintindex":0},"up":{"uv":[7.25,11.25,7.5,11.5],"rotation":90,"texture":"#1","tintindex":0},"west":{"uv":[6.25,11.25,7.5,11.5],"rotation":270,"texture":"#1","tintindex":0}}},{"name":"herobrine_bits_87","from":[18.01149,-0.37145543,4.8852196],"to":[22.835491,0.23154473,5.4882197],"rotation":{"angle":-45.0,"axis":"z","origin":[17.600643,17.163515,6.3102098]},"faces":{"down":{"uv":[7.5,9.5,7.75,11.5],"rotation":90,"texture":"#1","tintindex":0},"east":{"uv":[7.75,9.5,7.5,9.75],"rotation":90,"texture":"#1","tintindex":0},"north":{"uv":[7.5,9.5,7.75,11.5],"rotation":270,"texture":"#1","tintindex":0},"south":{"uv":[7.5,11.5,7.75,9.5],"rotation":270,"texture":"#1","tintindex":0},"up":{"uv":[7.5,9.5,7.75,11.5],"rotation":90,"texture":"#1","tintindex":0},"west":{"uv":[7.5,11.25,7.75,11.5],"rotation":270,"texture":"#1","tintindex":0}}},{"name":"herobrine_bits_78","from":[19.820492,-1.577455,4.8852196],"to":[24.644493,-0.37145543,5.4882197],"rotation":{"angle":-45.0,"axis":"z","origin":[17.600643,17.163515,6.3102098]},"faces":{"down":{"uv":[7.0,8.75,7.25,10.75],"rotation":90,"texture":"#1","tintindex":0},"east":{"uv":[7.5,8.75,7.0,9.0],"rotation":90,"texture":"#1","tintindex":0},"north":{"uv":[7.0,8.75,7.5,10.75],"rotation":270,"texture":"#1","tintindex":0},"south":{"uv":[7.0,10.75,7.5,8.75],"rotation":270,"texture":"#1","tintindex":0},"up":{"uv":[7.25,8.75,7.5,10.75],"rotation":90,"texture":"#1","tintindex":0},"west":{"uv":[7.0,10.5,7.5,10.75],"rotation":270,"texture":"#1","tintindex":0}}},{"name":"herobrine_bits_107","from":[19.217491,-0.97445536,4.8852196],"to":[19.820492,-0.37145543,5.4882197],"rotation":{"angle":-45.0,"axis":"z","origin":[17.600643,17.163515,6.3102098]},"faces":{"down":{"uv":[7.25,10.75,7.5,11.0],"rotation":90,"texture":"#1","tintindex":0},"east":{"uv":[7.5,10.75,7.25,11.0],"rotation":90,"texture":"#1","tintindex":0},"north":{"uv":[7.25,10.75,7.5,11.0],"rotation":270,"texture":"#1","tintindex":0},"south":{"uv":[7.25,11.0,7.5,10.75],"rotation":270,"texture":"#1","tintindex":0},"up":{"uv":[7.25,10.75,7.5,11.0],"rotation":90,"texture":"#1","tintindex":0},"west":{"uv":[7.25,10.75,7.5,11.0],"rotation":270,"texture":"#1","tintindex":0}}},{"name":"herobrine_bits_73","from":[23.438492,-0.37145543,4.8852196],"to":[25.247494,1.437545,5.4882197],"rotation":{"angle":-45.0,"axis":"z","origin":[17.600643,17.163515,6.3102098]},"faces":{"down":{"uv":[7.5,8.5,7.75,9.25],"rotation":90,"texture":"#1","tintindex":0},"east":{"uv":[8.25,8.5,7.5,8.75],"rotation":90,"texture":"#1","tintindex":0},"north":{"uv":[7.5,8.5,8.25,9.25],"rotation":270,"texture":"#1","tintindex":0},"south":{"uv":[7.5,9.25,8.25,8.5],"rotation":270,"texture":"#1","tintindex":0},"up":{"uv":[8.0,8.5,8.25,9.25],"rotation":90,"texture":"#1","tintindex":0},"west":{"uv":[7.5,9.0,8.25,9.25],"rotation":270,"texture":"#1","tintindex":0}}},{"name":"herobrine_bits_74","from":[24.041492,1.437545,4.8852196],"to":[25.247494,2.040545,5.4882197],"rotation":{"angle":-45.0,"axis":"z","origin":[17.600643,17.163515,6.3102098]},"faces":{"down":{"uv":[8.25,8.5,8.5,9.0],"rotation":90,"texture":"#1","tintindex":0},"east":{"uv":[8.5,8.5,8.25,8.75],"rotation":90,"texture":"#1","tintindex":0},"north":{"uv":[8.25,8.5,8.5,9.0],"rotation":270,"texture":"#1","tintindex":0},"south":{"uv":[8.25,9.0,8.5,8.5],"rotation":270,"texture":"#1","tintindex":0},"up":{"uv":[8.25,8.5,8.5,9.0],"rotation":90,"texture":"#1","tintindex":0},"west":{"uv":[8.25,8.75,8.5,9.0],"rotation":270,"texture":"#1","tintindex":0}}},{"name":"herobrine_bits_75","from":[24.041492,2.6435447,4.8852196],"to":[25.247494,3.2465448,5.4882197],"rotation":{"angle":-45.0,"axis":"z","origin":[17.600643,17.163515,6.3102098]},"faces":{"down":{"uv":[8.75,8.5,9.0,9.0],"rotation":90,"texture":"#1","tintindex":0},"east":{"uv":[9.0,8.5,8.75,8.75],"rotation":90,"texture":"#1","tintindex":0},"north":{"uv":[8.75,8.5,9.0,9.0],"rotation":270,"texture":"#1","tintindex":0},"south":{"uv":[8.75,9.0,9.0,8.5],"rotation":270,"texture":"#1","tintindex":0},"up":{"uv":[8.75,8.5,9.0,9.0],"rotation":90,"texture":"#1","tintindex":0},"west":{"uv":[8.75,8.75,9.0,9.0],"rotation":270,"texture":"#1","tintindex":0}}},{"name":"herobrine_bits_81","from":[20.423492,-2.1804552,4.8852196],"to":[24.041492,-1.577455,5.4882197],"rotation":{"angle":-45.0,"axis":"z","origin":[17.600643,17.163515,6.3102098]},"faces":{"down":{"uv":[6.75,9.0,7.0,10.5],"rotation":90,"texture":"#1","tintindex":0},"east":{"uv":[7.0,9.0,6.75,9.25],"rotation":90,"texture":"#1","tintindex":0},"north":{"uv":[6.75,9.0,7.0,10.5],"rotation":270,"texture":"#1","tintindex":0},"south":{"uv":[6.75,10.5,7.0,9.0],"rotation":270,"texture":"#1","tintindex":0},"up":{"uv":[6.75,9.0,7.0,10.5],"rotation":90,"texture":"#1","tintindex":0},"west":{"uv":[6.75,10.25,7.0,10.5],"rotation":270,"texture":"#1","tintindex":0}}},{"name":"herobrine_bits_77","from":[22.835491,-3.9894557,4.8852196],"to":[24.644493,-2.1804552,5.4882197],"rotation":{"angle":-45.0,"axis":"z","origin":[17.600643,17.163515,6.3102098]},"faces":{"down":{"uv":[6.0,8.75,6.25,9.5],"rotation":90,"texture":"#1","tintindex":0},"east":{"uv":[6.75,8.75,6.0,9.0],"rotation":90,"texture":"#1","tintindex":0},"north":{"uv":[6.0,8.75,6.75,9.5],"rotation":270,"texture":"#1","tintindex":0},"south":{"uv":[6.0,9.5,6.75,8.75],"rotation":270,"texture":"#1","tintindex":0},"up":{"uv":[6.5,8.75,6.75,9.5],"rotation":90,"texture":"#1","tintindex":0},"west":{"uv":[6.0,9.25,6.75,9.5],"rotation":270,"texture":"#1","tintindex":0}}},{"name":"herobrine_bits_86","from":[21.026493,-3.386455,4.8852196],"to":[22.835491,-2.1804552,5.4882197],"rotation":{"angle":-45.0,"axis":"z","origin":[17.600643,17.163515,6.3102098]},"faces":{"down":{"uv":[6.25,9.5,6.5,10.25],"rotation":90,"texture":"#1","tintindex":0},"east":{"uv":[6.75,9.5,6.25,9.75],"rotation":90,"texture":"#1","tintindex":0},"north":{"uv":[6.25,9.5,6.75,10.25],"rotation":270,"texture":"#1","tintindex":0},"south":{"uv":[6.25,10.25,6.75,9.5],"rotation":270,"texture":"#1","tintindex":0},"up":{"uv":[6.5,9.5,6.75,10.25],"rotation":90,"texture":"#1","tintindex":0},"west":{"uv":[6.25,10.0,6.75,10.25],"rotation":270,"texture":"#1","tintindex":0}}},{"name":"herobrine_bits_92","from":[17.408491,-3.9894557,4.8852196],"to":[22.23249,-3.386455,5.4882197],"rotation":{"angle":-45.0,"axis":"z","origin":[17.600643,17.163515,6.3102098]},"faces":{"down":{"uv":[6.0,9.75,6.25,11.75],"rotation":90,"texture":"#1","tintindex":0},"east":{"uv":[6.25,9.75,6.0,10.0],"rotation":90,"texture":"#1","tintindex":0},"north":{"uv":[6.0,9.75,6.25,11.75],"rotation":270,"texture":"#1","tintindex":0},"south":{"uv":[6.0,11.75,6.25,9.75],"rotation":270,"texture":"#1","tintindex":0},"up":{"uv":[6.0,9.75,6.25,11.75],"rotation":90,"texture":"#1","tintindex":0},"west":{"uv":[6.0,11.5,6.25,11.75],"rotation":270,"texture":"#1","tintindex":0}}},{"name":"herobrine_bits_102","from":[17.408491,-4.5924554,4.8852196],"to":[21.026493,-3.9894557,5.4882197],"rotation":{"angle":-45.0,"axis":"z","origin":[17.600643,17.163515,6.3102098]},"faces":{"down":{"uv":[5.75,10.25,6.0,11.75],"rotation":90,"texture":"#1","tintindex":0},"east":{"uv":[6.0,10.25,5.75,10.5],"rotation":90,"texture":"#1","tintindex":0},"north":{"uv":[5.75,10.25,6.0,11.75],"rotation":270,"texture":"#1","tintindex":0},"south":{"uv":[5.75,11.75,6.0,10.25],"rotation":270,"texture":"#1","tintindex":0},"up":{"uv":[5.75,10.25,6.0,11.75],"rotation":90,"texture":"#1","tintindex":0},"west":{"uv":[5.75,11.5,6.0,11.75],"rotation":270,"texture":"#1","tintindex":0}}},{"name":"herobrine_bits_114","from":[18.01149,-5.1954546,4.8852196],"to":[18.61449,-4.5924554,5.4882197],"rotation":{"angle":-45.0,"axis":"z","origin":[17.600643,17.163515,6.3102098]},"faces":{"down":{"uv":[5.5,11.25,5.75,11.5],"rotation":90,"texture":"#1","tintindex":0},"east":{"uv":[5.75,11.25,5.5,11.5],"rotation":90,"texture":"#1","tintindex":0},"north":{"uv":[5.5,11.25,5.75,11.5],"rotation":270,"texture":"#1","tintindex":0},"south":{"uv":[5.5,11.5,5.75,11.25],"rotation":270,"texture":"#1","tintindex":0},"up":{"uv":[5.5,11.25,5.75,11.5],"rotation":90,"texture":"#1","tintindex":0},"west":{"uv":[5.5,11.25,5.75,11.5],"rotation":270,"texture":"#1","tintindex":0}}},{"name":"herobrine_bits_103","from":[19.820492,-3.386455,4.8852196],"to":[21.026493,-2.7834558,5.4882197],"rotation":{"angle":-45.0,"axis":"z","origin":[17.600643,17.163515,6.3102098]},"faces":{"down":{"uv":[6.25,10.25,6.5,10.75],"rotation":90,"texture":"#1","tintindex":0},"east":{"uv":[6.5,10.25,6.25,10.5],"rotation":90,"texture":"#1","tintindex":0},"north":{"uv":[6.25,10.25,6.5,10.75],"rotation":270,"texture":"#1","tintindex":0},"south":{"uv":[6.25,10.75,6.5,10.25],"rotation":270,"texture":"#1","tintindex":0},"up":{"uv":[6.25,10.25,6.5,10.75],"rotation":90,"texture":"#1","tintindex":0},"west":{"uv":[6.25,10.5,6.5,10.75],"rotation":270,"texture":"#1","tintindex":0}}},{"name":"leftarm","from":[6.8059998,4.3999996,5.6],"to":[9.206,8.0,8.0],"rotation":{"angle":0.0,"axis":"x","origin":[4.3999996,-2.8000002,6.8]},"faces":{"down":{"uv":[6.0,8.0,5.0,9.0],"rotation":0,"texture":"#0","tintindex":0},"east":{"uv":[4.0,6.5,5.0,8.0],"rotation":0,"texture":"#0","tintindex":0},"north":{"uv":[3.0,6.5,4.0,8.0],"rotation":0,"texture":"#0","tintindex":0},"south":{"uv":[5.0,6.5,6.0,8.0],"rotation":0,"texture":"#0","tintindex":0},"up":{"uv":[9.0,5.5,8.0,4.5],"rotation":0,"texture":"#0","tintindex":0},"west":{"uv":[6.0,6.5,7.0,8.0],"rotation":0,"texture":"#0","tintindex":0}}}],"display":{"head":{"translation":[0.0,-6.4,0.0],"rotation":[0.0,0.0,0.0],"scale":[3.8095,3.8095,3.8095]}}}