{"textures":{"0":"modelengine:entity/herobrine","1":"modelengine:entity/herobrine_bits","2":"modelengine:entity/herobrine_shield"},"elements":[{"name":"herobrine_bits_0","from":[7.6682997,8.1829,-4.8739996],"to":[8.2713,11.197901,-3.065],"rotation":{"angle":-45.0,"axis":"x","origin":[-7.7262,12.681215,6.092454]},"faces":{"down":{"uv":[1.75,3.75,2.0,4.5],"rotation":180,"texture":"#1","tintindex":0},"east":{"uv":[1.75,4.5,3.0,3.75],"rotation":270,"texture":"#1","tintindex":0},"north":{"uv":[3.0,3.75,1.75,4.0],"rotation":90,"texture":"#1","tintindex":0},"south":{"uv":[1.75,4.25,3.0,4.5],"rotation":270,"texture":"#1","tintindex":0},"up":{"uv":[2.75,3.75,3.0,4.5],"rotation":0,"texture":"#1","tintindex":0},"west":{"uv":[1.75,3.75,3.0,4.5],"rotation":270,"texture":"#1","tintindex":0}}},{"name":"herobrine_bits_26","from":[7.6682997,11.800901,-1.8589983],"to":[8.2713,13.006902,0.5530014],"rotation":{"angle":-45.0,"axis":"x","origin":[-7.7262,12.681215,6.092454]},"faces":{"down":{"uv":[3.25,5.0,3.5,6.0],"rotation":180,"texture":"#1","tintindex":0},"east":{"uv":[3.25,6.0,3.75,5.0],"rotation":270,"texture":"#1","tintindex":0},"north":{"uv":[3.75,5.0,3.25,5.25],"rotation":90,"texture":"#1","tintindex":0},"south":{"uv":[3.25,5.75,3.75,6.0],"rotation":270,"texture":"#1","tintindex":0},"up":{"uv":[3.5,5.0,3.75,6.0],"rotation":0,"texture":"#1","tintindex":0},"west":{"uv":[3.25,5.0,3.75,6.0],"rotation":270,"texture":"#1","tintindex":0}}},{"name":"herobrine_bits_48","from":[7.6682997,12.403901,0.5530014],"to":[8.2713,13.006902,1.1560009],"rotation":{"angle":-45.0,"axis":"x","origin":[-7.7262,12.681215,6.092454]},"faces":{"down":{"uv":[3.5,6.0,3.75,6.25],"rotation":180,"texture":"#1","tintindex":0},"east":{"uv":[3.5,6.25,3.75,6.0],"rotation":270,"texture":"#1","tintindex":0},"north":{"uv":[3.75,6.0,3.5,6.25],"rotation":90,"texture":"#1","tintindex":0},"south":{"uv":[3.5,6.0,3.75,6.25],"rotation":270,"texture":"#1","tintindex":0},"up":{"uv":[3.5,6.0,3.75,6.25],"rotation":0,"texture":"#1","tintindex":0},"west":{"uv":[3.5,6.0,3.75,6.25],"rotation":270,"texture":"#1","tintindex":0}}},{"name":"herobrine_bits_3","from":[7.6682997,7.5799007,-4.270999],"to":[8.2713,8.1829,-3.6679983],"rotation":{"angle":-45.0,"axis":"x","origin":[-7.7262,12.681215,6.092454]},"faces":{"down":{"uv":[1.5,4.0,1.75,4.25],"rotation":180,"texture":"#1","tintindex":0},"east":{"uv":[1.5,4.25,1.75,4.0],"rotation":270,"texture":"#1","tintindex":0},"north":{"uv":[1.75,4.0,1.5,4.25],"rotation":90,"texture":"#1","tintindex":0},"south":{"uv":[1.5,4.0,1.75,4.25],"rotation":270,"texture":"#1","tintindex":0},"up":{"uv":[1.5,4.0,1.75,4.25],"rotation":0,"texture":"#1","tintindex":0},"west":{"uv":[1.5,4.0,1.75,4.25],"rotation":270,"texture":"#1","tintindex":0}}},{"name":"herobrine_bits_33","from":[7.6682997,8.785901,-1.2559991],"to":[8.2713,9.388901,0.5530014],"rotation":{"angle":-45.0,"axis":"x","origin":[-7.7262,12.681215,6.092454]},"faces":{"down":{"uv":[2.0,5.25,2.25,6.0],"rotation":180,"texture":"#1","tintindex":0},"east":{"uv":[2.0,6.0,2.25,5.25],"rotation":270,"texture":"#1","tintindex":0},"north":{"uv":[2.25,5.25,2.0,5.5],"rotation":90,"texture":"#1","tintindex":0},"south":{"uv":[2.0,5.75,2.25,6.0],"rotation":270,"texture":"#1","tintindex":0},"up":{"uv":[2.0,5.25,2.25,6.0],"rotation":0,"texture":"#1","tintindex":0},"west":{"uv":[2.0,5.25,2.25,6.0],"rotation":270,"texture":"#1","tintindex":0}}},{"name":"herobrine_bits_25","from":[7.6682997,9.388901,-1.8589983],"to":[8.2713,9.9919,-0.04999876],"rotation":{"angle":-45.0,"axis":"x","origin":[-7.7262,12.681215,6.092454]},"faces":{"down":{"uv":[2.25,5.0,2.5,5.75],"rotation":180,"texture":"#1","tintindex":0},"east":{"uv":[2.25,5.75,2.5,5.0],"rotation":270,"texture":"#1","tintindex":0},"north":{"uv":[2.5,5.0,2.25,5.25],"rotation":90,"texture":"#1","tintindex":0},"south":{"uv":[2.25,5.5,2.5,5.75],"rotation":270,"texture":"#1","tintindex":0},"up":{"uv":[2.25,5.0,2.5,5.75],"rotation":0,"texture":"#1","tintindex":0},"west":{"uv":[2.25,5.0,2.5,5.75],"rotation":270,"texture":"#1","tintindex":0}}},{"name":"herobrine_bits_20","from":[7.6682997,9.9919,-2.461999],"to":[8.2713,10.594901,-0.6529989],"rotation":{"angle":-45.0,"axis":"x","origin":[-7.7262,12.681215,6.092454]},"faces":{"down":{"uv":[2.5,4.75,2.75,5.5],"rotation":180,"texture":"#1","tintindex":0},"east":{"uv":[2.5,5.5,2.75,4.75],"rotation":270,"texture":"#1","tintindex":0},"north":{"uv":[2.75,4.75,2.5,5.0],"rotation":90,"texture":"#1","tintindex":0},"south":{"uv":[2.5,5.25,2.75,5.5],"rotation":270,"texture":"#1","tintindex":0},"up":{"uv":[2.5,4.75,2.75,5.5],"rotation":0,"texture":"#1","tintindex":0},"west":{"uv":[2.5,4.75,2.75,5.5],"rotation":270,"texture":"#1","tintindex":0}}},{"name":"herobrine_bits_14","from":[7.6682997,10.594901,-3.065],"to":[8.2713,11.197901,-1.2559991],"rotation":{"angle":-45.0,"axis":"x","origin":[-7.7262,12.681215,6.092454]},"faces":{"down":{"uv":[2.75,4.5,3.0,5.25],"rotation":180,"texture":"#1","tintindex":0},"east":{"uv":[2.75,5.25,3.0,4.5],"rotation":270,"texture":"#1","tintindex":0},"north":{"uv":[3.0,4.5,2.75,4.75],"rotation":90,"texture":"#1","tintindex":0},"south":{"uv":[2.75,5.0,3.0,5.25],"rotation":270,"texture":"#1","tintindex":0},"up":{"uv":[2.75,4.5,3.0,5.25],"rotation":0,"texture":"#1","tintindex":0},"west":{"uv":[2.75,4.5,3.0,5.25],"rotation":270,"texture":"#1","tintindex":0}}},{"name":"herobrine_bits_37","from":[7.6682997,8.1829,-0.6529989],"to":[8.2713,8.785901,1.1560009],"rotation":{"angle":-45.0,"axis":"x","origin":[-7.7262,12.681215,6.092454]},"faces":{"down":{"uv":[1.75,5.5,2.0,6.25],"rotation":180,"texture":"#1","tintindex":0},"east":{"uv":[1.75,6.25,2.0,5.5],"rotation":270,"texture":"#1","tintindex":0},"north":{"uv":[2.0,5.5,1.75,5.75],"rotation":90,"texture":"#1","tintindex":0},"south":{"uv":[1.75,6.0,2.0,6.25],"rotation":270,"texture":"#1","tintindex":0},"up":{"uv":[1.75,5.5,2.0,6.25],"rotation":0,"texture":"#1","tintindex":0},"west":{"uv":[1.75,5.5,2.0,6.25],"rotation":270,"texture":"#1","tintindex":0}}},{"name":"herobrine_bits_42","from":[7.6682997,7.5799007,-0.04999876],"to":[8.2713,8.1829,1.7590009],"rotation":{"angle":-45.0,"axis":"x","origin":[-7.7262,12.681215,6.092454]},"faces":{"down":{"uv":[1.5,5.75,1.75,6.5],"rotation":180,"texture":"#1","tintindex":0},"east":{"uv":[1.5,6.5,1.75,5.75],"rotation":270,"texture":"#1","tintindex":0},"north":{"uv":[1.75,5.75,1.5,6.0],"rotation":90,"texture":"#1","tintindex":0},"south":{"uv":[1.5,6.25,1.75,6.5],"rotation":270,"texture":"#1","tintindex":0},"up":{"uv":[1.5,5.75,1.75,6.5],"rotation":0,"texture":"#1","tintindex":0},"west":{"uv":[1.5,5.75,1.75,6.5],"rotation":270,"texture":"#1","tintindex":0}}},{"name":"herobrine_bits_47","from":[7.6682997,6.976901,0.5530014],"to":[8.2713,7.5799007,2.362001],"rotation":{"angle":-45.0,"axis":"x","origin":[-7.7262,12.681215,6.092454]},"faces":{"down":{"uv":[1.25,6.0,1.5,6.75],"rotation":180,"texture":"#1","tintindex":0},"east":{"uv":[1.25,6.75,1.5,6.0],"rotation":270,"texture":"#1","tintindex":0},"north":{"uv":[1.5,6.0,1.25,6.25],"rotation":90,"texture":"#1","tintindex":0},"south":{"uv":[1.25,6.5,1.5,6.75],"rotation":270,"texture":"#1","tintindex":0},"up":{"uv":[1.25,6.0,1.5,6.75],"rotation":0,"texture":"#1","tintindex":0},"west":{"uv":[1.25,6.0,1.5,6.75],"rotation":270,"texture":"#1","tintindex":0}}},{"name":"herobrine_bits_52","from":[7.6682997,6.373901,1.1560009],"to":[8.2713,6.976901,2.965001],"rotation":{"angle":-45.0,"axis":"x","origin":[-7.7262,12.681215,6.092454]},"faces":{"down":{"uv":[1.0,6.25,1.25,7.0],"rotation":180,"texture":"#1","tintindex":0},"east":{"uv":[1.0,7.0,1.25,6.25],"rotation":270,"texture":"#1","tintindex":0},"north":{"uv":[1.25,6.25,1.0,6.5],"rotation":90,"texture":"#1","tintindex":0},"south":{"uv":[1.0,6.75,1.25,7.0],"rotation":270,"texture":"#1","tintindex":0},"up":{"uv":[1.0,6.25,1.25,7.0],"rotation":0,"texture":"#1","tintindex":0},"west":{"uv":[1.0,6.25,1.25,7.0],"rotation":270,"texture":"#1","tintindex":0}}},{"name":"herobrine_bits_57","from":[7.6682997,5.7709007,1.7590009],"to":[8.2713,6.373901,2.965001],"rotation":{"angle":-45.0,"axis":"x","origin":[-7.7262,12.681215,6.092454]},"faces":{"down":{"uv":[0.75,6.5,1.0,7.0],"rotation":180,"texture":"#1","tintindex":0},"east":{"uv":[0.75,7.0,1.0,6.5],"rotation":270,"texture":"#1","tintindex":0},"north":{"uv":[1.0,6.5,0.75,6.75],"rotation":90,"texture":"#1","tintindex":0},"south":{"uv":[0.75,6.75,1.0,7.0],"rotation":270,"texture":"#1","tintindex":0},"up":{"uv":[0.75,6.5,1.0,7.0],"rotation":0,"texture":"#1","tintindex":0},"west":{"uv":[0.75,6.5,1.0,7.0],"rotation":270,"texture":"#1","tintindex":0}}},{"name":"herobrine_bits_4","from":[7.6682997,11.197901,-4.270999],"to":[8.2713,13.006902,-1.8589983],"rotation":{"angle":-45.0,"axis":"x","origin":[-7.7262,12.681215,6.092454]},"faces":{"down":{"uv":[3.0,4.0,3.25,5.0],"rotation":180,"texture":"#1","tintindex":0},"east":{"uv":[3.0,5.0,3.75,4.0],"rotation":270,"texture":"#1","tintindex":0},"north":{"uv":[3.75,4.0,3.0,4.25],"rotation":90,"texture":"#1","tintindex":0},"south":{"uv":[3.0,4.75,3.75,5.0],"rotation":270,"texture":"#1","tintindex":0},"up":{"uv":[3.5,4.0,3.75,5.0],"rotation":0,"texture":"#1","tintindex":0},"west":{"uv":[3.0,4.0,3.75,5.0],"rotation":270,"texture":"#1","tintindex":0}}},{"name":"herobrine_bits_21","from":[7.6682997,13.006902,-2.461999],"to":[8.2713,13.6099,0.5530014],"rotation":{"angle":-45.0,"axis":"x","origin":[-7.7262,12.681215,6.092454]},"faces":{"down":{"uv":[3.75,4.75,4.0,6.0],"rotation":180,"texture":"#1","tintindex":0},"east":{"uv":[3.75,6.0,4.0,4.75],"rotation":270,"texture":"#1","tintindex":0},"north":{"uv":[4.0,4.75,3.75,5.0],"rotation":90,"texture":"#1","tintindex":0},"south":{"uv":[3.75,5.75,4.0,6.0],"rotation":270,"texture":"#1","tintindex":0},"up":{"uv":[3.75,4.75,4.0,6.0],"rotation":0,"texture":"#1","tintindex":0},"west":{"uv":[3.75,4.75,4.0,6.0],"rotation":270,"texture":"#1","tintindex":0}}},{"name":"leftarm","from":[6.8059998,4.3999996,5.6],"to":[9.206,8.0,8.0],"rotation":{"angle":0.0,"axis":"x","origin":[4.3999996,-2.8000002,6.8]},"faces":{"down":{"uv":[6.0,8.0,5.0,9.0],"rotation":0,"texture":"#0","tintindex":0},"east":{"uv":[4.0,6.5,5.0,8.0],"rotation":0,"texture":"#0","tintindex":0},"north":{"uv":[3.0,6.5,4.0,8.0],"rotation":0,"texture":"#0","tintindex":0},"south":{"uv":[5.0,6.5,6.0,8.0],"rotation":0,"texture":"#0","tintindex":0},"up":{"uv":[9.0,5.5,8.0,4.5],"rotation":0,"texture":"#0","tintindex":0},"west":{"uv":[6.0,6.5,7.0,8.0],"rotation":0,"texture":"#0","tintindex":0}}}],"display":{"head":{"translation":[0.0,-6.4,0.0],"rotation":[0.0,0.0,0.0],"scale":[3.8095,3.8095,3.8095]}}}