{"textures":{"0":"modelengine:entity/ouldhana","1":"modelengine:entity/ouldhana_vfx","2":"modelengine:entity/ouldhana_vfx_e"},"elements":[{"name":"cube","from":[-0.6399989,1.4399991,3.3359997],"to":[9.92,11.999999,13.896001],"rotation":{"angle":0.0,"axis":"x","origin":[4.3999996,6.5999985,7.38]},"faces":{"down":{"uv":[0.0,8.75,1.125,9.875],"rotation":0,"texture":"#0","tintindex":0},"east":{"uv":[8.375,6.0,9.5,7.125],"rotation":0,"texture":"#0","tintindex":0},"north":{"uv":[9.4375,3.75,8.3125,4.875],"rotation":0,"texture":"#0","tintindex":0},"south":{"uv":[8.3125,3.75,9.4375,4.875],"rotation":0,"texture":"#0","tintindex":0},"up":{"uv":[0.0,9.875,1.125,8.75],"rotation":0,"texture":"#0","tintindex":0},"west":{"uv":[9.5,6.0,8.375,7.125],"rotation":0,"texture":"#0","tintindex":0}}},{"name":"cube","from":[-10.120001,2.039999,8.616],"to":[2.3600001,20.280003,8.712],"rotation":{"angle":0.0,"axis":"x","origin":[4.3999996,6.5999985,7.38]},"faces":{"down":{"uv":[10.3125,2.0,11.625,2.0625],"rotation":0,"texture":"#0","tintindex":0},"east":{"uv":[11.6875,13.5625,11.625,15.4375],"rotation":0,"texture":"#0","tintindex":0},"north":{"uv":[3.1875,5.0,1.875,6.875],"rotation":0,"texture":"#0","tintindex":0},"south":{"uv":[1.875,5.0,3.1875,6.875],"rotation":0,"texture":"#0","tintindex":0},"up":{"uv":[10.3125,2.0,11.625,1.9375],"rotation":0,"texture":"#0","tintindex":0},"west":{"uv":[3.5625,10.25,3.5,12.125],"rotation":0,"texture":"#0","tintindex":0}}},{"name":"cube","from":[3.7999997,-8.160001,3.6959999],"to":[9.56,0.23999906,8.496],"rotation":{"angle":0.0,"axis":"x","origin":[4.3999996,6.5999985,7.38]},"faces":{"down":{"uv":[0.0,9.375,0.625,9.875],"rotation":0,"texture":"#0","tintindex":0},"east":{"uv":[4.375,12.6875,3.875,13.5625],"rotation":0,"texture":"#0","tintindex":0},"north":{"uv":[12.9375,3.0625,12.3125,3.9375],"rotation":0,"texture":"#0","tintindex":0},"south":{"uv":[12.3125,3.0625,12.9375,3.9375],"rotation":0,"texture":"#0","tintindex":0},"up":{"uv":[0.0,9.875,0.625,9.375],"rotation":0,"texture":"#0","tintindex":0},"west":{"uv":[3.875,12.6875,4.375,13.5625],"rotation":0,"texture":"#0","tintindex":0}}},{"name":"cube","from":[0.32000017,-8.759999,4.296],"to":[8.96,2.039999,12.936],"rotation":{"angle":0.0,"axis":"x","origin":[4.3999996,6.5999985,7.38]},"faces":{"down":{"uv":[0.0,9.0,0.875,9.875],"rotation":0,"texture":"#0","tintindex":0},"east":{"uv":[9.4375,3.5625,10.3125,4.6875],"rotation":0,"texture":"#0","tintindex":0},"north":{"uv":[10.3125,2.4375,9.4375,3.5625],"rotation":0,"texture":"#0","tintindex":0},"south":{"uv":[9.4375,2.4375,10.3125,3.5625],"rotation":0,"texture":"#0","tintindex":0},"up":{"uv":[0.0,9.875,0.875,9.0],"rotation":0,"texture":"#0","tintindex":0},"west":{"uv":[10.3125,3.5625,9.4375,4.6875],"rotation":0,"texture":"#0","tintindex":0}}}],"display":{"head":{"translation":[0.0,-6.4,0.0],"rotation":[0.0,0.0,0.0],"scale":[3.8095,3.8095,3.8095]}}}