{"textures":{"0":"modelengine:entity/ouldhana","1":"modelengine:entity/ouldhana_vfx","2":"modelengine:entity/ouldhana_vfx_e"},"elements":[{"name":"cube","from":[9.373871,8.208331,2.3330474],"to":[20.773872,17.208332,14.333049],"rotation":{"angle":22.5,"axis":"z","origin":[8.68,15.54372,14.312879]},"faces":{"down":{"uv":[9.375,1.25,8.1875,2.5],"rotation":0,"texture":"#0","tintindex":0},"east":{"uv":[8.8125,0.0,10.0625,0.9375],"rotation":0,"texture":"#0","tintindex":0},"north":{"uv":[4.75,9.0625,5.9375,10.0],"rotation":0,"texture":"#0","tintindex":0},"south":{"uv":[5.9375,9.0625,4.75,10.0],"rotation":0,"texture":"#0","tintindex":0},"up":{"uv":[9.375,2.5,8.1875,1.25],"rotation":0,"texture":"#0","tintindex":0},"west":{"uv":[10.0625,0.0,8.8125,0.9375],"rotation":0,"texture":"#0","tintindex":0}}},{"name":"cube","from":[-3.4138718,8.208331,2.3330474],"to":[7.986129,17.208332,14.333049],"rotation":{"angle":-22.5,"axis":"z","origin":[8.68,15.54372,14.312879]},"faces":{"down":{"uv":[8.1875,1.25,9.375,2.5],"rotation":0,"texture":"#0","tintindex":0},"east":{"uv":[8.8125,0.0,10.0625,0.9375],"rotation":0,"texture":"#0","tintindex":0},"north":{"uv":[5.9375,9.0625,4.75,10.0],"rotation":0,"texture":"#0","tintindex":0},"south":{"uv":[4.75,9.0625,5.9375,10.0],"rotation":0,"texture":"#0","tintindex":0},"up":{"uv":[8.1875,2.5,9.375,1.25],"rotation":0,"texture":"#0","tintindex":0},"west":{"uv":[10.0625,0.0,8.8125,0.9375],"rotation":0,"texture":"#0","tintindex":0}}},{"name":"cube","from":[2.3199995,-2.855194,8.50125],"to":[15.52,9.144806,19.30125],"rotation":{"angle":22.5,"axis":"x","origin":[8.68,15.54372,14.312879]},"faces":{"down":{"uv":[9.375,7.625,8.0,8.75],"rotation":0,"texture":"#0","tintindex":0},"east":{"uv":[8.3125,2.5,9.4375,3.75],"rotation":0,"texture":"#0","tintindex":0},"north":{"uv":[7.4375,0.0,8.8125,1.25],"rotation":0,"texture":"#0","tintindex":0},"south":{"uv":[6.625,7.625,8.0,8.875],"rotation":0,"texture":"#0","tintindex":0},"up":{"uv":[9.375,8.75,8.0,7.625],"rotation":0,"texture":"#0","tintindex":0},"west":{"uv":[9.4375,2.5,8.3125,3.75],"rotation":0,"texture":"#0","tintindex":0}}},{"name":"cube","from":[14.740275,13.196671,5.4530473],"to":[21.340275,19.19667,14.153048],"rotation":{"angle":-22.5,"axis":"z","origin":[8.68,15.54372,14.312879]},"faces":{"down":{"uv":[7.0,9.875,6.3125,10.8125],"rotation":0,"texture":"#0","tintindex":0},"east":{"uv":[12.0,7.625,12.9375,8.25],"rotation":0,"texture":"#0","tintindex":0},"north":{"uv":[5.125,12.6875,5.8125,13.3125],"rotation":0,"texture":"#0","tintindex":0},"south":{"uv":[5.8125,12.6875,5.125,13.3125],"rotation":0,"texture":"#0","tintindex":0},"up":{"uv":[7.0,10.8125,6.3125,9.875],"rotation":0,"texture":"#0","tintindex":0},"west":{"uv":[12.0,7.625,12.9375,8.25],"rotation":0,"texture":"#0","tintindex":0}}},{"name":"cube","from":[-3.9802756,13.196671,5.4530473],"to":[2.6197248,19.19667,14.153048],"rotation":{"angle":22.5,"axis":"z","origin":[8.68,15.54372,14.312879]},"faces":{"down":{"uv":[6.3125,9.875,7.0,10.8125],"rotation":0,"texture":"#0","tintindex":0},"east":{"uv":[12.9375,7.625,12.0,8.25],"rotation":0,"texture":"#0","tintindex":0},"north":{"uv":[5.8125,12.6875,5.125,13.3125],"rotation":0,"texture":"#0","tintindex":0},"south":{"uv":[5.125,12.6875,5.8125,13.3125],"rotation":0,"texture":"#0","tintindex":0},"up":{"uv":[6.3125,10.8125,7.0,9.875],"rotation":0,"texture":"#0","tintindex":0},"west":{"uv":[12.9375,7.625,12.0,8.25],"rotation":0,"texture":"#0","tintindex":0}}},{"name":"cube","from":[-0.3200004,7.131342,3.5330472],"to":[17.68,21.531342,17.033049],"rotation":{"angle":0.0,"axis":"x","origin":[8.68,15.54372,14.312879]},"faces":{"down":{"uv":[6.0,0.0,4.125,1.4375],"rotation":0,"texture":"#0","tintindex":0},"east":{"uv":[6.0,0.0,7.4375,1.5],"rotation":0,"texture":"#0","tintindex":0},"north":{"uv":[2.375,3.5,4.25,5.0],"rotation":0,"texture":"#0","tintindex":0},"south":{"uv":[0.0,3.75,1.875,5.25],"rotation":0,"texture":"#0","tintindex":0},"up":{"uv":[6.0,1.4375,4.125,0.0],"rotation":0,"texture":"#0","tintindex":0},"west":{"uv":[7.4375,0.0,6.0,1.5],"rotation":0,"texture":"#0","tintindex":0}}},{"name":"cube","from":[0.27999973,14.88879,12.694705],"to":[6.2799997,23.88879,20.494705],"rotation":{"angle":-45.0,"axis":"x","origin":[8.68,15.54372,14.312879]},"faces":{"down":{"uv":[12.3125,9.875,12.9375,10.6875],"rotation":0,"texture":"#0","tintindex":0},"east":{"uv":[8.3125,11.25,9.125,12.1875],"rotation":0,"texture":"#0","tintindex":0},"north":{"uv":[8.0625,12.1875,8.6875,13.125],"rotation":0,"texture":"#0","tintindex":0},"south":{"uv":[8.6875,12.1875,8.0625,13.125],"rotation":0,"texture":"#0","tintindex":0},"up":{"uv":[12.3125,10.6875,12.9375,9.875],"rotation":0,"texture":"#0","tintindex":0},"west":{"uv":[9.125,11.25,8.3125,12.1875],"rotation":0,"texture":"#0","tintindex":0}}},{"name":"cube","from":[11.08,14.88879,12.694705],"to":[17.08,23.88879,20.494705],"rotation":{"angle":-45.0,"axis":"x","origin":[8.68,15.54372,14.312879]},"faces":{"down":{"uv":[12.9375,9.875,12.3125,10.6875],"rotation":0,"texture":"#0","tintindex":0},"east":{"uv":[8.3125,11.25,9.125,12.1875],"rotation":0,"texture":"#0","tintindex":0},"north":{"uv":[8.6875,12.1875,8.0625,13.125],"rotation":0,"texture":"#0","tintindex":0},"south":{"uv":[8.0625,12.1875,8.6875,13.125],"rotation":0,"texture":"#0","tintindex":0},"up":{"uv":[12.9375,10.6875,12.3125,9.875],"rotation":0,"texture":"#0","tintindex":0},"west":{"uv":[9.125,11.25,8.3125,12.1875],"rotation":0,"texture":"#0","tintindex":0}}},{"name":"cube","from":[12.58,24.8,17.69949],"to":[15.58,32.0,22.499493],"rotation":{"angle":22.5,"axis":"x","origin":[14.08,27.2,19.73949]},"faces":{"down":{"uv":[0.0,0.5,0.3125,1.0],"rotation":0,"texture":"#0","tintindex":0},"east":{"uv":[0.625,0.0,1.125,0.75],"rotation":0,"texture":"#0","tintindex":0},"north":{"uv":[1.5,0.0,1.8125,0.75],"rotation":0,"texture":"#0","tintindex":0},"south":{"uv":[1.8125,0.0,1.5,0.75],"rotation":0,"texture":"#0","tintindex":0},"up":{"uv":[0.0,0.5,0.3125,1.0],"rotation":0,"texture":"#0","tintindex":0},"west":{"uv":[1.125,0.0,0.625,0.75],"rotation":0,"texture":"#0","tintindex":0}}},{"name":"cube","from":[12.28,22.075665,16.23692],"to":[15.88,26.875664,22.23692],"rotation":{"angle":45.0,"axis":"x","origin":[14.08,25.975666,18.09692]},"faces":{"down":{"uv":[0.0,1.0,0.375,1.625],"rotation":0,"texture":"#0","tintindex":0},"east":{"uv":[0.0,0.0,0.625,0.5],"rotation":0,"texture":"#0","tintindex":0},"north":{"uv":[1.125,0.0,1.5,0.5],"rotation":0,"texture":"#0","tintindex":0},"south":{"uv":[1.5,0.0,1.125,0.5],"rotation":0,"texture":"#0","tintindex":0},"up":{"uv":[0.0,1.0,0.375,1.625],"rotation":0,"texture":"#0","tintindex":0},"west":{"uv":[0.625,0.0,0.0,0.5],"rotation":0,"texture":"#0","tintindex":0}}},{"name":"cube","from":[1.4799997,22.075665,16.23692],"to":[5.08,26.875664,22.23692],"rotation":{"angle":45.0,"axis":"x","origin":[3.2799997,25.975666,18.09692]},"faces":{"down":{"uv":[0.0,1.0,0.375,1.625],"rotation":0,"texture":"#0","tintindex":0},"east":{"uv":[0.0,0.0,0.625,0.5],"rotation":0,"texture":"#0","tintindex":0},"north":{"uv":[1.125,0.0,1.5,0.5],"rotation":0,"texture":"#0","tintindex":0},"south":{"uv":[1.5,0.0,1.125,0.5],"rotation":0,"texture":"#0","tintindex":0},"up":{"uv":[0.0,1.0,0.375,1.625],"rotation":0,"texture":"#0","tintindex":0},"west":{"uv":[0.625,0.0,0.0,0.5],"rotation":0,"texture":"#0","tintindex":0}}},{"name":"cube","from":[1.7799997,24.8,17.69949],"to":[4.7799997,32.0,22.499493],"rotation":{"angle":22.5,"axis":"x","origin":[3.2799997,27.2,19.73949]},"faces":{"down":{"uv":[0.0,0.5,0.3125,1.0],"rotation":0,"texture":"#0","tintindex":0},"east":{"uv":[0.625,0.0,1.125,0.75],"rotation":0,"texture":"#0","tintindex":0},"north":{"uv":[1.5,0.0,1.8125,0.75],"rotation":0,"texture":"#0","tintindex":0},"south":{"uv":[1.8125,0.0,1.5,0.75],"rotation":0,"texture":"#0","tintindex":0},"up":{"uv":[0.0,0.5,0.3125,1.0],"rotation":0,"texture":"#0","tintindex":0},"west":{"uv":[1.125,0.0,0.625,0.75],"rotation":0,"texture":"#0","tintindex":0}}}],"display":{"head":{"translation":[0.0,19.315744,0.0],"rotation":[0.0,0.0,0.0],"scale":[3.8095,3.8095,3.8095]}}}