{"textures":{"0":"modelengine:entity/ouldhana","1":"modelengine:entity/ouldhana_vfx","2":"modelengine:entity/ouldhana_vfx_e"},"elements":[{"name":"cube","from":[5.640827,1.7781315,1.2298249],"to":[11.400827,5.678132,9.029825],"rotation":{"angle":0.0,"axis":"x","origin":[8.488475,7.6481023,5.6441927]},"faces":{"down":{"uv":[6.8125,12.4375,7.4375,13.25],"rotation":0,"texture":"#0","tintindex":0},"east":{"uv":[8.375,7.125,9.1875,7.5625],"rotation":0,"texture":"#0","tintindex":0},"north":{"uv":[11.75,13.125,11.125,13.5625],"rotation":0,"texture":"#0","tintindex":0},"south":{"uv":[11.125,13.125,11.75,13.5625],"rotation":0,"texture":"#0","tintindex":0},"up":{"uv":[6.8125,13.25,7.4375,12.4375],"rotation":0,"texture":"#0","tintindex":0},"west":{"uv":[9.1875,7.125,8.375,7.5625],"rotation":0,"texture":"#0","tintindex":0}}},{"name":"cube","from":[3.5299885,-0.20186877,-8.128024],"to":[3.5899875,7.598132,-0.9280243],"rotation":{"angle":22.5,"axis":"y","origin":[3.559988,3.6981316,-4.768024]},"faces":{"down":{"uv":[1.125,9.125,1.1875,10.1875],"rotation":0,"texture":"#0","tintindex":0},"east":{"uv":[10.625,7.125,11.375,7.9375],"rotation":0,"texture":"#0","tintindex":0},"north":{"uv":[8.25,2.5,8.1875,3.3125],"rotation":0,"texture":"#0","tintindex":0},"south":{"uv":[8.3125,2.5,8.25,3.3125],"rotation":0,"texture":"#0","tintindex":0},"up":{"uv":[1.125,10.1875,1.1875,9.125],"rotation":0,"texture":"#0","tintindex":0},"west":{"uv":[11.375,7.125,10.625,7.9375],"rotation":0,"texture":"#0","tintindex":0}}},{"name":"cube","from":[4.5351825,2.236849,-2.076459],"to":[7.535183,5.8368487,3.623541],"rotation":{"angle":22.5,"axis":"y","origin":[6.035183,4.036849,0.5335412]},"faces":{"down":{"uv":[3.1875,11.625,3.5,12.25],"rotation":0,"texture":"#0","tintindex":0},"east":{"uv":[13.5,5.25,14.125,5.625],"rotation":0,"texture":"#0","tintindex":0},"north":{"uv":[14.375,3.0,14.0625,3.375],"rotation":0,"texture":"#0","tintindex":0},"south":{"uv":[14.0625,3.0,14.375,3.375],"rotation":0,"texture":"#0","tintindex":0},"up":{"uv":[3.1875,12.25,3.5,11.625],"rotation":0,"texture":"#0","tintindex":0},"west":{"uv":[14.125,5.25,13.5,5.625],"rotation":0,"texture":"#0","tintindex":0}}},{"name":"cube","from":[13.986963,-0.20186877,-8.128024],"to":[14.046962,7.598132,-0.9280243],"rotation":{"angle":-22.5,"axis":"y","origin":[14.016963,3.6981316,-4.768024]},"faces":{"down":{"uv":[1.1875,9.125,1.125,10.1875],"rotation":0,"texture":"#0","tintindex":0},"east":{"uv":[10.625,7.125,11.375,7.9375],"rotation":0,"texture":"#0","tintindex":0},"north":{"uv":[8.1875,2.5,8.25,3.3125],"rotation":0,"texture":"#0","tintindex":0},"south":{"uv":[8.25,2.5,8.3125,3.3125],"rotation":0,"texture":"#0","tintindex":0},"up":{"uv":[1.1875,10.1875,1.125,9.125],"rotation":0,"texture":"#0","tintindex":0},"west":{"uv":[11.375,7.125,10.625,7.9375],"rotation":0,"texture":"#0","tintindex":0}}},{"name":"cube","from":[10.041768,2.236849,-2.076459],"to":[13.041768,5.8368487,3.623541],"rotation":{"angle":-22.5,"axis":"y","origin":[11.541768,4.036849,0.5335412]},"faces":{"down":{"uv":[3.5,11.625,3.1875,12.25],"rotation":0,"texture":"#0","tintindex":0},"east":{"uv":[13.5,5.25,14.125,5.625],"rotation":0,"texture":"#0","tintindex":0},"north":{"uv":[14.0625,3.0,14.375,3.375],"rotation":0,"texture":"#0","tintindex":0},"south":{"uv":[14.375,3.0,14.0625,3.375],"rotation":0,"texture":"#0","tintindex":0},"up":{"uv":[3.5,12.25,3.1875,11.625],"rotation":0,"texture":"#0","tintindex":0},"west":{"uv":[14.125,5.25,13.5,5.625],"rotation":0,"texture":"#0","tintindex":0}}},{"name":"cube","from":[5.814827,5.681492,2.562497],"to":[11.214828,8.681492,7.962497],"rotation":{"angle":0.0,"axis":"x","origin":[8.488475,7.6481023,5.6441927]},"faces":{"down":{"uv":[13.0,2.125,13.5625,2.6875],"rotation":0,"texture":"#0","tintindex":0},"east":{"uv":[13.8125,4.9375,14.375,5.25],"rotation":0,"texture":"#0","tintindex":0},"north":{"uv":[9.375,0.9375,8.8125,1.25],"rotation":0,"texture":"#0","tintindex":0},"south":{"uv":[8.8125,0.9375,9.375,1.25],"rotation":0,"texture":"#0","tintindex":0},"up":{"uv":[13.0,2.6875,13.5625,2.125],"rotation":0,"texture":"#0","tintindex":0},"west":{"uv":[14.375,4.9375,13.8125,5.25],"rotation":0,"texture":"#0","tintindex":0}}},{"name":"cube","from":[5.3503313,7.257798,5.7841206],"to":[11.6503315,11.157799,9.68412],"rotation":{"angle":45.0,"axis":"x","origin":[8.488475,7.6481023,5.6441927]},"faces":{"down":{"uv":[13.125,0.6875,13.8125,1.125],"rotation":0,"texture":"#0","tintindex":0},"east":{"uv":[13.75,2.5625,14.1875,3.0],"rotation":0,"texture":"#0","tintindex":0},"north":{"uv":[13.125,0.6875,13.8125,1.125],"rotation":0,"texture":"#0","tintindex":0},"south":{"uv":[13.8125,0.6875,13.125,1.125],"rotation":0,"texture":"#0","tintindex":0},"up":{"uv":[13.125,1.125,13.8125,0.6875],"rotation":0,"texture":"#0","tintindex":0},"west":{"uv":[14.1875,2.5625,13.75,3.0],"rotation":0,"texture":"#0","tintindex":0}}},{"name":"cube","from":[8.961767,1.2768487,6.104845],"to":[11.961768,4.8768487,11.804845],"rotation":{"angle":-22.5,"axis":"x","origin":[8.488475,7.6481023,5.6441927]},"faces":{"down":{"uv":[3.5,12.25,3.1875,11.625],"rotation":0,"texture":"#0","tintindex":0},"east":{"uv":[14.125,5.25,13.5,5.625],"rotation":0,"texture":"#0","tintindex":0},"north":{"uv":[14.0625,3.0,14.375,3.375],"rotation":0,"texture":"#0","tintindex":0},"south":{"uv":[14.375,3.0,14.0625,3.375],"rotation":0,"texture":"#0","tintindex":0},"up":{"uv":[3.5,11.625,3.1875,12.25],"rotation":0,"texture":"#0","tintindex":0},"west":{"uv":[13.5,5.25,14.125,5.625],"rotation":0,"texture":"#0","tintindex":0}}},{"name":"cube","from":[10.386408,1.4781314,12.317219],"to":[10.446407,9.2781315,19.51722],"rotation":{"angle":0.0,"axis":"x","origin":[8.488475,7.6481023,5.6441927]},"faces":{"down":{"uv":[1.1875,10.1875,1.125,9.125],"rotation":0,"texture":"#0","tintindex":0},"east":{"uv":[11.375,7.125,10.625,7.9375],"rotation":0,"texture":"#0","tintindex":0},"north":{"uv":[8.3125,2.5,8.25,3.3125],"rotation":0,"texture":"#0","tintindex":0},"south":{"uv":[8.25,2.5,8.1875,3.3125],"rotation":0,"texture":"#0","tintindex":0},"up":{"uv":[1.1875,9.125,1.125,10.1875],"rotation":0,"texture":"#0","tintindex":0},"west":{"uv":[10.625,7.125,11.375,7.9375],"rotation":0,"texture":"#0","tintindex":0}}},{"name":"cube","from":[7.083227,5.9518166,6.5725794],"to":[10.083227,8.951817,13.172579],"rotation":{"angle":-22.5,"axis":"x","origin":[8.488475,7.6481023,5.6441927]},"faces":{"down":{"uv":[11.3125,13.5625,11.625,14.25],"rotation":0,"texture":"#0","tintindex":0},"east":{"uv":[10.3125,7.9375,11.0,8.25],"rotation":0,"texture":"#0","tintindex":0},"north":{"uv":[14.0625,8.0625,14.375,8.375],"rotation":0,"texture":"#0","tintindex":0},"south":{"uv":[14.375,8.0625,14.0625,8.375],"rotation":0,"texture":"#0","tintindex":0},"up":{"uv":[11.3125,14.25,11.625,13.5625],"rotation":0,"texture":"#0","tintindex":0},"west":{"uv":[11.0,7.9375,10.3125,8.25],"rotation":0,"texture":"#0","tintindex":0}}},{"name":"cube","from":[8.598587,4.7542167,8.367779],"to":[8.6585865,12.554216,19.16778],"rotation":{"angle":-22.5,"axis":"x","origin":[8.488475,7.6481023,5.6441927]},"faces":{"down":{"uv":[1.125,9.125,1.1875,10.25],"rotation":0,"texture":"#0","tintindex":0},"east":{"uv":[10.3125,2.4375,11.4375,3.25],"rotation":0,"texture":"#0","tintindex":0},"north":{"uv":[7.9375,8.875,7.875,9.6875],"rotation":0,"texture":"#0","tintindex":0},"south":{"uv":[8.0,8.875,7.9375,9.6875],"rotation":0,"texture":"#0","tintindex":0},"up":{"uv":[3.125,8.0,3.1875,6.875],"rotation":0,"texture":"#0","tintindex":0},"west":{"uv":[11.4375,2.4375,10.3125,3.25],"rotation":0,"texture":"#0","tintindex":0}}},{"name":"cube","from":[6.704795,1.7781315,9.006545],"to":[10.368155,5.441492,11.071889],"rotation":{"angle":0.0,"axis":"x","origin":[8.488475,7.6481023,5.6441927]},"faces":{"down":{"uv":[7.4375,1.25,7.8125,1.4375],"rotation":0,"texture":"#0","tintindex":0},"east":{"uv":[1.125,8.75,1.3125,9.125],"rotation":0,"texture":"#0","tintindex":0},"north":{"uv":[0.375,14.0625,0.75,14.4375],"rotation":0,"texture":"#0","tintindex":0},"south":{"uv":[0.75,14.0625,0.375,14.4375],"rotation":0,"texture":"#0","tintindex":0},"up":{"uv":[7.4375,1.4375,7.8125,1.25],"rotation":0,"texture":"#0","tintindex":0},"west":{"uv":[1.3125,8.75,1.125,9.125],"rotation":0,"texture":"#0","tintindex":0}}}],"display":{"head":{"translation":[0.0,-6.4,0.0],"rotation":[0.0,0.0,0.0],"scale":[3.8095,3.8095,3.8095]}}}