{"textures":{"0":"modelengine:entity/ouldhana","1":"modelengine:entity/ouldhana_vfx","2":"modelengine:entity/ouldhana_vfx_e"},"elements":[{"name":"cube","from":[3.1704466,5.544484,6.5148263],"to":[9.170446,11.244484,12.514827],"rotation":{"angle":-45.0,"axis":"y","origin":[8.154562,12.147826,11.27947]},"faces":{"down":{"uv":[13.5625,7.75,12.9375,8.375],"rotation":0,"texture":"#0","tintindex":0},"east":{"uv":[12.875,4.4375,13.5,5.0625],"rotation":0,"texture":"#0","tintindex":0},"north":{"uv":[13.4375,4.4375,13.5,5.0625],"rotation":0,"texture":"#0","tintindex":0},"south":{"uv":[13.5,4.4375,12.875,5.0625],"rotation":0,"texture":"#0","tintindex":0},"up":{"uv":[13.5625,8.375,12.9375,7.75],"rotation":0,"texture":"#0","tintindex":0},"west":{"uv":[13.5,4.4375,13.4375,5.0625],"rotation":0,"texture":"#0","tintindex":0}}},{"name":"cube","from":[3.7981973,10.128484,8.647232],"to":[12.198197,17.928486,16.447231],"rotation":{"angle":0.0,"axis":"x","origin":[8.154562,12.147826,11.27947]},"faces":{"down":{"uv":[12.3125,3.25,11.4375,4.0625],"rotation":0,"texture":"#0","tintindex":0},"east":{"uv":[11.1875,11.625,12.0,12.4375],"rotation":0,"texture":"#0","tintindex":0},"north":{"uv":[11.4375,2.4375,12.3125,3.25],"rotation":0,"texture":"#0","tintindex":0},"south":{"uv":[11.4375,2.4375,12.3125,3.25],"rotation":0,"texture":"#0","tintindex":0},"up":{"uv":[12.3125,4.0625,11.4375,3.25],"rotation":0,"texture":"#0","tintindex":0},"west":{"uv":[12.0,11.625,11.1875,12.4375],"rotation":0,"texture":"#0","tintindex":0}}},{"name":"cube","from":[7.938198,7.728483,12.247232],"to":[7.998198,20.928486,29.047234],"rotation":{"angle":0.0,"axis":"x","origin":[8.154562,12.147826,11.27947]},"faces":{"down":{"uv":[10.1875,14.0,10.125,15.75],"rotation":0,"texture":"#0","tintindex":0},"east":{"uv":[2.375,0.0625,4.125,1.4375],"rotation":0,"texture":"#0","tintindex":0},"north":{"uv":[5.875,10.0,5.9375,11.75],"rotation":0,"texture":"#0","tintindex":0},"south":{"uv":[8.8125,14.0,8.875,15.75],"rotation":0,"texture":"#0","tintindex":0},"up":{"uv":[8.9375,15.75,8.875,14.0],"rotation":0,"texture":"#0","tintindex":0},"west":{"uv":[4.125,0.0625,2.375,1.4375],"rotation":0,"texture":"#0","tintindex":0}}},{"name":"cube","from":[6.8425646,10.994494,9.427232],"to":[9.82901,20.584892,12.378349],"rotation":{"angle":-45.0,"axis":"z","origin":[8.154562,12.147826,11.27947]},"faces":{"down":{"uv":[4.125,14.0625,3.8125,14.375],"rotation":0,"texture":"#0","tintindex":0},"east":{"uv":[10.8125,12.5625,11.125,13.5625],"rotation":0,"texture":"#0","tintindex":0},"north":{"uv":[6.0,11.75,6.3125,12.75],"rotation":0,"texture":"#0","tintindex":0},"south":{"uv":[6.3125,11.75,6.0,12.75],"rotation":0,"texture":"#0","tintindex":0},"up":{"uv":[4.125,14.375,3.8125,14.0625],"rotation":0,"texture":"#0","tintindex":0},"west":{"uv":[10.8125,12.5625,11.125,13.5625],"rotation":0,"texture":"#0","tintindex":0}}},{"name":"cube","from":[2.6425643,15.794495,10.867231],"to":[13.442565,30.794495,10.927232],"rotation":{"angle":-45.0,"axis":"z","origin":[8.154562,12.147826,11.27947]},"faces":{"down":{"uv":[7.125,2.8125,6.0,2.875],"rotation":0,"texture":"#0","tintindex":0},"east":{"uv":[2.625,14.0625,2.6875,15.625],"rotation":0,"texture":"#0","tintindex":0},"north":{"uv":[7.1875,3.3125,8.3125,4.875],"rotation":0,"texture":"#0","tintindex":0},"south":{"uv":[8.3125,3.3125,7.1875,4.875],"rotation":0,"texture":"#0","tintindex":0},"up":{"uv":[7.125,2.8125,6.0,2.75],"rotation":0,"texture":"#0","tintindex":0},"west":{"uv":[4.4375,14.0625,4.5,15.625],"rotation":0,"texture":"#0","tintindex":0}}},{"name":"cube","from":[6.480115,10.994494,9.427232],"to":[9.46656,20.584892,12.378349],"rotation":{"angle":45.0,"axis":"z","origin":[8.154562,12.147826,11.27947]},"faces":{"down":{"uv":[3.8125,14.0625,4.125,14.375],"rotation":0,"texture":"#0","tintindex":0},"east":{"uv":[11.125,12.5625,10.8125,13.5625],"rotation":0,"texture":"#0","tintindex":0},"north":{"uv":[6.3125,11.75,6.0,12.75],"rotation":0,"texture":"#0","tintindex":0},"south":{"uv":[6.0,11.75,6.3125,12.75],"rotation":0,"texture":"#0","tintindex":0},"up":{"uv":[3.8125,14.375,4.125,14.0625],"rotation":0,"texture":"#0","tintindex":0},"west":{"uv":[11.125,12.5625,10.8125,13.5625],"rotation":0,"texture":"#0","tintindex":0}}},{"name":"cube","from":[2.8665595,15.794495,10.867231],"to":[13.66656,30.794495,10.927232],"rotation":{"angle":45.0,"axis":"z","origin":[8.154562,12.147826,11.27947]},"faces":{"down":{"uv":[6.0,2.8125,7.125,2.875],"rotation":0,"texture":"#0","tintindex":0},"east":{"uv":[4.5,14.0625,4.4375,15.625],"rotation":0,"texture":"#0","tintindex":0},"north":{"uv":[8.3125,3.3125,7.1875,4.875],"rotation":0,"texture":"#0","tintindex":0},"south":{"uv":[7.1875,3.3125,8.3125,4.875],"rotation":0,"texture":"#0","tintindex":0},"up":{"uv":[6.0,2.8125,7.125,2.75],"rotation":0,"texture":"#0","tintindex":0},"west":{"uv":[2.6875,14.0625,2.625,15.625],"rotation":0,"texture":"#0","tintindex":0}}},{"name":"cube","from":[6.4984627,12.315432,7.9502764],"to":[9.449579,21.905834,10.936722],"rotation":{"angle":-45.0,"axis":"x","origin":[8.154562,12.147826,11.27947]},"faces":{"down":{"uv":[3.8125,14.0625,4.125,14.375],"rotation":270,"texture":"#0","tintindex":0},"east":{"uv":[6.3125,11.75,6.0,12.75],"rotation":0,"texture":"#0","tintindex":0},"north":{"uv":[11.125,12.5625,10.8125,13.5625],"rotation":0,"texture":"#0","tintindex":0},"south":{"uv":[11.125,12.5625,10.8125,13.5625],"rotation":0,"texture":"#0","tintindex":0},"up":{"uv":[3.8125,14.375,4.125,14.0625],"rotation":90,"texture":"#0","tintindex":0},"west":{"uv":[6.0,11.75,6.3125,12.75],"rotation":0,"texture":"#0","tintindex":0}}},{"name":"cube","from":[7.9495792,16.999996,4.9836264],"to":[8.009579,32.0,15.783627],"rotation":{"angle":-45.0,"axis":"x","origin":[8.154562,12.147826,11.27947]},"faces":{"down":{"uv":[6.0,2.8125,7.125,2.875],"rotation":270,"texture":"#0","tintindex":0},"east":{"uv":[8.3125,3.3125,7.1875,4.875],"rotation":0,"texture":"#0","tintindex":0},"north":{"uv":[2.6875,14.0625,2.625,15.625],"rotation":0,"texture":"#0","tintindex":0},"south":{"uv":[4.5,14.0625,4.4375,15.625],"rotation":0,"texture":"#0","tintindex":0},"up":{"uv":[6.0,2.8125,7.125,2.75],"rotation":90,"texture":"#0","tintindex":0},"west":{"uv":[7.1875,3.3125,8.3125,4.875],"rotation":0,"texture":"#0","tintindex":0}}},{"name":"cube","from":[2.548367,5.426981,5.892747],"to":[7.048367,10.226981,10.392747],"rotation":{"angle":-45.0,"axis":"y","origin":[8.154562,12.147826,11.27947]},"faces":{"down":{"uv":[12.875,13.5,12.375,14.0],"rotation":0,"texture":"#0","tintindex":0},"east":{"uv":[9.75,13.5,10.25,14.0],"rotation":0,"texture":"#0","tintindex":0},"north":{"uv":[10.25,13.5,9.75,14.0],"rotation":0,"texture":"#0","tintindex":0},"south":{"uv":[10.25,13.5,9.75,14.0],"rotation":0,"texture":"#0","tintindex":0},"up":{"uv":[12.875,14.0,12.375,13.5],"rotation":0,"texture":"#0","tintindex":0},"west":{"uv":[9.75,13.5,10.25,14.0],"rotation":0,"texture":"#0","tintindex":0}}},{"name":"cube","from":[4.1023364,2.546979,7.4467163],"to":[7.402337,5.546979,10.746716],"rotation":{"angle":-45.0,"axis":"y","origin":[8.154562,12.147826,11.27947]},"faces":{"down":{"uv":[8.75,14.0,8.375,14.375],"rotation":0,"texture":"#0","tintindex":0},"east":{"uv":[2.125,14.0625,1.75,14.375],"rotation":0,"texture":"#0","tintindex":0},"north":{"uv":[2.125,14.0625,1.75,14.375],"rotation":0,"texture":"#0","tintindex":0},"south":{"uv":[1.75,14.0625,2.125,14.375],"rotation":0,"texture":"#0","tintindex":0},"up":{"uv":[8.75,14.375,8.375,14.0],"rotation":0,"texture":"#0","tintindex":0},"west":{"uv":[1.75,14.0625,2.125,14.375],"rotation":0,"texture":"#0","tintindex":0}}},{"name":"cube","from":[2.548367,10.236964,5.892747],"to":[9.148367,18.036964,12.492747],"rotation":{"angle":-45.0,"axis":"y","origin":[8.154562,12.147826,11.27947]},"faces":{"down":{"uv":[11.875,12.4375,11.1875,13.125],"rotation":0,"texture":"#0","tintindex":0},"east":{"uv":[12.3125,2.25,13.0,3.0625],"rotation":0,"texture":"#0","tintindex":0},"north":{"uv":[13.0,2.25,12.3125,3.0625],"rotation":0,"texture":"#0","tintindex":0},"south":{"uv":[13.0,2.25,12.3125,3.0625],"rotation":0,"texture":"#0","tintindex":0},"up":{"uv":[11.875,13.125,11.1875,12.4375],"rotation":0,"texture":"#0","tintindex":0},"west":{"uv":[12.3125,2.25,13.0,3.0625],"rotation":0,"texture":"#0","tintindex":0}}}],"display":{"head":{"translation":[0.0,6.554216,0.0],"rotation":[0.0,0.0,0.0],"scale":[3.8095,3.8095,3.8095]}}}