{"textures":{"0":"modelengine:entity/ouldhana","1":"modelengine:entity/ouldhana_vfx","2":"modelengine:entity/ouldhana_vfx_e"},"elements":[{"name":"cube","from":[5.71424,-0.2306552,3.4862912],"to":[12.91424,10.569345,12.186292],"rotation":{"angle":0.0,"axis":"x","origin":[9.3142395,5.169345,7.8362913]},"faces":{"down":{"uv":[0.75,8.9375,0.0,9.875],"rotation":0,"texture":"#0","tintindex":0},"east":{"uv":[9.375,0.9375,10.3125,2.0625],"rotation":0,"texture":"#0","tintindex":0},"north":{"uv":[11.0,0.0,11.75,1.125],"rotation":0,"texture":"#0","tintindex":0},"south":{"uv":[11.75,0.0,11.0,1.125],"rotation":0,"texture":"#0","tintindex":0},"up":{"uv":[0.75,9.875,0.0,8.9375],"rotation":0,"texture":"#0","tintindex":0},"west":{"uv":[10.3125,0.9375,9.375,2.0625],"rotation":0,"texture":"#0","tintindex":0}}}],"display":{"head":{"translation":[0.0,-6.4,0.0],"rotation":[0.0,0.0,0.0],"scale":[3.8095,3.8095,3.8095]}}}