{"textures":{"0":"modelengine:entity/ouldhana","1":"modelengine:entity/ouldhana_vfx","2":"modelengine:entity/ouldhana_vfx_e"},"elements":[{"name":"cube","from":[5.6,5.6,7.7],"to":[10.4,10.4,22.699997],"rotation":{"angle":0.0,"axis":"x","origin":[8.0,8.0,15.199998]},"faces":{"down":{"uv":[4.5,11.125,4.0,12.6875],"rotation":0,"texture":"#0","tintindex":0},"east":{"uv":[10.4375,11.125,12.0,11.625],"rotation":0,"texture":"#0","tintindex":0},"north":{"uv":[4.0,12.1875,4.5,12.6875],"rotation":0,"texture":"#0","tintindex":0},"south":{"uv":[4.0,12.1875,4.5,12.6875],"rotation":0,"texture":"#0","tintindex":0},"up":{"uv":[4.5,12.6875,4.0,11.125],"rotation":0,"texture":"#0","tintindex":0},"west":{"uv":[12.0,11.125,10.4375,11.625],"rotation":0,"texture":"#0","tintindex":0}}}],"display":{"head":{"translation":[0.0,-6.4,0.0],"rotation":[0.0,0.0,0.0],"scale":[3.8095,3.8095,3.8095]}}}