{"textures":{"0":"modelengine:entity/ouldhana","1":"modelengine:entity/ouldhana_vfx","2":"modelengine:entity/ouldhana_vfx_e"},"elements":[{"name":"cube","from":[5.5387516,-3.2805758,5.403219],"to":[10.338751,8.719425,10.203218],"rotation":{"angle":0.0,"axis":"x","origin":[7.9387517,2.719424,7.8032193]},"faces":{"down":{"uv":[0.5,9.375,0.0,9.875],"rotation":0,"texture":"#0","tintindex":0},"east":{"uv":[2.625,6.875,3.125,8.125],"rotation":0,"texture":"#0","tintindex":0},"north":{"uv":[1.875,3.75,2.375,5.0],"rotation":0,"texture":"#0","tintindex":0},"south":{"uv":[2.375,3.75,1.875,5.0],"rotation":0,"texture":"#0","tintindex":0},"up":{"uv":[0.5,9.875,0.0,9.375],"rotation":0,"texture":"#0","tintindex":0},"west":{"uv":[3.125,6.875,2.625,8.125],"rotation":0,"texture":"#0","tintindex":0}}}],"display":{"head":{"translation":[0.0,-6.4,0.0],"rotation":[0.0,0.0,0.0],"scale":[3.8095,3.8095,3.8095]}}}