{"textures":{"0":"modelengine:entity/ouldhana","1":"modelengine:entity/ouldhana_vfx","2":"modelengine:entity/ouldhana_vfx_e"},"elements":[{"name":"sword","from":[15.910199,9.034539,3.9871817],"to":[20.195913,11.6059675,6.55861],"rotation":{"angle":-45.0,"axis":"x","origin":[18.06734,5.1785507,10.437766]},"faces":{"down":{"uv":[1.8125,2.75,1.1875,3.125],"rotation":180,"texture":"#0","tintindex":0},"east":{"uv":[0.875,2.875,0.5,3.25],"rotation":180,"texture":"#0","tintindex":0},"north":{"uv":[1.8125,2.75,1.1875,3.125],"rotation":180,"texture":"#0","tintindex":0},"south":{"uv":[1.1875,2.75,1.8125,3.125],"rotation":180,"texture":"#0","tintindex":0},"up":{"uv":[1.1875,2.75,1.8125,3.125],"rotation":180,"texture":"#0","tintindex":0},"west":{"uv":[0.5,2.875,0.875,3.25],"rotation":180,"texture":"#0","tintindex":0}}},{"name":"sword","from":[17.417343,3.4438746,4.0091944],"to":[18.703056,6.872446,29.72348],"rotation":{"angle":0.0,"axis":"x","origin":[18.06734,5.1785507,10.437766]},"faces":{"down":{"uv":[1.125,12.25,1.3125,16.0],"rotation":180,"texture":"#0","tintindex":0},"east":{"uv":[3.75,8.25,0.0,8.75],"rotation":180,"texture":"#0","tintindex":0},"north":{"uv":[0.8125,3.25,1.0,3.75],"rotation":180,"texture":"#0","tintindex":0},"south":{"uv":[0.8125,3.25,1.0,3.75],"rotation":180,"texture":"#0","tintindex":0},"up":{"uv":[1.3125,12.25,1.125,16.0],"rotation":180,"texture":"#0","tintindex":0},"west":{"uv":[0.0,8.25,3.75,8.75],"rotation":180,"texture":"#0","tintindex":0}}},{"name":"sword","from":[16.367344,8.173054,3.128713],"to":[19.795914,12.458769,7.4144273],"rotation":{"angle":-45.0,"axis":"x","origin":[18.06734,5.1785507,10.437766]},"faces":{"down":{"uv":[0.5,2.625,0.0,3.25],"rotation":180,"texture":"#0","tintindex":0},"east":{"uv":[1.8125,3.125,1.1875,3.75],"rotation":180,"texture":"#0","tintindex":0},"north":{"uv":[0.0,2.625,0.5,3.25],"rotation":180,"texture":"#0","tintindex":0},"south":{"uv":[0.5,2.625,0.0,3.25],"rotation":180,"texture":"#0","tintindex":0},"up":{"uv":[0.0,2.625,0.5,3.25],"rotation":180,"texture":"#0","tintindex":0},"west":{"uv":[1.1875,3.125,1.8125,3.75],"rotation":180,"texture":"#0","tintindex":0}}},{"name":"sword","from":[16.581629,17.515478,-4.499426],"to":[19.581629,20.086906,-1.9279966],"rotation":{"angle":-45.0,"axis":"x","origin":[18.06734,5.1785507,10.437766]},"faces":{"down":{"uv":[0.0,2.25,0.4375,2.625],"rotation":180,"texture":"#0","tintindex":0},"east":{"uv":[0.875,2.5,0.5,2.875],"rotation":180,"texture":"#0","tintindex":0},"north":{"uv":[0.4375,2.625,0.0,2.25],"rotation":180,"texture":"#0","tintindex":0},"south":{"uv":[0.0,2.625,0.4375,2.25],"rotation":180,"texture":"#0","tintindex":0},"up":{"uv":[0.0,2.25,0.4375,2.625],"rotation":180,"texture":"#0","tintindex":0},"west":{"uv":[0.5,2.5,0.875,2.875],"rotation":180,"texture":"#0","tintindex":0}}},{"name":"sword","from":[16.795914,3.9153059,-9.27652],"to":[19.367344,6.4867344,2.2949085],"rotation":{"angle":0.0,"axis":"x","origin":[18.06734,5.1785507,10.437766]},"faces":{"down":{"uv":[4.0,3.5,4.375,1.8125],"rotation":180,"texture":"#0","tintindex":0},"east":{"uv":[4.0,3.125,2.3125,3.5],"rotation":180,"texture":"#0","tintindex":0},"north":{"uv":[0.0,0.0,0.375,0.375],"rotation":180,"texture":"#0","tintindex":0},"south":{"uv":[0.0,0.0,0.375,0.375],"rotation":180,"texture":"#0","tintindex":0},"up":{"uv":[4.0,1.8125,4.375,3.5],"rotation":180,"texture":"#0","tintindex":0},"west":{"uv":[2.3125,3.125,4.0,3.5],"rotation":180,"texture":"#0","tintindex":0}}},{"name":"sword","from":[16.410198,3.4867344,-1.1336622],"to":[19.753056,6.915306,1.4377658],"rotation":{"angle":0.0,"axis":"x","origin":[18.06734,5.1785507,10.437766]},"faces":{"down":{"uv":[2.3125,3.25,1.8125,2.875],"rotation":180,"texture":"#0","tintindex":0},"east":{"uv":[2.1875,3.25,1.8125,3.75],"rotation":180,"texture":"#0","tintindex":0},"north":{"uv":[0.0,2.625,0.5,3.125],"rotation":180,"texture":"#0","tintindex":0},"south":{"uv":[0.5,2.625,0.0,3.125],"rotation":180,"texture":"#0","tintindex":0},"up":{"uv":[2.3125,2.875,1.8125,3.25],"rotation":180,"texture":"#0","tintindex":0},"west":{"uv":[1.8125,3.25,2.1875,3.75],"rotation":180,"texture":"#0","tintindex":0}}},{"name":"sword","from":[16.367344,3.4867344,-7.133662],"to":[19.795914,6.915306,-4.562234],"rotation":{"angle":0.0,"axis":"x","origin":[18.06734,5.1785507,10.437766]},"faces":{"down":{"uv":[2.3125,3.25,1.8125,2.875],"rotation":180,"texture":"#0","tintindex":0},"east":{"uv":[2.1875,3.25,1.8125,3.75],"rotation":180,"texture":"#0","tintindex":0},"north":{"uv":[0.0,2.625,0.5,3.125],"rotation":180,"texture":"#0","tintindex":0},"south":{"uv":[0.5,2.625,0.0,3.125],"rotation":180,"texture":"#0","tintindex":0},"up":{"uv":[2.3125,2.875,1.8125,3.25],"rotation":180,"texture":"#0","tintindex":0},"west":{"uv":[1.8125,3.25,2.1875,3.75],"rotation":180,"texture":"#0","tintindex":0}}},{"name":"cube","from":[17.43877,-9.685108,22.848225],"to":[18.681627,-7.2636805,25.269653],"rotation":{"angle":-45.0,"axis":"x","origin":[18.06734,5.1785507,10.437766]},"faces":{"down":{"uv":[0.375,7.875,0.5625,8.25],"rotation":180,"texture":"#0","tintindex":0},"east":{"uv":[0.0,7.875,0.375,8.25],"rotation":180,"texture":"#0","tintindex":0},"north":{"uv":[0.0,3.25,0.1875,3.625],"rotation":180,"texture":"#0","tintindex":0},"south":{"uv":[0.5625,7.875,0.75,8.25],"rotation":180,"texture":"#0","tintindex":0},"up":{"uv":[0.0,3.25,0.1875,3.625],"rotation":180,"texture":"#0","tintindex":0},"west":{"uv":[0.0,7.875,0.375,8.25],"rotation":180,"texture":"#0","tintindex":0}}}],"display":{"head":{"translation":[0.0,-6.4,0.0],"rotation":[0.0,0.0,0.0],"scale":[3.7333333,3.7333333,3.7333333]}}}