{"textures":{"0":"modelengine:entity/ouldhana","1":"modelengine:entity/ouldhana_vfx","2":"modelengine:entity/ouldhana_vfx_e"},"elements":[{"name":"cube","from":[5.3,5.3,8.3],"to":[10.700001,10.700001,23.3],"rotation":{"angle":0.0,"axis":"x","origin":[8.0,8.0,15.8]},"faces":{"down":{"uv":[1.3125,5.25,1.875,6.8125],"rotation":0,"texture":"#0","tintindex":0},"east":{"uv":[9.6875,5.3125,11.25,5.875],"rotation":0,"texture":"#0","tintindex":0},"north":{"uv":[1.875,6.25,1.3125,6.8125],"rotation":0,"texture":"#0","tintindex":0},"south":{"uv":[1.875,6.25,1.3125,6.8125],"rotation":0,"texture":"#0","tintindex":0},"up":{"uv":[1.3125,6.8125,1.875,5.25],"rotation":0,"texture":"#0","tintindex":0},"west":{"uv":[11.25,5.3125,9.6875,5.875],"rotation":0,"texture":"#0","tintindex":0}}}],"display":{"head":{"translation":[0.0,-6.4,0.0],"rotation":[0.0,0.0,0.0],"scale":[3.8095,3.8095,3.8095]}}}