{"textures":{"0":"modelengine:entity/ouldhana","1":"modelengine:entity/ouldhana_vfx","2":"modelengine:entity/ouldhana_vfx_e"},"elements":[{"name":"cube","from":[2.8279994,-5.5749025,4.829953],"to":[9.548,7.8650994,11.5499525],"rotation":{"angle":0.0,"axis":"x","origin":[5.4680004,7.4273467,12.839283]},"faces":{"down":{"uv":[0.5625,4.5625,1.25,5.25],"rotation":0,"texture":"#0","tintindex":0},"east":{"uv":[6.3125,9.8125,7.0,11.1875],"rotation":0,"texture":"#0","tintindex":0},"north":{"uv":[9.75,9.6875,10.4375,11.0625],"rotation":0,"texture":"#0","tintindex":0},"south":{"uv":[10.4375,9.6875,9.75,11.0625],"rotation":0,"texture":"#0","tintindex":0},"up":{"uv":[0.6875,9.875,0.0,9.1875],"rotation":0,"texture":"#0","tintindex":0},"west":{"uv":[7.0,9.8125,6.3125,11.1875],"rotation":0,"texture":"#0","tintindex":0}}},{"name":"cube","from":[9.548,-5.5749025,7.949953],"to":[19.148,11.705098,8.045954],"rotation":{"angle":0.0,"axis":"x","origin":[5.4680004,7.4273467,12.839283]},"faces":{"down":{"uv":[15.0,13.5,14.0,13.5625],"rotation":0,"texture":"#0","tintindex":0},"east":{"uv":[6.625,13.75,6.6875,15.5625],"rotation":0,"texture":"#0","tintindex":0},"north":{"uv":[8.1875,1.5,7.1875,3.3125],"rotation":0,"texture":"#0","tintindex":0},"south":{"uv":[7.1875,1.5,8.1875,3.3125],"rotation":0,"texture":"#0","tintindex":0},"up":{"uv":[9.375,7.625,8.375,7.5625],"rotation":0,"texture":"#0","tintindex":0},"west":{"uv":[6.6875,13.75,6.75,15.5625],"rotation":0,"texture":"#0","tintindex":0}}},{"name":"cube","from":[4.7479997,0.024083376,10.107975],"to":[7.6279993,11.544085,13.947975],"rotation":{"angle":22.5,"axis":"x","origin":[5.4680004,7.4273467,12.839283]},"faces":{"down":{"uv":[13.5,14.25,13.1875,13.875],"rotation":0,"texture":"#0","tintindex":0},"east":{"uv":[0.0,12.5,0.375,13.6875],"rotation":0,"texture":"#0","tintindex":0},"north":{"uv":[3.1875,12.5625,2.875,13.75],"rotation":0,"texture":"#0","tintindex":0},"south":{"uv":[2.875,12.5625,3.1875,13.75],"rotation":0,"texture":"#0","tintindex":0},"up":{"uv":[13.5,14.25,13.1875,13.875],"rotation":0,"texture":"#0","tintindex":0},"west":{"uv":[0.375,12.5,0.0,13.6875],"rotation":0,"texture":"#0","tintindex":0}}},{"name":"cube","from":[6.1879997,6.444084,8.787975],"to":[6.2839994,23.724087,21.027977],"rotation":{"angle":22.5,"axis":"x","origin":[5.4680004,7.4273467,12.839283]},"faces":{"down":{"uv":[3.4375,10.25,3.375,11.625],"rotation":0,"texture":"#0","tintindex":0},"east":{"uv":[4.375,2.875,5.625,4.6875],"rotation":0,"texture":"#0","tintindex":0},"north":{"uv":[6.75,13.75,6.8125,15.5625],"rotation":0,"texture":"#0","tintindex":0},"south":{"uv":[8.75,14.0,8.8125,15.8125],"rotation":0,"texture":"#0","tintindex":0},"up":{"uv":[9.125,11.25,9.0625,9.875],"rotation":0,"texture":"#0","tintindex":0},"west":{"uv":[5.625,2.875,4.375,4.6875],"rotation":0,"texture":"#0","tintindex":0}}}],"display":{"head":{"translation":[0.0,-6.4,0.0],"rotation":[0.0,0.0,0.0],"scale":[3.8095,3.8095,3.8095]}}}