{"textures":{"0":"modelengine:entity/ouldhana","1":"modelengine:entity/ouldhana_vfx","2":"modelengine:entity/ouldhana_vfx_e"},"elements":[{"name":"cube","from":[4.9475837,-4.360575,4.6705475],"to":[10.947584,7.6394243,11.270548],"rotation":{"angle":0.0,"axis":"x","origin":[7.9475837,7.489424,7.970547]},"faces":{"down":{"uv":[0.0,9.1875,0.625,9.875],"rotation":0,"texture":"#0","tintindex":0},"east":{"uv":[10.375,5.875,11.0625,7.125],"rotation":0,"texture":"#0","tintindex":0},"north":{"uv":[7.4375,11.1875,6.8125,12.4375],"rotation":0,"texture":"#0","tintindex":0},"south":{"uv":[6.8125,11.1875,7.4375,12.4375],"rotation":0,"texture":"#0","tintindex":0},"up":{"uv":[0.0,9.875,0.625,9.1875],"rotation":0,"texture":"#0","tintindex":0},"west":{"uv":[11.0625,5.875,10.375,7.125],"rotation":0,"texture":"#0","tintindex":0}}},{"name":"cube","from":[4.9475837,7.6394243,4.6705475],"to":[10.947584,19.039425,4.7305474],"rotation":{"angle":0.0,"axis":"x","origin":[7.9475837,7.489424,7.970547]},"faces":{"down":{"uv":[11.875,12.75,12.5,13.4375],"rotation":0,"texture":"#0","tintindex":0},"east":{"uv":[9.75,11.0625,10.4375,12.25],"rotation":0,"texture":"#0","tintindex":0},"north":{"uv":[9.75,11.25,9.125,12.4375],"rotation":0,"texture":"#0","tintindex":0},"south":{"uv":[9.125,11.25,9.75,12.4375],"rotation":0,"texture":"#0","tintindex":0},"up":{"uv":[12.75,12.4375,13.375,11.75],"rotation":0,"texture":"#0","tintindex":0},"west":{"uv":[10.4375,11.0625,9.75,12.25],"rotation":0,"texture":"#0","tintindex":0}}},{"name":"cube","from":[10.887585,7.6394243,4.6705475],"to":[10.947584,19.039425,11.270548],"rotation":{"angle":0.0,"axis":"x","origin":[7.9475837,7.489424,7.970547]},"faces":{"down":{"uv":[11.875,12.75,12.5,13.4375],"rotation":0,"texture":"#0","tintindex":0},"east":{"uv":[9.75,11.0625,10.4375,12.25],"rotation":0,"texture":"#0","tintindex":0},"north":{"uv":[9.75,11.25,9.125,12.4375],"rotation":0,"texture":"#0","tintindex":0},"south":{"uv":[12.0,7.0,11.375,8.1875],"rotation":0,"texture":"#0","tintindex":0},"up":{"uv":[12.75,12.4375,13.375,11.75],"rotation":0,"texture":"#0","tintindex":0},"west":{"uv":[10.4375,11.0625,9.75,12.25],"rotation":0,"texture":"#0","tintindex":0}}},{"name":"cube","from":[4.9475837,7.6394243,4.6705475],"to":[5.0075836,19.039425,11.270548],"rotation":{"angle":0.0,"axis":"x","origin":[7.9475837,7.489424,7.970547]},"faces":{"down":{"uv":[11.875,12.75,12.5,13.4375],"rotation":0,"texture":"#0","tintindex":0},"east":{"uv":[9.75,11.0625,10.4375,12.25],"rotation":0,"texture":"#0","tintindex":0},"north":{"uv":[9.75,11.25,9.125,12.4375],"rotation":0,"texture":"#0","tintindex":0},"south":{"uv":[12.0,7.0,11.375,8.1875],"rotation":0,"texture":"#0","tintindex":0},"up":{"uv":[12.75,12.4375,13.375,11.75],"rotation":0,"texture":"#0","tintindex":0},"west":{"uv":[10.4375,11.0625,9.75,12.25],"rotation":0,"texture":"#0","tintindex":0}}}],"display":{"head":{"translation":[0.0,-6.4,0.0],"rotation":[0.0,0.0,0.0],"scale":[3.8095,3.8095,3.8095]}}}