{"textures":{"0":"modelengine:entity/ouldhana","1":"modelengine:entity/ouldhana_vfx","2":"modelengine:entity/ouldhana_vfx_e"},"elements":[{"name":"cube","from":[-16.0,7.97,-16.0],"to":[32.0,8.030001,32.0],"rotation":{"angle":0.0,"axis":"x","origin":[8.0,8.0,8.0]},"faces":{"down":{"uv":[7.941615,0.0,0.0,7.951553],"rotation":0,"texture":"#1","tintindex":0},"east":{"uv":[0.0,0.0,0.0,0.0],"rotation":0,"texture":"#1","tintindex":0},"north":{"uv":[0.0,0.0,0.0,0.0],"rotation":0,"texture":"#1","tintindex":0},"south":{"uv":[0.0,0.0,0.0,0.0],"rotation":0,"texture":"#1","tintindex":0},"up":{"uv":[7.941615,7.951553,0.004114907,0.0],"rotation":0,"texture":"#1","tintindex":0},"west":{"uv":[0.0,0.0,0.0,0.0],"rotation":0,"texture":"#1","tintindex":0}}}],"display":{"head":{"translation":[0.0,-6.4,0.0],"rotation":[0.0,0.0,0.0],"scale":[3.8095,3.8095,3.8095]}}}