{"textures":{"0":"modelengine:entity/ouldhana","1":"modelengine:entity/ouldhana_vfx","2":"modelengine:entity/ouldhana_vfx_e"},"elements":[{"name":"sword","from":[5.8767853,11.860064,7.1648703],"to":[10.1625,14.431493,9.736298],"rotation":{"angle":45.0,"axis":"x","origin":[8.005356,8.004077,3.2857132]},"faces":{"down":{"uv":[1.8125,2.75,1.1875,3.125],"rotation":0,"texture":"#0","tintindex":0},"east":{"uv":[0.5,2.875,0.875,3.25],"rotation":180,"texture":"#0","tintindex":0},"north":{"uv":[1.1875,2.75,1.8125,3.125],"rotation":180,"texture":"#0","tintindex":0},"south":{"uv":[1.8125,2.75,1.1875,3.125],"rotation":180,"texture":"#0","tintindex":0},"up":{"uv":[1.1875,2.75,1.8125,3.125],"rotation":0,"texture":"#0","tintindex":0},"west":{"uv":[0.875,2.875,0.5,3.25],"rotation":180,"texture":"#0","tintindex":0}}},{"name":"sword","from":[7.3696423,6.2694016,-16.0],"to":[8.655356,9.697973,9.714285],"rotation":{"angle":0.0,"axis":"x","origin":[8.005356,8.004077,3.2857132]},"faces":{"down":{"uv":[1.125,12.25,1.3125,16.0],"rotation":0,"texture":"#0","tintindex":0},"east":{"uv":[0.0,8.25,3.75,8.75],"rotation":180,"texture":"#0","tintindex":0},"north":{"uv":[0.8125,3.25,1.0,3.75],"rotation":180,"texture":"#0","tintindex":0},"south":{"uv":[0.8125,3.25,1.0,3.75],"rotation":180,"texture":"#0","tintindex":0},"up":{"uv":[1.3125,12.25,1.125,16.0],"rotation":0,"texture":"#0","tintindex":0},"west":{"uv":[3.75,8.25,0.0,8.75],"rotation":180,"texture":"#0","tintindex":0}}},{"name":"sword","from":[6.276785,10.998581,6.3090525],"to":[9.705357,15.284295,10.594767],"rotation":{"angle":45.0,"axis":"x","origin":[8.005356,8.004077,3.2857132]},"faces":{"down":{"uv":[0.5,2.625,0.0,3.25],"rotation":0,"texture":"#0","tintindex":0},"east":{"uv":[1.1875,3.125,1.8125,3.75],"rotation":180,"texture":"#0","tintindex":0},"north":{"uv":[0.5,2.625,0.0,3.25],"rotation":180,"texture":"#0","tintindex":0},"south":{"uv":[0.0,2.625,0.5,3.25],"rotation":180,"texture":"#0","tintindex":0},"up":{"uv":[0.0,2.625,0.5,3.25],"rotation":0,"texture":"#0","tintindex":0},"west":{"uv":[1.8125,3.125,1.1875,3.75],"rotation":180,"texture":"#0","tintindex":0}}},{"name":"sword","from":[6.4910707,20.341003,15.651477],"to":[9.491071,22.912434,18.222904],"rotation":{"angle":45.0,"axis":"x","origin":[8.005356,8.004077,3.2857132]},"faces":{"down":{"uv":[0.0,2.25,0.4375,2.625],"rotation":0,"texture":"#0","tintindex":0},"east":{"uv":[0.5,2.5,0.875,2.875],"rotation":180,"texture":"#0","tintindex":0},"north":{"uv":[0.0,2.625,0.4375,2.25],"rotation":180,"texture":"#0","tintindex":0},"south":{"uv":[0.4375,2.625,0.0,2.25],"rotation":180,"texture":"#0","tintindex":0},"up":{"uv":[0.0,2.25,0.4375,2.625],"rotation":0,"texture":"#0","tintindex":0},"west":{"uv":[0.875,2.5,0.5,2.875],"rotation":180,"texture":"#0","tintindex":0}}},{"name":"sword","from":[6.7053566,6.74083,11.428571],"to":[9.276785,9.312259,23.0],"rotation":{"angle":0.0,"axis":"x","origin":[8.005356,8.004077,3.2857132]},"faces":{"down":{"uv":[4.0,3.5,4.375,1.8125],"rotation":0,"texture":"#0","tintindex":0},"east":{"uv":[2.3125,3.125,4.0,3.5],"rotation":180,"texture":"#0","tintindex":0},"north":{"uv":[0.0,0.0,0.375,0.375],"rotation":180,"texture":"#0","tintindex":0},"south":{"uv":[0.0,0.0,0.375,0.375],"rotation":180,"texture":"#0","tintindex":0},"up":{"uv":[4.0,1.8125,4.375,3.5],"rotation":0,"texture":"#0","tintindex":0},"west":{"uv":[4.0,3.125,2.3125,3.5],"rotation":180,"texture":"#0","tintindex":0}}},{"name":"sword","from":[6.3196425,6.3122587,12.285713],"to":[9.662499,9.740829,14.857142],"rotation":{"angle":0.0,"axis":"x","origin":[8.005356,8.004077,3.2857132]},"faces":{"down":{"uv":[2.3125,3.25,1.8125,2.875],"rotation":0,"texture":"#0","tintindex":0},"east":{"uv":[1.8125,3.25,2.1875,3.75],"rotation":180,"texture":"#0","tintindex":0},"north":{"uv":[0.5,2.625,0.0,3.125],"rotation":180,"texture":"#0","tintindex":0},"south":{"uv":[0.0,2.625,0.5,3.125],"rotation":180,"texture":"#0","tintindex":0},"up":{"uv":[2.3125,2.875,1.8125,3.25],"rotation":0,"texture":"#0","tintindex":0},"west":{"uv":[2.1875,3.25,1.8125,3.75],"rotation":180,"texture":"#0","tintindex":0}}},{"name":"sword","from":[6.276785,6.3122587,18.285713],"to":[9.705357,9.740829,20.857143],"rotation":{"angle":0.0,"axis":"x","origin":[8.005356,8.004077,3.2857132]},"faces":{"down":{"uv":[2.3125,3.25,1.8125,2.875],"rotation":0,"texture":"#0","tintindex":0},"east":{"uv":[1.8125,3.25,2.1875,3.75],"rotation":180,"texture":"#0","tintindex":0},"north":{"uv":[0.5,2.625,0.0,3.125],"rotation":180,"texture":"#0","tintindex":0},"south":{"uv":[0.0,2.625,0.5,3.125],"rotation":180,"texture":"#0","tintindex":0},"up":{"uv":[2.3125,2.875,1.8125,3.25],"rotation":0,"texture":"#0","tintindex":0},"west":{"uv":[2.1875,3.25,1.8125,3.75],"rotation":180,"texture":"#0","tintindex":0}}},{"name":"cube","from":[7.3910713,-6.859583,-11.546175],"to":[8.633928,-4.438154,-9.124744],"rotation":{"angle":45.0,"axis":"x","origin":[8.005356,8.004077,3.2857132]},"faces":{"down":{"uv":[0.375,7.875,0.5625,8.25],"rotation":0,"texture":"#0","tintindex":0},"east":{"uv":[0.0,7.875,0.375,8.25],"rotation":180,"texture":"#0","tintindex":0},"north":{"uv":[0.5625,7.875,0.75,8.25],"rotation":180,"texture":"#0","tintindex":0},"south":{"uv":[0.0,3.25,0.1875,3.625],"rotation":180,"texture":"#0","tintindex":0},"up":{"uv":[0.0,3.25,0.1875,3.625],"rotation":0,"texture":"#0","tintindex":0},"west":{"uv":[0.0,7.875,0.375,8.25],"rotation":180,"texture":"#0","tintindex":0}}}],"display":{"head":{"translation":[0.0,-6.4,-29.500994],"rotation":[0.0,0.0,0.0],"scale":[3.7333333,3.7333333,3.7333333]}}}