{"textures":{"0":"modelengine:entity/ouldhana","1":"modelengine:entity/ouldhana_vfx","2":"modelengine:entity/ouldhana_vfx_e"},"elements":[{"name":"cube","from":[5.885,5.8999996,3.199997],"to":[10.085001,10.1,21.8],"rotation":{"angle":0.0,"axis":"x","origin":[8.0,8.9,17.899998]},"faces":{"down":{"uv":[1.125,9.875,0.6875,11.8125],"rotation":0,"texture":"#0","tintindex":0},"east":{"uv":[10.3125,4.0625,12.25,4.5],"rotation":0,"texture":"#0","tintindex":0},"north":{"uv":[0.6875,11.375,1.125,11.8125],"rotation":0,"texture":"#0","tintindex":0},"south":{"uv":[0.6875,9.875,1.125,10.3125],"rotation":0,"texture":"#0","tintindex":0},"up":{"uv":[1.125,11.8125,0.6875,9.875],"rotation":0,"texture":"#0","tintindex":0},"west":{"uv":[12.25,4.0625,10.3125,4.5],"rotation":0,"texture":"#0","tintindex":0}}},{"name":"cube","from":[7.985,0.49999976,14.599998],"to":[8.045,19.1,32.0],"rotation":{"angle":0.0,"axis":"x","origin":[8.0,8.9,17.899998]},"faces":{"down":{"uv":[10.9375,16.0,10.375,15.625],"rotation":0,"texture":"#0","tintindex":0},"east":{"uv":[5.625,5.3125,3.8125,7.25],"rotation":0,"texture":"#0","tintindex":0},"north":{"uv":[1.4375,16.0,1.625,16.0],"rotation":0,"texture":"#0","tintindex":0},"south":{"uv":[1.4375,16.0,1.5625,16.0],"rotation":180,"texture":"#0","tintindex":0},"up":{"uv":[1.4375,16.0,1.625,16.0],"rotation":0,"texture":"#0","tintindex":0},"west":{"uv":[3.8125,5.3125,5.625,7.25],"rotation":0,"texture":"#0","tintindex":0}}}],"display":{"head":{"translation":[0.0,-6.4,17.920012],"rotation":[0.0,0.0,0.0],"scale":[3.8095,3.8095,3.8095]}}}