{"textures":{"0":"modelengine:entity/ouldhana","1":"modelengine:entity/ouldhana_vfx","2":"modelengine:entity/ouldhana_vfx_e"},"elements":[{"name":"cube","from":[5.0,5.0,8.3],"to":[11.0,11.0,23.3],"rotation":{"angle":0.0,"axis":"x","origin":[8.0,8.0,15.8]},"faces":{"down":{"uv":[4.625,9.5625,4.0,11.125],"rotation":0,"texture":"#0","tintindex":0},"east":{"uv":[2.0,9.625,3.5625,10.25],"rotation":0,"texture":"#0","tintindex":0},"north":{"uv":[4.0,10.5,4.625,11.125],"rotation":0,"texture":"#0","tintindex":0},"south":{"uv":[4.0,10.5,4.625,11.125],"rotation":0,"texture":"#0","tintindex":0},"up":{"uv":[4.625,11.125,4.0,9.5625],"rotation":0,"texture":"#0","tintindex":0},"west":{"uv":[3.5625,9.625,2.0,10.25],"rotation":0,"texture":"#0","tintindex":0}}}],"display":{"head":{"translation":[0.0,-6.4,0.0],"rotation":[0.0,0.0,0.0],"scale":[3.8095,3.8095,3.8095]}}}