{"textures":{"0":"modelengine:entity/dungeon_goldpile"},"elements":[{"name":"cube","from":[3.1999998,8.06,3.1999998],"to":[12.8,8.06,12.8],"rotation":{"angle":0.0,"axis":"x","origin":[8.0,8.0,8.0]},"faces":{"down":{"uv":[4.0,0.0,0.0,4.0],"rotation":0,"texture":"#0","tintindex":0},"east":{"uv":[0.0,0.0,4.0,0.0],"rotation":0,"texture":"#0","tintindex":0},"north":{"uv":[0.0,0.0,4.0,0.0],"rotation":0,"texture":"#0","tintindex":0},"south":{"uv":[0.0,0.0,4.0,0.0],"rotation":0,"texture":"#0","tintindex":0},"up":{"uv":[4.0,4.0,0.0,0.0],"rotation":0,"texture":"#0","tintindex":0},"west":{"uv":[0.0,0.0,4.0,0.0],"rotation":0,"texture":"#0","tintindex":0}}},{"name":"cube","from":[5.0,8.0,5.6],"to":[11.0,8.6,11.0],"rotation":{"angle":0.0,"axis":"x","origin":[8.0,8.0,8.0]},"faces":{"down":{"uv":[6.5,2.25,4.0,4.5],"rotation":0,"texture":"#0","tintindex":0},"east":{"uv":[6.5,2.25,8.75,2.5],"rotation":0,"texture":"#0","tintindex":0},"north":{"uv":[4.0,6.25,6.5,6.5],"rotation":0,"texture":"#0","tintindex":0},"south":{"uv":[6.5,0.0,9.0,0.25],"rotation":0,"texture":"#0","tintindex":0},"up":{"uv":[6.5,2.25,4.0,0.0],"rotation":0,"texture":"#0","tintindex":0},"west":{"uv":[6.5,2.5,8.75,2.75],"rotation":0,"texture":"#0","tintindex":0}}},{"name":"cube","from":[6.2,8.6,7.4],"to":[9.2,9.8,10.4],"rotation":{"angle":0.0,"axis":"x","origin":[8.0,8.6,8.0]},"faces":{"down":{"uv":[6.5,4.5,5.25,5.75],"rotation":0,"texture":"#0","tintindex":0},"east":{"uv":[6.5,0.75,7.75,1.25],"rotation":0,"texture":"#0","tintindex":0},"north":{"uv":[6.5,0.25,7.75,0.75],"rotation":0,"texture":"#0","tintindex":0},"south":{"uv":[6.5,1.25,7.75,1.75],"rotation":0,"texture":"#0","tintindex":0},"up":{"uv":[5.25,5.75,4.0,4.5],"rotation":0,"texture":"#0","tintindex":0},"west":{"uv":[6.5,1.75,7.75,2.25],"rotation":0,"texture":"#0","tintindex":0}}},{"name":"cube","from":[4.3999996,8.0,4.3999996],"to":[8.6,8.6,5.6],"rotation":{"angle":0.0,"axis":"x","origin":[8.6,8.0,8.0]},"faces":{"down":{"uv":[7.5,5.75,5.75,6.25],"rotation":0,"texture":"#0","tintindex":0},"east":{"uv":[4.25,6.5,4.75,6.75],"rotation":0,"texture":"#0","tintindex":0},"north":{"uv":[6.5,2.75,8.25,3.0],"rotation":0,"texture":"#0","tintindex":0},"south":{"uv":[6.5,3.0,8.25,3.25],"rotation":0,"texture":"#0","tintindex":0},"up":{"uv":[5.75,6.25,4.0,5.75],"rotation":0,"texture":"#0","tintindex":0},"west":{"uv":[4.75,6.5,5.25,6.75],"rotation":0,"texture":"#0","tintindex":0}}},{"name":"cube","from":[4.3999996,8.0,5.6],"to":[5.0,8.6,9.2],"rotation":{"angle":0.0,"axis":"x","origin":[8.6,8.0,8.0]},"faces":{"down":{"uv":[4.25,6.5,4.0,8.0],"rotation":0,"texture":"#0","tintindex":0},"east":{"uv":[6.5,3.25,8.0,3.5],"rotation":0,"texture":"#0","tintindex":0},"north":{"uv":[5.25,6.5,5.5,6.75],"rotation":0,"texture":"#0","tintindex":0},"south":{"uv":[6.5,5.25,6.75,5.5],"rotation":0,"texture":"#0","tintindex":0},"up":{"uv":[6.75,5.25,6.5,3.75],"rotation":0,"texture":"#0","tintindex":0},"west":{"uv":[6.5,3.5,8.0,3.75],"rotation":0,"texture":"#0","tintindex":0}}}],"display":{"head":{"translation":[0.0,-6.4,0.0],"rotation":[0.0,0.0,0.0],"scale":[3.8095,3.8095,3.8095]}}}