{"data":179,"parent":"item/generated","textures":{"layer0":"item/leather_horse_armor"},"overrides":[{"predicate":{"custom_model_data":1},"model":"modelengine:herobrine/head"},{"predicate":{"custom_model_data":2},"model":"modelengine:herobrine/lefthand"},{"predicate":{"custom_model_data":3},"model":"modelengine:herobrine/leftarm"},{"predicate":{"custom_model_data":4},"model":"modelengine:herobrine/righthand"},{"predicate":{"custom_model_data":5},"model":"modelengine:herobrine/rightarm"},{"predicate":{"custom_model_data":6},"model":"modelengine:herobrine/leftfoot"},{"predicate":{"custom_model_data":7},"model":"modelengine:herobrine/leftleg"},{"predicate":{"custom_model_data":8},"model":"modelengine:herobrine/rightfoot"},{"predicate":{"custom_model_data":9},"model":"modelengine:herobrine/rightleg"},{"predicate":{"custom_model_data":10},"model":"modelengine:herobrine/body"},{"predicate":{"custom_model_data":11},"model":"modelengine:herobrine_alex/head"},{"predicate":{"custom_model_data":12},"model":"modelengine:herobrine_alex/lefthand"},{"predicate":{"custom_model_data":13},"model":"modelengine:herobrine_alex/leftarm"},{"predicate":{"custom_model_data":14},"model":"modelengine:herobrine_alex/righthand"},{"predicate":{"custom_model_data":15},"model":"modelengine:herobrine_alex/rightarm"},{"predicate":{"custom_model_data":16},"model":"modelengine:herobrine_alex/leftfoot"},{"predicate":{"custom_model_data":17},"model":"modelengine:herobrine_alex/leftleg"},{"predicate":{"custom_model_data":18},"model":"modelengine:herobrine_alex/rightfoot"},{"predicate":{"custom_model_data":19},"model":"modelengine:herobrine_alex/rightleg"},{"predicate":{"custom_model_data":20},"model":"modelengine:herobrine_alex/body"},{"predicate":{"custom_model_data":21},"model":"modelengine:herobrine_alex_bits/pickaxe"},{"predicate":{"custom_model_data":22},"model":"modelengine:herobrine_alex_bits/sword"},{"predicate":{"custom_model_data":23},"model":"modelengine:herobrine_alex_bits/shield"},{"predicate":{"custom_model_data":24},"model":"modelengine:herobrine_alex_bits/axe"},{"predicate":{"custom_model_data":25},"model":"modelengine:herobrine_alex_bits/crossbow_loaded"},{"predicate":{"custom_model_data":26},"model":"modelengine:herobrine_alex_bits/crossbow_unloaded"},{"predicate":{"custom_model_data":27},"model":"modelengine:herobrine_alex_bits/fishingrod"},{"predicate":{"custom_model_data":28},"model":"modelengine:herobrine_alex_bits/beef"},{"predicate":{"custom_model_data":29},"model":"modelengine:herobrine_axe/axe"},{"predicate":{"custom_model_data":30},"model":"modelengine:herobrine_bits/pickaxe"},{"predicate":{"custom_model_data":31},"model":"modelengine:herobrine_bits/sword"},{"predicate":{"custom_model_data":32},"model":"modelengine:herobrine_bits/shield"},{"predicate":{"custom_model_data":33},"model":"modelengine:herobrine_bits/axe"},{"predicate":{"custom_model_data":34},"model":"modelengine:herobrine_bits/crossbow_loaded"},{"predicate":{"custom_model_data":35},"model":"modelengine:herobrine_bits/crossbow_unloaded"},{"predicate":{"custom_model_data":36},"model":"modelengine:herobrine_bits/fishingrod"},{"predicate":{"custom_model_data":37},"model":"modelengine:herobrine_bits/beef"},{"predicate":{"custom_model_data":38},"model":"modelengine:herobrine_bobber/bobber"},{"predicate":{"custom_model_data":39},"model":"modelengine:herobrine_steve/head"},{"predicate":{"custom_model_data":40},"model":"modelengine:herobrine_template/head"},{"predicate":{"custom_model_data":41},"model":"modelengine:herobrine_template/lefthand"},{"predicate":{"custom_model_data":42},"model":"modelengine:herobrine_template/leftarm"},{"predicate":{"custom_model_data":43},"model":"modelengine:herobrine_template/righthand"},{"predicate":{"custom_model_data":44},"model":"modelengine:herobrine_template/rightarm"},{"predicate":{"custom_model_data":45},"model":"modelengine:herobrine_template/leftfoot"},{"predicate":{"custom_model_data":46},"model":"modelengine:herobrine_template/leftleg"},{"predicate":{"custom_model_data":47},"model":"modelengine:herobrine_template/rightfoot"},{"predicate":{"custom_model_data":48},"model":"modelengine:herobrine_template/rightleg"},{"predicate":{"custom_model_data":49},"model":"modelengine:herobrine_template/body"},{"predicate":{"custom_model_data":50},"model":"modelengine:herobrine_template_bits/pickaxe"},{"predicate":{"custom_model_data":51},"model":"modelengine:herobrine_template_bits/sword"},{"predicate":{"custom_model_data":52},"model":"modelengine:herobrine_template_bits/shield"},{"predicate":{"custom_model_data":53},"model":"modelengine:herobrine_template_bits/axe"},{"predicate":{"custom_model_data":54},"model":"modelengine:herobrine_template_bits/crossbow_loaded"},{"predicate":{"custom_model_data":55},"model":"modelengine:herobrine_template_bits/crossbow_unloaded"},{"predicate":{"custom_model_data":56},"model":"modelengine:herobrine_template_bits/fishingrod"},{"predicate":{"custom_model_data":57},"model":"modelengine:herobrine_template_bits/beef"},{"predicate":{"custom_model_data":58},"model":"modelengine:herobrine_template_slim/head"},{"predicate":{"custom_model_data":59},"model":"modelengine:herobrine_template_slim/lefthand"},{"predicate":{"custom_model_data":60},"model":"modelengine:herobrine_template_slim/leftarm"},{"predicate":{"custom_model_data":61},"model":"modelengine:herobrine_template_slim/righthand"},{"predicate":{"custom_model_data":62},"model":"modelengine:herobrine_template_slim/rightarm"},{"predicate":{"custom_model_data":63},"model":"modelengine:herobrine_template_slim/leftfoot"},{"predicate":{"custom_model_data":64},"model":"modelengine:herobrine_template_slim/leftleg"},{"predicate":{"custom_model_data":65},"model":"modelengine:herobrine_template_slim/rightfoot"},{"predicate":{"custom_model_data":66},"model":"modelengine:herobrine_template_slim/rightleg"},{"predicate":{"custom_model_data":67},"model":"modelengine:herobrine_template_slim/body"},{"predicate":{"custom_model_data":68},"model":"modelengine:herobrine_template_slim_bits/pickaxe"},{"predicate":{"custom_model_data":69},"model":"modelengine:herobrine_template_slim_bits/sword"},{"predicate":{"custom_model_data":70},"model":"modelengine:herobrine_template_slim_bits/shield"},{"predicate":{"custom_model_data":71},"model":"modelengine:herobrine_template_slim_bits/axe"},{"predicate":{"custom_model_data":72},"model":"modelengine:herobrine_template_slim_bits/crossbow_loaded"},{"predicate":{"custom_model_data":73},"model":"modelengine:herobrine_template_slim_bits/crossbow_unloaded"},{"predicate":{"custom_model_data":74},"model":"modelengine:herobrine_template_slim_bits/fishingrod"},{"predicate":{"custom_model_data":75},"model":"modelengine:herobrine_template_slim_bits/beef"},{"predicate":{"custom_model_data":76},"model":"modelengine:herobrine_zombie/head"},{"predicate":{"custom_model_data":77},"model":"modelengine:herobrine_zombie/lefthand"},{"predicate":{"custom_model_data":78},"model":"modelengine:herobrine_zombie/leftarm"},{"predicate":{"custom_model_data":79},"model":"modelengine:herobrine_zombie/righthand"},{"predicate":{"custom_model_data":80},"model":"modelengine:herobrine_zombie/rightarm"},{"predicate":{"custom_model_data":81},"model":"modelengine:herobrine_zombie/leftfoot"},{"predicate":{"custom_model_data":82},"model":"modelengine:herobrine_zombie/leftleg"},{"predicate":{"custom_model_data":83},"model":"modelengine:herobrine_zombie/rightfoot"},{"predicate":{"custom_model_data":84},"model":"modelengine:herobrine_zombie/rightleg"},{"predicate":{"custom_model_data":85},"model":"modelengine:herobrine_zombie/body"},{"predicate":{"custom_model_data":86},"model":"modelengine:herobrine_zombie_bits/pickaxe"},{"predicate":{"custom_model_data":87},"model":"modelengine:herobrine_zombie_bits/sword"},{"predicate":{"custom_model_data":88},"model":"modelengine:herobrine_zombie_bits/shield"},{"predicate":{"custom_model_data":89},"model":"modelengine:herobrine_zombie_bits/axe"},{"predicate":{"custom_model_data":90},"model":"modelengine:herobrine_zombie_bits/crossbow_loaded"},{"predicate":{"custom_model_data":91},"model":"modelengine:herobrine_zombie_bits/crossbow_unloaded"},{"predicate":{"custom_model_data":92},"model":"modelengine:herobrine_zombie_bits/fishingrod"},{"predicate":{"custom_model_data":93},"model":"modelengine:herobrine_zombie_bits/beef"},{"predicate":{"custom_model_data":94},"model":"modelengine:nocsy_skeleton_archer/hat"},{"predicate":{"custom_model_data":95},"model":"modelengine:nocsy_skeleton_archer/jaw"},{"predicate":{"custom_model_data":96},"model":"modelengine:nocsy_skeleton_archer/head"},{"predicate":{"custom_model_data":97},"model":"modelengine:nocsy_skeleton_archer/left_tibia"},{"predicate":{"custom_model_data":98},"model":"modelengine:nocsy_skeleton_archer/left_femur"},{"predicate":{"custom_model_data":99},"model":"modelengine:nocsy_skeleton_archer/right_tibia"},{"predicate":{"custom_model_data":100},"model":"modelengine:nocsy_skeleton_archer/right_femur"},{"predicate":{"custom_model_data":101},"model":"modelengine:nocsy_skeleton_archer/iliac"},{"predicate":{"custom_model_data":102},"model":"modelengine:nocsy_skeleton_archer/left_mid_arm"},{"predicate":{"custom_model_data":103},"model":"modelengine:nocsy_skeleton_archer/left_arm"},{"predicate":{"custom_model_data":104},"model":"modelengine:nocsy_skeleton_archer/bow"},{"predicate":{"custom_model_data":105},"model":"modelengine:nocsy_skeleton_archer/right_mid_arm"},{"predicate":{"custom_model_data":106},"model":"modelengine:nocsy_skeleton_archer/right_arm"},{"predicate":{"custom_model_data":107},"model":"modelengine:nocsy_skeleton_archer/arrow"},{"predicate":{"custom_model_data":108},"model":"modelengine:nocsy_skeleton_archer/body"},{"predicate":{"custom_model_data":109},"model":"modelengine:nocsy_skeleton_brute1/jaw"},{"predicate":{"custom_model_data":110},"model":"modelengine:nocsy_skeleton_brute1/head"},{"predicate":{"custom_model_data":111},"model":"modelengine:nocsy_skeleton_brute1/left_tibia"},{"predicate":{"custom_model_data":112},"model":"modelengine:nocsy_skeleton_brute1/left_femur"},{"predicate":{"custom_model_data":113},"model":"modelengine:nocsy_skeleton_brute1/right_foot"},{"predicate":{"custom_model_data":114},"model":"modelengine:nocsy_skeleton_brute1/right_tibia"},{"predicate":{"custom_model_data":115},"model":"modelengine:nocsy_skeleton_brute1/right_femur"},{"predicate":{"custom_model_data":116},"model":"modelengine:nocsy_skeleton_brute1/iliac"},{"predicate":{"custom_model_data":117},"model":"modelengine:nocsy_skeleton_brute1/left_mid_arm"},{"predicate":{"custom_model_data":118},"model":"modelengine:nocsy_skeleton_brute1/left_arm"},{"predicate":{"custom_model_data":119},"model":"modelengine:nocsy_skeleton_brute1/weapon"},{"predicate":{"custom_model_data":120},"model":"modelengine:nocsy_skeleton_brute1/right_mid_arm"},{"predicate":{"custom_model_data":121},"model":"modelengine:nocsy_skeleton_brute1/right_arm"},{"predicate":{"custom_model_data":122},"model":"modelengine:nocsy_skeleton_brute1/pectus"},{"predicate":{"custom_model_data":123},"model":"modelengine:nocsy_skeleton_brute1/body"},{"predicate":{"custom_model_data":124},"model":"modelengine:nocsy_skeleton_brute2/jaw"},{"predicate":{"custom_model_data":125},"model":"modelengine:nocsy_skeleton_brute2/head"},{"predicate":{"custom_model_data":126},"model":"modelengine:nocsy_skeleton_brute2/right_foot"},{"predicate":{"custom_model_data":127},"model":"modelengine:nocsy_skeleton_brute2/right_tibia"},{"predicate":{"custom_model_data":128},"model":"modelengine:nocsy_skeleton_brute2/right_femur"},{"predicate":{"custom_model_data":129},"model":"modelengine:nocsy_skeleton_brute2/left_foot"},{"predicate":{"custom_model_data":130},"model":"modelengine:nocsy_skeleton_brute2/left_tibia"},{"predicate":{"custom_model_data":131},"model":"modelengine:nocsy_skeleton_brute2/left_femur"},{"predicate":{"custom_model_data":132},"model":"modelengine:nocsy_skeleton_brute2/iliac"},{"predicate":{"custom_model_data":133},"model":"modelengine:nocsy_skeleton_brute2/left_mid_arm"},{"predicate":{"custom_model_data":134},"model":"modelengine:nocsy_skeleton_brute2/left_arm"},{"predicate":{"custom_model_data":135},"model":"modelengine:nocsy_skeleton_brute2/sword"},{"predicate":{"custom_model_data":136},"model":"modelengine:nocsy_skeleton_brute2/right_mid_arm"},{"predicate":{"custom_model_data":137},"model":"modelengine:nocsy_skeleton_brute2/right_arm"},{"predicate":{"custom_model_data":138},"model":"modelengine:nocsy_skeleton_brute2/pectus"},{"predicate":{"custom_model_data":139},"model":"modelengine:nocsy_skeleton_brute2/body"},{"predicate":{"custom_model_data":140},"model":"modelengine:nocsy_skeleton_necromancer/jaw"},{"predicate":{"custom_model_data":141},"model":"modelengine:nocsy_skeleton_necromancer/head"},{"predicate":{"custom_model_data":142},"model":"modelengine:nocsy_skeleton_necromancer/right_drap"},{"predicate":{"custom_model_data":143},"model":"modelengine:nocsy_skeleton_necromancer/left_drap"},{"predicate":{"custom_model_data":144},"model":"modelengine:nocsy_skeleton_necromancer/back_drap"},{"predicate":{"custom_model_data":145},"model":"modelengine:nocsy_skeleton_necromancer/front_drap"},{"predicate":{"custom_model_data":146},"model":"modelengine:nocsy_skeleton_necromancer/iliac"},{"predicate":{"custom_model_data":147},"model":"modelengine:nocsy_skeleton_necromancer/lantern"},{"predicate":{"custom_model_data":148},"model":"modelengine:nocsy_skeleton_necromancer/head_chain"},{"predicate":{"custom_model_data":149},"model":"modelengine:nocsy_skeleton_necromancer/left_mid_arm"},{"predicate":{"custom_model_data":150},"model":"modelengine:nocsy_skeleton_necromancer/left_arm"},{"predicate":{"custom_model_data":151},"model":"modelengine:nocsy_skeleton_necromancer/right_mid_arm"},{"predicate":{"custom_model_data":152},"model":"modelengine:nocsy_skeleton_necromancer/right_arm"},{"predicate":{"custom_model_data":153},"model":"modelengine:nocsy_skeleton_necromancer/pectus"},{"predicate":{"custom_model_data":154},"model":"modelengine:nocsy_skeleton_necromancer/right_manche"},{"predicate":{"custom_model_data":155},"model":"modelengine:nocsy_skeleton_necromancer/left_manche"},{"predicate":{"custom_model_data":156},"model":"modelengine:nocsy_skeleton_necromancer/body"},{"predicate":{"custom_model_data":157},"model":"modelengine:nocsy_skeleton_skull/wheel"},{"predicate":{"custom_model_data":158},"model":"modelengine:nocsy_skeleton_skull/jaw"},{"predicate":{"custom_model_data":159},"model":"modelengine:nocsy_skeleton_skull/head"},{"predicate":{"custom_model_data":160},"model":"modelengine:nocsy_skeleton_warrior/jaw"},{"predicate":{"custom_model_data":161},"model":"modelengine:nocsy_skeleton_warrior/head"},{"predicate":{"custom_model_data":162},"model":"modelengine:nocsy_skeleton_warrior/left_tibia"},{"predicate":{"custom_model_data":163},"model":"modelengine:nocsy_skeleton_warrior/left_femur"},{"predicate":{"custom_model_data":164},"model":"modelengine:nocsy_skeleton_warrior/right_tibia"},{"predicate":{"custom_model_data":165},"model":"modelengine:nocsy_skeleton_warrior/right_femur"},{"predicate":{"custom_model_data":166},"model":"modelengine:nocsy_skeleton_warrior/iliac"},{"predicate":{"custom_model_data":167},"model":"modelengine:nocsy_skeleton_warrior/shield"},{"predicate":{"custom_model_data":168},"model":"modelengine:nocsy_skeleton_warrior/left_mid_arm"},{"predicate":{"custom_model_data":169},"model":"modelengine:nocsy_skeleton_warrior/left_arm"},{"predicate":{"custom_model_data":170},"model":"modelengine:nocsy_skeleton_warrior/right_mid_arm"},{"predicate":{"custom_model_data":171},"model":"modelengine:nocsy_skeleton_warrior/right_arm"},{"predicate":{"custom_model_data":172},"model":"modelengine:nocsy_skeleton_warrior/body"},{"predicate":{"custom_model_data":173},"model":"modelengine:parallelzombie/jaws"},{"predicate":{"custom_model_data":174},"model":"modelengine:parallelzombie/head"},{"predicate":{"custom_model_data":175},"model":"modelengine:parallelzombie/leftarm"},{"predicate":{"custom_model_data":176},"model":"modelengine:parallelzombie/rightarm"},{"predicate":{"custom_model_data":177},"model":"modelengine:parallelzombie/body"},{"predicate":{"custom_model_data":178},"model":"modelengine:parallelzombie/leftleg"},{"predicate":{"custom_model_data":179},"model":"modelengine:parallelzombie/rightleg"}]}