{"data":589,"parent":"item/generated","textures":{"layer0":"item/leather_horse_armor"},"overrides":[{"predicate":{"custom_model_data":1},"model":"modelengine:3dtext_build/build"},{"predicate":{"custom_model_data":2},"model":"modelengine:3dtext_casino/casino"},{"predicate":{"custom_model_data":3},"model":"modelengine:3dtext_crates/crates"},{"predicate":{"custom_model_data":4},"model":"modelengine:3dtext_creative/creative"},{"predicate":{"custom_model_data":5},"model":"modelengine:3dtext_duel/duel"},{"predicate":{"custom_model_data":6},"model":"modelengine:3dtext_dungeons/dungeons"},{"predicate":{"custom_model_data":7},"model":"modelengine:3dtext_events/events"},{"predicate":{"custom_model_data":8},"model":"modelengine:3dtext_games/games"},{"predicate":{"custom_model_data":9},"model":"modelengine:3dtext_hub/hub"},{"predicate":{"custom_model_data":10},"model":"modelengine:3dtext_kitpvp/kitpvp"},{"predicate":{"custom_model_data":11},"model":"modelengine:3dtext_lobby/lobby"},{"predicate":{"custom_model_data":12},"model":"modelengine:3dtext_market/market"},{"predicate":{"custom_model_data":13},"model":"modelengine:3dtext_minigames/minigames"},{"predicate":{"custom_model_data":14},"model":"modelengine:3dtext_nether/nether"},{"predicate":{"custom_model_data":15},"model":"modelengine:3dtext_portal/portal"},{"predicate":{"custom_model_data":16},"model":"modelengine:3dtext_prison/prison"},{"predicate":{"custom_model_data":17},"model":"modelengine:3dtext_pvp/pvp"},{"predicate":{"custom_model_data":18},"model":"modelengine:3dtext_rules/rules"},{"predicate":{"custom_model_data":19},"model":"modelengine:3dtext_shop/shop"},{"predicate":{"custom_model_data":20},"model":"modelengine:3dtext_skyblock/skyblock"},{"predicate":{"custom_model_data":21},"model":"modelengine:3dtext_spawn/spawn"},{"predicate":{"custom_model_data":22},"model":"modelengine:3dtext_spleef/spleef"},{"predicate":{"custom_model_data":23},"model":"modelengine:3dtext_store/store"},{"predicate":{"custom_model_data":24},"model":"modelengine:3dtext_survival/survival"},{"predicate":{"custom_model_data":25},"model":"modelengine:3dtext_teampvp/teampvp"},{"predicate":{"custom_model_data":26},"model":"modelengine:3dtext_towny/towny"},{"predicate":{"custom_model_data":27},"model":"modelengine:3dtext_vote/vote"},{"predicate":{"custom_model_data":28},"model":"modelengine:3dtext_warp/warp"},{"predicate":{"custom_model_data":29},"model":"modelengine:3dtext_wilds/wilds"},{"predicate":{"custom_model_data":30},"model":"modelengine:dungeon_barrel/barrel"},{"predicate":{"custom_model_data":31},"model":"modelengine:dungeon_barrelexplosive/barrel"},{"predicate":{"custom_model_data":32},"model":"modelengine:dungeon_barricade/barricade"},{"predicate":{"custom_model_data":33},"model":"modelengine:dungeon_candelabra/candelabra"},{"predicate":{"custom_model_data":34},"model":"modelengine:dungeon_chandelier/chandelier"},{"predicate":{"custom_model_data":35},"model":"modelengine:dungeon_crate_double/crate"},{"predicate":{"custom_model_data":36},"model":"modelengine:dungeon_crate_large/crate"},{"predicate":{"custom_model_data":37},"model":"modelengine:dungeon_crate_small/crate"},{"predicate":{"custom_model_data":38},"model":"modelengine:dungeon_goldpile/gold"},{"predicate":{"custom_model_data":39},"model":"modelengine:dungeon_hanging_cage/cage"},{"predicate":{"custom_model_data":40},"model":"modelengine:dungeon_ironmaiden/ironmaiden"},{"predicate":{"custom_model_data":41},"model":"modelengine:dungeon_ironmaiden_dirty/ironmaiden"},{"predicate":{"custom_model_data":42},"model":"modelengine:dungeon_medium_lootchest/lid"},{"predicate":{"custom_model_data":43},"model":"modelengine:dungeon_medium_lootchest/chest"},{"predicate":{"custom_model_data":44},"model":"modelengine:dungeon_pillory/pillory"},{"predicate":{"custom_model_data":45},"model":"modelengine:dungeon_pot_medium/pot"},{"predicate":{"custom_model_data":46},"model":"modelengine:dungeon_rat/rat"},{"predicate":{"custom_model_data":47},"model":"modelengine:dungeon_saw/dungeon_saw"},{"predicate":{"custom_model_data":48},"model":"modelengine:dungeon_saw/base"},{"predicate":{"custom_model_data":49},"model":"modelengine:dungeon_shackles/shackles"},{"predicate":{"custom_model_data":50},"model":"modelengine:dungeon_spawn_crystal_off/crystal"},{"predicate":{"custom_model_data":51},"model":"modelengine:dungeon_spawn_crystal_on/crystal"},{"predicate":{"custom_model_data":52},"model":"modelengine:dungeon_spawn_crystal_used/crystal"},{"predicate":{"custom_model_data":53},"model":"modelengine:dungeon_weapon_rack/stand"},{"predicate":{"custom_model_data":54},"model":"modelengine:fallenherald/capa"},{"predicate":{"custom_model_data":55},"model":"modelengine:fallenherald/leftarmbot"},{"predicate":{"custom_model_data":56},"model":"modelengine:fallenherald/leftarm"},{"predicate":{"custom_model_data":57},"model":"modelengine:fallenherald/sword"},{"predicate":{"custom_model_data":58},"model":"modelengine:fallenherald/hand"},{"predicate":{"custom_model_data":59},"model":"modelengine:fallenherald/rightarmbot"},{"predicate":{"custom_model_data":60},"model":"modelengine:fallenherald/rightarm"},{"predicate":{"custom_model_data":61},"model":"modelengine:fallenherald/head"},{"predicate":{"custom_model_data":62},"model":"modelengine:fallenherald/body"},{"predicate":{"custom_model_data":63},"model":"modelengine:fallenherald/piedderenn"},{"predicate":{"custom_model_data":64},"model":"modelengine:fallenherald/rightlegbot"},{"predicate":{"custom_model_data":65},"model":"modelengine:fallenherald/rightleg"},{"predicate":{"custom_model_data":66},"model":"modelengine:fallenherald/piedleften"},{"predicate":{"custom_model_data":67},"model":"modelengine:fallenherald/leftlegbot"},{"predicate":{"custom_model_data":68},"model":"modelengine:fallenherald/leftleg"},{"predicate":{"custom_model_data":69},"model":"modelengine:fallenherald2/capa"},{"predicate":{"custom_model_data":70},"model":"modelengine:fallenherald2/leftarmbot"},{"predicate":{"custom_model_data":71},"model":"modelengine:fallenherald2/leftarm"},{"predicate":{"custom_model_data":72},"model":"modelengine:fallenherald2/sword"},{"predicate":{"custom_model_data":73},"model":"modelengine:fallenherald2/hand"},{"predicate":{"custom_model_data":74},"model":"modelengine:fallenherald2/rightarmbot"},{"predicate":{"custom_model_data":75},"model":"modelengine:fallenherald2/rightarm"},{"predicate":{"custom_model_data":76},"model":"modelengine:fallenherald2/head"},{"predicate":{"custom_model_data":77},"model":"modelengine:fallenherald2/body"},{"predicate":{"custom_model_data":78},"model":"modelengine:fallenherald2/piedderenn"},{"predicate":{"custom_model_data":79},"model":"modelengine:fallenherald2/rightlegbot"},{"predicate":{"custom_model_data":80},"model":"modelengine:fallenherald2/rightleg"},{"predicate":{"custom_model_data":81},"model":"modelengine:fallenherald2/piedleften"},{"predicate":{"custom_model_data":82},"model":"modelengine:fallenherald2/leftlegbot"},{"predicate":{"custom_model_data":83},"model":"modelengine:fallenherald2/leftleg"},{"predicate":{"custom_model_data":84},"model":"modelengine:fallenherald3/capa"},{"predicate":{"custom_model_data":85},"model":"modelengine:fallenherald3/body"},{"predicate":{"custom_model_data":86},"model":"modelengine:fallenherald3/head"},{"predicate":{"custom_model_data":87},"model":"modelengine:fallenherald3/leftarm"},{"predicate":{"custom_model_data":88},"model":"modelengine:fallenherald3/leftarmbot"},{"predicate":{"custom_model_data":89},"model":"modelengine:fallenherald3/rightarm"},{"predicate":{"custom_model_data":90},"model":"modelengine:fallenherald3/hand"},{"predicate":{"custom_model_data":91},"model":"modelengine:fallenherald3/rightarmbot"},{"predicate":{"custom_model_data":92},"model":"modelengine:fallenherald3/sword"},{"predicate":{"custom_model_data":93},"model":"modelengine:fallenherald3/rightleg"},{"predicate":{"custom_model_data":94},"model":"modelengine:fallenherald3/rightlegbot"},{"predicate":{"custom_model_data":95},"model":"modelengine:fallenherald3/piedderenn"},{"predicate":{"custom_model_data":96},"model":"modelengine:fallenherald3/leftleg"},{"predicate":{"custom_model_data":97},"model":"modelengine:fallenherald3/leftlegbot"},{"predicate":{"custom_model_data":98},"model":"modelengine:fallenherald3/piedleften"},{"predicate":{"custom_model_data":99},"model":"modelengine:fallenreaper/faldcentral"},{"predicate":{"custom_model_data":100},"model":"modelengine:fallenreaper/faldizq"},{"predicate":{"custom_model_data":101},"model":"modelengine:fallenreaper/faldder"},{"predicate":{"custom_model_data":102},"model":"modelengine:fallenreaper/capa"},{"predicate":{"custom_model_data":103},"model":"modelengine:fallenreaper/leftarmbot"},{"predicate":{"custom_model_data":104},"model":"modelengine:fallenreaper/leftarm"},{"predicate":{"custom_model_data":105},"model":"modelengine:fallenreaper/odesparticles1"},{"predicate":{"custom_model_data":106},"model":"modelengine:fallenreaper/odes"},{"predicate":{"custom_model_data":107},"model":"modelengine:fallenreaper/hand"},{"predicate":{"custom_model_data":108},"model":"modelengine:fallenreaper/rightarmbot"},{"predicate":{"custom_model_data":109},"model":"modelengine:fallenreaper/rightarm"},{"predicate":{"custom_model_data":110},"model":"modelengine:fallenreaper/head"},{"predicate":{"custom_model_data":111},"model":"modelengine:fallenreaper/body"},{"predicate":{"custom_model_data":112},"model":"modelengine:fallenreaper/piedderenn"},{"predicate":{"custom_model_data":113},"model":"modelengine:fallenreaper/rightlegbot"},{"predicate":{"custom_model_data":114},"model":"modelengine:fallenreaper/rightleg"},{"predicate":{"custom_model_data":115},"model":"modelengine:fallenreaper/piedleften"},{"predicate":{"custom_model_data":116},"model":"modelengine:fallenreaper/leftlegbot"},{"predicate":{"custom_model_data":117},"model":"modelengine:fallenreaper/leftleg"},{"predicate":{"custom_model_data":118},"model":"modelengine:fallenreaper2/faldcentral"},{"predicate":{"custom_model_data":119},"model":"modelengine:fallenreaper2/faldizq"},{"predicate":{"custom_model_data":120},"model":"modelengine:fallenreaper2/faldder"},{"predicate":{"custom_model_data":121},"model":"modelengine:fallenreaper2/capa"},{"predicate":{"custom_model_data":122},"model":"modelengine:fallenreaper2/leftarmbot"},{"predicate":{"custom_model_data":123},"model":"modelengine:fallenreaper2/leftarm"},{"predicate":{"custom_model_data":124},"model":"modelengine:fallenreaper2/odes"},{"predicate":{"custom_model_data":125},"model":"modelengine:fallenreaper2/hand"},{"predicate":{"custom_model_data":126},"model":"modelengine:fallenreaper2/rightarmbot"},{"predicate":{"custom_model_data":127},"model":"modelengine:fallenreaper2/rightarm"},{"predicate":{"custom_model_data":128},"model":"modelengine:fallenreaper2/head"},{"predicate":{"custom_model_data":129},"model":"modelengine:fallenreaper2/body"},{"predicate":{"custom_model_data":130},"model":"modelengine:fallenreaper2/piedderenn"},{"predicate":{"custom_model_data":131},"model":"modelengine:fallenreaper2/rightlegbot"},{"predicate":{"custom_model_data":132},"model":"modelengine:fallenreaper2/rightleg"},{"predicate":{"custom_model_data":133},"model":"modelengine:fallenreaper2/piedleften"},{"predicate":{"custom_model_data":134},"model":"modelengine:fallenreaper2/leftlegbot"},{"predicate":{"custom_model_data":135},"model":"modelengine:fallenreaper2/leftleg"},{"predicate":{"custom_model_data":136},"model":"modelengine:fallenreaper3/faldcentral"},{"predicate":{"custom_model_data":137},"model":"modelengine:fallenreaper3/faldizq"},{"predicate":{"custom_model_data":138},"model":"modelengine:fallenreaper3/faldder"},{"predicate":{"custom_model_data":139},"model":"modelengine:fallenreaper3/capa"},{"predicate":{"custom_model_data":140},"model":"modelengine:fallenreaper3/leftarmxd"},{"predicate":{"custom_model_data":141},"model":"modelengine:fallenreaper3/rightarmxd"},{"predicate":{"custom_model_data":142},"model":"modelengine:fallenreaper3/rightleg"},{"predicate":{"custom_model_data":143},"model":"modelengine:fallenreaper3/leftleg"},{"predicate":{"custom_model_data":144},"model":"modelengine:fallenreaper3/body"},{"predicate":{"custom_model_data":145},"model":"modelengine:fallenreaper3/head"},{"predicate":{"custom_model_data":146},"model":"modelengine:fallenreaper3/maske"},{"predicate":{"custom_model_data":147},"model":"modelengine:fallenreaper3/leftarm"},{"predicate":{"custom_model_data":148},"model":"modelengine:fallenreaper3/leftarmbot2"},{"predicate":{"custom_model_data":149},"model":"modelengine:fallenreaper3/rightarm"},{"predicate":{"custom_model_data":150},"model":"modelengine:fallenreaper3/hand2"},{"predicate":{"custom_model_data":151},"model":"modelengine:fallenreaper3/rightarmbot2"},{"predicate":{"custom_model_data":152},"model":"modelengine:fallenreaper3/rightleg2"},{"predicate":{"custom_model_data":153},"model":"modelengine:fallenreaper3/piedderenn"},{"predicate":{"custom_model_data":154},"model":"modelengine:fallenreaper3/rightlegbot"},{"predicate":{"custom_model_data":155},"model":"modelengine:fallenreaper3/piedleften"},{"predicate":{"custom_model_data":156},"model":"modelengine:fallenreaper3/leftlegbot"},{"predicate":{"custom_model_data":157},"model":"modelengine:fallenreaper3/leftleg2"},{"predicate":{"custom_model_data":158},"model":"modelengine:fallenreaper3/odes"},{"predicate":{"custom_model_data":159},"model":"modelengine:fallensoldier/leftarmbot"},{"predicate":{"custom_model_data":160},"model":"modelengine:fallensoldier/leftarm"},{"predicate":{"custom_model_data":161},"model":"modelengine:fallensoldier/sword"},{"predicate":{"custom_model_data":162},"model":"modelengine:fallensoldier/hand"},{"predicate":{"custom_model_data":163},"model":"modelengine:fallensoldier/rightarmbot"},{"predicate":{"custom_model_data":164},"model":"modelengine:fallensoldier/rightarm"},{"predicate":{"custom_model_data":165},"model":"modelengine:fallensoldier/head"},{"predicate":{"custom_model_data":166},"model":"modelengine:fallensoldier/body"},{"predicate":{"custom_model_data":167},"model":"modelengine:fallensoldier/piedderenn"},{"predicate":{"custom_model_data":168},"model":"modelengine:fallensoldier/rightlegbot"},{"predicate":{"custom_model_data":169},"model":"modelengine:fallensoldier/rightleg"},{"predicate":{"custom_model_data":170},"model":"modelengine:fallensoldier/piedleften"},{"predicate":{"custom_model_data":171},"model":"modelengine:fallensoldier/leftlegbot"},{"predicate":{"custom_model_data":172},"model":"modelengine:fallensoldier/leftleg"},{"predicate":{"custom_model_data":173},"model":"modelengine:fallenwarden/leftarmbot"},{"predicate":{"custom_model_data":174},"model":"modelengine:fallenwarden/leftarm"},{"predicate":{"custom_model_data":175},"model":"modelengine:fallenwarden/lanceaxe"},{"predicate":{"custom_model_data":176},"model":"modelengine:fallenwarden/hand"},{"predicate":{"custom_model_data":177},"model":"modelengine:fallenwarden/rightarmbot"},{"predicate":{"custom_model_data":178},"model":"modelengine:fallenwarden/rightarm"},{"predicate":{"custom_model_data":179},"model":"modelengine:fallenwarden/head"},{"predicate":{"custom_model_data":180},"model":"modelengine:fallenwarden/body"},{"predicate":{"custom_model_data":181},"model":"modelengine:fallenwarden/piedderenn"},{"predicate":{"custom_model_data":182},"model":"modelengine:fallenwarden/rightlegbot"},{"predicate":{"custom_model_data":183},"model":"modelengine:fallenwarden/rightleg"},{"predicate":{"custom_model_data":184},"model":"modelengine:fallenwarden/piedleften"},{"predicate":{"custom_model_data":185},"model":"modelengine:fallenwarden/leftlegbot"},{"predicate":{"custom_model_data":186},"model":"modelengine:fallenwarden/leftleg"},{"predicate":{"custom_model_data":187},"model":"modelengine:fallenwarden2/leftarmbot"},{"predicate":{"custom_model_data":188},"model":"modelengine:fallenwarden2/leftarm"},{"predicate":{"custom_model_data":189},"model":"modelengine:fallenwarden2/lanceaxe"},{"predicate":{"custom_model_data":190},"model":"modelengine:fallenwarden2/hand"},{"predicate":{"custom_model_data":191},"model":"modelengine:fallenwarden2/rightarmbot"},{"predicate":{"custom_model_data":192},"model":"modelengine:fallenwarden2/rightarm"},{"predicate":{"custom_model_data":193},"model":"modelengine:fallenwarden2/head"},{"predicate":{"custom_model_data":194},"model":"modelengine:fallenwarden2/body"},{"predicate":{"custom_model_data":195},"model":"modelengine:fallenwarden2/piedderenn"},{"predicate":{"custom_model_data":196},"model":"modelengine:fallenwarden2/rightlegbot"},{"predicate":{"custom_model_data":197},"model":"modelengine:fallenwarden2/rightleg"},{"predicate":{"custom_model_data":198},"model":"modelengine:fallenwarden2/piedleften"},{"predicate":{"custom_model_data":199},"model":"modelengine:fallenwarden2/leftlegbot"},{"predicate":{"custom_model_data":200},"model":"modelengine:fallenwarden2/leftleg"},{"predicate":{"custom_model_data":201},"model":"modelengine:fallenwarden3/leftarmbot"},{"predicate":{"custom_model_data":202},"model":"modelengine:fallenwarden3/leftarm"},{"predicate":{"custom_model_data":203},"model":"modelengine:fallenwarden3/lanceaxe"},{"predicate":{"custom_model_data":204},"model":"modelengine:fallenwarden3/hand"},{"predicate":{"custom_model_data":205},"model":"modelengine:fallenwarden3/rightarmbot"},{"predicate":{"custom_model_data":206},"model":"modelengine:fallenwarden3/rightarm"},{"predicate":{"custom_model_data":207},"model":"modelengine:fallenwarden3/head"},{"predicate":{"custom_model_data":208},"model":"modelengine:fallenwarden3/body"},{"predicate":{"custom_model_data":209},"model":"modelengine:fallenwarden3/piedderenn"},{"predicate":{"custom_model_data":210},"model":"modelengine:fallenwarden3/rightlegbot"},{"predicate":{"custom_model_data":211},"model":"modelengine:fallenwarden3/rightleg"},{"predicate":{"custom_model_data":212},"model":"modelengine:fallenwarden3/piedleften"},{"predicate":{"custom_model_data":213},"model":"modelengine:fallenwarden3/leftlegbot"},{"predicate":{"custom_model_data":214},"model":"modelengine:fallenwarden3/leftleg"},{"predicate":{"custom_model_data":215},"model":"modelengine:forester/flower"},{"predicate":{"custom_model_data":216},"model":"modelengine:forester/head"},{"predicate":{"custom_model_data":217},"model":"modelengine:forester/wine1_4"},{"predicate":{"custom_model_data":218},"model":"modelengine:forester/wine1_3"},{"predicate":{"custom_model_data":219},"model":"modelengine:forester/wine2"},{"predicate":{"custom_model_data":220},"model":"modelengine:forester/rightarm4"},{"predicate":{"custom_model_data":221},"model":"modelengine:forester/rightarm"},{"predicate":{"custom_model_data":222},"model":"modelengine:forester/wine1_2"},{"predicate":{"custom_model_data":223},"model":"modelengine:forester/wine1_1"},{"predicate":{"custom_model_data":224},"model":"modelengine:forester/wine1"},{"predicate":{"custom_model_data":225},"model":"modelengine:forester/leftarm3"},{"predicate":{"custom_model_data":226},"model":"modelengine:forester/leftarm"},{"predicate":{"custom_model_data":227},"model":"modelengine:forester/upper_body"},{"predicate":{"custom_model_data":228},"model":"modelengine:forester/body"},{"predicate":{"custom_model_data":229},"model":"modelengine:forester/rightleg1"},{"predicate":{"custom_model_data":230},"model":"modelengine:forester/rightleg"},{"predicate":{"custom_model_data":231},"model":"modelengine:forester/leftleg3"},{"predicate":{"custom_model_data":232},"model":"modelengine:forester/leftleg"},{"predicate":{"custom_model_data":233},"model":"modelengine:herobrine/head"},{"predicate":{"custom_model_data":234},"model":"modelengine:herobrine/lefthand"},{"predicate":{"custom_model_data":235},"model":"modelengine:herobrine/leftarm"},{"predicate":{"custom_model_data":236},"model":"modelengine:herobrine/righthand"},{"predicate":{"custom_model_data":237},"model":"modelengine:herobrine/rightarm"},{"predicate":{"custom_model_data":238},"model":"modelengine:herobrine/leftfoot"},{"predicate":{"custom_model_data":239},"model":"modelengine:herobrine/leftleg"},{"predicate":{"custom_model_data":240},"model":"modelengine:herobrine/rightfoot"},{"predicate":{"custom_model_data":241},"model":"modelengine:herobrine/rightleg"},{"predicate":{"custom_model_data":242},"model":"modelengine:herobrine/body"},{"predicate":{"custom_model_data":243},"model":"modelengine:herobrine_alex/head"},{"predicate":{"custom_model_data":244},"model":"modelengine:herobrine_alex/lefthand"},{"predicate":{"custom_model_data":245},"model":"modelengine:herobrine_alex/leftarm"},{"predicate":{"custom_model_data":246},"model":"modelengine:herobrine_alex/righthand"},{"predicate":{"custom_model_data":247},"model":"modelengine:herobrine_alex/rightarm"},{"predicate":{"custom_model_data":248},"model":"modelengine:herobrine_alex/leftfoot"},{"predicate":{"custom_model_data":249},"model":"modelengine:herobrine_alex/leftleg"},{"predicate":{"custom_model_data":250},"model":"modelengine:herobrine_alex/rightfoot"},{"predicate":{"custom_model_data":251},"model":"modelengine:herobrine_alex/rightleg"},{"predicate":{"custom_model_data":252},"model":"modelengine:herobrine_alex/body"},{"predicate":{"custom_model_data":253},"model":"modelengine:herobrine_alex_bits/pickaxe"},{"predicate":{"custom_model_data":254},"model":"modelengine:herobrine_alex_bits/sword"},{"predicate":{"custom_model_data":255},"model":"modelengine:herobrine_alex_bits/shield"},{"predicate":{"custom_model_data":256},"model":"modelengine:herobrine_alex_bits/axe"},{"predicate":{"custom_model_data":257},"model":"modelengine:herobrine_alex_bits/crossbow_loaded"},{"predicate":{"custom_model_data":258},"model":"modelengine:herobrine_alex_bits/crossbow_unloaded"},{"predicate":{"custom_model_data":259},"model":"modelengine:herobrine_alex_bits/fishingrod"},{"predicate":{"custom_model_data":260},"model":"modelengine:herobrine_alex_bits/beef"},{"predicate":{"custom_model_data":261},"model":"modelengine:herobrine_axe/axe"},{"predicate":{"custom_model_data":262},"model":"modelengine:herobrine_bits/pickaxe"},{"predicate":{"custom_model_data":263},"model":"modelengine:herobrine_bits/sword"},{"predicate":{"custom_model_data":264},"model":"modelengine:herobrine_bits/shield"},{"predicate":{"custom_model_data":265},"model":"modelengine:herobrine_bits/axe"},{"predicate":{"custom_model_data":266},"model":"modelengine:herobrine_bits/crossbow_loaded"},{"predicate":{"custom_model_data":267},"model":"modelengine:herobrine_bits/crossbow_unloaded"},{"predicate":{"custom_model_data":268},"model":"modelengine:herobrine_bits/fishingrod"},{"predicate":{"custom_model_data":269},"model":"modelengine:herobrine_bits/beef"},{"predicate":{"custom_model_data":270},"model":"modelengine:herobrine_bobber/bobber"},{"predicate":{"custom_model_data":271},"model":"modelengine:herobrine_steve/head"},{"predicate":{"custom_model_data":272},"model":"modelengine:herobrine_template/head"},{"predicate":{"custom_model_data":273},"model":"modelengine:herobrine_template/lefthand"},{"predicate":{"custom_model_data":274},"model":"modelengine:herobrine_template/leftarm"},{"predicate":{"custom_model_data":275},"model":"modelengine:herobrine_template/righthand"},{"predicate":{"custom_model_data":276},"model":"modelengine:herobrine_template/rightarm"},{"predicate":{"custom_model_data":277},"model":"modelengine:herobrine_template/leftfoot"},{"predicate":{"custom_model_data":278},"model":"modelengine:herobrine_template/leftleg"},{"predicate":{"custom_model_data":279},"model":"modelengine:herobrine_template/rightfoot"},{"predicate":{"custom_model_data":280},"model":"modelengine:herobrine_template/rightleg"},{"predicate":{"custom_model_data":281},"model":"modelengine:herobrine_template/body"},{"predicate":{"custom_model_data":282},"model":"modelengine:herobrine_template_bits/pickaxe"},{"predicate":{"custom_model_data":283},"model":"modelengine:herobrine_template_bits/sword"},{"predicate":{"custom_model_data":284},"model":"modelengine:herobrine_template_bits/shield"},{"predicate":{"custom_model_data":285},"model":"modelengine:herobrine_template_bits/axe"},{"predicate":{"custom_model_data":286},"model":"modelengine:herobrine_template_bits/crossbow_loaded"},{"predicate":{"custom_model_data":287},"model":"modelengine:herobrine_template_bits/crossbow_unloaded"},{"predicate":{"custom_model_data":288},"model":"modelengine:herobrine_template_bits/fishingrod"},{"predicate":{"custom_model_data":289},"model":"modelengine:herobrine_template_bits/beef"},{"predicate":{"custom_model_data":290},"model":"modelengine:herobrine_template_slim/head"},{"predicate":{"custom_model_data":291},"model":"modelengine:herobrine_template_slim/lefthand"},{"predicate":{"custom_model_data":292},"model":"modelengine:herobrine_template_slim/leftarm"},{"predicate":{"custom_model_data":293},"model":"modelengine:herobrine_template_slim/righthand"},{"predicate":{"custom_model_data":294},"model":"modelengine:herobrine_template_slim/rightarm"},{"predicate":{"custom_model_data":295},"model":"modelengine:herobrine_template_slim/leftfoot"},{"predicate":{"custom_model_data":296},"model":"modelengine:herobrine_template_slim/leftleg"},{"predicate":{"custom_model_data":297},"model":"modelengine:herobrine_template_slim/rightfoot"},{"predicate":{"custom_model_data":298},"model":"modelengine:herobrine_template_slim/rightleg"},{"predicate":{"custom_model_data":299},"model":"modelengine:herobrine_template_slim/body"},{"predicate":{"custom_model_data":300},"model":"modelengine:herobrine_template_slim_bits/pickaxe"},{"predicate":{"custom_model_data":301},"model":"modelengine:herobrine_template_slim_bits/sword"},{"predicate":{"custom_model_data":302},"model":"modelengine:herobrine_template_slim_bits/shield"},{"predicate":{"custom_model_data":303},"model":"modelengine:herobrine_template_slim_bits/axe"},{"predicate":{"custom_model_data":304},"model":"modelengine:herobrine_template_slim_bits/crossbow_loaded"},{"predicate":{"custom_model_data":305},"model":"modelengine:herobrine_template_slim_bits/crossbow_unloaded"},{"predicate":{"custom_model_data":306},"model":"modelengine:herobrine_template_slim_bits/fishingrod"},{"predicate":{"custom_model_data":307},"model":"modelengine:herobrine_template_slim_bits/beef"},{"predicate":{"custom_model_data":308},"model":"modelengine:herobrine_zombie/head"},{"predicate":{"custom_model_data":309},"model":"modelengine:herobrine_zombie/lefthand"},{"predicate":{"custom_model_data":310},"model":"modelengine:herobrine_zombie/leftarm"},{"predicate":{"custom_model_data":311},"model":"modelengine:herobrine_zombie/righthand"},{"predicate":{"custom_model_data":312},"model":"modelengine:herobrine_zombie/rightarm"},{"predicate":{"custom_model_data":313},"model":"modelengine:herobrine_zombie/leftfoot"},{"predicate":{"custom_model_data":314},"model":"modelengine:herobrine_zombie/leftleg"},{"predicate":{"custom_model_data":315},"model":"modelengine:herobrine_zombie/rightfoot"},{"predicate":{"custom_model_data":316},"model":"modelengine:herobrine_zombie/rightleg"},{"predicate":{"custom_model_data":317},"model":"modelengine:herobrine_zombie/body"},{"predicate":{"custom_model_data":318},"model":"modelengine:herobrine_zombie_bits/pickaxe"},{"predicate":{"custom_model_data":319},"model":"modelengine:herobrine_zombie_bits/sword"},{"predicate":{"custom_model_data":320},"model":"modelengine:herobrine_zombie_bits/shield"},{"predicate":{"custom_model_data":321},"model":"modelengine:herobrine_zombie_bits/axe"},{"predicate":{"custom_model_data":322},"model":"modelengine:herobrine_zombie_bits/crossbow_loaded"},{"predicate":{"custom_model_data":323},"model":"modelengine:herobrine_zombie_bits/crossbow_unloaded"},{"predicate":{"custom_model_data":324},"model":"modelengine:herobrine_zombie_bits/fishingrod"},{"predicate":{"custom_model_data":325},"model":"modelengine:herobrine_zombie_bits/beef"},{"predicate":{"custom_model_data":326},"model":"modelengine:mso_angler_fish/trap2"},{"predicate":{"custom_model_data":327},"model":"modelengine:mso_angler_fish/trap"},{"predicate":{"custom_model_data":328},"model":"modelengine:mso_angler_fish/mouth"},{"predicate":{"custom_model_data":329},"model":"modelengine:mso_angler_fish/head"},{"predicate":{"custom_model_data":330},"model":"modelengine:mso_angler_fish/body"},{"predicate":{"custom_model_data":331},"model":"modelengine:mso_barracuda/upperjaw"},{"predicate":{"custom_model_data":332},"model":"modelengine:mso_barracuda/lowerjaw"},{"predicate":{"custom_model_data":333},"model":"modelengine:mso_barracuda/head"},{"predicate":{"custom_model_data":334},"model":"modelengine:mso_barracuda/tail2"},{"predicate":{"custom_model_data":335},"model":"modelengine:mso_barracuda/tail"},{"predicate":{"custom_model_data":336},"model":"modelengine:mso_barracuda/body"},{"predicate":{"custom_model_data":337},"model":"modelengine:mso_box_jellyfish/body2"},{"predicate":{"custom_model_data":338},"model":"modelengine:mso_box_jellyfish/body"},{"predicate":{"custom_model_data":339},"model":"modelengine:mso_box_jellyfish/main"},{"predicate":{"custom_model_data":340},"model":"modelengine:mso_clam/pearl"},{"predicate":{"custom_model_data":341},"model":"modelengine:mso_clam/upper"},{"predicate":{"custom_model_data":342},"model":"modelengine:mso_clam/main"},{"predicate":{"custom_model_data":343},"model":"modelengine:mso_giant_squid/left_legs3"},{"predicate":{"custom_model_data":344},"model":"modelengine:mso_giant_squid/left_leg3"},{"predicate":{"custom_model_data":345},"model":"modelengine:mso_giant_squid/left_legs2"},{"predicate":{"custom_model_data":346},"model":"modelengine:mso_giant_squid/left_leg2"},{"predicate":{"custom_model_data":347},"model":"modelengine:mso_giant_squid/right_legs2"},{"predicate":{"custom_model_data":348},"model":"modelengine:mso_giant_squid/right_leg2"},{"predicate":{"custom_model_data":349},"model":"modelengine:mso_giant_squid/top_legs"},{"predicate":{"custom_model_data":350},"model":"modelengine:mso_giant_squid/top_leg"},{"predicate":{"custom_model_data":351},"model":"modelengine:mso_giant_squid/bot_legs"},{"predicate":{"custom_model_data":352},"model":"modelengine:mso_giant_squid/bot_leg"},{"predicate":{"custom_model_data":353},"model":"modelengine:mso_giant_squid/left_legs1"},{"predicate":{"custom_model_data":354},"model":"modelengine:mso_giant_squid/left_leg1"},{"predicate":{"custom_model_data":355},"model":"modelengine:mso_giant_squid/right_legs1"},{"predicate":{"custom_model_data":356},"model":"modelengine:mso_giant_squid/right_leg1"},{"predicate":{"custom_model_data":357},"model":"modelengine:mso_giant_squid/right_legs3"},{"predicate":{"custom_model_data":358},"model":"modelengine:mso_giant_squid/right_leg3"},{"predicate":{"custom_model_data":359},"model":"modelengine:mso_giant_squid/head"},{"predicate":{"custom_model_data":360},"model":"modelengine:mso_giant_squid/main"},{"predicate":{"custom_model_data":361},"model":"modelengine:mso_hammerhead_shark1/left_fin"},{"predicate":{"custom_model_data":362},"model":"modelengine:mso_hammerhead_shark1/right_fin"},{"predicate":{"custom_model_data":363},"model":"modelengine:mso_hammerhead_shark1/tail2"},{"predicate":{"custom_model_data":364},"model":"modelengine:mso_hammerhead_shark1/tail"},{"predicate":{"custom_model_data":365},"model":"modelengine:mso_hammerhead_shark1/lower"},{"predicate":{"custom_model_data":366},"model":"modelengine:mso_hammerhead_shark1/lower_jaw"},{"predicate":{"custom_model_data":367},"model":"modelengine:mso_hammerhead_shark1/upper_jaw"},{"predicate":{"custom_model_data":368},"model":"modelengine:mso_hammerhead_shark1/head"},{"predicate":{"custom_model_data":369},"model":"modelengine:mso_hammerhead_shark1/upper"},{"predicate":{"custom_model_data":370},"model":"modelengine:mso_hammerhead_shark2/left_fin"},{"predicate":{"custom_model_data":371},"model":"modelengine:mso_hammerhead_shark2/right_fin"},{"predicate":{"custom_model_data":372},"model":"modelengine:mso_hammerhead_shark2/tail2"},{"predicate":{"custom_model_data":373},"model":"modelengine:mso_hammerhead_shark2/tail"},{"predicate":{"custom_model_data":374},"model":"modelengine:mso_hammerhead_shark2/lower"},{"predicate":{"custom_model_data":375},"model":"modelengine:mso_hammerhead_shark2/lower_jaw"},{"predicate":{"custom_model_data":376},"model":"modelengine:mso_hammerhead_shark2/upper_jaw"},{"predicate":{"custom_model_data":377},"model":"modelengine:mso_hammerhead_shark2/head"},{"predicate":{"custom_model_data":378},"model":"modelengine:mso_hammerhead_shark2/upper"},{"predicate":{"custom_model_data":379},"model":"modelengine:mso_nautilus/ten2"},{"predicate":{"custom_model_data":380},"model":"modelengine:mso_nautilus/ten1"},{"predicate":{"custom_model_data":381},"model":"modelengine:mso_nautilus/shell"},{"predicate":{"custom_model_data":382},"model":"modelengine:mso_octopus_1/right_13"},{"predicate":{"custom_model_data":383},"model":"modelengine:mso_octopus_1/right_12"},{"predicate":{"custom_model_data":384},"model":"modelengine:mso_octopus_1/right_1"},{"predicate":{"custom_model_data":385},"model":"modelengine:mso_octopus_1/right_22"},{"predicate":{"custom_model_data":386},"model":"modelengine:mso_octopus_1/right_2"},{"predicate":{"custom_model_data":387},"model":"modelengine:mso_octopus_1/right_32"},{"predicate":{"custom_model_data":388},"model":"modelengine:mso_octopus_1/right_3"},{"predicate":{"custom_model_data":389},"model":"modelengine:mso_octopus_1/right_42"},{"predicate":{"custom_model_data":390},"model":"modelengine:mso_octopus_1/right_4"},{"predicate":{"custom_model_data":391},"model":"modelengine:mso_octopus_1/left_13"},{"predicate":{"custom_model_data":392},"model":"modelengine:mso_octopus_1/left_12"},{"predicate":{"custom_model_data":393},"model":"modelengine:mso_octopus_1/left_1"},{"predicate":{"custom_model_data":394},"model":"modelengine:mso_octopus_1/left_22"},{"predicate":{"custom_model_data":395},"model":"modelengine:mso_octopus_1/left_2"},{"predicate":{"custom_model_data":396},"model":"modelengine:mso_octopus_1/left_32"},{"predicate":{"custom_model_data":397},"model":"modelengine:mso_octopus_1/left_3"},{"predicate":{"custom_model_data":398},"model":"modelengine:mso_octopus_1/left_42"},{"predicate":{"custom_model_data":399},"model":"modelengine:mso_octopus_1/left_4"},{"predicate":{"custom_model_data":400},"model":"modelengine:mso_octopus_1/head"},{"predicate":{"custom_model_data":401},"model":"modelengine:mso_octopus_2/right_13"},{"predicate":{"custom_model_data":402},"model":"modelengine:mso_octopus_2/right_12"},{"predicate":{"custom_model_data":403},"model":"modelengine:mso_octopus_2/right_1"},{"predicate":{"custom_model_data":404},"model":"modelengine:mso_octopus_2/right_22"},{"predicate":{"custom_model_data":405},"model":"modelengine:mso_octopus_2/right_2"},{"predicate":{"custom_model_data":406},"model":"modelengine:mso_octopus_2/right_32"},{"predicate":{"custom_model_data":407},"model":"modelengine:mso_octopus_2/right_3"},{"predicate":{"custom_model_data":408},"model":"modelengine:mso_octopus_2/right_42"},{"predicate":{"custom_model_data":409},"model":"modelengine:mso_octopus_2/right_4"},{"predicate":{"custom_model_data":410},"model":"modelengine:mso_octopus_2/left_13"},{"predicate":{"custom_model_data":411},"model":"modelengine:mso_octopus_2/left_12"},{"predicate":{"custom_model_data":412},"model":"modelengine:mso_octopus_2/left_1"},{"predicate":{"custom_model_data":413},"model":"modelengine:mso_octopus_2/left_22"},{"predicate":{"custom_model_data":414},"model":"modelengine:mso_octopus_2/left_2"},{"predicate":{"custom_model_data":415},"model":"modelengine:mso_octopus_2/left_32"},{"predicate":{"custom_model_data":416},"model":"modelengine:mso_octopus_2/left_3"},{"predicate":{"custom_model_data":417},"model":"modelengine:mso_octopus_2/left_42"},{"predicate":{"custom_model_data":418},"model":"modelengine:mso_octopus_2/left_4"},{"predicate":{"custom_model_data":419},"model":"modelengine:mso_octopus_2/head"},{"predicate":{"custom_model_data":420},"model":"modelengine:mso_orca/uppermouth"},{"predicate":{"custom_model_data":421},"model":"modelengine:mso_orca/mouth"},{"predicate":{"custom_model_data":422},"model":"modelengine:mso_orca/left_fin"},{"predicate":{"custom_model_data":423},"model":"modelengine:mso_orca/right_fin"},{"predicate":{"custom_model_data":424},"model":"modelengine:mso_orca/tail2"},{"predicate":{"custom_model_data":425},"model":"modelengine:mso_orca/tail"},{"predicate":{"custom_model_data":426},"model":"modelengine:mso_orca/lower"},{"predicate":{"custom_model_data":427},"model":"modelengine:mso_orca/front"},{"predicate":{"custom_model_data":428},"model":"modelengine:mso_piranha/tail"},{"predicate":{"custom_model_data":429},"model":"modelengine:mso_piranha/mouth"},{"predicate":{"custom_model_data":430},"model":"modelengine:mso_piranha/main"},{"predicate":{"custom_model_data":431},"model":"modelengine:mso_pistol_shrimp/leg2"},{"predicate":{"custom_model_data":432},"model":"modelengine:mso_pistol_shrimp/leg1"},{"predicate":{"custom_model_data":433},"model":"modelengine:mso_pistol_shrimp/left_arm2"},{"predicate":{"custom_model_data":434},"model":"modelengine:mso_pistol_shrimp/left_arm"},{"predicate":{"custom_model_data":435},"model":"modelengine:mso_pistol_shrimp/right_arm2"},{"predicate":{"custom_model_data":436},"model":"modelengine:mso_pistol_shrimp/right_arm3"},{"predicate":{"custom_model_data":437},"model":"modelengine:mso_pistol_shrimp/right_arm"},{"predicate":{"custom_model_data":438},"model":"modelengine:mso_pistol_shrimp/main"},{"predicate":{"custom_model_data":439},"model":"modelengine:mso_pufferfish/tail"},{"predicate":{"custom_model_data":440},"model":"modelengine:mso_pufferfish/main"},{"predicate":{"custom_model_data":441},"model":"modelengine:mso_pufferfish_blown/tail"},{"predicate":{"custom_model_data":442},"model":"modelengine:mso_pufferfish_blown/main"},{"predicate":{"custom_model_data":443},"model":"modelengine:mso_sea_angel/lower2"},{"predicate":{"custom_model_data":444},"model":"modelengine:mso_sea_angel/lower"},{"predicate":{"custom_model_data":445},"model":"modelengine:mso_sea_angel/main"},{"predicate":{"custom_model_data":446},"model":"modelengine:mso_stingray/left_fin"},{"predicate":{"custom_model_data":447},"model":"modelengine:mso_stingray/right_fin"},{"predicate":{"custom_model_data":448},"model":"modelengine:mso_stingray/tail2"},{"predicate":{"custom_model_data":449},"model":"modelengine:mso_stingray/tail"},{"predicate":{"custom_model_data":450},"model":"modelengine:mso_stingray/main"},{"predicate":{"custom_model_data":451},"model":"modelengine:nocsy_skeleton_archer/hat"},{"predicate":{"custom_model_data":452},"model":"modelengine:nocsy_skeleton_archer/jaw"},{"predicate":{"custom_model_data":453},"model":"modelengine:nocsy_skeleton_archer/head"},{"predicate":{"custom_model_data":454},"model":"modelengine:nocsy_skeleton_archer/left_tibia"},{"predicate":{"custom_model_data":455},"model":"modelengine:nocsy_skeleton_archer/left_femur"},{"predicate":{"custom_model_data":456},"model":"modelengine:nocsy_skeleton_archer/right_tibia"},{"predicate":{"custom_model_data":457},"model":"modelengine:nocsy_skeleton_archer/right_femur"},{"predicate":{"custom_model_data":458},"model":"modelengine:nocsy_skeleton_archer/iliac"},{"predicate":{"custom_model_data":459},"model":"modelengine:nocsy_skeleton_archer/left_mid_arm"},{"predicate":{"custom_model_data":460},"model":"modelengine:nocsy_skeleton_archer/left_arm"},{"predicate":{"custom_model_data":461},"model":"modelengine:nocsy_skeleton_archer/bow"},{"predicate":{"custom_model_data":462},"model":"modelengine:nocsy_skeleton_archer/right_mid_arm"},{"predicate":{"custom_model_data":463},"model":"modelengine:nocsy_skeleton_archer/right_arm"},{"predicate":{"custom_model_data":464},"model":"modelengine:nocsy_skeleton_archer/arrow"},{"predicate":{"custom_model_data":465},"model":"modelengine:nocsy_skeleton_archer/body"},{"predicate":{"custom_model_data":466},"model":"modelengine:nocsy_skeleton_brute1/jaw"},{"predicate":{"custom_model_data":467},"model":"modelengine:nocsy_skeleton_brute1/head"},{"predicate":{"custom_model_data":468},"model":"modelengine:nocsy_skeleton_brute1/left_tibia"},{"predicate":{"custom_model_data":469},"model":"modelengine:nocsy_skeleton_brute1/left_femur"},{"predicate":{"custom_model_data":470},"model":"modelengine:nocsy_skeleton_brute1/right_foot"},{"predicate":{"custom_model_data":471},"model":"modelengine:nocsy_skeleton_brute1/right_tibia"},{"predicate":{"custom_model_data":472},"model":"modelengine:nocsy_skeleton_brute1/right_femur"},{"predicate":{"custom_model_data":473},"model":"modelengine:nocsy_skeleton_brute1/iliac"},{"predicate":{"custom_model_data":474},"model":"modelengine:nocsy_skeleton_brute1/left_mid_arm"},{"predicate":{"custom_model_data":475},"model":"modelengine:nocsy_skeleton_brute1/left_arm"},{"predicate":{"custom_model_data":476},"model":"modelengine:nocsy_skeleton_brute1/weapon"},{"predicate":{"custom_model_data":477},"model":"modelengine:nocsy_skeleton_brute1/right_mid_arm"},{"predicate":{"custom_model_data":478},"model":"modelengine:nocsy_skeleton_brute1/right_arm"},{"predicate":{"custom_model_data":479},"model":"modelengine:nocsy_skeleton_brute1/pectus"},{"predicate":{"custom_model_data":480},"model":"modelengine:nocsy_skeleton_brute1/body"},{"predicate":{"custom_model_data":481},"model":"modelengine:nocsy_skeleton_brute2/jaw"},{"predicate":{"custom_model_data":482},"model":"modelengine:nocsy_skeleton_brute2/head"},{"predicate":{"custom_model_data":483},"model":"modelengine:nocsy_skeleton_brute2/right_foot"},{"predicate":{"custom_model_data":484},"model":"modelengine:nocsy_skeleton_brute2/right_tibia"},{"predicate":{"custom_model_data":485},"model":"modelengine:nocsy_skeleton_brute2/right_femur"},{"predicate":{"custom_model_data":486},"model":"modelengine:nocsy_skeleton_brute2/left_foot"},{"predicate":{"custom_model_data":487},"model":"modelengine:nocsy_skeleton_brute2/left_tibia"},{"predicate":{"custom_model_data":488},"model":"modelengine:nocsy_skeleton_brute2/left_femur"},{"predicate":{"custom_model_data":489},"model":"modelengine:nocsy_skeleton_brute2/iliac"},{"predicate":{"custom_model_data":490},"model":"modelengine:nocsy_skeleton_brute2/left_mid_arm"},{"predicate":{"custom_model_data":491},"model":"modelengine:nocsy_skeleton_brute2/left_arm"},{"predicate":{"custom_model_data":492},"model":"modelengine:nocsy_skeleton_brute2/sword"},{"predicate":{"custom_model_data":493},"model":"modelengine:nocsy_skeleton_brute2/right_mid_arm"},{"predicate":{"custom_model_data":494},"model":"modelengine:nocsy_skeleton_brute2/right_arm"},{"predicate":{"custom_model_data":495},"model":"modelengine:nocsy_skeleton_brute2/pectus"},{"predicate":{"custom_model_data":496},"model":"modelengine:nocsy_skeleton_brute2/body"},{"predicate":{"custom_model_data":497},"model":"modelengine:nocsy_skeleton_necromancer/jaw"},{"predicate":{"custom_model_data":498},"model":"modelengine:nocsy_skeleton_necromancer/head"},{"predicate":{"custom_model_data":499},"model":"modelengine:nocsy_skeleton_necromancer/right_drap"},{"predicate":{"custom_model_data":500},"model":"modelengine:nocsy_skeleton_necromancer/left_drap"},{"predicate":{"custom_model_data":501},"model":"modelengine:nocsy_skeleton_necromancer/back_drap"},{"predicate":{"custom_model_data":502},"model":"modelengine:nocsy_skeleton_necromancer/front_drap"},{"predicate":{"custom_model_data":503},"model":"modelengine:nocsy_skeleton_necromancer/iliac"},{"predicate":{"custom_model_data":504},"model":"modelengine:nocsy_skeleton_necromancer/lantern"},{"predicate":{"custom_model_data":505},"model":"modelengine:nocsy_skeleton_necromancer/head_chain"},{"predicate":{"custom_model_data":506},"model":"modelengine:nocsy_skeleton_necromancer/left_mid_arm"},{"predicate":{"custom_model_data":507},"model":"modelengine:nocsy_skeleton_necromancer/left_arm"},{"predicate":{"custom_model_data":508},"model":"modelengine:nocsy_skeleton_necromancer/right_mid_arm"},{"predicate":{"custom_model_data":509},"model":"modelengine:nocsy_skeleton_necromancer/right_arm"},{"predicate":{"custom_model_data":510},"model":"modelengine:nocsy_skeleton_necromancer/pectus"},{"predicate":{"custom_model_data":511},"model":"modelengine:nocsy_skeleton_necromancer/right_manche"},{"predicate":{"custom_model_data":512},"model":"modelengine:nocsy_skeleton_necromancer/left_manche"},{"predicate":{"custom_model_data":513},"model":"modelengine:nocsy_skeleton_necromancer/body"},{"predicate":{"custom_model_data":514},"model":"modelengine:nocsy_skeleton_skull/wheel"},{"predicate":{"custom_model_data":515},"model":"modelengine:nocsy_skeleton_skull/jaw"},{"predicate":{"custom_model_data":516},"model":"modelengine:nocsy_skeleton_skull/head"},{"predicate":{"custom_model_data":517},"model":"modelengine:nocsy_skeleton_warrior/jaw"},{"predicate":{"custom_model_data":518},"model":"modelengine:nocsy_skeleton_warrior/head"},{"predicate":{"custom_model_data":519},"model":"modelengine:nocsy_skeleton_warrior/left_tibia"},{"predicate":{"custom_model_data":520},"model":"modelengine:nocsy_skeleton_warrior/left_femur"},{"predicate":{"custom_model_data":521},"model":"modelengine:nocsy_skeleton_warrior/right_tibia"},{"predicate":{"custom_model_data":522},"model":"modelengine:nocsy_skeleton_warrior/right_femur"},{"predicate":{"custom_model_data":523},"model":"modelengine:nocsy_skeleton_warrior/iliac"},{"predicate":{"custom_model_data":524},"model":"modelengine:nocsy_skeleton_warrior/shield"},{"predicate":{"custom_model_data":525},"model":"modelengine:nocsy_skeleton_warrior/left_mid_arm"},{"predicate":{"custom_model_data":526},"model":"modelengine:nocsy_skeleton_warrior/left_arm"},{"predicate":{"custom_model_data":527},"model":"modelengine:nocsy_skeleton_warrior/right_mid_arm"},{"predicate":{"custom_model_data":528},"model":"modelengine:nocsy_skeleton_warrior/right_arm"},{"predicate":{"custom_model_data":529},"model":"modelengine:nocsy_skeleton_warrior/body"},{"predicate":{"custom_model_data":530},"model":"modelengine:ouldhana/head"},{"predicate":{"custom_model_data":531},"model":"modelengine:ouldhana/sword"},{"predicate":{"custom_model_data":532},"model":"modelengine:ouldhana/hand1"},{"predicate":{"custom_model_data":533},"model":"modelengine:ouldhana/sub_arm1"},{"predicate":{"custom_model_data":534},"model":"modelengine:ouldhana/arm1"},{"predicate":{"custom_model_data":535},"model":"modelengine:ouldhana/hand2"},{"predicate":{"custom_model_data":536},"model":"modelengine:ouldhana/sub_arm2"},{"predicate":{"custom_model_data":537},"model":"modelengine:ouldhana/arm2"},{"predicate":{"custom_model_data":538},"model":"modelengine:ouldhana/tentacle_tip"},{"predicate":{"custom_model_data":539},"model":"modelengine:ouldhana/min_tentacle"},{"predicate":{"custom_model_data":540},"model":"modelengine:ouldhana/sub_tentacle"},{"predicate":{"custom_model_data":541},"model":"modelengine:ouldhana/tentacle"},{"predicate":{"custom_model_data":542},"model":"modelengine:ouldhana/tentacle_tip2"},{"predicate":{"custom_model_data":543},"model":"modelengine:ouldhana/min_tentacle2"},{"predicate":{"custom_model_data":544},"model":"modelengine:ouldhana/sub_tentacle2"},{"predicate":{"custom_model_data":545},"model":"modelengine:ouldhana/tentacle2"},{"predicate":{"custom_model_data":546},"model":"modelengine:ouldhana/tentacle_tip3"},{"predicate":{"custom_model_data":547},"model":"modelengine:ouldhana/min_tentacle3"},{"predicate":{"custom_model_data":548},"model":"modelengine:ouldhana/sub_tentacle3"},{"predicate":{"custom_model_data":549},"model":"modelengine:ouldhana/tentacle3"},{"predicate":{"custom_model_data":550},"model":"modelengine:ouldhana/tentacle_tip4"},{"predicate":{"custom_model_data":551},"model":"modelengine:ouldhana/min_tentacle4"},{"predicate":{"custom_model_data":552},"model":"modelengine:ouldhana/sub_tentacle4"},{"predicate":{"custom_model_data":553},"model":"modelengine:ouldhana/tentacle4"},{"predicate":{"custom_model_data":554},"model":"modelengine:ouldhana/stabbed_sword"},{"predicate":{"custom_model_data":555},"model":"modelengine:ouldhana/body"},{"predicate":{"custom_model_data":556},"model":"modelengine:ouldhana/foot1"},{"predicate":{"custom_model_data":557},"model":"modelengine:ouldhana/min_leg1"},{"predicate":{"custom_model_data":558},"model":"modelengine:ouldhana/sub_leg1"},{"predicate":{"custom_model_data":559},"model":"modelengine:ouldhana/leg1"},{"predicate":{"custom_model_data":560},"model":"modelengine:ouldhana/foot2"},{"predicate":{"custom_model_data":561},"model":"modelengine:ouldhana/min_leg2"},{"predicate":{"custom_model_data":562},"model":"modelengine:ouldhana/sub_leg2"},{"predicate":{"custom_model_data":563},"model":"modelengine:ouldhana/leg2"},{"predicate":{"custom_model_data":564},"model":"modelengine:ouldhana/slash_vfx"},{"predicate":{"custom_model_data":565},"model":"modelengine:ouldhana/large_slash_vfx"},{"predicate":{"custom_model_data":566},"model":"modelengine:ouldhana/summon_hexes_vfx"},{"predicate":{"custom_model_data":567},"model":"modelengine:ouldhana_ritual/inverted_pentagram"},{"predicate":{"custom_model_data":568},"model":"modelengine:ouldhana_ritual/candles"},{"predicate":{"custom_model_data":569},"model":"modelengine:ouldhana_tentacle/tentacle_tip"},{"predicate":{"custom_model_data":570},"model":"modelengine:ouldhana_tentacle/min_tentacle"},{"predicate":{"custom_model_data":571},"model":"modelengine:ouldhana_tentacle/sub_tentacle"},{"predicate":{"custom_model_data":572},"model":"modelengine:ouldhana_tentacle/ouldhana_tentacle"},{"predicate":{"custom_model_data":573},"model":"modelengine:parallelzombie/jaws"},{"predicate":{"custom_model_data":574},"model":"modelengine:parallelzombie/head"},{"predicate":{"custom_model_data":575},"model":"modelengine:parallelzombie/leftarm"},{"predicate":{"custom_model_data":576},"model":"modelengine:parallelzombie/rightarm"},{"predicate":{"custom_model_data":577},"model":"modelengine:parallelzombie/body"},{"predicate":{"custom_model_data":578},"model":"modelengine:parallelzombie/leftleg"},{"predicate":{"custom_model_data":579},"model":"modelengine:parallelzombie/rightleg"},{"predicate":{"custom_model_data":580},"model":"modelengine:vs_chieftain/head"},{"predicate":{"custom_model_data":581},"model":"modelengine:vs_chieftain/right_arm"},{"predicate":{"custom_model_data":582},"model":"modelengine:vs_chieftain/left_leg"},{"predicate":{"custom_model_data":583},"model":"modelengine:vs_chieftain/right_leg"},{"predicate":{"custom_model_data":584},"model":"modelengine:vs_chieftain/head2"},{"predicate":{"custom_model_data":585},"model":"modelengine:vs_chieftain/left_arm"},{"predicate":{"custom_model_data":586},"model":"modelengine:vs_chieftain/left_leg2"},{"predicate":{"custom_model_data":587},"model":"modelengine:vs_chieftain/right_leg2"},{"predicate":{"custom_model_data":588},"model":"modelengine:vs_chieftain/body2"},{"predicate":{"custom_model_data":589},"model":"modelengine:vs_chieftain/body"}]}