{"data":3094,"parent":"item/generated","textures":{"layer0":"item/leather_horse_armor"},"overrides":[{"predicate":{"custom_model_data":1},"model":"modelengine:3dtext_build/build"},{"predicate":{"custom_model_data":2},"model":"modelengine:3dtext_casino/casino"},{"predicate":{"custom_model_data":3},"model":"modelengine:3dtext_crates/crates"},{"predicate":{"custom_model_data":4},"model":"modelengine:3dtext_creative/creative"},{"predicate":{"custom_model_data":5},"model":"modelengine:3dtext_duel/duel"},{"predicate":{"custom_model_data":6},"model":"modelengine:3dtext_dungeons/dungeons"},{"predicate":{"custom_model_data":7},"model":"modelengine:3dtext_events/events"},{"predicate":{"custom_model_data":8},"model":"modelengine:3dtext_games/games"},{"predicate":{"custom_model_data":9},"model":"modelengine:3dtext_hub/hub"},{"predicate":{"custom_model_data":10},"model":"modelengine:3dtext_kitpvp/kitpvp"},{"predicate":{"custom_model_data":11},"model":"modelengine:3dtext_lobby/lobby"},{"predicate":{"custom_model_data":12},"model":"modelengine:3dtext_market/market"},{"predicate":{"custom_model_data":13},"model":"modelengine:3dtext_minigames/minigames"},{"predicate":{"custom_model_data":14},"model":"modelengine:3dtext_nether/nether"},{"predicate":{"custom_model_data":15},"model":"modelengine:3dtext_portal/portal"},{"predicate":{"custom_model_data":16},"model":"modelengine:3dtext_prison/prison"},{"predicate":{"custom_model_data":17},"model":"modelengine:3dtext_pvp/pvp"},{"predicate":{"custom_model_data":18},"model":"modelengine:3dtext_rules/rules"},{"predicate":{"custom_model_data":19},"model":"modelengine:3dtext_shop/shop"},{"predicate":{"custom_model_data":20},"model":"modelengine:3dtext_skyblock/skyblock"},{"predicate":{"custom_model_data":21},"model":"modelengine:3dtext_spawn/spawn"},{"predicate":{"custom_model_data":22},"model":"modelengine:3dtext_spleef/spleef"},{"predicate":{"custom_model_data":23},"model":"modelengine:3dtext_store/store"},{"predicate":{"custom_model_data":24},"model":"modelengine:3dtext_survival/survival"},{"predicate":{"custom_model_data":25},"model":"modelengine:3dtext_teampvp/teampvp"},{"predicate":{"custom_model_data":26},"model":"modelengine:3dtext_towny/towny"},{"predicate":{"custom_model_data":27},"model":"modelengine:3dtext_vote/vote"},{"predicate":{"custom_model_data":28},"model":"modelengine:3dtext_warp/warp"},{"predicate":{"custom_model_data":29},"model":"modelengine:3dtext_wilds/wilds"},{"predicate":{"custom_model_data":30},"model":"modelengine:blrgboss/bone41"},{"predicate":{"custom_model_data":31},"model":"modelengine:blrgboss/bone40"},{"predicate":{"custom_model_data":32},"model":"modelengine:blrgboss/bone39"},{"predicate":{"custom_model_data":33},"model":"modelengine:blrgboss/bone38"},{"predicate":{"custom_model_data":34},"model":"modelengine:blrgboss/bone37"},{"predicate":{"custom_model_data":35},"model":"modelengine:blrgboss/bone36"},{"predicate":{"custom_model_data":36},"model":"modelengine:blrgboss/bone34"},{"predicate":{"custom_model_data":37},"model":"modelengine:blrgboss/bone33"},{"predicate":{"custom_model_data":38},"model":"modelengine:blrgboss/bone27"},{"predicate":{"custom_model_data":39},"model":"modelengine:blrgboss/bone21"},{"predicate":{"custom_model_data":40},"model":"modelengine:blrgboss/bone20"},{"predicate":{"custom_model_data":41},"model":"modelengine:blrgboss/bone19"},{"predicate":{"custom_model_data":42},"model":"modelengine:blrgboss/bone24"},{"predicate":{"custom_model_data":43},"model":"modelengine:blrgboss/bone23"},{"predicate":{"custom_model_data":44},"model":"modelengine:blrgboss/bone22"},{"predicate":{"custom_model_data":45},"model":"modelengine:blrgboss/bone12"},{"predicate":{"custom_model_data":46},"model":"modelengine:blrgboss/bone29"},{"predicate":{"custom_model_data":47},"model":"modelengine:blrgboss/bone10"},{"predicate":{"custom_model_data":48},"model":"modelengine:blrgboss/bone18"},{"predicate":{"custom_model_data":49},"model":"modelengine:blrgboss/bone17"},{"predicate":{"custom_model_data":50},"model":"modelengine:blrgboss/bone13"},{"predicate":{"custom_model_data":51},"model":"modelengine:blrgboss/bone16"},{"predicate":{"custom_model_data":52},"model":"modelengine:blrgboss/bone15"},{"predicate":{"custom_model_data":53},"model":"modelengine:blrgboss/bone14"},{"predicate":{"custom_model_data":54},"model":"modelengine:blrgboss/bone6"},{"predicate":{"custom_model_data":55},"model":"modelengine:blrgboss/bone5"},{"predicate":{"custom_model_data":56},"model":"modelengine:blrgboss/bone4"},{"predicate":{"custom_model_data":57},"model":"modelengine:blrgboss/bone3"},{"predicate":{"custom_model_data":58},"model":"modelengine:blrgboss/bone2"},{"predicate":{"custom_model_data":59},"model":"modelengine:blrgboss/bone25"},{"predicate":{"custom_model_data":60},"model":"modelengine:blrgboss/bone28"},{"predicate":{"custom_model_data":61},"model":"modelengine:blrgboss/bone26"},{"predicate":{"custom_model_data":62},"model":"modelengine:blrgboss/jaw"},{"predicate":{"custom_model_data":63},"model":"modelengine:blrgboss/horn"},{"predicate":{"custom_model_data":64},"model":"modelengine:blrgboss/horn2"},{"predicate":{"custom_model_data":65},"model":"modelengine:blrgboss/head"},{"predicate":{"custom_model_data":66},"model":"modelengine:blrgboss/bone35"},{"predicate":{"custom_model_data":67},"model":"modelengine:blrgboss/r"},{"predicate":{"custom_model_data":68},"model":"modelengine:blrgboss/leftleg"},{"predicate":{"custom_model_data":69},"model":"modelengine:blrgboss/leftthigh"},{"predicate":{"custom_model_data":70},"model":"modelengine:blrgboss/rightleg"},{"predicate":{"custom_model_data":71},"model":"modelengine:blrgboss/rightthigh"},{"predicate":{"custom_model_data":72},"model":"modelengine:dungeon_barrel/barrel"},{"predicate":{"custom_model_data":73},"model":"modelengine:dungeon_barrelexplosive/barrel"},{"predicate":{"custom_model_data":74},"model":"modelengine:dungeon_barricade/barricade"},{"predicate":{"custom_model_data":75},"model":"modelengine:dungeon_candelabra/candelabra"},{"predicate":{"custom_model_data":76},"model":"modelengine:dungeon_chandelier/chandelier"},{"predicate":{"custom_model_data":77},"model":"modelengine:dungeon_crate_double/crate"},{"predicate":{"custom_model_data":78},"model":"modelengine:dungeon_crate_large/crate"},{"predicate":{"custom_model_data":79},"model":"modelengine:dungeon_crate_small/crate"},{"predicate":{"custom_model_data":80},"model":"modelengine:dungeon_goldpile/gold"},{"predicate":{"custom_model_data":81},"model":"modelengine:dungeon_hanging_cage/cage"},{"predicate":{"custom_model_data":82},"model":"modelengine:dungeon_ironmaiden/ironmaiden"},{"predicate":{"custom_model_data":83},"model":"modelengine:dungeon_ironmaiden_dirty/ironmaiden"},{"predicate":{"custom_model_data":84},"model":"modelengine:dungeon_medium_lootchest/lid"},{"predicate":{"custom_model_data":85},"model":"modelengine:dungeon_medium_lootchest/chest"},{"predicate":{"custom_model_data":86},"model":"modelengine:dungeon_pillory/pillory"},{"predicate":{"custom_model_data":87},"model":"modelengine:dungeon_pot_medium/pot"},{"predicate":{"custom_model_data":88},"model":"modelengine:dungeon_rat/rat"},{"predicate":{"custom_model_data":89},"model":"modelengine:dungeon_saw/dungeon_saw"},{"predicate":{"custom_model_data":90},"model":"modelengine:dungeon_saw/base"},{"predicate":{"custom_model_data":91},"model":"modelengine:dungeon_shackles/shackles"},{"predicate":{"custom_model_data":92},"model":"modelengine:dungeon_spawn_crystal_off/crystal"},{"predicate":{"custom_model_data":93},"model":"modelengine:dungeon_spawn_crystal_on/crystal"},{"predicate":{"custom_model_data":94},"model":"modelengine:dungeon_spawn_crystal_used/crystal"},{"predicate":{"custom_model_data":95},"model":"modelengine:dungeon_weapon_rack/stand"},{"predicate":{"custom_model_data":96},"model":"modelengine:fallenherald/capa"},{"predicate":{"custom_model_data":97},"model":"modelengine:fallenherald/leftarmbot"},{"predicate":{"custom_model_data":98},"model":"modelengine:fallenherald/leftarm"},{"predicate":{"custom_model_data":99},"model":"modelengine:fallenherald/sword"},{"predicate":{"custom_model_data":100},"model":"modelengine:fallenherald/hand"},{"predicate":{"custom_model_data":101},"model":"modelengine:fallenherald/rightarmbot"},{"predicate":{"custom_model_data":102},"model":"modelengine:fallenherald/rightarm"},{"predicate":{"custom_model_data":103},"model":"modelengine:fallenherald/head"},{"predicate":{"custom_model_data":104},"model":"modelengine:fallenherald/body"},{"predicate":{"custom_model_data":105},"model":"modelengine:fallenherald/piedderenn"},{"predicate":{"custom_model_data":106},"model":"modelengine:fallenherald/rightlegbot"},{"predicate":{"custom_model_data":107},"model":"modelengine:fallenherald/rightleg"},{"predicate":{"custom_model_data":108},"model":"modelengine:fallenherald/piedleften"},{"predicate":{"custom_model_data":109},"model":"modelengine:fallenherald/leftlegbot"},{"predicate":{"custom_model_data":110},"model":"modelengine:fallenherald/leftleg"},{"predicate":{"custom_model_data":111},"model":"modelengine:fallenherald2/capa"},{"predicate":{"custom_model_data":112},"model":"modelengine:fallenherald2/leftarmbot"},{"predicate":{"custom_model_data":113},"model":"modelengine:fallenherald2/leftarm"},{"predicate":{"custom_model_data":114},"model":"modelengine:fallenherald2/sword"},{"predicate":{"custom_model_data":115},"model":"modelengine:fallenherald2/hand"},{"predicate":{"custom_model_data":116},"model":"modelengine:fallenherald2/rightarmbot"},{"predicate":{"custom_model_data":117},"model":"modelengine:fallenherald2/rightarm"},{"predicate":{"custom_model_data":118},"model":"modelengine:fallenherald2/head"},{"predicate":{"custom_model_data":119},"model":"modelengine:fallenherald2/body"},{"predicate":{"custom_model_data":120},"model":"modelengine:fallenherald2/piedderenn"},{"predicate":{"custom_model_data":121},"model":"modelengine:fallenherald2/rightlegbot"},{"predicate":{"custom_model_data":122},"model":"modelengine:fallenherald2/rightleg"},{"predicate":{"custom_model_data":123},"model":"modelengine:fallenherald2/piedleften"},{"predicate":{"custom_model_data":124},"model":"modelengine:fallenherald2/leftlegbot"},{"predicate":{"custom_model_data":125},"model":"modelengine:fallenherald2/leftleg"},{"predicate":{"custom_model_data":126},"model":"modelengine:fallenherald3/capa"},{"predicate":{"custom_model_data":127},"model":"modelengine:fallenherald3/body"},{"predicate":{"custom_model_data":128},"model":"modelengine:fallenherald3/head"},{"predicate":{"custom_model_data":129},"model":"modelengine:fallenherald3/leftarm"},{"predicate":{"custom_model_data":130},"model":"modelengine:fallenherald3/leftarmbot"},{"predicate":{"custom_model_data":131},"model":"modelengine:fallenherald3/rightarm"},{"predicate":{"custom_model_data":132},"model":"modelengine:fallenherald3/hand"},{"predicate":{"custom_model_data":133},"model":"modelengine:fallenherald3/rightarmbot"},{"predicate":{"custom_model_data":134},"model":"modelengine:fallenherald3/sword"},{"predicate":{"custom_model_data":135},"model":"modelengine:fallenherald3/rightleg"},{"predicate":{"custom_model_data":136},"model":"modelengine:fallenherald3/rightlegbot"},{"predicate":{"custom_model_data":137},"model":"modelengine:fallenherald3/piedderenn"},{"predicate":{"custom_model_data":138},"model":"modelengine:fallenherald3/leftleg"},{"predicate":{"custom_model_data":139},"model":"modelengine:fallenherald3/leftlegbot"},{"predicate":{"custom_model_data":140},"model":"modelengine:fallenherald3/piedleften"},{"predicate":{"custom_model_data":141},"model":"modelengine:fallenreaper/faldcentral"},{"predicate":{"custom_model_data":142},"model":"modelengine:fallenreaper/faldizq"},{"predicate":{"custom_model_data":143},"model":"modelengine:fallenreaper/faldder"},{"predicate":{"custom_model_data":144},"model":"modelengine:fallenreaper/capa"},{"predicate":{"custom_model_data":145},"model":"modelengine:fallenreaper/leftarmbot"},{"predicate":{"custom_model_data":146},"model":"modelengine:fallenreaper/leftarm"},{"predicate":{"custom_model_data":147},"model":"modelengine:fallenreaper/odesparticles1"},{"predicate":{"custom_model_data":148},"model":"modelengine:fallenreaper/odes"},{"predicate":{"custom_model_data":149},"model":"modelengine:fallenreaper/hand"},{"predicate":{"custom_model_data":150},"model":"modelengine:fallenreaper/rightarmbot"},{"predicate":{"custom_model_data":151},"model":"modelengine:fallenreaper/rightarm"},{"predicate":{"custom_model_data":152},"model":"modelengine:fallenreaper/head"},{"predicate":{"custom_model_data":153},"model":"modelengine:fallenreaper/body"},{"predicate":{"custom_model_data":154},"model":"modelengine:fallenreaper/piedderenn"},{"predicate":{"custom_model_data":155},"model":"modelengine:fallenreaper/rightlegbot"},{"predicate":{"custom_model_data":156},"model":"modelengine:fallenreaper/rightleg"},{"predicate":{"custom_model_data":157},"model":"modelengine:fallenreaper/piedleften"},{"predicate":{"custom_model_data":158},"model":"modelengine:fallenreaper/leftlegbot"},{"predicate":{"custom_model_data":159},"model":"modelengine:fallenreaper/leftleg"},{"predicate":{"custom_model_data":160},"model":"modelengine:fallenreaper2/faldcentral"},{"predicate":{"custom_model_data":161},"model":"modelengine:fallenreaper2/faldizq"},{"predicate":{"custom_model_data":162},"model":"modelengine:fallenreaper2/faldder"},{"predicate":{"custom_model_data":163},"model":"modelengine:fallenreaper2/capa"},{"predicate":{"custom_model_data":164},"model":"modelengine:fallenreaper2/leftarmbot"},{"predicate":{"custom_model_data":165},"model":"modelengine:fallenreaper2/leftarm"},{"predicate":{"custom_model_data":166},"model":"modelengine:fallenreaper2/odes"},{"predicate":{"custom_model_data":167},"model":"modelengine:fallenreaper2/hand"},{"predicate":{"custom_model_data":168},"model":"modelengine:fallenreaper2/rightarmbot"},{"predicate":{"custom_model_data":169},"model":"modelengine:fallenreaper2/rightarm"},{"predicate":{"custom_model_data":170},"model":"modelengine:fallenreaper2/head"},{"predicate":{"custom_model_data":171},"model":"modelengine:fallenreaper2/body"},{"predicate":{"custom_model_data":172},"model":"modelengine:fallenreaper2/piedderenn"},{"predicate":{"custom_model_data":173},"model":"modelengine:fallenreaper2/rightlegbot"},{"predicate":{"custom_model_data":174},"model":"modelengine:fallenreaper2/rightleg"},{"predicate":{"custom_model_data":175},"model":"modelengine:fallenreaper2/piedleften"},{"predicate":{"custom_model_data":176},"model":"modelengine:fallenreaper2/leftlegbot"},{"predicate":{"custom_model_data":177},"model":"modelengine:fallenreaper2/leftleg"},{"predicate":{"custom_model_data":178},"model":"modelengine:fallenreaper3/faldcentral"},{"predicate":{"custom_model_data":179},"model":"modelengine:fallenreaper3/faldizq"},{"predicate":{"custom_model_data":180},"model":"modelengine:fallenreaper3/faldder"},{"predicate":{"custom_model_data":181},"model":"modelengine:fallenreaper3/capa"},{"predicate":{"custom_model_data":182},"model":"modelengine:fallenreaper3/leftarmxd"},{"predicate":{"custom_model_data":183},"model":"modelengine:fallenreaper3/rightarmxd"},{"predicate":{"custom_model_data":184},"model":"modelengine:fallenreaper3/rightleg"},{"predicate":{"custom_model_data":185},"model":"modelengine:fallenreaper3/leftleg"},{"predicate":{"custom_model_data":186},"model":"modelengine:fallenreaper3/body"},{"predicate":{"custom_model_data":187},"model":"modelengine:fallenreaper3/head"},{"predicate":{"custom_model_data":188},"model":"modelengine:fallenreaper3/maske"},{"predicate":{"custom_model_data":189},"model":"modelengine:fallenreaper3/leftarm"},{"predicate":{"custom_model_data":190},"model":"modelengine:fallenreaper3/leftarmbot2"},{"predicate":{"custom_model_data":191},"model":"modelengine:fallenreaper3/rightarm"},{"predicate":{"custom_model_data":192},"model":"modelengine:fallenreaper3/hand2"},{"predicate":{"custom_model_data":193},"model":"modelengine:fallenreaper3/rightarmbot2"},{"predicate":{"custom_model_data":194},"model":"modelengine:fallenreaper3/rightleg2"},{"predicate":{"custom_model_data":195},"model":"modelengine:fallenreaper3/piedderenn"},{"predicate":{"custom_model_data":196},"model":"modelengine:fallenreaper3/rightlegbot"},{"predicate":{"custom_model_data":197},"model":"modelengine:fallenreaper3/piedleften"},{"predicate":{"custom_model_data":198},"model":"modelengine:fallenreaper3/leftlegbot"},{"predicate":{"custom_model_data":199},"model":"modelengine:fallenreaper3/leftleg2"},{"predicate":{"custom_model_data":200},"model":"modelengine:fallenreaper3/odes"},{"predicate":{"custom_model_data":201},"model":"modelengine:fallensoldier/leftarmbot"},{"predicate":{"custom_model_data":202},"model":"modelengine:fallensoldier/leftarm"},{"predicate":{"custom_model_data":203},"model":"modelengine:fallensoldier/sword"},{"predicate":{"custom_model_data":204},"model":"modelengine:fallensoldier/hand"},{"predicate":{"custom_model_data":205},"model":"modelengine:fallensoldier/rightarmbot"},{"predicate":{"custom_model_data":206},"model":"modelengine:fallensoldier/rightarm"},{"predicate":{"custom_model_data":207},"model":"modelengine:fallensoldier/head"},{"predicate":{"custom_model_data":208},"model":"modelengine:fallensoldier/body"},{"predicate":{"custom_model_data":209},"model":"modelengine:fallensoldier/piedderenn"},{"predicate":{"custom_model_data":210},"model":"modelengine:fallensoldier/rightlegbot"},{"predicate":{"custom_model_data":211},"model":"modelengine:fallensoldier/rightleg"},{"predicate":{"custom_model_data":212},"model":"modelengine:fallensoldier/piedleften"},{"predicate":{"custom_model_data":213},"model":"modelengine:fallensoldier/leftlegbot"},{"predicate":{"custom_model_data":214},"model":"modelengine:fallensoldier/leftleg"},{"predicate":{"custom_model_data":215},"model":"modelengine:fallenwarden/leftarmbot"},{"predicate":{"custom_model_data":216},"model":"modelengine:fallenwarden/leftarm"},{"predicate":{"custom_model_data":217},"model":"modelengine:fallenwarden/lanceaxe"},{"predicate":{"custom_model_data":218},"model":"modelengine:fallenwarden/hand"},{"predicate":{"custom_model_data":219},"model":"modelengine:fallenwarden/rightarmbot"},{"predicate":{"custom_model_data":220},"model":"modelengine:fallenwarden/rightarm"},{"predicate":{"custom_model_data":221},"model":"modelengine:fallenwarden/head"},{"predicate":{"custom_model_data":222},"model":"modelengine:fallenwarden/body"},{"predicate":{"custom_model_data":223},"model":"modelengine:fallenwarden/piedderenn"},{"predicate":{"custom_model_data":224},"model":"modelengine:fallenwarden/rightlegbot"},{"predicate":{"custom_model_data":225},"model":"modelengine:fallenwarden/rightleg"},{"predicate":{"custom_model_data":226},"model":"modelengine:fallenwarden/piedleften"},{"predicate":{"custom_model_data":227},"model":"modelengine:fallenwarden/leftlegbot"},{"predicate":{"custom_model_data":228},"model":"modelengine:fallenwarden/leftleg"},{"predicate":{"custom_model_data":229},"model":"modelengine:fallenwarden2/leftarmbot"},{"predicate":{"custom_model_data":230},"model":"modelengine:fallenwarden2/leftarm"},{"predicate":{"custom_model_data":231},"model":"modelengine:fallenwarden2/lanceaxe"},{"predicate":{"custom_model_data":232},"model":"modelengine:fallenwarden2/hand"},{"predicate":{"custom_model_data":233},"model":"modelengine:fallenwarden2/rightarmbot"},{"predicate":{"custom_model_data":234},"model":"modelengine:fallenwarden2/rightarm"},{"predicate":{"custom_model_data":235},"model":"modelengine:fallenwarden2/head"},{"predicate":{"custom_model_data":236},"model":"modelengine:fallenwarden2/body"},{"predicate":{"custom_model_data":237},"model":"modelengine:fallenwarden2/piedderenn"},{"predicate":{"custom_model_data":238},"model":"modelengine:fallenwarden2/rightlegbot"},{"predicate":{"custom_model_data":239},"model":"modelengine:fallenwarden2/rightleg"},{"predicate":{"custom_model_data":240},"model":"modelengine:fallenwarden2/piedleften"},{"predicate":{"custom_model_data":241},"model":"modelengine:fallenwarden2/leftlegbot"},{"predicate":{"custom_model_data":242},"model":"modelengine:fallenwarden2/leftleg"},{"predicate":{"custom_model_data":243},"model":"modelengine:fallenwarden3/leftarmbot"},{"predicate":{"custom_model_data":244},"model":"modelengine:fallenwarden3/leftarm"},{"predicate":{"custom_model_data":245},"model":"modelengine:fallenwarden3/lanceaxe"},{"predicate":{"custom_model_data":246},"model":"modelengine:fallenwarden3/hand"},{"predicate":{"custom_model_data":247},"model":"modelengine:fallenwarden3/rightarmbot"},{"predicate":{"custom_model_data":248},"model":"modelengine:fallenwarden3/rightarm"},{"predicate":{"custom_model_data":249},"model":"modelengine:fallenwarden3/head"},{"predicate":{"custom_model_data":250},"model":"modelengine:fallenwarden3/body"},{"predicate":{"custom_model_data":251},"model":"modelengine:fallenwarden3/piedderenn"},{"predicate":{"custom_model_data":252},"model":"modelengine:fallenwarden3/rightlegbot"},{"predicate":{"custom_model_data":253},"model":"modelengine:fallenwarden3/rightleg"},{"predicate":{"custom_model_data":254},"model":"modelengine:fallenwarden3/piedleften"},{"predicate":{"custom_model_data":255},"model":"modelengine:fallenwarden3/leftlegbot"},{"predicate":{"custom_model_data":256},"model":"modelengine:fallenwarden3/leftleg"},{"predicate":{"custom_model_data":257},"model":"modelengine:forester/flower"},{"predicate":{"custom_model_data":258},"model":"modelengine:forester/head"},{"predicate":{"custom_model_data":259},"model":"modelengine:forester/wine1_4"},{"predicate":{"custom_model_data":260},"model":"modelengine:forester/wine1_3"},{"predicate":{"custom_model_data":261},"model":"modelengine:forester/wine2"},{"predicate":{"custom_model_data":262},"model":"modelengine:forester/rightarm4"},{"predicate":{"custom_model_data":263},"model":"modelengine:forester/rightarm"},{"predicate":{"custom_model_data":264},"model":"modelengine:forester/wine1_2"},{"predicate":{"custom_model_data":265},"model":"modelengine:forester/wine1_1"},{"predicate":{"custom_model_data":266},"model":"modelengine:forester/wine1"},{"predicate":{"custom_model_data":267},"model":"modelengine:forester/leftarm3"},{"predicate":{"custom_model_data":268},"model":"modelengine:forester/leftarm"},{"predicate":{"custom_model_data":269},"model":"modelengine:forester/upper_body"},{"predicate":{"custom_model_data":270},"model":"modelengine:forester/body"},{"predicate":{"custom_model_data":271},"model":"modelengine:forester/rightleg1"},{"predicate":{"custom_model_data":272},"model":"modelengine:forester/rightleg"},{"predicate":{"custom_model_data":273},"model":"modelengine:forester/leftleg3"},{"predicate":{"custom_model_data":274},"model":"modelengine:forester/leftleg"},{"predicate":{"custom_model_data":275},"model":"modelengine:hell_rat/govde"},{"predicate":{"custom_model_data":276},"model":"modelengine:hell_rat/bone9"},{"predicate":{"custom_model_data":277},"model":"modelengine:hell_rat/lefthorn"},{"predicate":{"custom_model_data":278},"model":"modelengine:hell_rat/righthorn"},{"predicate":{"custom_model_data":279},"model":"modelengine:hell_rat/nose"},{"predicate":{"custom_model_data":280},"model":"modelengine:hell_rat/head"},{"predicate":{"custom_model_data":281},"model":"modelengine:hell_rat/govde2"},{"predicate":{"custom_model_data":282},"model":"modelengine:hell_rat/kuyruk3"},{"predicate":{"custom_model_data":283},"model":"modelengine:hell_rat/kuyruk2"},{"predicate":{"custom_model_data":284},"model":"modelengine:hell_rat/kuyruk"},{"predicate":{"custom_model_data":285},"model":"modelengine:hell_rat/bone"},{"predicate":{"custom_model_data":286},"model":"modelengine:hell_rat/bone3"},{"predicate":{"custom_model_data":287},"model":"modelengine:hell_rat/bone2"},{"predicate":{"custom_model_data":288},"model":"modelengine:hell_rat/bone4"},{"predicate":{"custom_model_data":289},"model":"modelengine:hell_rat/bone7"},{"predicate":{"custom_model_data":290},"model":"modelengine:hell_rat/bone5"},{"predicate":{"custom_model_data":291},"model":"modelengine:hell_rat/bone8"},{"predicate":{"custom_model_data":292},"model":"modelengine:hell_rat/bone6"},{"predicate":{"custom_model_data":293},"model":"modelengine:herobrine/head"},{"predicate":{"custom_model_data":294},"model":"modelengine:herobrine/lefthand"},{"predicate":{"custom_model_data":295},"model":"modelengine:herobrine/leftarm"},{"predicate":{"custom_model_data":296},"model":"modelengine:herobrine/righthand"},{"predicate":{"custom_model_data":297},"model":"modelengine:herobrine/rightarm"},{"predicate":{"custom_model_data":298},"model":"modelengine:herobrine/leftfoot"},{"predicate":{"custom_model_data":299},"model":"modelengine:herobrine/leftleg"},{"predicate":{"custom_model_data":300},"model":"modelengine:herobrine/rightfoot"},{"predicate":{"custom_model_data":301},"model":"modelengine:herobrine/rightleg"},{"predicate":{"custom_model_data":302},"model":"modelengine:herobrine/body"},{"predicate":{"custom_model_data":303},"model":"modelengine:herobrine_alex/head"},{"predicate":{"custom_model_data":304},"model":"modelengine:herobrine_alex/lefthand"},{"predicate":{"custom_model_data":305},"model":"modelengine:herobrine_alex/leftarm"},{"predicate":{"custom_model_data":306},"model":"modelengine:herobrine_alex/righthand"},{"predicate":{"custom_model_data":307},"model":"modelengine:herobrine_alex/rightarm"},{"predicate":{"custom_model_data":308},"model":"modelengine:herobrine_alex/leftfoot"},{"predicate":{"custom_model_data":309},"model":"modelengine:herobrine_alex/leftleg"},{"predicate":{"custom_model_data":310},"model":"modelengine:herobrine_alex/rightfoot"},{"predicate":{"custom_model_data":311},"model":"modelengine:herobrine_alex/rightleg"},{"predicate":{"custom_model_data":312},"model":"modelengine:herobrine_alex/body"},{"predicate":{"custom_model_data":313},"model":"modelengine:herobrine_alex_bits/pickaxe"},{"predicate":{"custom_model_data":314},"model":"modelengine:herobrine_alex_bits/sword"},{"predicate":{"custom_model_data":315},"model":"modelengine:herobrine_alex_bits/shield"},{"predicate":{"custom_model_data":316},"model":"modelengine:herobrine_alex_bits/axe"},{"predicate":{"custom_model_data":317},"model":"modelengine:herobrine_alex_bits/crossbow_loaded"},{"predicate":{"custom_model_data":318},"model":"modelengine:herobrine_alex_bits/crossbow_unloaded"},{"predicate":{"custom_model_data":319},"model":"modelengine:herobrine_alex_bits/fishingrod"},{"predicate":{"custom_model_data":320},"model":"modelengine:herobrine_alex_bits/beef"},{"predicate":{"custom_model_data":321},"model":"modelengine:herobrine_axe/axe"},{"predicate":{"custom_model_data":322},"model":"modelengine:herobrine_bits/pickaxe"},{"predicate":{"custom_model_data":323},"model":"modelengine:herobrine_bits/sword"},{"predicate":{"custom_model_data":324},"model":"modelengine:herobrine_bits/shield"},{"predicate":{"custom_model_data":325},"model":"modelengine:herobrine_bits/axe"},{"predicate":{"custom_model_data":326},"model":"modelengine:herobrine_bits/crossbow_loaded"},{"predicate":{"custom_model_data":327},"model":"modelengine:herobrine_bits/crossbow_unloaded"},{"predicate":{"custom_model_data":328},"model":"modelengine:herobrine_bits/fishingrod"},{"predicate":{"custom_model_data":329},"model":"modelengine:herobrine_bits/beef"},{"predicate":{"custom_model_data":330},"model":"modelengine:herobrine_bobber/bobber"},{"predicate":{"custom_model_data":331},"model":"modelengine:herobrine_steve/head"},{"predicate":{"custom_model_data":332},"model":"modelengine:herobrine_template/head"},{"predicate":{"custom_model_data":333},"model":"modelengine:herobrine_template/lefthand"},{"predicate":{"custom_model_data":334},"model":"modelengine:herobrine_template/leftarm"},{"predicate":{"custom_model_data":335},"model":"modelengine:herobrine_template/righthand"},{"predicate":{"custom_model_data":336},"model":"modelengine:herobrine_template/rightarm"},{"predicate":{"custom_model_data":337},"model":"modelengine:herobrine_template/leftfoot"},{"predicate":{"custom_model_data":338},"model":"modelengine:herobrine_template/leftleg"},{"predicate":{"custom_model_data":339},"model":"modelengine:herobrine_template/rightfoot"},{"predicate":{"custom_model_data":340},"model":"modelengine:herobrine_template/rightleg"},{"predicate":{"custom_model_data":341},"model":"modelengine:herobrine_template/body"},{"predicate":{"custom_model_data":342},"model":"modelengine:herobrine_template_bits/pickaxe"},{"predicate":{"custom_model_data":343},"model":"modelengine:herobrine_template_bits/sword"},{"predicate":{"custom_model_data":344},"model":"modelengine:herobrine_template_bits/shield"},{"predicate":{"custom_model_data":345},"model":"modelengine:herobrine_template_bits/axe"},{"predicate":{"custom_model_data":346},"model":"modelengine:herobrine_template_bits/crossbow_loaded"},{"predicate":{"custom_model_data":347},"model":"modelengine:herobrine_template_bits/crossbow_unloaded"},{"predicate":{"custom_model_data":348},"model":"modelengine:herobrine_template_bits/fishingrod"},{"predicate":{"custom_model_data":349},"model":"modelengine:herobrine_template_bits/beef"},{"predicate":{"custom_model_data":350},"model":"modelengine:herobrine_template_slim/head"},{"predicate":{"custom_model_data":351},"model":"modelengine:herobrine_template_slim/lefthand"},{"predicate":{"custom_model_data":352},"model":"modelengine:herobrine_template_slim/leftarm"},{"predicate":{"custom_model_data":353},"model":"modelengine:herobrine_template_slim/righthand"},{"predicate":{"custom_model_data":354},"model":"modelengine:herobrine_template_slim/rightarm"},{"predicate":{"custom_model_data":355},"model":"modelengine:herobrine_template_slim/leftfoot"},{"predicate":{"custom_model_data":356},"model":"modelengine:herobrine_template_slim/leftleg"},{"predicate":{"custom_model_data":357},"model":"modelengine:herobrine_template_slim/rightfoot"},{"predicate":{"custom_model_data":358},"model":"modelengine:herobrine_template_slim/rightleg"},{"predicate":{"custom_model_data":359},"model":"modelengine:herobrine_template_slim/body"},{"predicate":{"custom_model_data":360},"model":"modelengine:herobrine_template_slim_bits/pickaxe"},{"predicate":{"custom_model_data":361},"model":"modelengine:herobrine_template_slim_bits/sword"},{"predicate":{"custom_model_data":362},"model":"modelengine:herobrine_template_slim_bits/shield"},{"predicate":{"custom_model_data":363},"model":"modelengine:herobrine_template_slim_bits/axe"},{"predicate":{"custom_model_data":364},"model":"modelengine:herobrine_template_slim_bits/crossbow_loaded"},{"predicate":{"custom_model_data":365},"model":"modelengine:herobrine_template_slim_bits/crossbow_unloaded"},{"predicate":{"custom_model_data":366},"model":"modelengine:herobrine_template_slim_bits/fishingrod"},{"predicate":{"custom_model_data":367},"model":"modelengine:herobrine_template_slim_bits/beef"},{"predicate":{"custom_model_data":368},"model":"modelengine:herobrine_zombie/head"},{"predicate":{"custom_model_data":369},"model":"modelengine:herobrine_zombie/lefthand"},{"predicate":{"custom_model_data":370},"model":"modelengine:herobrine_zombie/leftarm"},{"predicate":{"custom_model_data":371},"model":"modelengine:herobrine_zombie/righthand"},{"predicate":{"custom_model_data":372},"model":"modelengine:herobrine_zombie/rightarm"},{"predicate":{"custom_model_data":373},"model":"modelengine:herobrine_zombie/leftfoot"},{"predicate":{"custom_model_data":374},"model":"modelengine:herobrine_zombie/leftleg"},{"predicate":{"custom_model_data":375},"model":"modelengine:herobrine_zombie/rightfoot"},{"predicate":{"custom_model_data":376},"model":"modelengine:herobrine_zombie/rightleg"},{"predicate":{"custom_model_data":377},"model":"modelengine:herobrine_zombie/body"},{"predicate":{"custom_model_data":378},"model":"modelengine:herobrine_zombie_bits/pickaxe"},{"predicate":{"custom_model_data":379},"model":"modelengine:herobrine_zombie_bits/sword"},{"predicate":{"custom_model_data":380},"model":"modelengine:herobrine_zombie_bits/shield"},{"predicate":{"custom_model_data":381},"model":"modelengine:herobrine_zombie_bits/axe"},{"predicate":{"custom_model_data":382},"model":"modelengine:herobrine_zombie_bits/crossbow_loaded"},{"predicate":{"custom_model_data":383},"model":"modelengine:herobrine_zombie_bits/crossbow_unloaded"},{"predicate":{"custom_model_data":384},"model":"modelengine:herobrine_zombie_bits/fishingrod"},{"predicate":{"custom_model_data":385},"model":"modelengine:herobrine_zombie_bits/beef"},{"predicate":{"custom_model_data":386},"model":"modelengine:houndf/bone26"},{"predicate":{"custom_model_data":387},"model":"modelengine:houndf/bone"},{"predicate":{"custom_model_data":388},"model":"modelengine:houndf/jaw2"},{"predicate":{"custom_model_data":389},"model":"modelengine:houndf/jaw"},{"predicate":{"custom_model_data":390},"model":"modelengine:houndf/righthorn2"},{"predicate":{"custom_model_data":391},"model":"modelengine:houndf/lefthorn2"},{"predicate":{"custom_model_data":392},"model":"modelengine:houndf/righthorn"},{"predicate":{"custom_model_data":393},"model":"modelengine:houndf/lefthorn"},{"predicate":{"custom_model_data":394},"model":"modelengine:houndf/head"},{"predicate":{"custom_model_data":395},"model":"modelengine:houndf/bone24"},{"predicate":{"custom_model_data":396},"model":"modelengine:houndf/bone15"},{"predicate":{"custom_model_data":397},"model":"modelengine:houndf/bone10"},{"predicate":{"custom_model_data":398},"model":"modelengine:houndf/bone25"},{"predicate":{"custom_model_data":399},"model":"modelengine:houndf/bone18"},{"predicate":{"custom_model_data":400},"model":"modelengine:houndf/bone20"},{"predicate":{"custom_model_data":401},"model":"modelengine:houndf/bone19"},{"predicate":{"custom_model_data":402},"model":"modelengine:houndf/bone21"},{"predicate":{"custom_model_data":403},"model":"modelengine:houndf/bone8"},{"predicate":{"custom_model_data":404},"model":"modelengine:houndf/bone17"},{"predicate":{"custom_model_data":405},"model":"modelengine:houndf/bone12"},{"predicate":{"custom_model_data":406},"model":"modelengine:houndf/bone22"},{"predicate":{"custom_model_data":407},"model":"modelengine:houndf/bone7"},{"predicate":{"custom_model_data":408},"model":"modelengine:houndf/bone14"},{"predicate":{"custom_model_data":409},"model":"modelengine:houndf/bone16"},{"predicate":{"custom_model_data":410},"model":"modelengine:houndf/bone11"},{"predicate":{"custom_model_data":411},"model":"modelengine:houndf/bone23"},{"predicate":{"custom_model_data":412},"model":"modelengine:houndf/bone9"},{"predicate":{"custom_model_data":413},"model":"modelengine:houndf/bone27"},{"predicate":{"custom_model_data":414},"model":"modelengine:houndf/tail"},{"predicate":{"custom_model_data":415},"model":"modelengine:imp/jaw"},{"predicate":{"custom_model_data":416},"model":"modelengine:imp/lefthorn"},{"predicate":{"custom_model_data":417},"model":"modelengine:imp/righthorn"},{"predicate":{"custom_model_data":418},"model":"modelengine:imp/head"},{"predicate":{"custom_model_data":419},"model":"modelengine:imp/bone15"},{"predicate":{"custom_model_data":420},"model":"modelengine:imp/bone5"},{"predicate":{"custom_model_data":421},"model":"modelengine:imp/bone14"},{"predicate":{"custom_model_data":422},"model":"modelengine:imp/bone6"},{"predicate":{"custom_model_data":423},"model":"modelengine:imp/bone"},{"predicate":{"custom_model_data":424},"model":"modelengine:imp/bone19"},{"predicate":{"custom_model_data":425},"model":"modelengine:imp/bone18"},{"predicate":{"custom_model_data":426},"model":"modelengine:imp/bone17"},{"predicate":{"custom_model_data":427},"model":"modelengine:imp/bone16"},{"predicate":{"custom_model_data":428},"model":"modelengine:imp/bone12"},{"predicate":{"custom_model_data":429},"model":"modelengine:imp/bone9"},{"predicate":{"custom_model_data":430},"model":"modelengine:imp/bone10"},{"predicate":{"custom_model_data":431},"model":"modelengine:imp/bone11"},{"predicate":{"custom_model_data":432},"model":"modelengine:imp/bone8"},{"predicate":{"custom_model_data":433},"model":"modelengine:imp/steve"},{"predicate":{"custom_model_data":434},"model":"modelengine:lavaspider/bone29"},{"predicate":{"custom_model_data":435},"model":"modelengine:lavaspider/bone28"},{"predicate":{"custom_model_data":436},"model":"modelengine:lavaspider/bone27"},{"predicate":{"custom_model_data":437},"model":"modelengine:lavaspider/bone12"},{"predicate":{"custom_model_data":438},"model":"modelengine:lavaspider/bone32"},{"predicate":{"custom_model_data":439},"model":"modelengine:lavaspider/bone31"},{"predicate":{"custom_model_data":440},"model":"modelengine:lavaspider/bone30"},{"predicate":{"custom_model_data":441},"model":"modelengine:lavaspider/bone11"},{"predicate":{"custom_model_data":442},"model":"modelengine:lavaspider/bone43"},{"predicate":{"custom_model_data":443},"model":"modelengine:lavaspider/bone44"},{"predicate":{"custom_model_data":444},"model":"modelengine:lavaspider/bone18"},{"predicate":{"custom_model_data":445},"model":"modelengine:lavaspider/bone40"},{"predicate":{"custom_model_data":446},"model":"modelengine:lavaspider/bone41"},{"predicate":{"custom_model_data":447},"model":"modelengine:lavaspider/bone39"},{"predicate":{"custom_model_data":448},"model":"modelengine:lavaspider/bone17"},{"predicate":{"custom_model_data":449},"model":"modelengine:lavaspider/bone38"},{"predicate":{"custom_model_data":450},"model":"modelengine:lavaspider/bone37"},{"predicate":{"custom_model_data":451},"model":"modelengine:lavaspider/bone36"},{"predicate":{"custom_model_data":452},"model":"modelengine:lavaspider/bone16"},{"predicate":{"custom_model_data":453},"model":"modelengine:lavaspider/bone35"},{"predicate":{"custom_model_data":454},"model":"modelengine:lavaspider/bone34"},{"predicate":{"custom_model_data":455},"model":"modelengine:lavaspider/bone33"},{"predicate":{"custom_model_data":456},"model":"modelengine:lavaspider/bone15"},{"predicate":{"custom_model_data":457},"model":"modelengine:lavaspider/bone19"},{"predicate":{"custom_model_data":458},"model":"modelengine:lavaspider/bone20"},{"predicate":{"custom_model_data":459},"model":"modelengine:lavaspider/bone22"},{"predicate":{"custom_model_data":460},"model":"modelengine:lavaspider/bone21"},{"predicate":{"custom_model_data":461},"model":"modelengine:lavaspider/bone26"},{"predicate":{"custom_model_data":462},"model":"modelengine:lavaspider/bone25"},{"predicate":{"custom_model_data":463},"model":"modelengine:lavaspider/bone24"},{"predicate":{"custom_model_data":464},"model":"modelengine:lavaspider/bone23"},{"predicate":{"custom_model_data":465},"model":"modelengine:lavaspider/fang1"},{"predicate":{"custom_model_data":466},"model":"modelengine:lavaspider/fang2"},{"predicate":{"custom_model_data":467},"model":"modelengine:lavaspider/head"},{"predicate":{"custom_model_data":468},"model":"modelengine:lavaspider/neck"},{"predicate":{"custom_model_data":469},"model":"modelengine:lesserdemon/rightwingpartend"},{"predicate":{"custom_model_data":470},"model":"modelengine:lesserdemon/rightwingpart"},{"predicate":{"custom_model_data":471},"model":"modelengine:lesserdemon/rightwing"},{"predicate":{"custom_model_data":472},"model":"modelengine:lesserdemon/leftwinpartend"},{"predicate":{"custom_model_data":473},"model":"modelengine:lesserdemon/leftwingpart"},{"predicate":{"custom_model_data":474},"model":"modelengine:lesserdemon/leftwing"},{"predicate":{"custom_model_data":475},"model":"modelengine:lesserdemon/head"},{"predicate":{"custom_model_data":476},"model":"modelengine:lesserdemon/bone4"},{"predicate":{"custom_model_data":477},"model":"modelengine:lesserdemon/bone3"},{"predicate":{"custom_model_data":478},"model":"modelengine:lesserdemon/bone2"},{"predicate":{"custom_model_data":479},"model":"modelengine:lesserdemon/bone"},{"predicate":{"custom_model_data":480},"model":"modelengine:lesserdemon/tail"},{"predicate":{"custom_model_data":481},"model":"modelengine:lesserdemon/body"},{"predicate":{"custom_model_data":482},"model":"modelengine:lesserdemon/altf2_2"},{"predicate":{"custom_model_data":483},"model":"modelengine:lesserdemon/altf2"},{"predicate":{"custom_model_data":484},"model":"modelengine:lesserdemon/finger2"},{"predicate":{"custom_model_data":485},"model":"modelengine:lesserdemon/altfg3_3"},{"predicate":{"custom_model_data":486},"model":"modelengine:lesserdemon/altfg3"},{"predicate":{"custom_model_data":487},"model":"modelengine:lesserdemon/finger3"},{"predicate":{"custom_model_data":488},"model":"modelengine:lesserdemon/altfg4_4"},{"predicate":{"custom_model_data":489},"model":"modelengine:lesserdemon/altfg4"},{"predicate":{"custom_model_data":490},"model":"modelengine:lesserdemon/finger4"},{"predicate":{"custom_model_data":491},"model":"modelengine:lesserdemon/claw"},{"predicate":{"custom_model_data":492},"model":"modelengine:lesserdemon/altfg1_1"},{"predicate":{"custom_model_data":493},"model":"modelengine:lesserdemon/altfg1"},{"predicate":{"custom_model_data":494},"model":"modelengine:lesserdemon/finger1"},{"predicate":{"custom_model_data":495},"model":"modelengine:lesserdemon/corrupthand"},{"predicate":{"custom_model_data":496},"model":"modelengine:lesserdemon/rightarmlow"},{"predicate":{"custom_model_data":497},"model":"modelengine:lesserdemon/rightarm"},{"predicate":{"custom_model_data":498},"model":"modelengine:lesserdemon/rightfootclaw"},{"predicate":{"custom_model_data":499},"model":"modelengine:lesserdemon/rightlegalt"},{"predicate":{"custom_model_data":500},"model":"modelengine:lesserdemon/rightleg"},{"predicate":{"custom_model_data":501},"model":"modelengine:lesserdemon/fingar3_3"},{"predicate":{"custom_model_data":502},"model":"modelengine:lesserdemon/fingar3"},{"predicate":{"custom_model_data":503},"model":"modelengine:lesserdemon/fingar2_2"},{"predicate":{"custom_model_data":504},"model":"modelengine:lesserdemon/fingar2"},{"predicate":{"custom_model_data":505},"model":"modelengine:lesserdemon/fingar_0"},{"predicate":{"custom_model_data":506},"model":"modelengine:lesserdemon/fingar"},{"predicate":{"custom_model_data":507},"model":"modelengine:lesserdemon/fingar4_4"},{"predicate":{"custom_model_data":508},"model":"modelengine:lesserdemon/fingar4"},{"predicate":{"custom_model_data":509},"model":"modelengine:lesserdemon/staff"},{"predicate":{"custom_model_data":510},"model":"modelengine:lesserdemon/hand2"},{"predicate":{"custom_model_data":511},"model":"modelengine:lesserdemon/leftarmlow"},{"predicate":{"custom_model_data":512},"model":"modelengine:lesserdemon/leftarm"},{"predicate":{"custom_model_data":513},"model":"modelengine:lesserdemon/leftfootclaw"},{"predicate":{"custom_model_data":514},"model":"modelengine:lesserdemon/leftlegalt"},{"predicate":{"custom_model_data":515},"model":"modelengine:lesserdemon/leftleg"},{"predicate":{"custom_model_data":516},"model":"modelengine:mso_angler_fish/trap2"},{"predicate":{"custom_model_data":517},"model":"modelengine:mso_angler_fish/trap"},{"predicate":{"custom_model_data":518},"model":"modelengine:mso_angler_fish/mouth"},{"predicate":{"custom_model_data":519},"model":"modelengine:mso_angler_fish/head"},{"predicate":{"custom_model_data":520},"model":"modelengine:mso_angler_fish/body"},{"predicate":{"custom_model_data":521},"model":"modelengine:mso_barracuda/upperjaw"},{"predicate":{"custom_model_data":522},"model":"modelengine:mso_barracuda/lowerjaw"},{"predicate":{"custom_model_data":523},"model":"modelengine:mso_barracuda/head"},{"predicate":{"custom_model_data":524},"model":"modelengine:mso_barracuda/tail2"},{"predicate":{"custom_model_data":525},"model":"modelengine:mso_barracuda/tail"},{"predicate":{"custom_model_data":526},"model":"modelengine:mso_barracuda/body"},{"predicate":{"custom_model_data":527},"model":"modelengine:mso_box_jellyfish/body2"},{"predicate":{"custom_model_data":528},"model":"modelengine:mso_box_jellyfish/body"},{"predicate":{"custom_model_data":529},"model":"modelengine:mso_box_jellyfish/main"},{"predicate":{"custom_model_data":530},"model":"modelengine:mso_clam/pearl"},{"predicate":{"custom_model_data":531},"model":"modelengine:mso_clam/upper"},{"predicate":{"custom_model_data":532},"model":"modelengine:mso_clam/main"},{"predicate":{"custom_model_data":533},"model":"modelengine:mso_giant_squid/left_legs3"},{"predicate":{"custom_model_data":534},"model":"modelengine:mso_giant_squid/left_leg3"},{"predicate":{"custom_model_data":535},"model":"modelengine:mso_giant_squid/left_legs2"},{"predicate":{"custom_model_data":536},"model":"modelengine:mso_giant_squid/left_leg2"},{"predicate":{"custom_model_data":537},"model":"modelengine:mso_giant_squid/right_legs2"},{"predicate":{"custom_model_data":538},"model":"modelengine:mso_giant_squid/right_leg2"},{"predicate":{"custom_model_data":539},"model":"modelengine:mso_giant_squid/top_legs"},{"predicate":{"custom_model_data":540},"model":"modelengine:mso_giant_squid/top_leg"},{"predicate":{"custom_model_data":541},"model":"modelengine:mso_giant_squid/bot_legs"},{"predicate":{"custom_model_data":542},"model":"modelengine:mso_giant_squid/bot_leg"},{"predicate":{"custom_model_data":543},"model":"modelengine:mso_giant_squid/left_legs1"},{"predicate":{"custom_model_data":544},"model":"modelengine:mso_giant_squid/left_leg1"},{"predicate":{"custom_model_data":545},"model":"modelengine:mso_giant_squid/right_legs1"},{"predicate":{"custom_model_data":546},"model":"modelengine:mso_giant_squid/right_leg1"},{"predicate":{"custom_model_data":547},"model":"modelengine:mso_giant_squid/right_legs3"},{"predicate":{"custom_model_data":548},"model":"modelengine:mso_giant_squid/right_leg3"},{"predicate":{"custom_model_data":549},"model":"modelengine:mso_giant_squid/head"},{"predicate":{"custom_model_data":550},"model":"modelengine:mso_giant_squid/main"},{"predicate":{"custom_model_data":551},"model":"modelengine:mso_hammerhead_shark1/left_fin"},{"predicate":{"custom_model_data":552},"model":"modelengine:mso_hammerhead_shark1/right_fin"},{"predicate":{"custom_model_data":553},"model":"modelengine:mso_hammerhead_shark1/tail2"},{"predicate":{"custom_model_data":554},"model":"modelengine:mso_hammerhead_shark1/tail"},{"predicate":{"custom_model_data":555},"model":"modelengine:mso_hammerhead_shark1/lower"},{"predicate":{"custom_model_data":556},"model":"modelengine:mso_hammerhead_shark1/lower_jaw"},{"predicate":{"custom_model_data":557},"model":"modelengine:mso_hammerhead_shark1/upper_jaw"},{"predicate":{"custom_model_data":558},"model":"modelengine:mso_hammerhead_shark1/head"},{"predicate":{"custom_model_data":559},"model":"modelengine:mso_hammerhead_shark1/upper"},{"predicate":{"custom_model_data":560},"model":"modelengine:mso_hammerhead_shark2/left_fin"},{"predicate":{"custom_model_data":561},"model":"modelengine:mso_hammerhead_shark2/right_fin"},{"predicate":{"custom_model_data":562},"model":"modelengine:mso_hammerhead_shark2/tail2"},{"predicate":{"custom_model_data":563},"model":"modelengine:mso_hammerhead_shark2/tail"},{"predicate":{"custom_model_data":564},"model":"modelengine:mso_hammerhead_shark2/lower"},{"predicate":{"custom_model_data":565},"model":"modelengine:mso_hammerhead_shark2/lower_jaw"},{"predicate":{"custom_model_data":566},"model":"modelengine:mso_hammerhead_shark2/upper_jaw"},{"predicate":{"custom_model_data":567},"model":"modelengine:mso_hammerhead_shark2/head"},{"predicate":{"custom_model_data":568},"model":"modelengine:mso_hammerhead_shark2/upper"},{"predicate":{"custom_model_data":569},"model":"modelengine:mso_nautilus/ten2"},{"predicate":{"custom_model_data":570},"model":"modelengine:mso_nautilus/ten1"},{"predicate":{"custom_model_data":571},"model":"modelengine:mso_nautilus/shell"},{"predicate":{"custom_model_data":572},"model":"modelengine:mso_octopus_1/right_13"},{"predicate":{"custom_model_data":573},"model":"modelengine:mso_octopus_1/right_12"},{"predicate":{"custom_model_data":574},"model":"modelengine:mso_octopus_1/right_1"},{"predicate":{"custom_model_data":575},"model":"modelengine:mso_octopus_1/right_22"},{"predicate":{"custom_model_data":576},"model":"modelengine:mso_octopus_1/right_2"},{"predicate":{"custom_model_data":577},"model":"modelengine:mso_octopus_1/right_32"},{"predicate":{"custom_model_data":578},"model":"modelengine:mso_octopus_1/right_3"},{"predicate":{"custom_model_data":579},"model":"modelengine:mso_octopus_1/right_42"},{"predicate":{"custom_model_data":580},"model":"modelengine:mso_octopus_1/right_4"},{"predicate":{"custom_model_data":581},"model":"modelengine:mso_octopus_1/left_13"},{"predicate":{"custom_model_data":582},"model":"modelengine:mso_octopus_1/left_12"},{"predicate":{"custom_model_data":583},"model":"modelengine:mso_octopus_1/left_1"},{"predicate":{"custom_model_data":584},"model":"modelengine:mso_octopus_1/left_22"},{"predicate":{"custom_model_data":585},"model":"modelengine:mso_octopus_1/left_2"},{"predicate":{"custom_model_data":586},"model":"modelengine:mso_octopus_1/left_32"},{"predicate":{"custom_model_data":587},"model":"modelengine:mso_octopus_1/left_3"},{"predicate":{"custom_model_data":588},"model":"modelengine:mso_octopus_1/left_42"},{"predicate":{"custom_model_data":589},"model":"modelengine:mso_octopus_1/left_4"},{"predicate":{"custom_model_data":590},"model":"modelengine:mso_octopus_1/head"},{"predicate":{"custom_model_data":591},"model":"modelengine:mso_octopus_2/right_13"},{"predicate":{"custom_model_data":592},"model":"modelengine:mso_octopus_2/right_12"},{"predicate":{"custom_model_data":593},"model":"modelengine:mso_octopus_2/right_1"},{"predicate":{"custom_model_data":594},"model":"modelengine:mso_octopus_2/right_22"},{"predicate":{"custom_model_data":595},"model":"modelengine:mso_octopus_2/right_2"},{"predicate":{"custom_model_data":596},"model":"modelengine:mso_octopus_2/right_32"},{"predicate":{"custom_model_data":597},"model":"modelengine:mso_octopus_2/right_3"},{"predicate":{"custom_model_data":598},"model":"modelengine:mso_octopus_2/right_42"},{"predicate":{"custom_model_data":599},"model":"modelengine:mso_octopus_2/right_4"},{"predicate":{"custom_model_data":600},"model":"modelengine:mso_octopus_2/left_13"},{"predicate":{"custom_model_data":601},"model":"modelengine:mso_octopus_2/left_12"},{"predicate":{"custom_model_data":602},"model":"modelengine:mso_octopus_2/left_1"},{"predicate":{"custom_model_data":603},"model":"modelengine:mso_octopus_2/left_22"},{"predicate":{"custom_model_data":604},"model":"modelengine:mso_octopus_2/left_2"},{"predicate":{"custom_model_data":605},"model":"modelengine:mso_octopus_2/left_32"},{"predicate":{"custom_model_data":606},"model":"modelengine:mso_octopus_2/left_3"},{"predicate":{"custom_model_data":607},"model":"modelengine:mso_octopus_2/left_42"},{"predicate":{"custom_model_data":608},"model":"modelengine:mso_octopus_2/left_4"},{"predicate":{"custom_model_data":609},"model":"modelengine:mso_octopus_2/head"},{"predicate":{"custom_model_data":610},"model":"modelengine:mso_orca/uppermouth"},{"predicate":{"custom_model_data":611},"model":"modelengine:mso_orca/mouth"},{"predicate":{"custom_model_data":612},"model":"modelengine:mso_orca/left_fin"},{"predicate":{"custom_model_data":613},"model":"modelengine:mso_orca/right_fin"},{"predicate":{"custom_model_data":614},"model":"modelengine:mso_orca/tail2"},{"predicate":{"custom_model_data":615},"model":"modelengine:mso_orca/tail"},{"predicate":{"custom_model_data":616},"model":"modelengine:mso_orca/lower"},{"predicate":{"custom_model_data":617},"model":"modelengine:mso_orca/front"},{"predicate":{"custom_model_data":618},"model":"modelengine:mso_piranha/tail"},{"predicate":{"custom_model_data":619},"model":"modelengine:mso_piranha/mouth"},{"predicate":{"custom_model_data":620},"model":"modelengine:mso_piranha/main"},{"predicate":{"custom_model_data":621},"model":"modelengine:mso_pistol_shrimp/leg2"},{"predicate":{"custom_model_data":622},"model":"modelengine:mso_pistol_shrimp/leg1"},{"predicate":{"custom_model_data":623},"model":"modelengine:mso_pistol_shrimp/left_arm2"},{"predicate":{"custom_model_data":624},"model":"modelengine:mso_pistol_shrimp/left_arm"},{"predicate":{"custom_model_data":625},"model":"modelengine:mso_pistol_shrimp/right_arm2"},{"predicate":{"custom_model_data":626},"model":"modelengine:mso_pistol_shrimp/right_arm3"},{"predicate":{"custom_model_data":627},"model":"modelengine:mso_pistol_shrimp/right_arm"},{"predicate":{"custom_model_data":628},"model":"modelengine:mso_pistol_shrimp/main"},{"predicate":{"custom_model_data":629},"model":"modelengine:mso_pufferfish/tail"},{"predicate":{"custom_model_data":630},"model":"modelengine:mso_pufferfish/main"},{"predicate":{"custom_model_data":631},"model":"modelengine:mso_pufferfish_blown/tail"},{"predicate":{"custom_model_data":632},"model":"modelengine:mso_pufferfish_blown/main"},{"predicate":{"custom_model_data":633},"model":"modelengine:mso_sea_angel/lower2"},{"predicate":{"custom_model_data":634},"model":"modelengine:mso_sea_angel/lower"},{"predicate":{"custom_model_data":635},"model":"modelengine:mso_sea_angel/main"},{"predicate":{"custom_model_data":636},"model":"modelengine:mso_stingray/left_fin"},{"predicate":{"custom_model_data":637},"model":"modelengine:mso_stingray/right_fin"},{"predicate":{"custom_model_data":638},"model":"modelengine:mso_stingray/tail2"},{"predicate":{"custom_model_data":639},"model":"modelengine:mso_stingray/tail"},{"predicate":{"custom_model_data":640},"model":"modelengine:mso_stingray/main"},{"predicate":{"custom_model_data":641},"model":"modelengine:nocsy_skeleton_archer/hat"},{"predicate":{"custom_model_data":642},"model":"modelengine:nocsy_skeleton_archer/jaw"},{"predicate":{"custom_model_data":643},"model":"modelengine:nocsy_skeleton_archer/head"},{"predicate":{"custom_model_data":644},"model":"modelengine:nocsy_skeleton_archer/left_tibia"},{"predicate":{"custom_model_data":645},"model":"modelengine:nocsy_skeleton_archer/left_femur"},{"predicate":{"custom_model_data":646},"model":"modelengine:nocsy_skeleton_archer/right_tibia"},{"predicate":{"custom_model_data":647},"model":"modelengine:nocsy_skeleton_archer/right_femur"},{"predicate":{"custom_model_data":648},"model":"modelengine:nocsy_skeleton_archer/iliac"},{"predicate":{"custom_model_data":649},"model":"modelengine:nocsy_skeleton_archer/left_mid_arm"},{"predicate":{"custom_model_data":650},"model":"modelengine:nocsy_skeleton_archer/left_arm"},{"predicate":{"custom_model_data":651},"model":"modelengine:nocsy_skeleton_archer/bow"},{"predicate":{"custom_model_data":652},"model":"modelengine:nocsy_skeleton_archer/right_mid_arm"},{"predicate":{"custom_model_data":653},"model":"modelengine:nocsy_skeleton_archer/right_arm"},{"predicate":{"custom_model_data":654},"model":"modelengine:nocsy_skeleton_archer/arrow"},{"predicate":{"custom_model_data":655},"model":"modelengine:nocsy_skeleton_archer/body"},{"predicate":{"custom_model_data":656},"model":"modelengine:nocsy_skeleton_brute1/jaw"},{"predicate":{"custom_model_data":657},"model":"modelengine:nocsy_skeleton_brute1/head"},{"predicate":{"custom_model_data":658},"model":"modelengine:nocsy_skeleton_brute1/left_tibia"},{"predicate":{"custom_model_data":659},"model":"modelengine:nocsy_skeleton_brute1/left_femur"},{"predicate":{"custom_model_data":660},"model":"modelengine:nocsy_skeleton_brute1/right_foot"},{"predicate":{"custom_model_data":661},"model":"modelengine:nocsy_skeleton_brute1/right_tibia"},{"predicate":{"custom_model_data":662},"model":"modelengine:nocsy_skeleton_brute1/right_femur"},{"predicate":{"custom_model_data":663},"model":"modelengine:nocsy_skeleton_brute1/iliac"},{"predicate":{"custom_model_data":664},"model":"modelengine:nocsy_skeleton_brute1/left_mid_arm"},{"predicate":{"custom_model_data":665},"model":"modelengine:nocsy_skeleton_brute1/left_arm"},{"predicate":{"custom_model_data":666},"model":"modelengine:nocsy_skeleton_brute1/weapon"},{"predicate":{"custom_model_data":667},"model":"modelengine:nocsy_skeleton_brute1/right_mid_arm"},{"predicate":{"custom_model_data":668},"model":"modelengine:nocsy_skeleton_brute1/right_arm"},{"predicate":{"custom_model_data":669},"model":"modelengine:nocsy_skeleton_brute1/pectus"},{"predicate":{"custom_model_data":670},"model":"modelengine:nocsy_skeleton_brute1/body"},{"predicate":{"custom_model_data":671},"model":"modelengine:nocsy_skeleton_brute2/jaw"},{"predicate":{"custom_model_data":672},"model":"modelengine:nocsy_skeleton_brute2/head"},{"predicate":{"custom_model_data":673},"model":"modelengine:nocsy_skeleton_brute2/right_foot"},{"predicate":{"custom_model_data":674},"model":"modelengine:nocsy_skeleton_brute2/right_tibia"},{"predicate":{"custom_model_data":675},"model":"modelengine:nocsy_skeleton_brute2/right_femur"},{"predicate":{"custom_model_data":676},"model":"modelengine:nocsy_skeleton_brute2/left_foot"},{"predicate":{"custom_model_data":677},"model":"modelengine:nocsy_skeleton_brute2/left_tibia"},{"predicate":{"custom_model_data":678},"model":"modelengine:nocsy_skeleton_brute2/left_femur"},{"predicate":{"custom_model_data":679},"model":"modelengine:nocsy_skeleton_brute2/iliac"},{"predicate":{"custom_model_data":680},"model":"modelengine:nocsy_skeleton_brute2/left_mid_arm"},{"predicate":{"custom_model_data":681},"model":"modelengine:nocsy_skeleton_brute2/left_arm"},{"predicate":{"custom_model_data":682},"model":"modelengine:nocsy_skeleton_brute2/sword"},{"predicate":{"custom_model_data":683},"model":"modelengine:nocsy_skeleton_brute2/right_mid_arm"},{"predicate":{"custom_model_data":684},"model":"modelengine:nocsy_skeleton_brute2/right_arm"},{"predicate":{"custom_model_data":685},"model":"modelengine:nocsy_skeleton_brute2/pectus"},{"predicate":{"custom_model_data":686},"model":"modelengine:nocsy_skeleton_brute2/body"},{"predicate":{"custom_model_data":687},"model":"modelengine:nocsy_skeleton_necromancer/jaw"},{"predicate":{"custom_model_data":688},"model":"modelengine:nocsy_skeleton_necromancer/head"},{"predicate":{"custom_model_data":689},"model":"modelengine:nocsy_skeleton_necromancer/right_drap"},{"predicate":{"custom_model_data":690},"model":"modelengine:nocsy_skeleton_necromancer/left_drap"},{"predicate":{"custom_model_data":691},"model":"modelengine:nocsy_skeleton_necromancer/back_drap"},{"predicate":{"custom_model_data":692},"model":"modelengine:nocsy_skeleton_necromancer/front_drap"},{"predicate":{"custom_model_data":693},"model":"modelengine:nocsy_skeleton_necromancer/iliac"},{"predicate":{"custom_model_data":694},"model":"modelengine:nocsy_skeleton_necromancer/lantern"},{"predicate":{"custom_model_data":695},"model":"modelengine:nocsy_skeleton_necromancer/head_chain"},{"predicate":{"custom_model_data":696},"model":"modelengine:nocsy_skeleton_necromancer/left_mid_arm"},{"predicate":{"custom_model_data":697},"model":"modelengine:nocsy_skeleton_necromancer/left_arm"},{"predicate":{"custom_model_data":698},"model":"modelengine:nocsy_skeleton_necromancer/right_mid_arm"},{"predicate":{"custom_model_data":699},"model":"modelengine:nocsy_skeleton_necromancer/right_arm"},{"predicate":{"custom_model_data":700},"model":"modelengine:nocsy_skeleton_necromancer/pectus"},{"predicate":{"custom_model_data":701},"model":"modelengine:nocsy_skeleton_necromancer/right_manche"},{"predicate":{"custom_model_data":702},"model":"modelengine:nocsy_skeleton_necromancer/left_manche"},{"predicate":{"custom_model_data":703},"model":"modelengine:nocsy_skeleton_necromancer/body"},{"predicate":{"custom_model_data":704},"model":"modelengine:nocsy_skeleton_skull/wheel"},{"predicate":{"custom_model_data":705},"model":"modelengine:nocsy_skeleton_skull/jaw"},{"predicate":{"custom_model_data":706},"model":"modelengine:nocsy_skeleton_skull/head"},{"predicate":{"custom_model_data":707},"model":"modelengine:nocsy_skeleton_warrior/jaw"},{"predicate":{"custom_model_data":708},"model":"modelengine:nocsy_skeleton_warrior/head"},{"predicate":{"custom_model_data":709},"model":"modelengine:nocsy_skeleton_warrior/left_tibia"},{"predicate":{"custom_model_data":710},"model":"modelengine:nocsy_skeleton_warrior/left_femur"},{"predicate":{"custom_model_data":711},"model":"modelengine:nocsy_skeleton_warrior/right_tibia"},{"predicate":{"custom_model_data":712},"model":"modelengine:nocsy_skeleton_warrior/right_femur"},{"predicate":{"custom_model_data":713},"model":"modelengine:nocsy_skeleton_warrior/iliac"},{"predicate":{"custom_model_data":714},"model":"modelengine:nocsy_skeleton_warrior/shield"},{"predicate":{"custom_model_data":715},"model":"modelengine:nocsy_skeleton_warrior/left_mid_arm"},{"predicate":{"custom_model_data":716},"model":"modelengine:nocsy_skeleton_warrior/left_arm"},{"predicate":{"custom_model_data":717},"model":"modelengine:nocsy_skeleton_warrior/right_mid_arm"},{"predicate":{"custom_model_data":718},"model":"modelengine:nocsy_skeleton_warrior/right_arm"},{"predicate":{"custom_model_data":719},"model":"modelengine:nocsy_skeleton_warrior/body"},{"predicate":{"custom_model_data":720},"model":"modelengine:ouldhana/head"},{"predicate":{"custom_model_data":721},"model":"modelengine:ouldhana/sword"},{"predicate":{"custom_model_data":722},"model":"modelengine:ouldhana/hand1"},{"predicate":{"custom_model_data":723},"model":"modelengine:ouldhana/sub_arm1"},{"predicate":{"custom_model_data":724},"model":"modelengine:ouldhana/arm1"},{"predicate":{"custom_model_data":725},"model":"modelengine:ouldhana/hand2"},{"predicate":{"custom_model_data":726},"model":"modelengine:ouldhana/sub_arm2"},{"predicate":{"custom_model_data":727},"model":"modelengine:ouldhana/arm2"},{"predicate":{"custom_model_data":728},"model":"modelengine:ouldhana/tentacle_tip"},{"predicate":{"custom_model_data":729},"model":"modelengine:ouldhana/min_tentacle"},{"predicate":{"custom_model_data":730},"model":"modelengine:ouldhana/sub_tentacle"},{"predicate":{"custom_model_data":731},"model":"modelengine:ouldhana/tentacle"},{"predicate":{"custom_model_data":732},"model":"modelengine:ouldhana/tentacle_tip2"},{"predicate":{"custom_model_data":733},"model":"modelengine:ouldhana/min_tentacle2"},{"predicate":{"custom_model_data":734},"model":"modelengine:ouldhana/sub_tentacle2"},{"predicate":{"custom_model_data":735},"model":"modelengine:ouldhana/tentacle2"},{"predicate":{"custom_model_data":736},"model":"modelengine:ouldhana/tentacle_tip3"},{"predicate":{"custom_model_data":737},"model":"modelengine:ouldhana/min_tentacle3"},{"predicate":{"custom_model_data":738},"model":"modelengine:ouldhana/sub_tentacle3"},{"predicate":{"custom_model_data":739},"model":"modelengine:ouldhana/tentacle3"},{"predicate":{"custom_model_data":740},"model":"modelengine:ouldhana/tentacle_tip4"},{"predicate":{"custom_model_data":741},"model":"modelengine:ouldhana/min_tentacle4"},{"predicate":{"custom_model_data":742},"model":"modelengine:ouldhana/sub_tentacle4"},{"predicate":{"custom_model_data":743},"model":"modelengine:ouldhana/tentacle4"},{"predicate":{"custom_model_data":744},"model":"modelengine:ouldhana/stabbed_sword"},{"predicate":{"custom_model_data":745},"model":"modelengine:ouldhana/body"},{"predicate":{"custom_model_data":746},"model":"modelengine:ouldhana/foot1"},{"predicate":{"custom_model_data":747},"model":"modelengine:ouldhana/min_leg1"},{"predicate":{"custom_model_data":748},"model":"modelengine:ouldhana/sub_leg1"},{"predicate":{"custom_model_data":749},"model":"modelengine:ouldhana/leg1"},{"predicate":{"custom_model_data":750},"model":"modelengine:ouldhana/foot2"},{"predicate":{"custom_model_data":751},"model":"modelengine:ouldhana/min_leg2"},{"predicate":{"custom_model_data":752},"model":"modelengine:ouldhana/sub_leg2"},{"predicate":{"custom_model_data":753},"model":"modelengine:ouldhana/leg2"},{"predicate":{"custom_model_data":754},"model":"modelengine:ouldhana/slash_vfx"},{"predicate":{"custom_model_data":755},"model":"modelengine:ouldhana/large_slash_vfx"},{"predicate":{"custom_model_data":756},"model":"modelengine:ouldhana/summon_hexes_vfx"},{"predicate":{"custom_model_data":757},"model":"modelengine:ouldhana_ritual/inverted_pentagram"},{"predicate":{"custom_model_data":758},"model":"modelengine:ouldhana_ritual/candles"},{"predicate":{"custom_model_data":759},"model":"modelengine:ouldhana_tentacle/tentacle_tip"},{"predicate":{"custom_model_data":760},"model":"modelengine:ouldhana_tentacle/min_tentacle"},{"predicate":{"custom_model_data":761},"model":"modelengine:ouldhana_tentacle/sub_tentacle"},{"predicate":{"custom_model_data":762},"model":"modelengine:ouldhana_tentacle/ouldhana_tentacle"},{"predicate":{"custom_model_data":763},"model":"modelengine:parallelzombie/jaws"},{"predicate":{"custom_model_data":764},"model":"modelengine:parallelzombie/head"},{"predicate":{"custom_model_data":765},"model":"modelengine:parallelzombie/leftarm"},{"predicate":{"custom_model_data":766},"model":"modelengine:parallelzombie/rightarm"},{"predicate":{"custom_model_data":767},"model":"modelengine:parallelzombie/body"},{"predicate":{"custom_model_data":768},"model":"modelengine:parallelzombie/leftleg"},{"predicate":{"custom_model_data":769},"model":"modelengine:parallelzombie/rightleg"},{"predicate":{"custom_model_data":770},"model":"modelengine:siren_head/belly"},{"predicate":{"custom_model_data":771},"model":"modelengine:siren_head/left_forearm"},{"predicate":{"custom_model_data":772},"model":"modelengine:siren_head/left_arm"},{"predicate":{"custom_model_data":773},"model":"modelengine:siren_head/right_forearm"},{"predicate":{"custom_model_data":774},"model":"modelengine:siren_head/right_arm"},{"predicate":{"custom_model_data":775},"model":"modelengine:siren_head/body"},{"predicate":{"custom_model_data":776},"model":"modelengine:siren_head/left_foreleg"},{"predicate":{"custom_model_data":777},"model":"modelengine:siren_head/left_leg"},{"predicate":{"custom_model_data":778},"model":"modelengine:siren_head/right_foreleg"},{"predicate":{"custom_model_data":779},"model":"modelengine:siren_head/right_leg"},{"predicate":{"custom_model_data":780},"model":"modelengine:siren_head/hip"},{"predicate":{"custom_model_data":781},"model":"modelengine:summon/head"},{"predicate":{"custom_model_data":782},"model":"modelengine:summon/leftarmlow"},{"predicate":{"custom_model_data":783},"model":"modelengine:summon/leftarm"},{"predicate":{"custom_model_data":784},"model":"modelengine:summon/weapon"},{"predicate":{"custom_model_data":785},"model":"modelengine:summon/rightarmlow"},{"predicate":{"custom_model_data":786},"model":"modelengine:summon/rightarm"},{"predicate":{"custom_model_data":787},"model":"modelengine:summon/top"},{"predicate":{"custom_model_data":788},"model":"modelengine:summon/rightleglow"},{"predicate":{"custom_model_data":789},"model":"modelengine:summon/rightleg"},{"predicate":{"custom_model_data":790},"model":"modelengine:summon/leftleglow"},{"predicate":{"custom_model_data":791},"model":"modelengine:summon/leftleg"},{"predicate":{"custom_model_data":792},"model":"modelengine:summon/ass"},{"predicate":{"custom_model_data":793},"model":"modelengine:vs_chieftain/head"},{"predicate":{"custom_model_data":794},"model":"modelengine:vs_chieftain/right_arm"},{"predicate":{"custom_model_data":795},"model":"modelengine:vs_chieftain/left_leg"},{"predicate":{"custom_model_data":796},"model":"modelengine:vs_chieftain/right_leg"},{"predicate":{"custom_model_data":797},"model":"modelengine:vs_chieftain/head2"},{"predicate":{"custom_model_data":798},"model":"modelengine:vs_chieftain/left_arm"},{"predicate":{"custom_model_data":799},"model":"modelengine:vs_chieftain/left_leg2"},{"predicate":{"custom_model_data":800},"model":"modelengine:vs_chieftain/right_leg2"},{"predicate":{"custom_model_data":801},"model":"modelengine:vs_chieftain/body2"},{"predicate":{"custom_model_data":802},"model":"modelengine:vs_chieftain/body"},{"predicate":{"custom_model_data":1001},"model":"modelengine:mso_cavepack_lava_squid/bone"},{"predicate":{"custom_model_data":1002},"model":"modelengine:mso_cavepack_lava_squid/bone2"},{"predicate":{"custom_model_data":1003},"model":"modelengine:mso_cavepack_lava_squid/tentacle"},{"predicate":{"custom_model_data":1004},"model":"modelengine:mso_cavepack_lava_squid/bone6"},{"predicate":{"custom_model_data":1005},"model":"modelengine:mso_cavepack_lava_squid/tentacle2"},{"predicate":{"custom_model_data":1006},"model":"modelengine:mso_cavepack_lava_squid/bone8"},{"predicate":{"custom_model_data":1007},"model":"modelengine:mso_cavepack_lava_squid/tentacle3"},{"predicate":{"custom_model_data":1008},"model":"modelengine:mso_cavepack_lava_squid/bone10"},{"predicate":{"custom_model_data":1009},"model":"modelengine:mso_cavepack_lava_squid/tentacle4"},{"predicate":{"custom_model_data":1010},"model":"modelengine:mso_cavepack_lava_squid/bone3"},{"predicate":{"custom_model_data":1011},"model":"modelengine:mso_cavepack_lava_squid/forhead"},{"predicate":{"custom_model_data":1012},"model":"modelengine:mso_cavepack_legless_skeleton/jaw"},{"predicate":{"custom_model_data":1013},"model":"modelengine:mso_cavepack_legless_skeleton/head"},{"predicate":{"custom_model_data":1014},"model":"modelengine:mso_cavepack_legless_skeleton/nick"},{"predicate":{"custom_model_data":1015},"model":"modelengine:mso_cavepack_legless_skeleton/body"},{"predicate":{"custom_model_data":1016},"model":"modelengine:mso_cavepack_legless_skeleton/finger"},{"predicate":{"custom_model_data":1017},"model":"modelengine:mso_cavepack_legless_skeleton/finger2"},{"predicate":{"custom_model_data":1018},"model":"modelengine:mso_cavepack_legless_skeleton/finger3"},{"predicate":{"custom_model_data":1019},"model":"modelengine:mso_cavepack_legless_skeleton/hand"},{"predicate":{"custom_model_data":1020},"model":"modelengine:mso_cavepack_legless_skeleton/arm"},{"predicate":{"custom_model_data":1021},"model":"modelengine:mso_cavepack_legless_skeleton/leftarm"},{"predicate":{"custom_model_data":1022},"model":"modelengine:mso_cavepack_legless_skeleton/finger4"},{"predicate":{"custom_model_data":1023},"model":"modelengine:mso_cavepack_legless_skeleton/finger5"},{"predicate":{"custom_model_data":1024},"model":"modelengine:mso_cavepack_legless_skeleton/finger6"},{"predicate":{"custom_model_data":1025},"model":"modelengine:mso_cavepack_legless_skeleton/hand2"},{"predicate":{"custom_model_data":1026},"model":"modelengine:mso_cavepack_legless_skeleton/arm2"},{"predicate":{"custom_model_data":1027},"model":"modelengine:mso_cavepack_legless_skeleton/rightarm"},{"predicate":{"custom_model_data":1028},"model":"modelengine:mso_cavepack_lush_spider/head"},{"predicate":{"custom_model_data":1029},"model":"modelengine:mso_cavepack_lush_spider/bone"},{"predicate":{"custom_model_data":1030},"model":"modelengine:mso_cavepack_lush_spider/leftleg"},{"predicate":{"custom_model_data":1031},"model":"modelengine:mso_cavepack_lush_spider/leftleg4"},{"predicate":{"custom_model_data":1032},"model":"modelengine:mso_cavepack_lush_spider/rightleg5"},{"predicate":{"custom_model_data":1033},"model":"modelengine:mso_cavepack_lush_spider/leftleg2"},{"predicate":{"custom_model_data":1034},"model":"modelengine:mso_cavepack_lush_spider/leftleg3"},{"predicate":{"custom_model_data":1035},"model":"modelengine:mso_cavepack_lush_spider/rightleg"},{"predicate":{"custom_model_data":1036},"model":"modelengine:mso_cavepack_lush_spider/rightleg2"},{"predicate":{"custom_model_data":1037},"model":"modelengine:mso_cavepack_lush_spider/rightleg3"},{"predicate":{"custom_model_data":1038},"model":"modelengine:mso_cavepack_lush_spider/bone2"},{"predicate":{"custom_model_data":1039},"model":"modelengine:mso_cavepack_mushroom/bone5"},{"predicate":{"custom_model_data":1040},"model":"modelengine:mso_cavepack_mushroom/bone4"},{"predicate":{"custom_model_data":1041},"model":"modelengine:mso_cavepack_mushroom/rightleg"},{"predicate":{"custom_model_data":1042},"model":"modelengine:mso_cavepack_mushroom/leftleg"},{"predicate":{"custom_model_data":1043},"model":"modelengine:mso_cavepack_mushroom_lich/bone5"},{"predicate":{"custom_model_data":1044},"model":"modelengine:mso_cavepack_mushroom_lich/bone4"},{"predicate":{"custom_model_data":1045},"model":"modelengine:mso_cavepack_mushroom_lich/rightleg"},{"predicate":{"custom_model_data":1046},"model":"modelengine:mso_cavepack_mushroom_lich/leftleg"},{"predicate":{"custom_model_data":1047},"model":"modelengine:mso_cavepack_stalagtite_man/bone2"},{"predicate":{"custom_model_data":1048},"model":"modelengine:mso_cavepack_stalagtite_man/leftleg"},{"predicate":{"custom_model_data":1049},"model":"modelengine:mso_cavepack_stalagtite_man/bone4"},{"predicate":{"custom_model_data":1050},"model":"modelengine:mso_cavepack_stalagtite_man/rightarm"},{"predicate":{"custom_model_data":1051},"model":"modelengine:mso_cavepack_stalagtite_man/bone5"},{"predicate":{"custom_model_data":1052},"model":"modelengine:mso_cavepack_stalagtite_man/leftarm"},{"predicate":{"custom_model_data":1053},"model":"modelengine:mso_cavepack_stalagtite_man/bone7"},{"predicate":{"custom_model_data":1054},"model":"modelengine:mso_cavepack_stalagtite_man/head1"},{"predicate":{"custom_model_data":1055},"model":"modelengine:mso_cavepack_stalagtite_man/bone6"},{"predicate":{"custom_model_data":1056},"model":"modelengine:mso_cavepack_stalagtite_man/head2"},{"predicate":{"custom_model_data":1057},"model":"modelengine:mso_cavepack_stalagtite_man/bone"},{"predicate":{"custom_model_data":1058},"model":"modelengine:mso_cavepack_stalagtite_man/bone3"},{"predicate":{"custom_model_data":1059},"model":"modelengine:mso_cavepack_stalagtite_man/rightleg"},{"predicate":{"custom_model_data":1060},"model":"modelengine:mso_cavepack_warped_mushroom/bone5"},{"predicate":{"custom_model_data":1061},"model":"modelengine:mso_cavepack_warped_mushroom/bone4"},{"predicate":{"custom_model_data":1062},"model":"modelengine:mso_cavepack_warped_mushroom/rightleg"},{"predicate":{"custom_model_data":1063},"model":"modelengine:mso_cavepack_warped_mushroom/leftleg"},{"predicate":{"custom_model_data":2001},"model":"modelengine:mso_amethyst_golem/rightleg"},{"predicate":{"custom_model_data":2002},"model":"modelengine:mso_amethyst_golem/leftleg"},{"predicate":{"custom_model_data":2003},"model":"modelengine:mso_amethyst_golem/head"},{"predicate":{"custom_model_data":2004},"model":"modelengine:mso_amethyst_golem/leftarm"},{"predicate":{"custom_model_data":2005},"model":"modelengine:mso_amethyst_golem/rightarm"},{"predicate":{"custom_model_data":2006},"model":"modelengine:mso_amethyst_golem/body"},{"predicate":{"custom_model_data":2007},"model":"modelengine:mso_cave_fly/bone3"},{"predicate":{"custom_model_data":2008},"model":"modelengine:mso_cave_fly/bone2"},{"predicate":{"custom_model_data":2009},"model":"modelengine:mso_cave_fly/bone4"},{"predicate":{"custom_model_data":2010},"model":"modelengine:mso_cave_fly/general"},{"predicate":{"custom_model_data":2011},"model":"modelengine:mso_cave_insect/bone2"},{"predicate":{"custom_model_data":2012},"model":"modelengine:mso_cave_insect/bone4"},{"predicate":{"custom_model_data":2013},"model":"modelengine:mso_cave_insect/bone5"},{"predicate":{"custom_model_data":2014},"model":"modelengine:mso_cave_insect/bone6"},{"predicate":{"custom_model_data":2015},"model":"modelengine:mso_cave_insect/bone3"},{"predicate":{"custom_model_data":2016},"model":"modelengine:mso_cave_insect/head"},{"predicate":{"custom_model_data":2017},"model":"modelengine:mso_cave_insect/neck"},{"predicate":{"custom_model_data":2018},"model":"modelengine:mso_cave_insect/bone"},{"predicate":{"custom_model_data":2019},"model":"modelengine:mso_cave_insect/rightfrontleg"},{"predicate":{"custom_model_data":2020},"model":"modelengine:mso_cave_insect/leftfrontleg3"},{"predicate":{"custom_model_data":2021},"model":"modelengine:mso_cave_insect/leftfrontleg"},{"predicate":{"custom_model_data":2022},"model":"modelengine:mso_cave_insect/rightfrontleg2"},{"predicate":{"custom_model_data":2023},"model":"modelengine:mso_cave_insect/leftfrontleg2"},{"predicate":{"custom_model_data":2024},"model":"modelengine:mso_cave_insect/rightfrontleg4"},{"predicate":{"custom_model_data":2025},"model":"modelengine:mso_cave_insect/general"},{"predicate":{"custom_model_data":2026},"model":"modelengine:mso_glowfly/bone3"},{"predicate":{"custom_model_data":2027},"model":"modelengine:mso_glowfly/bone2"},{"predicate":{"custom_model_data":2028},"model":"modelengine:mso_glowfly/bone4"},{"predicate":{"custom_model_data":2029},"model":"modelengine:mso_glowfly/general"},{"predicate":{"custom_model_data":2030},"model":"modelengine:mso_miner_dwarf/pickaxe"},{"predicate":{"custom_model_data":2031},"model":"modelengine:mso_miner_dwarf/bone7"},{"predicate":{"custom_model_data":2032},"model":"modelengine:mso_miner_dwarf/bone6"},{"predicate":{"custom_model_data":2033},"model":"modelengine:mso_miner_dwarf/leftarm"},{"predicate":{"custom_model_data":2034},"model":"modelengine:mso_miner_dwarf/bone8"},{"predicate":{"custom_model_data":2035},"model":"modelengine:mso_miner_dwarf/bone5"},{"predicate":{"custom_model_data":2036},"model":"modelengine:mso_miner_dwarf/rightarm"},{"predicate":{"custom_model_data":2037},"model":"modelengine:mso_miner_dwarf/bone10"},{"predicate":{"custom_model_data":2038},"model":"modelengine:mso_miner_dwarf/head"},{"predicate":{"custom_model_data":2039},"model":"modelengine:mso_miner_dwarf/body"},{"predicate":{"custom_model_data":2040},"model":"modelengine:mso_miner_dwarf/bone4"},{"predicate":{"custom_model_data":2041},"model":"modelengine:mso_miner_dwarf/bone3"},{"predicate":{"custom_model_data":2042},"model":"modelengine:mso_miner_dwarf/rightleg"},{"predicate":{"custom_model_data":2043},"model":"modelengine:mso_miner_dwarf/bone2"},{"predicate":{"custom_model_data":2044},"model":"modelengine:mso_miner_dwarf/bone"},{"predicate":{"custom_model_data":2045},"model":"modelengine:mso_miner_dwarf/leftleg"},{"predicate":{"custom_model_data":2046},"model":"modelengine:mso_spittleshrub/bone2"},{"predicate":{"custom_model_data":2047},"model":"modelengine:mso_spittleshrub/leftwing"},{"predicate":{"custom_model_data":2048},"model":"modelengine:mso_spittleshrub/rightwing"},{"predicate":{"custom_model_data":2049},"model":"modelengine:mso_spittleshrub/bone3"},{"predicate":{"custom_model_data":2050},"model":"modelengine:mso_spittleshrub/general"},{"predicate":{"custom_model_data":3001},"model":"modelengine:creeper_bamboo/leg4_armor"},{"predicate":{"custom_model_data":3002},"model":"modelengine:creeper_bamboo/leg4"},{"predicate":{"custom_model_data":3003},"model":"modelengine:creeper_bamboo/leg3_armor"},{"predicate":{"custom_model_data":3004},"model":"modelengine:creeper_bamboo/leg3"},{"predicate":{"custom_model_data":3005},"model":"modelengine:creeper_bamboo/leg2_armor"},{"predicate":{"custom_model_data":3006},"model":"modelengine:creeper_bamboo/leg2"},{"predicate":{"custom_model_data":3007},"model":"modelengine:creeper_bamboo/leg1_armor"},{"predicate":{"custom_model_data":3008},"model":"modelengine:creeper_bamboo/leg1"},{"predicate":{"custom_model_data":3009},"model":"modelengine:creeper_bamboo/head_armor"},{"predicate":{"custom_model_data":3010},"model":"modelengine:creeper_bamboo/head"},{"predicate":{"custom_model_data":3011},"model":"modelengine:creeper_bamboo/body_armor"},{"predicate":{"custom_model_data":3012},"model":"modelengine:creeper_bamboo/body"},{"predicate":{"custom_model_data":3013},"model":"modelengine:creeper_hills/leg4_armor"},{"predicate":{"custom_model_data":3014},"model":"modelengine:creeper_hills/leg4"},{"predicate":{"custom_model_data":3015},"model":"modelengine:creeper_hills/leg3_armor"},{"predicate":{"custom_model_data":3016},"model":"modelengine:creeper_hills/leg3"},{"predicate":{"custom_model_data":3017},"model":"modelengine:creeper_hills/leg2_armor"},{"predicate":{"custom_model_data":3018},"model":"modelengine:creeper_hills/leg2"},{"predicate":{"custom_model_data":3019},"model":"modelengine:creeper_hills/leg1_armor"},{"predicate":{"custom_model_data":3020},"model":"modelengine:creeper_hills/leg1"},{"predicate":{"custom_model_data":3021},"model":"modelengine:creeper_hills/body_armor"},{"predicate":{"custom_model_data":3022},"model":"modelengine:creeper_hills/body"},{"predicate":{"custom_model_data":3023},"model":"modelengine:creeper_jungle/leg4_armor"},{"predicate":{"custom_model_data":3024},"model":"modelengine:creeper_jungle/leg4"},{"predicate":{"custom_model_data":3025},"model":"modelengine:creeper_jungle/leg3_armor"},{"predicate":{"custom_model_data":3026},"model":"modelengine:creeper_jungle/leg3"},{"predicate":{"custom_model_data":3027},"model":"modelengine:creeper_jungle/leg2_armor"},{"predicate":{"custom_model_data":3028},"model":"modelengine:creeper_jungle/leg2"},{"predicate":{"custom_model_data":3029},"model":"modelengine:creeper_jungle/leg1_armor"},{"predicate":{"custom_model_data":3030},"model":"modelengine:creeper_jungle/leg1"},{"predicate":{"custom_model_data":3031},"model":"modelengine:creeper_jungle/head_armor"},{"predicate":{"custom_model_data":3032},"model":"modelengine:creeper_jungle/head"},{"predicate":{"custom_model_data":3033},"model":"modelengine:creeper_jungle/body_armor"},{"predicate":{"custom_model_data":3034},"model":"modelengine:creeper_jungle/body"},{"predicate":{"custom_model_data":3035},"model":"modelengine:creeper_plains/leg4_armor"},{"predicate":{"custom_model_data":3036},"model":"modelengine:creeper_plains/leg4"},{"predicate":{"custom_model_data":3037},"model":"modelengine:creeper_plains/leg3_armor"},{"predicate":{"custom_model_data":3038},"model":"modelengine:creeper_plains/leg3"},{"predicate":{"custom_model_data":3039},"model":"modelengine:creeper_plains/leg2_armor"},{"predicate":{"custom_model_data":3040},"model":"modelengine:creeper_plains/leg2"},{"predicate":{"custom_model_data":3041},"model":"modelengine:creeper_plains/leg1_armor"},{"predicate":{"custom_model_data":3042},"model":"modelengine:creeper_plains/leg1"},{"predicate":{"custom_model_data":3043},"model":"modelengine:creeper_plains/head_armor"},{"predicate":{"custom_model_data":3044},"model":"modelengine:creeper_plains/head"},{"predicate":{"custom_model_data":3045},"model":"modelengine:creeper_plains/body_armor"},{"predicate":{"custom_model_data":3046},"model":"modelengine:creeper_plains/body"},{"predicate":{"custom_model_data":3047},"model":"modelengine:creeper_plains_christmas/leg4_armor"},{"predicate":{"custom_model_data":3048},"model":"modelengine:creeper_plains_christmas/leg4"},{"predicate":{"custom_model_data":3049},"model":"modelengine:creeper_plains_christmas/leg3_armor"},{"predicate":{"custom_model_data":3050},"model":"modelengine:creeper_plains_christmas/leg3"},{"predicate":{"custom_model_data":3051},"model":"modelengine:creeper_plains_christmas/leg2_armor"},{"predicate":{"custom_model_data":3052},"model":"modelengine:creeper_plains_christmas/leg2"},{"predicate":{"custom_model_data":3053},"model":"modelengine:creeper_plains_christmas/leg1_armor"},{"predicate":{"custom_model_data":3054},"model":"modelengine:creeper_plains_christmas/leg1"},{"predicate":{"custom_model_data":3055},"model":"modelengine:creeper_plains_christmas/head_armor"},{"predicate":{"custom_model_data":3056},"model":"modelengine:creeper_plains_christmas/head"},{"predicate":{"custom_model_data":3057},"model":"modelengine:creeper_plains_christmas/body_armor"},{"predicate":{"custom_model_data":3058},"model":"modelengine:creeper_plains_christmas/body"},{"predicate":{"custom_model_data":3059},"model":"modelengine:creeper_plains_halloween/leg4_armor"},{"predicate":{"custom_model_data":3060},"model":"modelengine:creeper_plains_halloween/leg4"},{"predicate":{"custom_model_data":3061},"model":"modelengine:creeper_plains_halloween/leg3_armor"},{"predicate":{"custom_model_data":3062},"model":"modelengine:creeper_plains_halloween/leg3"},{"predicate":{"custom_model_data":3063},"model":"modelengine:creeper_plains_halloween/leg2_armor"},{"predicate":{"custom_model_data":3064},"model":"modelengine:creeper_plains_halloween/leg2"},{"predicate":{"custom_model_data":3065},"model":"modelengine:creeper_plains_halloween/leg1_armor"},{"predicate":{"custom_model_data":3066},"model":"modelengine:creeper_plains_halloween/leg1"},{"predicate":{"custom_model_data":3067},"model":"modelengine:creeper_plains_halloween/head_armor"},{"predicate":{"custom_model_data":3068},"model":"modelengine:creeper_plains_halloween/head"},{"predicate":{"custom_model_data":3069},"model":"modelengine:creeper_plains_halloween/body_armor"},{"predicate":{"custom_model_data":3070},"model":"modelengine:creeper_plains_halloween/body"},{"predicate":{"custom_model_data":3071},"model":"modelengine:creeper_plains_stpatricksday/leg4_armor"},{"predicate":{"custom_model_data":3072},"model":"modelengine:creeper_plains_stpatricksday/leg4"},{"predicate":{"custom_model_data":3073},"model":"modelengine:creeper_plains_stpatricksday/leg3_armor"},{"predicate":{"custom_model_data":3074},"model":"modelengine:creeper_plains_stpatricksday/leg3"},{"predicate":{"custom_model_data":3075},"model":"modelengine:creeper_plains_stpatricksday/leg2_armor"},{"predicate":{"custom_model_data":3076},"model":"modelengine:creeper_plains_stpatricksday/leg2"},{"predicate":{"custom_model_data":3077},"model":"modelengine:creeper_plains_stpatricksday/leg1_armor"},{"predicate":{"custom_model_data":3078},"model":"modelengine:creeper_plains_stpatricksday/leg1"},{"predicate":{"custom_model_data":3079},"model":"modelengine:creeper_plains_stpatricksday/head_armor"},{"predicate":{"custom_model_data":3080},"model":"modelengine:creeper_plains_stpatricksday/head"},{"predicate":{"custom_model_data":3081},"model":"modelengine:creeper_plains_stpatricksday/body_armor"},{"predicate":{"custom_model_data":3082},"model":"modelengine:creeper_plains_stpatricksday/body"},{"predicate":{"custom_model_data":3083},"model":"modelengine:creeper_spruce/leg4_armor"},{"predicate":{"custom_model_data":3084},"model":"modelengine:creeper_spruce/leg4"},{"predicate":{"custom_model_data":3085},"model":"modelengine:creeper_spruce/leg3_armor"},{"predicate":{"custom_model_data":3086},"model":"modelengine:creeper_spruce/leg3"},{"predicate":{"custom_model_data":3087},"model":"modelengine:creeper_spruce/leg2_armor"},{"predicate":{"custom_model_data":3088},"model":"modelengine:creeper_spruce/leg2"},{"predicate":{"custom_model_data":3089},"model":"modelengine:creeper_spruce/leg1_armor"},{"predicate":{"custom_model_data":3090},"model":"modelengine:creeper_spruce/leg1"},{"predicate":{"custom_model_data":3091},"model":"modelengine:creeper_spruce/head_armor"},{"predicate":{"custom_model_data":3092},"model":"modelengine:creeper_spruce/head"},{"predicate":{"custom_model_data":3093},"model":"modelengine:creeper_spruce/body_armor"},{"predicate":{"custom_model_data":3094},"model":"modelengine:creeper_spruce/body"}]}