{"textures":{"0":"modelengine:entity/mso_barracuda"},"elements":[{"name":"cube","from":[6.8,6.2,4.7],"to":[9.2,9.8,7.7],"rotation":{"angle":0.0,"axis":"x","origin":[6.8,5.6,14.3]},"faces":{"down":{"uv":[4.0,11.25,3.0,12.5],"rotation":0,"texture":"#0","tintindex":0},"east":{"uv":[5.75,10.0,7.0,11.5],"rotation":0,"texture":"#0","tintindex":0},"north":{"uv":[9.75,10.5,10.75,12.0],"rotation":0,"texture":"#0","tintindex":0},"south":{"uv":[10.75,10.5,11.75,12.0],"rotation":0,"texture":"#0","tintindex":0},"up":{"uv":[6.5,4.75,5.5,3.5],"rotation":0,"texture":"#0","tintindex":0},"west":{"uv":[7.0,10.0,8.25,11.5],"rotation":0,"texture":"#0","tintindex":0}}}],"display":{"head":{"translation":[0.0,-6.4,0.0],"rotation":[0.0,0.0,0.0],"scale":[3.8095,3.8095,3.8095]}}}