{"textures":{"0":"modelengine:entity/mso_barracuda"},"elements":[{"name":"cube","from":[6.4152374,6.95,3.7999997],"to":[8.815237,8.15,7.4],"rotation":{"angle":0.0,"axis":"x","origin":[6.4152374,5.75,18.2]},"faces":{"down":{"uv":[1.75,13.25,0.75,14.75],"rotation":0,"texture":"#0","tintindex":0},"east":{"uv":[11.5,5.5,13.0,6.0],"rotation":0,"texture":"#0","tintindex":0},"north":{"uv":[5.0,12.25,6.0,12.75],"rotation":0,"texture":"#0","tintindex":0},"south":{"uv":[11.75,10.5,12.5,11.0],"rotation":0,"texture":"#0","tintindex":0},"up":{"uv":[2.75,14.75,1.75,13.25],"rotation":0,"texture":"#0","tintindex":0},"west":{"uv":[5.75,11.5,7.25,12.0],"rotation":0,"texture":"#0","tintindex":0}}},{"name":"cube","from":[6.4152374,8.15,3.7999997],"to":[8.815237,8.75,7.4],"rotation":{"angle":0.0,"axis":"x","origin":[6.4152374,5.75,18.2]},"faces":{"down":{"uv":[5.25,13.25,4.5,15.25],"rotation":0,"texture":"#0","tintindex":0},"east":{"uv":[7.0,13.5,5.5,13.75],"rotation":0,"texture":"#0","tintindex":0},"north":{"uv":[5.5,13.5,6.5,13.75],"rotation":0,"texture":"#0","tintindex":0},"south":{"uv":[14.0,10.75,15.0,11.0],"rotation":0,"texture":"#0","tintindex":0},"up":{"uv":[3.75,15.25,2.75,13.25],"rotation":0,"texture":"#0","tintindex":0},"west":{"uv":[5.5,13.5,7.0,13.75],"rotation":0,"texture":"#0","tintindex":0}}},{"name":"cube inverted","from":[8.815237,8.75,7.4],"to":[6.4152374,8.15,3.7999997],"rotation":{"angle":0.0,"axis":"x","origin":[6.4152374,5.75,18.2]},"faces":{"down":{"uv":[2.75,15.25,3.75,13.25],"rotation":0,"texture":"#0","tintindex":0},"east":{"uv":[5.5,13.75,7.0,13.5],"rotation":0,"texture":"#0","tintindex":0},"north":{"uv":[14.0,11.0,15.0,10.75],"rotation":0,"texture":"#0","tintindex":0},"south":{"uv":[5.5,13.75,6.5,13.5],"rotation":0,"texture":"#0","tintindex":0},"up":{"uv":[4.5,13.25,5.25,15.25],"rotation":0,"texture":"#0","tintindex":0},"west":{"uv":[7.0,13.75,5.5,13.5],"rotation":0,"texture":"#0","tintindex":0}}}],"display":{"head":{"translation":[0.0,-6.4,0.0],"rotation":[0.0,0.0,0.0],"scale":[3.8095,3.8095,3.8095]}}}