{"textures":{"0":"modelengine:entity/fallenwardenlance","1":"modelengine:entity/fallenwarden1","2":"modelengine:entity/boneshadin1","3":"modelengine:entity/reditexture","4":"modelengine:entity/boneshadin1xd"},"elements":[{"name":"head","from":[5.6449995,8.0,5.6],"to":[10.4,12.8,10.205],"rotation":{"angle":0.0,"axis":"x","origin":[8.0,8.0,8.0]},"faces":{"down":{"uv":[2.121,3.504,1.129,4.496],"rotation":0,"texture":"#1","tintindex":0},"east":{"uv":[2.629,1.129,3.621,2.121],"rotation":0,"texture":"#1","tintindex":0},"north":{"uv":[2.625,2.25,3.617,3.242],"rotation":0,"texture":"#1","tintindex":0},"south":{"uv":[2.629,2.254,3.621,3.246],"rotation":0,"texture":"#1","tintindex":0},"up":{"uv":[0.996,4.496,0.004,3.504],"rotation":0,"texture":"#1","tintindex":0},"west":{"uv":[2.629,3.379,3.621,4.371],"rotation":0,"texture":"#1","tintindex":0}}},{"name":"blumida","from":[7.79,18.2,5.6],"to":[8.24,18.8,8.0],"rotation":{"angle":0.0,"axis":"x","origin":[8.0,-7.6000004,8.0]},"faces":{"down":{"uv":[0.0,0.0,4.0,1.0],"rotation":270,"texture":"#3","tintindex":0},"east":{"uv":[0.0,1.0,4.0,0.0],"rotation":180,"texture":"#3","tintindex":0},"north":{"uv":[0.0,0.0,1.0,1.0],"rotation":0,"texture":"#3","tintindex":0},"south":{"uv":[3.0,0.0,4.0,1.0],"rotation":0,"texture":"#3","tintindex":0},"up":{"uv":[4.0,0.0,0.0,1.0],"rotation":270,"texture":"#3","tintindex":0},"west":{"uv":[0.0,0.0,4.0,1.0],"rotation":0,"texture":"#3","tintindex":0}}},{"name":"blumida","from":[7.79,14.6,8.6],"to":[8.24,18.8,10.4],"rotation":{"angle":0.0,"axis":"x","origin":[8.0,-7.6000004,8.0]},"faces":{"down":{"uv":[5.0,6.0,8.0,7.0],"rotation":270,"texture":"#3","tintindex":0},"east":{"uv":[5.0,7.0,8.0,0.0],"rotation":180,"texture":"#3","tintindex":0},"north":{"uv":[5.0,0.0,6.0,7.0],"rotation":0,"texture":"#3","tintindex":0},"south":{"uv":[7.0,0.0,8.0,7.0],"rotation":0,"texture":"#3","tintindex":0},"up":{"uv":[8.0,0.0,5.0,1.0],"rotation":270,"texture":"#3","tintindex":0},"west":{"uv":[5.0,0.0,8.0,7.0],"rotation":0,"texture":"#3","tintindex":0}}},{"name":"blumida","from":[7.79,15.8,6.2],"to":[8.24,18.2,8.6],"rotation":{"angle":0.0,"axis":"x","origin":[8.0,-7.6000004,8.0]},"faces":{"down":{"uv":[1.0,4.0,5.0,5.0],"rotation":270,"texture":"#3","tintindex":0},"east":{"uv":[1.0,5.0,5.0,1.0],"rotation":180,"texture":"#3","tintindex":0},"north":{"uv":[1.0,1.0,2.0,5.0],"rotation":0,"texture":"#3","tintindex":0},"south":{"uv":[4.0,1.0,5.0,5.0],"rotation":0,"texture":"#3","tintindex":0},"up":{"uv":[5.0,1.0,1.0,2.0],"rotation":270,"texture":"#3","tintindex":0},"west":{"uv":[1.0,1.0,5.0,5.0],"rotation":0,"texture":"#3","tintindex":0}}},{"name":"blumida","from":[7.79,11.0,11.0],"to":[8.24,18.2,11.6],"rotation":{"angle":0.0,"axis":"x","origin":[8.0,-7.6000004,8.0]},"faces":{"down":{"uv":[9.0,12.0,10.0,13.0],"rotation":270,"texture":"#3","tintindex":0},"east":{"uv":[9.0,13.0,10.0,1.0],"rotation":180,"texture":"#3","tintindex":0},"north":{"uv":[9.0,1.0,10.0,13.0],"rotation":0,"texture":"#3","tintindex":0},"south":{"uv":[9.0,1.0,10.0,13.0],"rotation":0,"texture":"#3","tintindex":0},"up":{"uv":[10.0,1.0,9.0,2.0],"rotation":270,"texture":"#3","tintindex":0},"west":{"uv":[9.0,1.0,10.0,13.0],"rotation":0,"texture":"#3","tintindex":0}}},{"name":"blumida","from":[7.79,14.0,10.4],"to":[8.24,17.6,11.0],"rotation":{"angle":0.0,"axis":"x","origin":[8.0,-7.6000004,8.0]},"faces":{"down":{"uv":[8.0,7.0,9.0,8.0],"rotation":270,"texture":"#3","tintindex":0},"east":{"uv":[8.0,8.0,9.0,2.0],"rotation":180,"texture":"#3","tintindex":0},"north":{"uv":[8.0,2.0,9.0,8.0],"rotation":0,"texture":"#3","tintindex":0},"south":{"uv":[8.0,2.0,9.0,8.0],"rotation":0,"texture":"#3","tintindex":0},"up":{"uv":[9.0,2.0,8.0,3.0],"rotation":270,"texture":"#3","tintindex":0},"west":{"uv":[8.0,2.0,9.0,8.0],"rotation":0,"texture":"#3","tintindex":0}}},{"name":"blumida","from":[7.79,11.0,12.2],"to":[8.24,17.6,12.8],"rotation":{"angle":0.0,"axis":"x","origin":[8.0,-7.6000004,8.0]},"faces":{"down":{"uv":[11.0,12.0,12.0,13.0],"rotation":270,"texture":"#3","tintindex":0},"east":{"uv":[11.0,13.0,12.0,2.0],"rotation":180,"texture":"#3","tintindex":0},"north":{"uv":[11.0,2.0,12.0,13.0],"rotation":0,"texture":"#3","tintindex":0},"south":{"uv":[11.0,2.0,12.0,13.0],"rotation":0,"texture":"#3","tintindex":0},"up":{"uv":[12.0,2.0,11.0,3.0],"rotation":270,"texture":"#3","tintindex":0},"west":{"uv":[11.0,2.0,12.0,13.0],"rotation":0,"texture":"#3","tintindex":0}}},{"name":"blumida","from":[7.79,11.0,11.6],"to":[8.24,17.0,12.2],"rotation":{"angle":0.0,"axis":"x","origin":[8.0,-7.6000004,8.0]},"faces":{"down":{"uv":[10.0,12.0,11.0,13.0],"rotation":270,"texture":"#3","tintindex":0},"east":{"uv":[10.0,13.0,11.0,3.0],"rotation":180,"texture":"#3","tintindex":0},"north":{"uv":[10.0,3.0,11.0,13.0],"rotation":0,"texture":"#3","tintindex":0},"south":{"uv":[10.0,3.0,11.0,13.0],"rotation":0,"texture":"#3","tintindex":0},"up":{"uv":[11.0,3.0,10.0,4.0],"rotation":270,"texture":"#3","tintindex":0},"west":{"uv":[10.0,3.0,11.0,13.0],"rotation":0,"texture":"#3","tintindex":0}}},{"name":"blumida","from":[7.79,11.0,12.8],"to":[8.24,17.0,13.400001],"rotation":{"angle":0.0,"axis":"x","origin":[8.0,-7.6000004,8.0]},"faces":{"down":{"uv":[12.0,12.0,13.0,13.0],"rotation":270,"texture":"#3","tintindex":0},"east":{"uv":[12.0,13.0,13.0,3.0],"rotation":180,"texture":"#3","tintindex":0},"north":{"uv":[12.0,3.0,13.0,13.0],"rotation":0,"texture":"#3","tintindex":0},"south":{"uv":[12.0,3.0,13.0,13.0],"rotation":0,"texture":"#3","tintindex":0},"up":{"uv":[13.0,3.0,12.0,4.0],"rotation":270,"texture":"#3","tintindex":0},"west":{"uv":[12.0,3.0,13.0,13.0],"rotation":0,"texture":"#3","tintindex":0}}},{"name":"blumida","from":[7.79,14.6,6.8],"to":[8.24,15.8,8.6],"rotation":{"angle":0.0,"axis":"x","origin":[8.0,-7.6000004,8.0]},"faces":{"down":{"uv":[2.0,6.0,5.0,7.0],"rotation":270,"texture":"#3","tintindex":0},"east":{"uv":[2.0,7.0,5.0,5.0],"rotation":180,"texture":"#3","tintindex":0},"north":{"uv":[2.0,5.0,3.0,7.0],"rotation":0,"texture":"#3","tintindex":0},"south":{"uv":[4.0,5.0,5.0,7.0],"rotation":0,"texture":"#3","tintindex":0},"up":{"uv":[5.0,5.0,2.0,6.0],"rotation":270,"texture":"#3","tintindex":0},"west":{"uv":[2.0,5.0,5.0,7.0],"rotation":0,"texture":"#3","tintindex":0}}},{"name":"blumida","from":[7.79,12.2,13.400001],"to":[8.24,15.8,14.0],"rotation":{"angle":0.0,"axis":"x","origin":[8.0,-7.6000004,8.0]},"faces":{"down":{"uv":[13.0,10.0,14.0,11.0],"rotation":270,"texture":"#3","tintindex":0},"east":{"uv":[13.0,11.0,14.0,5.0],"rotation":180,"texture":"#3","tintindex":0},"north":{"uv":[13.0,5.0,14.0,11.0],"rotation":0,"texture":"#3","tintindex":0},"south":{"uv":[13.0,5.0,14.0,11.0],"rotation":0,"texture":"#3","tintindex":0},"up":{"uv":[14.0,5.0,13.0,6.0],"rotation":270,"texture":"#3","tintindex":0},"west":{"uv":[13.0,5.0,14.0,11.0],"rotation":0,"texture":"#3","tintindex":0}}},{"name":"blumida","from":[7.79,14.0,9.8],"to":[8.24,14.6,10.4],"rotation":{"angle":0.0,"axis":"x","origin":[8.0,-7.6000004,8.0]},"faces":{"down":{"uv":[7.0,7.0,8.0,8.0],"rotation":270,"texture":"#3","tintindex":0},"east":{"uv":[7.0,8.0,8.0,7.0],"rotation":180,"texture":"#3","tintindex":0},"north":{"uv":[7.0,7.0,8.0,8.0],"rotation":0,"texture":"#3","tintindex":0},"south":{"uv":[7.0,7.0,8.0,8.0],"rotation":0,"texture":"#3","tintindex":0},"up":{"uv":[8.0,7.0,7.0,8.0],"rotation":270,"texture":"#3","tintindex":0},"west":{"uv":[7.0,7.0,8.0,8.0],"rotation":0,"texture":"#3","tintindex":0}}},{"name":"gasgo","from":[5.278148,12.132239,5.389376],"to":[10.788549,12.804239,5.725376],"rotation":{"angle":0.0,"axis":"x","origin":[0.011011839,12.7141905,1.4838465]},"faces":{"down":{"uv":[0.0,0.0,1.025,0.0625],"rotation":0,"texture":"#0","tintindex":0},"east":{"uv":[4.879,0.879,4.996,0.996],"rotation":0,"texture":"#1","tintindex":0},"north":{"uv":[8.5,4.5,9.5,4.625],"rotation":0,"texture":"#1","tintindex":0},"south":{"uv":[8.629,3.754,9.746,3.871],"rotation":0,"texture":"#1","tintindex":0},"up":{"uv":[9.871,5.246,8.754,5.129],"rotation":0,"texture":"#1","tintindex":0},"west":{"uv":[8.004,8.254,8.121,8.371],"rotation":0,"texture":"#1","tintindex":0}}},{"name":"gasgo","from":[6.0173483,12.804239,5.389376],"to":[10.049349,13.476238,6.7333765],"rotation":{"angle":0.0,"axis":"x","origin":[0.011011839,12.7141905,1.4838465]},"faces":{"down":{"uv":[0.0,0.0,0.75,0.25],"rotation":0,"texture":"#0","tintindex":0},"east":{"uv":[6.129,1.504,6.371,1.621],"rotation":0,"texture":"#1","tintindex":0},"north":{"uv":[9.379,5.754,10.246,5.871],"rotation":0,"texture":"#1","tintindex":0},"south":{"uv":[9.379,6.004,10.246,6.121],"rotation":0,"texture":"#1","tintindex":0},"up":{"uv":[8.996,2.746,8.129,2.504],"rotation":0,"texture":"#1","tintindex":0},"west":{"uv":[6.504,2.879,6.746,2.996],"rotation":0,"texture":"#1","tintindex":0}}},{"name":"gasgo","from":[6.689348,13.476238,5.389376],"to":[9.377348,14.148238,6.7333765],"rotation":{"angle":0.0,"axis":"x","origin":[0.011011839,12.7141905,1.4838465]},"faces":{"down":{"uv":[0.0,0.0,0.5,0.25],"rotation":0,"texture":"#0","tintindex":0},"east":{"uv":[7.754,2.504,7.996,2.621],"rotation":0,"texture":"#1","tintindex":0},"north":{"uv":[11.004,8.754,11.496,8.871],"rotation":0,"texture":"#1","tintindex":0},"south":{"uv":[11.004,9.004,11.496,9.121],"rotation":0,"texture":"#1","tintindex":0},"up":{"uv":[9.371,2.371,8.879,2.129],"rotation":0,"texture":"#1","tintindex":0},"west":{"uv":[7.004,10.629,7.246,10.746],"rotation":0,"texture":"#1","tintindex":0}}},{"name":"gasgo","from":[10.049349,10.11624,5.389376],"to":[10.788549,12.132239,5.725376],"rotation":{"angle":0.0,"axis":"x","origin":[5.6654086,11.09865,1.4838465]},"faces":{"down":{"uv":[10.621,1.879,10.504,1.996],"rotation":0,"texture":"#1","tintindex":0},"east":{"uv":[4.379,7.629,4.496,7.996],"rotation":0,"texture":"#1","tintindex":0},"north":{"uv":[3.754,7.129,3.871,7.496],"rotation":0,"texture":"#1","tintindex":0},"south":{"uv":[5.629,8.129,5.746,8.496],"rotation":0,"texture":"#1","tintindex":0},"up":{"uv":[0.0,0.0,0.1375,0.0625],"rotation":0,"texture":"#0","tintindex":0},"west":{"uv":[0.0,0.0,0.0625,0.375],"rotation":0,"texture":"#0","tintindex":0}}},{"name":"gasgo","from":[5.278148,10.11624,5.389376],"to":[6.0173483,12.132239,5.725376],"rotation":{"angle":0.0,"axis":"x","origin":[-11.102713,11.09865,1.4838465]},"faces":{"down":{"uv":[1.496,12.629,1.379,12.746],"rotation":0,"texture":"#1","tintindex":0},"east":{"uv":[0.0,0.0,0.0625,0.375],"rotation":0,"texture":"#0","tintindex":0},"north":{"uv":[9.754,11.754,9.871,12.121],"rotation":0,"texture":"#1","tintindex":0},"south":{"uv":[0.379,11.879,0.496,12.246],"rotation":0,"texture":"#1","tintindex":0},"up":{"uv":[0.0,0.0,0.1375,0.0625],"rotation":0,"texture":"#0","tintindex":0},"west":{"uv":[1.004,11.879,1.121,12.246],"rotation":0,"texture":"#1","tintindex":0}}},{"name":"xd","from":[6.0173483,11.460239,5.7253695],"to":[10.049349,12.804239,6.533147],"rotation":{"angle":0.0,"axis":"x","origin":[3.2420957,11.09865,1.4838465]},"faces":{"down":{"uv":[0.0,0.0,0.75,0.15025625],"rotation":0,"texture":"#0","tintindex":0},"east":{"uv":[0.0,0.0,0.15025625,0.25],"rotation":0,"texture":"#0","tintindex":0},"north":{"uv":[8.129,2.879,8.996,3.121],"rotation":0,"texture":"#1","tintindex":0},"south":{"uv":[0.0,0.0,0.75,0.25],"rotation":0,"texture":"#0","tintindex":0},"up":{"uv":[0.0,0.0,0.75,0.15025625],"rotation":0,"texture":"#0","tintindex":0},"west":{"uv":[0.0,0.0,0.15025625,0.25],"rotation":0,"texture":"#0","tintindex":0}}},{"name":"xd","from":[6.0173483,12.804239,6.73337],"to":[10.049349,13.476238,9.75737],"rotation":{"angle":0.0,"axis":"x","origin":[0.011011839,12.7141905,1.4838465]},"faces":{"down":{"uv":[0.0,0.0,0.75,0.5625],"rotation":0,"texture":"#0","tintindex":0},"east":{"uv":[5.504,5.254,6.121,5.371],"rotation":0,"texture":"#1","tintindex":0},"north":{"uv":[9.379,6.254,10.246,6.371],"rotation":0,"texture":"#1","tintindex":0},"south":{"uv":[9.379,6.504,10.246,6.621],"rotation":0,"texture":"#1","tintindex":0},"up":{"uv":[4.996,6.121,4.129,5.504],"rotation":0,"texture":"#1","tintindex":0},"west":{"uv":[9.254,10.879,9.871,10.996],"rotation":0,"texture":"#1","tintindex":0}}},{"name":"xd","from":[7.3613486,13.308239,9.75737],"to":[8.705349,13.476238,10.429371],"rotation":{"angle":0.0,"axis":"x","origin":[0.011011839,12.7141905,1.4838465]},"faces":{"down":{"uv":[0.0,0.0,0.25,0.125],"rotation":0,"texture":"#0","tintindex":0},"east":{"uv":[12.629,1.379,12.746,1.496],"rotation":0,"texture":"#1","tintindex":0},"north":{"uv":[12.129,7.254,12.371,7.371],"rotation":0,"texture":"#1","tintindex":0},"south":{"uv":[12.129,7.504,12.371,7.621],"rotation":0,"texture":"#1","tintindex":0},"up":{"uv":[12.371,7.871,12.129,7.754],"rotation":0,"texture":"#1","tintindex":0},"west":{"uv":[1.629,12.629,1.746,12.746],"rotation":0,"texture":"#1","tintindex":0}}},{"name":"xd","from":[5.681349,12.804239,5.7253695],"to":[10.385348,13.308239,10.429371],"rotation":{"angle":0.0,"axis":"x","origin":[0.011011839,12.7141905,1.4838465]},"faces":{"down":{"uv":[0.0,0.0,0.875,0.875],"rotation":0,"texture":"#0","tintindex":0},"east":{"uv":[8.879,6.879,9.871,6.996],"rotation":0,"texture":"#1","tintindex":0},"north":{"uv":[8.754,8.254,9.746,8.371],"rotation":0,"texture":"#1","tintindex":0},"south":{"uv":[9.004,4.754,9.996,4.871],"rotation":0,"texture":"#1","tintindex":0},"up":{"uv":[4.746,0.996,3.754,0.004],"rotation":0,"texture":"#1","tintindex":0},"west":{"uv":[9.004,8.504,9.996,8.621],"rotation":0,"texture":"#1","tintindex":0}}},{"name":"xd","from":[6.0173483,12.804239,10.429371],"to":[10.049349,13.14024,10.765369],"rotation":{"angle":0.0,"axis":"x","origin":[0.011011839,12.7141905,1.4838465]},"faces":{"down":{"uv":[0.0,0.0,0.75,0.0625],"rotation":0,"texture":"#0","tintindex":0},"east":{"uv":[12.629,1.629,12.746,1.746],"rotation":0,"texture":"#1","tintindex":0},"north":{"uv":[0.004,9.504,0.871,9.621],"rotation":0,"texture":"#1","tintindex":0},"south":{"uv":[9.504,0.379,10.371,0.496],"rotation":0,"texture":"#1","tintindex":0},"up":{"uv":[10.371,0.746,9.504,0.629],"rotation":0,"texture":"#1","tintindex":0},"west":{"uv":[1.879,12.629,1.996,12.746],"rotation":0,"texture":"#1","tintindex":0}}},{"name":"xd","from":[10.049349,9.444239,5.7253695],"to":[10.721348,12.804239,10.429371],"rotation":{"angle":0.0,"axis":"x","origin":[5.6654086,11.09865,1.4838465]},"faces":{"down":{"uv":[3.121,9.004,3.004,9.996],"rotation":0,"texture":"#1","tintindex":0},"east":{"uv":[1.004,4.629,1.996,5.371],"rotation":0,"texture":"#1","tintindex":0},"north":{"uv":[5.879,0.004,5.996,0.746],"rotation":0,"texture":"#1","tintindex":0},"south":{"uv":[1.25,10.0,1.367,10.742],"rotation":0,"texture":"#1","tintindex":0},"up":{"uv":[4.121,9.746,4.004,8.754],"rotation":0,"texture":"#1","tintindex":0},"west":{"uv":[0.0,0.0,0.875,0.625],"rotation":0,"texture":"#0","tintindex":0}}},{"name":"xd","from":[5.7436495,9.444239,10.357271],"to":[10.44765,12.804239,11.02927],"rotation":{"angle":0.0,"axis":"x","origin":[-3.4548278,11.09865,9.131731]},"faces":{"down":{"uv":[9.996,9.004,9.004,9.121],"rotation":0,"texture":"#1","tintindex":0},"east":{"uv":[1.254,10.004,1.371,10.746],"rotation":0,"texture":"#1","tintindex":0},"north":{"uv":[0.0,0.0,0.875,0.625],"rotation":0,"texture":"#0","tintindex":0},"south":{"uv":[3.254,4.629,4.246,5.371],"rotation":0,"texture":"#1","tintindex":0},"up":{"uv":[9.996,8.871,9.004,8.754],"rotation":0,"texture":"#1","tintindex":0},"west":{"uv":[1.504,10.004,1.621,10.746],"rotation":0,"texture":"#1","tintindex":0}}},{"name":"xd","from":[6.2644496,8.772238,9.8532715],"to":[9.960449,9.444239,10.52527],"rotation":{"angle":0.0,"axis":"x","origin":[-3.4548278,11.09865,9.131731]},"faces":{"down":{"uv":[10.621,5.379,9.879,5.496],"rotation":0,"texture":"#1","tintindex":0},"east":{"uv":[12.629,1.879,12.746,1.996],"rotation":0,"texture":"#1","tintindex":0},"north":{"uv":[0.0,0.0,0.6875,0.125],"rotation":0,"texture":"#0","tintindex":0},"south":{"uv":[9.879,3.129,10.621,3.246],"rotation":0,"texture":"#1","tintindex":0},"up":{"uv":[10.621,3.871,9.879,3.754],"rotation":0,"texture":"#1","tintindex":0},"west":{"uv":[2.629,12.629,2.746,12.746],"rotation":0,"texture":"#1","tintindex":0}}},{"name":"xd","from":[5.6644497,8.172238,9.8532715],"to":[10.46445,8.772238,10.52527],"rotation":{"angle":0.0,"axis":"x","origin":[-3.4548278,11.09865,9.131731]},"faces":{"down":{"uv":[10.621,5.379,9.879,5.496],"rotation":0,"texture":"#1","tintindex":0},"east":{"uv":[12.629,1.879,12.746,1.996],"rotation":0,"texture":"#1","tintindex":0},"north":{"uv":[0.0,0.0,0.6875,0.125],"rotation":0,"texture":"#0","tintindex":0},"south":{"uv":[9.0,4.75,10.0,4.875],"rotation":0,"texture":"#1","tintindex":0},"up":{"uv":[10.621,3.871,9.879,3.754],"rotation":0,"texture":"#1","tintindex":0},"west":{"uv":[2.629,12.629,2.746,12.746],"rotation":0,"texture":"#1","tintindex":0}}},{"name":"xd","from":[5.6644497,7.9922385,9.553271],"to":[10.46445,8.172238,10.225271],"rotation":{"angle":0.0,"axis":"x","origin":[-3.4548278,11.09865,9.131731]},"faces":{"down":{"uv":[10.621,5.379,9.879,5.496],"rotation":0,"texture":"#1","tintindex":0},"east":{"uv":[12.629,1.879,12.746,1.996],"rotation":0,"texture":"#1","tintindex":0},"north":{"uv":[0.0,0.0,0.6875,0.125],"rotation":0,"texture":"#0","tintindex":0},"south":{"uv":[9.0,4.75,10.0,4.875],"rotation":0,"texture":"#1","tintindex":0},"up":{"uv":[10.621,3.871,9.879,3.754],"rotation":0,"texture":"#1","tintindex":0},"west":{"uv":[2.629,12.629,2.746,12.746],"rotation":0,"texture":"#1","tintindex":0}}},{"name":"xd","from":[6.2644496,7.4282384,8.845271],"to":[9.960449,8.100239,9.68527],"rotation":{"angle":0.0,"axis":"x","origin":[-3.4548278,11.09865,9.131731]},"faces":{"down":{"uv":[2.496,10.004,1.754,10.121],"rotation":0,"texture":"#1","tintindex":0},"east":{"uv":[12.629,3.629,12.746,3.746],"rotation":0,"texture":"#1","tintindex":0},"north":{"uv":[0.0,0.0,0.6875,0.125],"rotation":0,"texture":"#0","tintindex":0},"south":{"uv":[10.004,1.379,10.746,1.496],"rotation":0,"texture":"#1","tintindex":0},"up":{"uv":[10.746,1.746,10.004,1.629],"rotation":0,"texture":"#1","tintindex":0},"west":{"uv":[4.129,12.629,4.246,12.746],"rotation":0,"texture":"#1","tintindex":0}}},{"name":"xd","from":[5.3453484,9.444239,5.7253695],"to":[6.0173483,12.804239,10.429371],"rotation":{"angle":0.0,"axis":"x","origin":[-11.102713,11.09865,1.4838465]},"faces":{"down":{"uv":[8.371,9.004,8.254,9.996],"rotation":0,"texture":"#1","tintindex":0},"east":{"uv":[0.0,0.0,0.875,0.625],"rotation":0,"texture":"#0","tintindex":0},"north":{"uv":[2.629,10.004,2.746,10.746],"rotation":0,"texture":"#1","tintindex":0},"south":{"uv":[4.129,10.004,4.246,10.746],"rotation":0,"texture":"#1","tintindex":0},"up":{"uv":[8.121,9.996,8.004,9.004],"rotation":0,"texture":"#1","tintindex":0},"west":{"uv":[4.379,4.629,5.371,5.371],"rotation":0,"texture":"#1","tintindex":0}}},{"name":"vacuum","from":[5.8997483,8.621038,5.8933697],"to":[10.150148,12.804239,6.41417],"rotation":{"angle":0.0,"axis":"x","origin":[-11.102713,11.09865,1.4838465]},"faces":{"down":{"uv":[1.871,9.504,1.004,9.621],"rotation":0,"texture":"#1","tintindex":0},"east":{"uv":[7.504,9.379,7.621,10.246],"rotation":0,"texture":"#1","tintindex":0},"north":{"uv":[3.754,2.629,4.621,3.496],"rotation":0,"texture":"#1","tintindex":0},"south":{"uv":[3.754,3.629,4.621,4.496],"rotation":0,"texture":"#1","tintindex":0},"up":{"uv":[10.371,0.996,9.504,0.879],"rotation":0,"texture":"#1","tintindex":0},"west":{"uv":[7.754,9.379,7.871,10.246],"rotation":0,"texture":"#1","tintindex":0}}},{"name":"vacuum","from":[5.8997483,8.621038,6.3301697],"to":[10.150148,12.804239,9.77417],"rotation":{"angle":0.0,"axis":"x","origin":[-11.102713,11.09865,1.4838465]},"faces":{"down":{"uv":[5.996,0.879,5.129,1.621],"rotation":0,"texture":"#1","tintindex":0},"east":{"uv":[4.754,2.629,5.496,3.496],"rotation":0,"texture":"#1","tintindex":0},"north":{"uv":[2.254,4.504,3.121,5.371],"rotation":0,"texture":"#1","tintindex":0},"south":{"uv":[0.004,4.629,0.871,5.496],"rotation":0,"texture":"#1","tintindex":0},"up":{"uv":[5.746,0.746,4.879,0.004],"rotation":0,"texture":"#1","tintindex":0},"west":{"uv":[4.754,3.629,5.496,4.496],"rotation":0,"texture":"#1","tintindex":0}}},{"name":"xd","from":[5.3453484,8.100239,5.7253695],"to":[6.092348,9.444239,7.7413697],"rotation":{"angle":0.0,"axis":"x","origin":[-11.102713,11.09865,1.4838465]},"faces":{"down":{"uv":[1.871,11.879,1.754,12.246],"rotation":0,"texture":"#1","tintindex":0},"east":{"uv":[0.0,0.0,0.375,0.25],"rotation":0,"texture":"#0","tintindex":0},"north":{"uv":[8.879,12.129,8.996,12.371],"rotation":0,"texture":"#1","tintindex":0},"south":{"uv":[9.129,12.129,9.246,12.371],"rotation":0,"texture":"#1","tintindex":0},"up":{"uv":[1.371,12.246,1.254,11.879],"rotation":0,"texture":"#1","tintindex":0},"west":{"uv":[6.754,0.629,7.121,0.871],"rotation":0,"texture":"#1","tintindex":0}}},{"name":"xd","from":[10.049349,8.100239,5.7253695],"to":[10.721348,9.444239,7.7413697],"rotation":{"angle":0.0,"axis":"x","origin":[27.169407,11.09865,1.4838465]},"faces":{"down":{"uv":[2.996,11.879,2.879,12.246],"rotation":0,"texture":"#1","tintindex":0},"east":{"uv":[6.879,3.504,7.246,3.746],"rotation":0,"texture":"#1","tintindex":0},"north":{"uv":[12.129,10.004,12.246,10.246],"rotation":0,"texture":"#1","tintindex":0},"south":{"uv":[12.129,10.379,12.246,10.621],"rotation":0,"texture":"#1","tintindex":0},"up":{"uv":[2.121,12.246,2.004,11.879],"rotation":0,"texture":"#1","tintindex":0},"west":{"uv":[0.0,0.0,0.375,0.25],"rotation":0,"texture":"#0","tintindex":0}}},{"name":"xd","from":[5.3453484,8.772238,7.7413697],"to":[6.0173483,9.444239,9.085369],"rotation":{"angle":0.0,"axis":"x","origin":[-11.102713,11.09865,1.4838465]},"faces":{"down":{"uv":[12.246,11.379,12.129,11.621],"rotation":0,"texture":"#1","tintindex":0},"east":{"uv":[0.0,0.0,0.25,0.125],"rotation":0,"texture":"#0","tintindex":0},"north":{"uv":[12.629,4.254,12.746,4.371],"rotation":0,"texture":"#1","tintindex":0},"south":{"uv":[12.629,4.504,12.746,4.621],"rotation":0,"texture":"#1","tintindex":0},"up":{"uv":[12.246,11.246,12.129,11.004],"rotation":0,"texture":"#1","tintindex":0},"west":{"uv":[12.129,10.754,12.371,10.871],"rotation":0,"texture":"#1","tintindex":0}}},{"name":"xd","from":[10.049349,8.772238,7.7413697],"to":[10.721348,9.444239,9.085369],"rotation":{"angle":0.0,"axis":"x","origin":[27.169407,11.09865,1.4838465]},"faces":{"down":{"uv":[11.996,12.129,11.879,12.371],"rotation":0,"texture":"#1","tintindex":0},"east":{"uv":[11.504,12.129,11.746,12.246],"rotation":0,"texture":"#1","tintindex":0},"north":{"uv":[12.629,4.754,12.746,4.871],"rotation":0,"texture":"#1","tintindex":0},"south":{"uv":[12.629,5.004,12.746,5.121],"rotation":0,"texture":"#1","tintindex":0},"up":{"uv":[12.246,11.996,12.129,11.754],"rotation":0,"texture":"#1","tintindex":0},"west":{"uv":[0.0,0.0,0.25,0.125],"rotation":0,"texture":"#0","tintindex":0}}},{"name":"xd","from":[9.881349,8.772238,6.22937],"to":[10.553349,9.444239,10.411369],"rotation":{"angle":0.0,"axis":"x","origin":[27.169407,11.09865,1.4838465]},"faces":{"down":{"uv":[3.746,9.504,3.629,10.371],"rotation":0,"texture":"#1","tintindex":0},"east":{"uv":[2.004,9.504,2.871,9.621],"rotation":0,"texture":"#1","tintindex":0},"north":{"uv":[12.629,5.254,12.746,5.371],"rotation":0,"texture":"#1","tintindex":0},"south":{"uv":[12.629,5.504,12.746,5.621],"rotation":0,"texture":"#1","tintindex":0},"up":{"uv":[9.621,2.996,9.504,2.129],"rotation":0,"texture":"#1","tintindex":0},"west":{"uv":[0.0,0.0,0.75,0.125],"rotation":0,"texture":"#0","tintindex":0}}},{"name":"xd","from":[5.597348,8.772238,6.0793695],"to":[6.269348,9.444239,10.411369],"rotation":{"angle":0.0,"axis":"x","origin":[-11.102713,11.09865,1.4838465]},"faces":{"down":{"uv":[5.621,9.504,5.504,10.371],"rotation":0,"texture":"#1","tintindex":0},"east":{"uv":[0.0,0.0,0.75,0.125],"rotation":0,"texture":"#0","tintindex":0},"north":{"uv":[12.629,5.754,12.746,5.871],"rotation":0,"texture":"#1","tintindex":0},"south":{"uv":[12.629,6.004,12.746,6.121],"rotation":0,"texture":"#1","tintindex":0},"up":{"uv":[5.371,10.371,5.254,9.504],"rotation":0,"texture":"#1","tintindex":0},"west":{"uv":[4.254,9.504,5.121,9.621],"rotation":0,"texture":"#1","tintindex":0}}},{"name":"xd","from":[5.9837484,9.444239,6.3469696],"to":[6.6557484,10.11624,10.378969],"rotation":{"angle":0.0,"axis":"x","origin":[-11.102713,11.09865,1.4838465]},"faces":{"down":{"uv":[6.121,9.504,6.004,10.371],"rotation":0,"texture":"#1","tintindex":0},"east":{"uv":[0.0,0.0,0.75,0.125],"rotation":0,"texture":"#0","tintindex":0},"north":{"uv":[12.629,6.254,12.746,6.371],"rotation":0,"texture":"#1","tintindex":0},"south":{"uv":[12.629,6.504,12.746,6.621],"rotation":0,"texture":"#1","tintindex":0},"up":{"uv":[5.871,10.371,5.754,9.504],"rotation":0,"texture":"#1","tintindex":0},"west":{"uv":[9.629,7.504,10.496,7.621],"rotation":0,"texture":"#1","tintindex":0}}},{"name":"xd","from":[9.377348,9.444239,6.3301697],"to":[10.049349,10.11624,10.362169],"rotation":{"angle":0.0,"axis":"x","origin":[-11.102713,11.09865,1.4838465]},"faces":{"down":{"uv":[6.871,9.504,6.754,10.371],"rotation":0,"texture":"#1","tintindex":0},"east":{"uv":[0.0,0.0,0.75,0.125],"rotation":0,"texture":"#0","tintindex":0},"north":{"uv":[6.754,12.629,6.871,12.746],"rotation":0,"texture":"#1","tintindex":0},"south":{"uv":[12.629,6.754,12.746,6.871],"rotation":0,"texture":"#1","tintindex":0},"up":{"uv":[6.621,10.371,6.504,9.504],"rotation":0,"texture":"#1","tintindex":0},"west":{"uv":[9.629,7.754,10.496,7.871],"rotation":0,"texture":"#1","tintindex":0}}},{"name":"xd","from":[9.881349,7.9502387,6.22937],"to":[10.553349,8.772238,9.92537],"rotation":{"angle":0.0,"axis":"x","origin":[10.217348,8.3612385,8.07737]},"faces":{"down":{"uv":[9.871,10.004,9.754,10.746],"rotation":0,"texture":"#1","tintindex":0},"east":{"uv":[4.379,10.004,5.121,10.121],"rotation":0,"texture":"#1","tintindex":0},"north":{"uv":[12.629,7.004,12.746,7.121],"rotation":0,"texture":"#1","tintindex":0},"south":{"uv":[12.629,8.004,12.746,8.121],"rotation":0,"texture":"#1","tintindex":0},"up":{"uv":[9.621,10.746,9.504,10.004],"rotation":0,"texture":"#1","tintindex":0},"west":{"uv":[0.0,0.0,0.6875,0.125],"rotation":0,"texture":"#0","tintindex":0}}},{"name":"xd","from":[5.597348,7.9502387,6.22937],"to":[6.269348,8.772238,10.22537],"rotation":{"angle":0.0,"axis":"x","origin":[-11.102713,11.09865,1.4838465]},"faces":{"down":{"uv":[2.996,10.129,2.879,10.871],"rotation":0,"texture":"#1","tintindex":0},"east":{"uv":[0.0,0.0,0.6875,0.125],"rotation":0,"texture":"#0","tintindex":0},"north":{"uv":[12.629,8.629,12.746,8.746],"rotation":0,"texture":"#1","tintindex":0},"south":{"uv":[12.629,8.879,12.746,8.996],"rotation":0,"texture":"#1","tintindex":0},"up":{"uv":[10.121,10.746,10.004,10.004],"rotation":0,"texture":"#1","tintindex":0},"west":{"uv":[10.004,5.004,10.746,5.121],"rotation":0,"texture":"#1","tintindex":0}}},{"name":"xd","from":[9.713348,7.4282384,6.39737],"to":[10.385348,8.100239,9.25337],"rotation":{"angle":0.0,"axis":"x","origin":[27.169407,11.09865,1.4838465]},"faces":{"down":{"uv":[1.621,10.879,1.504,11.496],"rotation":0,"texture":"#1","tintindex":0},"east":{"uv":[0.004,11.004,0.621,11.121],"rotation":0,"texture":"#1","tintindex":0},"north":{"uv":[12.629,9.629,12.746,9.746],"rotation":0,"texture":"#1","tintindex":0},"south":{"uv":[12.629,9.879,12.746,9.996],"rotation":0,"texture":"#1","tintindex":0},"up":{"uv":[5.996,11.121,5.879,10.504],"rotation":0,"texture":"#1","tintindex":0},"west":{"uv":[0.0,0.0,0.53125,0.125],"rotation":0,"texture":"#0","tintindex":0}}},{"name":"xd","from":[6.0173483,7.7642393,6.0613766],"to":[10.049349,8.100239,6.7333765],"rotation":{"angle":0.0,"axis":"x","origin":[10.049349,7.7642393,3.8773696]},"faces":{"down":{"uv":[0.871,9.754,0.004,9.871],"rotation":0,"texture":"#1","tintindex":0},"east":{"uv":[12.629,10.129,12.746,10.246],"rotation":0,"texture":"#1","tintindex":0},"north":{"uv":[9.629,8.004,10.496,8.121],"rotation":0,"texture":"#1","tintindex":0},"south":{"uv":[9.629,9.254,10.496,9.371],"rotation":0,"texture":"#1","tintindex":0},"up":{"uv":[10.496,9.621,9.629,9.504],"rotation":0,"texture":"#1","tintindex":0},"west":{"uv":[12.629,11.004,12.746,11.121],"rotation":0,"texture":"#1","tintindex":0}}},{"name":"xd","from":[6.4205484,7.4282384,6.3973765],"to":[9.713348,7.7642393,7.0693765],"rotation":{"angle":0.0,"axis":"x","origin":[10.049349,7.7642393,3.8773696]},"faces":{"down":{"uv":[11.621,4.754,11.004,4.871],"rotation":0,"texture":"#1","tintindex":0},"east":{"uv":[12.629,11.254,12.746,11.371],"rotation":0,"texture":"#1","tintindex":0},"north":{"uv":[2.004,11.004,2.621,11.121],"rotation":0,"texture":"#1","tintindex":0},"south":{"uv":[2.754,11.004,3.371,11.121],"rotation":0,"texture":"#1","tintindex":0},"up":{"uv":[4.371,11.121,3.754,11.004],"rotation":0,"texture":"#1","tintindex":0},"west":{"uv":[12.629,11.504,12.746,11.621],"rotation":0,"texture":"#1","tintindex":0}}},{"name":"xd","from":[6.0173483,7.0922384,6.7333765],"to":[10.049349,7.4282384,7.4053764],"rotation":{"angle":0.0,"axis":"x","origin":[10.049349,7.7642393,3.8773696]},"faces":{"down":{"uv":[10.621,2.379,9.754,2.496],"rotation":0,"texture":"#1","tintindex":0},"east":{"uv":[12.629,11.754,12.746,11.871],"rotation":0,"texture":"#1","tintindex":0},"north":{"uv":[1.004,9.754,1.871,9.871],"rotation":0,"texture":"#1","tintindex":0},"south":{"uv":[2.004,9.754,2.871,9.871],"rotation":0,"texture":"#1","tintindex":0},"up":{"uv":[10.621,2.246,9.754,2.129],"rotation":0,"texture":"#1","tintindex":0},"west":{"uv":[12.629,12.004,12.746,12.121],"rotation":0,"texture":"#1","tintindex":0}}},{"name":"xd","from":[6.0173483,8.100239,5.725376],"to":[10.049349,8.335439,6.3973765],"rotation":{"angle":0.0,"axis":"x","origin":[10.049349,7.7642393,3.8773696]},"faces":{"down":{"uv":[5.121,9.754,4.254,9.871],"rotation":0,"texture":"#1","tintindex":0},"east":{"uv":[12.629,12.254,12.746,12.371],"rotation":0,"texture":"#1","tintindex":0},"north":{"uv":[9.754,2.629,10.621,2.746],"rotation":0,"texture":"#1","tintindex":0},"south":{"uv":[9.754,2.879,10.621,2.996],"rotation":0,"texture":"#1","tintindex":0},"up":{"uv":[10.621,4.121,9.754,4.004],"rotation":0,"texture":"#1","tintindex":0},"west":{"uv":[12.629,12.504,12.746,12.621],"rotation":0,"texture":"#1","tintindex":0}}},{"name":"xd","from":[5.7653484,7.4282384,6.39737],"to":[6.4373484,8.100239,9.25337],"rotation":{"angle":0.0,"axis":"x","origin":[-11.102713,11.09865,1.4838465]},"faces":{"down":{"uv":[0.871,11.004,0.754,11.621],"rotation":0,"texture":"#1","tintindex":0},"east":{"uv":[0.0,0.0,0.53125,0.125],"rotation":0,"texture":"#0","tintindex":0},"north":{"uv":[12.754,0.004,12.871,0.121],"rotation":0,"texture":"#1","tintindex":0},"south":{"uv":[12.754,0.254,12.871,0.371],"rotation":0,"texture":"#1","tintindex":0},"up":{"uv":[10.121,11.496,10.004,10.879],"rotation":0,"texture":"#1","tintindex":0},"west":{"uv":[11.004,8.504,11.621,8.621],"rotation":0,"texture":"#1","tintindex":0}}},{"name":"gasgo","from":[9.377348,8.772238,5.389376],"to":[10.721348,10.11624,5.725376],"rotation":{"angle":0.0,"axis":"x","origin":[5.6654086,11.09865,1.4838465]},"faces":{"down":{"uv":[12.496,1.254,12.254,1.371],"rotation":0,"texture":"#1","tintindex":0},"east":{"uv":[12.129,12.129,12.246,12.371],"rotation":0,"texture":"#1","tintindex":0},"north":{"uv":[6.879,11.129,7.121,11.371],"rotation":0,"texture":"#1","tintindex":0},"south":{"uv":[0.0,0.0,0.25,0.25],"rotation":0,"texture":"#0","tintindex":0},"up":{"uv":[12.496,1.121,12.254,1.004],"rotation":0,"texture":"#1","tintindex":0},"west":{"uv":[0.004,12.254,0.121,12.496],"rotation":0,"texture":"#1","tintindex":0}}},{"name":"gasgo","from":[5.6423483,7.4222383,5.5993767],"to":[10.421349,8.766239,5.935376],"rotation":{"angle":0.0,"axis":"x","origin":[5.6654086,9.74865,1.6938468]},"faces":{"down":{"uv":[10.371,1.879,9.379,1.996],"rotation":0,"texture":"#1","tintindex":0},"east":{"uv":[12.629,1.004,12.746,1.246],"rotation":0,"texture":"#1","tintindex":0},"north":{"uv":[7.879,4.754,8.871,4.996],"rotation":0,"texture":"#1","tintindex":0},"south":{"uv":[0.0,0.0,0.25,0.25],"rotation":0,"texture":"#0","tintindex":0},"up":{"uv":[10.246,3.621,9.254,3.504],"rotation":0,"texture":"#1","tintindex":0},"west":{"uv":[1.129,12.629,1.246,12.871],"rotation":0,"texture":"#1","tintindex":0}}},{"name":"gasgo","from":[5.3453484,8.772238,5.389376],"to":[6.689348,10.11624,5.725376],"rotation":{"angle":0.0,"axis":"x","origin":[-11.102713,11.09865,1.4838465]},"faces":{"down":{"uv":[5.246,12.254,5.004,12.371],"rotation":0,"texture":"#1","tintindex":0},"east":{"uv":[1.504,12.254,1.621,12.496],"rotation":0,"texture":"#1","tintindex":0},"north":{"uv":[11.129,7.379,11.371,7.621],"rotation":0,"texture":"#1","tintindex":0},"south":{"uv":[0.0,0.0,0.25,0.25],"rotation":0,"texture":"#0","tintindex":0},"up":{"uv":[12.496,4.621,12.254,4.504],"rotation":0,"texture":"#1","tintindex":0},"west":{"uv":[12.254,3.254,12.371,3.496],"rotation":0,"texture":"#1","tintindex":0}}},{"name":"gasgo","from":[8.705349,8.100239,5.389376],"to":[10.049349,8.772238,5.725376],"rotation":{"angle":0.0,"axis":"x","origin":[5.6654086,11.09865,1.4838465]},"faces":{"down":{"uv":[9.996,12.254,9.754,12.371],"rotation":0,"texture":"#1","tintindex":0},"east":{"uv":[12.754,0.504,12.871,0.621],"rotation":0,"texture":"#1","tintindex":0},"north":{"uv":[12.254,8.629,12.496,8.746],"rotation":0,"texture":"#1","tintindex":0},"south":{"uv":[0.0,0.0,0.25,0.125],"rotation":0,"texture":"#0","tintindex":0},"up":{"uv":[12.496,8.996,12.254,8.879],"rotation":0,"texture":"#1","tintindex":0},"west":{"uv":[12.754,2.129,12.871,2.246],"rotation":0,"texture":"#1","tintindex":0}}},{"name":"gasgo","from":[7.3613486,6.756239,5.389376],"to":[8.705349,8.6042385,5.725376],"rotation":{"angle":0.0,"axis":"x","origin":[5.6654086,11.09865,1.4838465]},"faces":{"down":{"uv":[0.496,12.379,0.254,12.496],"rotation":0,"texture":"#1","tintindex":0},"east":{"uv":[3.129,11.879,3.246,12.246],"rotation":0,"texture":"#1","tintindex":0},"north":{"uv":[7.004,10.129,7.246,10.496],"rotation":0,"texture":"#1","tintindex":0},"south":{"uv":[0.0,0.0,0.25,0.34375],"rotation":0,"texture":"#0","tintindex":0},"up":{"uv":[12.621,0.121,12.379,0.004],"rotation":0,"texture":"#1","tintindex":0},"west":{"uv":[4.754,11.879,4.871,12.246],"rotation":0,"texture":"#1","tintindex":0}}},{"name":"gasgo","from":[6.0173483,8.100239,5.389376],"to":[7.3613486,8.772238,5.725376],"rotation":{"angle":0.0,"axis":"x","origin":[-11.102713,11.09865,1.4838465]},"faces":{"down":{"uv":[0.871,12.379,0.629,12.496],"rotation":0,"texture":"#1","tintindex":0},"east":{"uv":[12.754,2.379,12.871,2.496],"rotation":0,"texture":"#1","tintindex":0},"north":{"uv":[12.379,0.254,12.621,0.371],"rotation":0,"texture":"#1","tintindex":0},"south":{"uv":[0.0,0.0,0.25,0.125],"rotation":0,"texture":"#0","tintindex":0},"up":{"uv":[12.621,0.621,12.379,0.504],"rotation":0,"texture":"#1","tintindex":0},"west":{"uv":[3.129,12.754,3.246,12.871],"rotation":0,"texture":"#1","tintindex":0}}},{"name":"gasgo","from":[8.705349,7.4450383,5.389376],"to":[9.276548,8.100239,5.389376],"rotation":{"angle":0.0,"axis":"x","origin":[5.6654086,11.09865,1.4838465]},"faces":{"down":{"uv":[3.371,4.504,3.254,4.496],"rotation":0,"texture":"#1","tintindex":0},"east":{"uv":[2.129,4.629,2.121,4.746],"rotation":0,"texture":"#1","tintindex":0},"north":{"uv":[3.379,12.754,3.496,12.871],"rotation":0,"texture":"#1","tintindex":0},"south":{"uv":[3.629,12.754,3.746,12.871],"rotation":0,"texture":"#1","tintindex":0},"up":{"uv":[2.371,4.379,2.254,4.371],"rotation":0,"texture":"#1","tintindex":0},"west":{"uv":[2.129,4.879,2.121,4.996],"rotation":0,"texture":"#1","tintindex":0}}},{"name":"gasgo","from":[6.689348,7.4282384,5.389376],"to":[7.3613486,8.100239,5.725376],"rotation":{"angle":0.0,"axis":"x","origin":[-11.102713,11.09865,1.4838465]},"faces":{"down":{"uv":[5.246,12.754,5.129,12.871],"rotation":0,"texture":"#1","tintindex":0},"east":{"uv":[12.754,3.879,12.871,3.996],"rotation":0,"texture":"#1","tintindex":0},"north":{"uv":[3.879,12.754,3.996,12.871],"rotation":0,"texture":"#1","tintindex":0},"south":{"uv":[4.379,12.754,4.496,12.871],"rotation":0,"texture":"#1","tintindex":0},"up":{"uv":[4.996,12.871,4.879,12.754],"rotation":0,"texture":"#1","tintindex":0},"west":{"uv":[4.629,12.754,4.746,12.871],"rotation":0,"texture":"#1","tintindex":0}}},{"name":"gasgo","from":[7.3613486,11.460239,5.2213764],"to":[8.705349,13.476238,5.8933764],"rotation":{"angle":0.0,"axis":"x","origin":[3.2420957,11.09865,1.4838465]},"faces":{"down":{"uv":[1.246,12.379,1.004,12.496],"rotation":0,"texture":"#1","tintindex":0},"east":{"uv":[11.879,5.254,11.996,5.621],"rotation":0,"texture":"#1","tintindex":0},"north":{"uv":[8.004,10.129,8.246,10.496],"rotation":0,"texture":"#1","tintindex":0},"south":{"uv":[0.0,0.0,0.25,0.375],"rotation":0,"texture":"#0","tintindex":0},"up":{"uv":[0.0,0.0,0.25,0.125],"rotation":0,"texture":"#0","tintindex":0},"west":{"uv":[11.879,5.754,11.996,6.121],"rotation":0,"texture":"#1","tintindex":0}}},{"name":"gasgo","from":[8.705349,10.788239,5.389376],"to":[10.049349,12.132239,5.861147],"rotation":{"angle":0.0,"axis":"x","origin":[3.2420957,11.09865,1.4838465]},"faces":{"down":{"uv":[1.996,12.379,1.754,12.496],"rotation":0,"texture":"#1","tintindex":0},"east":{"uv":[0.0,0.0,0.087755,0.25],"rotation":0,"texture":"#0","tintindex":0},"north":{"uv":[11.129,7.754,11.371,7.996],"rotation":0,"texture":"#1","tintindex":0},"south":{"uv":[0.0,0.0,0.25,0.25],"rotation":0,"texture":"#0","tintindex":0},"up":{"uv":[0.0,0.0,0.25,0.087755],"rotation":0,"texture":"#0","tintindex":0},"west":{"uv":[12.379,1.504,12.496,1.746],"rotation":0,"texture":"#1","tintindex":0}}},{"name":"gasgo","from":[8.705349,8.772238,5.389376],"to":[9.041348,10.788239,5.861147],"rotation":{"angle":0.0,"axis":"x","origin":[3.2420957,11.09865,1.4838465]},"faces":{"down":{"uv":[0.0,0.0,0.0625,0.087755],"rotation":0,"texture":"#0","tintindex":0},"east":{"uv":[6.379,11.879,6.496,12.246],"rotation":0,"texture":"#1","tintindex":0},"north":{"uv":[5.879,11.879,5.996,12.246],"rotation":0,"texture":"#1","tintindex":0},"south":{"uv":[0.0,0.0,0.0625,0.375],"rotation":0,"texture":"#0","tintindex":0},"up":{"uv":[0.0,0.0,0.0625,0.087755],"rotation":0,"texture":"#0","tintindex":0},"west":{"uv":[6.629,11.879,6.746,12.246],"rotation":0,"texture":"#1","tintindex":0}}},{"name":"gasgo","from":[7.0253487,8.772238,5.389376],"to":[7.3613486,10.788239,5.861147],"rotation":{"angle":0.0,"axis":"x","origin":[3.2420957,11.09865,1.4838465]},"faces":{"down":{"uv":[0.0,0.0,0.0625,0.087755],"rotation":0,"texture":"#0","tintindex":0},"east":{"uv":[7.129,11.879,7.246,12.246],"rotation":0,"texture":"#1","tintindex":0},"north":{"uv":[11.879,6.754,11.996,7.121],"rotation":0,"texture":"#1","tintindex":0},"south":{"uv":[0.0,0.0,0.0625,0.375],"rotation":0,"texture":"#0","tintindex":0},"up":{"uv":[0.0,0.0,0.0625,0.087755],"rotation":0,"texture":"#0","tintindex":0},"west":{"uv":[7.379,11.879,7.496,12.246],"rotation":0,"texture":"#1","tintindex":0}}},{"name":"gasgo","from":[6.0173483,10.788239,5.389376],"to":[7.3613486,12.132239,5.861147],"rotation":{"angle":0.0,"axis":"x","origin":[3.2420957,11.09865,1.4838465]},"faces":{"down":{"uv":[12.621,2.254,12.379,2.371],"rotation":0,"texture":"#1","tintindex":0},"east":{"uv":[12.379,1.879,12.496,2.121],"rotation":0,"texture":"#1","tintindex":0},"north":{"uv":[8.379,11.129,8.621,11.371],"rotation":0,"texture":"#1","tintindex":0},"south":{"uv":[0.0,0.0,0.25,0.25],"rotation":0,"texture":"#0","tintindex":0},"up":{"uv":[0.0,0.0,0.25,0.087755],"rotation":0,"texture":"#0","tintindex":0},"west":{"uv":[0.0,0.0,0.087755,0.25],"rotation":0,"texture":"#0","tintindex":0}}},{"name":"gasgo","from":[6.0173483,10.11624,5.389376],"to":[6.689348,10.788239,5.861147],"rotation":{"angle":0.0,"axis":"x","origin":[3.2420957,11.09865,1.4838465]},"faces":{"down":{"uv":[0.0,0.0,0.125,0.087755],"rotation":0,"texture":"#0","tintindex":0},"east":{"uv":[5.629,12.754,5.746,12.871],"rotation":0,"texture":"#1","tintindex":0},"north":{"uv":[5.379,12.754,5.496,12.871],"rotation":0,"texture":"#1","tintindex":0},"south":{"uv":[0.0,0.0,0.125,0.125],"rotation":0,"texture":"#0","tintindex":0},"up":{"uv":[0.0,0.0,0.125,0.087755],"rotation":0,"texture":"#0","tintindex":0},"west":{"uv":[0.0,0.0,0.087755,0.125],"rotation":0,"texture":"#0","tintindex":0}}},{"name":"gasgo","from":[9.377348,10.11624,5.389376],"to":[10.049349,10.788239,5.861147],"rotation":{"angle":0.0,"axis":"x","origin":[3.2420957,11.09865,1.4838465]},"faces":{"down":{"uv":[0.0,0.0,0.125,0.087755],"rotation":0,"texture":"#0","tintindex":0},"east":{"uv":[0.0,0.0,0.087755,0.125],"rotation":0,"texture":"#0","tintindex":0},"north":{"uv":[5.879,12.754,5.996,12.871],"rotation":0,"texture":"#1","tintindex":0},"south":{"uv":[0.0,0.0,0.125,0.125],"rotation":0,"texture":"#0","tintindex":0},"up":{"uv":[0.0,0.0,0.125,0.087755],"rotation":0,"texture":"#0","tintindex":0},"west":{"uv":[6.129,12.754,6.246,12.871],"rotation":0,"texture":"#1","tintindex":0}}},{"name":"gasgo","from":[7.6973486,8.100239,5.313642],"to":[8.369349,14.820239,5.7845793],"rotation":{"angle":0.0,"axis":"x","origin":[3.2420957,12.764679,0.6760757]},"faces":{"down":{"uv":[7.121,12.754,7.004,12.871],"rotation":0,"texture":"#1","tintindex":0},"east":{"uv":[6.254,8.629,6.371,9.996],"rotation":0,"texture":"#1","tintindex":0},"north":{"uv":[3.379,8.379,3.496,9.746],"rotation":0,"texture":"#1","tintindex":0},"south":{"uv":[7.004,8.629,7.121,9.996],"rotation":0,"texture":"#1","tintindex":0},"up":{"uv":[6.496,12.871,6.379,12.754],"rotation":0,"texture":"#1","tintindex":0},"west":{"uv":[7.254,8.629,7.371,9.996],"rotation":0,"texture":"#1","tintindex":0}}},{"name":"gasgo","from":[7.5293484,13.476238,6.6576424],"to":[8.537349,14.148238,10.32058],"rotation":{"angle":0.0,"axis":"x","origin":[3.2420957,12.764679,0.6760757]},"faces":{"down":{"uv":[7.371,7.754,7.129,8.496],"rotation":0,"texture":"#1","tintindex":0},"east":{"uv":[10.004,6.754,10.746,6.871],"rotation":0,"texture":"#1","tintindex":0},"north":{"uv":[12.379,2.504,12.621,2.621],"rotation":0,"texture":"#1","tintindex":0},"south":{"uv":[2.754,12.379,2.996,12.496],"rotation":0,"texture":"#1","tintindex":0},"up":{"uv":[2.496,4.246,2.254,3.504],"rotation":0,"texture":"#1","tintindex":0},"west":{"uv":[10.129,4.754,10.871,4.871],"rotation":0,"texture":"#1","tintindex":0}}},{"name":"gasgo","from":[7.6973486,12.804239,10.353642],"to":[8.369349,14.148238,11.697642],"rotation":{"angle":0.0,"axis":"x","origin":[3.2420957,12.764679,0.6760757]},"faces":{"down":{"uv":[4.496,12.379,4.379,12.621],"rotation":0,"texture":"#1","tintindex":0},"east":{"uv":[8.754,11.129,8.996,11.371],"rotation":0,"texture":"#1","tintindex":0},"north":{"uv":[12.379,2.754,12.496,2.996],"rotation":0,"texture":"#1","tintindex":0},"south":{"uv":[3.129,12.379,3.246,12.621],"rotation":0,"texture":"#1","tintindex":0},"up":{"uv":[12.496,3.871,12.379,3.629],"rotation":0,"texture":"#1","tintindex":0},"west":{"uv":[9.129,11.129,9.371,11.371],"rotation":0,"texture":"#1","tintindex":0}}},{"name":"gasgo","from":[7.6973486,10.788239,11.025642],"to":[8.369349,12.804239,11.697642],"rotation":{"angle":0.0,"axis":"x","origin":[3.2420957,12.764679,0.6760757]},"faces":{"down":{"uv":[12.871,7.254,12.754,7.371],"rotation":0,"texture":"#1","tintindex":0},"east":{"uv":[11.879,11.129,11.996,11.496],"rotation":0,"texture":"#1","tintindex":0},"north":{"uv":[11.879,10.629,11.996,10.996],"rotation":0,"texture":"#1","tintindex":0},"south":{"uv":[11.879,11.629,11.996,11.996],"rotation":0,"texture":"#1","tintindex":0},"up":{"uv":[7.371,12.871,7.254,12.754],"rotation":0,"texture":"#1","tintindex":0},"west":{"uv":[2.254,12.004,2.371,12.371],"rotation":0,"texture":"#1","tintindex":0}}},{"name":"gasgo","from":[7.6973486,14.148238,6.6576424],"to":[8.369349,14.820239,10.32058],"rotation":{"angle":0.0,"axis":"x","origin":[3.2420957,12.764679,0.6760757]},"faces":{"down":{"uv":[1.871,10.254,1.754,10.996],"rotation":0,"texture":"#1","tintindex":0},"east":{"uv":[10.129,8.504,10.871,8.621],"rotation":0,"texture":"#1","tintindex":0},"north":{"uv":[7.504,12.754,7.621,12.871],"rotation":0,"texture":"#1","tintindex":0},"south":{"uv":[12.754,7.504,12.871,7.621],"rotation":0,"texture":"#1","tintindex":0},"up":{"uv":[6.371,10.871,6.254,10.129],"rotation":0,"texture":"#1","tintindex":0},"west":{"uv":[10.129,8.754,10.871,8.871],"rotation":0,"texture":"#1","tintindex":0}}}],"display":{"head":{"translation":[0.0,-6.4,0.0],"rotation":[0.0,0.0,0.0],"scale":[3.8095,3.8095,3.8095]}}}