{"textures":{"0":"modelengine:entity/fallenwardenlance","1":"modelengine:entity/fallenwarden1","2":"modelengine:entity/boneshadin1","3":"modelengine:entity/reditexture","4":"modelengine:entity/boneshadin1xd"},"elements":[{"name":"left leg","from":[7.1,7.4,6.8],"to":[8.9,8.6,7.4],"rotation":{"angle":0.0,"axis":"x","origin":[7.01,3.7999997,8.3]},"faces":{"down":{"uv":[12.496,6.004,12.129,6.121],"rotation":0,"texture":"#1","tintindex":0},"east":{"uv":[12.504,7.254,12.621,7.496],"rotation":0,"texture":"#1","tintindex":0},"north":{"uv":[10.879,1.379,11.246,1.621],"rotation":0,"texture":"#1","tintindex":0},"south":{"uv":[10.879,3.379,11.246,3.621],"rotation":0,"texture":"#1","tintindex":0},"up":{"uv":[12.496,5.871,12.129,5.754],"rotation":0,"texture":"#1","tintindex":0},"west":{"uv":[12.504,7.629,12.621,7.871],"rotation":0,"texture":"#1","tintindex":0}}},{"name":"left leg","from":[6.95,7.4,7.4],"to":[9.05,8.0,9.35],"rotation":{"angle":0.0,"axis":"x","origin":[7.01,3.7999997,8.3]},"faces":{"down":{"uv":[4.871,8.629,4.379,8.996],"rotation":0,"texture":"#1","tintindex":0},"east":{"uv":[12.129,6.754,12.496,6.871],"rotation":0,"texture":"#1","tintindex":0},"north":{"uv":[11.629,1.379,12.121,1.496],"rotation":0,"texture":"#1","tintindex":0},"south":{"uv":[11.629,4.504,12.121,4.621],"rotation":0,"texture":"#1","tintindex":0},"up":{"uv":[9.121,3.621,8.629,3.254],"rotation":0,"texture":"#1","tintindex":0},"west":{"uv":[12.129,7.004,12.496,7.121],"rotation":0,"texture":"#1","tintindex":0}}},{"name":"left leg","from":[6.95,4.3999996,7.1],"to":[9.35,6.8,9.5],"rotation":{"angle":0.0,"axis":"x","origin":[8.15,10.700001,8.3]},"faces":{"down":{"uv":[6.371,8.004,5.879,8.496],"rotation":0,"texture":"#1","tintindex":0},"east":{"uv":[1.254,7.879,1.746,8.371],"rotation":0,"texture":"#1","tintindex":0},"north":{"uv":[8.371,0.629,7.879,1.121],"rotation":0,"texture":"#1","tintindex":0},"south":{"uv":[7.879,4.129,8.371,4.621],"rotation":0,"texture":"#1","tintindex":0},"up":{"uv":[8.496,3.871,8.004,3.379],"rotation":0,"texture":"#1","tintindex":0},"west":{"uv":[8.004,0.004,8.496,0.496],"rotation":0,"texture":"#1","tintindex":0}}},{"name":"left leg","from":[6.9049997,3.7999997,7.1],"to":[9.365,4.3999996,9.514999],"rotation":{"angle":0.0,"axis":"x","origin":[8.15,8.3,8.3]},"faces":{"down":{"uv":[3.129,7.754,3.621,8.246],"rotation":0,"texture":"#1","tintindex":0},"east":{"uv":[8.246,1.879,7.754,1.996],"rotation":0,"texture":"#1","tintindex":0},"north":{"uv":[0.496,7.754,0.004,8.246],"rotation":0,"texture":"#1","tintindex":0},"south":{"uv":[2.3875,7.754,1.879,7.871],"rotation":0,"texture":"#1","tintindex":0},"up":{"uv":[2.504,8.246,2.996,7.754],"rotation":0,"texture":"#1","tintindex":0},"west":{"uv":[8.246,1.254,7.754,1.371],"rotation":0,"texture":"#1","tintindex":0}}}],"display":{"head":{"translation":[0.0,-6.4,0.0],"rotation":[0.0,0.0,0.0],"scale":[3.8095,3.8095,3.8095]}}}