{"textures":{"0":"modelengine:entity/herobrine_bobber"},"elements":[{"name":"cube","from":[8.0,5.0,7.25],"to":[8.0,8.0,9.65],"rotation":{"angle":0.0,"axis":"x","origin":[8.6,8.0,6.35]},"faces":{"down":{"uv":[0.0,0.0,0.0,4.0],"rotation":0,"texture":"#0","tintindex":0},"east":{"uv":[0.0,0.0,4.0,5.0],"rotation":0,"texture":"#0","tintindex":0},"north":{"uv":[0.0,0.0,0.0,5.0],"rotation":0,"texture":"#0","tintindex":0},"south":{"uv":[0.0,0.0,0.0,5.0],"rotation":0,"texture":"#0","tintindex":0},"up":{"uv":[0.0,4.0,0.0,0.0],"rotation":0,"texture":"#0","tintindex":0},"west":{"uv":[4.0,0.0,0.0,5.0],"rotation":0,"texture":"#0","tintindex":0}}},{"name":"cube","from":[6.8,8.0,6.35],"to":[9.2,11.0,8.75],"rotation":{"angle":0.0,"axis":"x","origin":[8.6,8.0,6.35]},"faces":{"down":{"uv":[8.0,10.0,4.0,14.0],"rotation":0,"texture":"#0","tintindex":0},"east":{"uv":[4.0,5.0,8.0,10.0],"rotation":0,"texture":"#0","tintindex":0},"north":{"uv":[0.0,5.0,4.0,10.0],"rotation":0,"texture":"#0","tintindex":0},"south":{"uv":[8.0,0.0,12.0,5.0],"rotation":0,"texture":"#0","tintindex":0},"up":{"uv":[4.0,14.0,0.0,10.0],"rotation":0,"texture":"#0","tintindex":0},"west":{"uv":[8.0,5.0,12.0,10.0],"rotation":0,"texture":"#0","tintindex":0}}}],"display":{"head":{"translation":[0.0,-6.4,0.0],"rotation":[0.0,0.0,0.0],"scale":[3.8095,3.8095,3.8095]}}}