{"textures":{"0":"modelengine:entity/herobrine","1":"modelengine:entity/herobrine_alex","2":"modelengine:entity/herobrine_steve","3":"modelengine:entity/herobrine_zombie"},"elements":[{"name":"body","from":[5.6,6.8269854,6.98829],"to":[10.4,10.426985,9.38829],"rotation":{"angle":0.0,"axis":"x","origin":[8.0,-0.37301517,8.18829]},"faces":{"down":{"uv":[2.0,6.0,0.0,7.0],"rotation":0,"texture":"#3","tintindex":0},"east":{"uv":[6.0,2.0,7.0,3.5],"rotation":0,"texture":"#3","tintindex":0},"north":{"uv":[2.0,4.0,4.0,5.5],"rotation":0,"texture":"#3","tintindex":0},"south":{"uv":[4.0,2.0,6.0,3.5],"rotation":0,"texture":"#3","tintindex":0},"up":{"uv":[4.0,6.5,2.0,5.5],"rotation":0,"texture":"#3","tintindex":0},"west":{"uv":[6.0,3.5,7.0,5.0],"rotation":0,"texture":"#3","tintindex":0}}},{"name":"body","from":[5.6,10.426985,6.98829],"to":[10.4,14.026985,9.38829],"rotation":{"angle":-22.5,"axis":"x","origin":[8.0,10.426985,9.38829]},"faces":{"down":{"uv":[8.0,1.0,6.0,2.0],"rotation":0,"texture":"#3","tintindex":0},"east":{"uv":[6.0,5.0,7.0,6.5],"rotation":0,"texture":"#3","tintindex":0},"north":{"uv":[4.0,3.5,6.0,5.0],"rotation":0,"texture":"#3","tintindex":0},"south":{"uv":[4.0,5.0,6.0,6.5],"rotation":0,"texture":"#3","tintindex":0},"up":{"uv":[8.0,1.0,6.0,0.0],"rotation":0,"texture":"#3","tintindex":0},"west":{"uv":[2.0,6.5,3.0,8.0],"rotation":0,"texture":"#3","tintindex":0}}}],"display":{"head":{"translation":[0.0,-6.4,0.0],"rotation":[0.0,0.0,0.0],"scale":[3.8095,3.8095,3.8095]}}}