{"textures":{"0":"modelengine:entity/herobrine","1":"modelengine:entity/herobrine_alex","2":"modelengine:entity/herobrine_steve","3":"modelengine:entity/herobrine_zombie"},"elements":[{"name":"leftarm","from":[8.0,5.0,6.8],"to":[10.4,8.6,9.2],"rotation":{"angle":0.0,"axis":"x","origin":[5.6,-5.8,8.0]},"faces":{"down":{"uv":[7.0,8.0,6.0,9.0],"rotation":0,"texture":"#3","tintindex":0},"east":{"uv":[1.0,7.0,2.0,8.5],"rotation":0,"texture":"#3","tintindex":0},"north":{"uv":[0.0,7.0,1.0,8.5],"rotation":0,"texture":"#3","tintindex":0},"south":{"uv":[7.0,2.0,8.0,3.5],"rotation":0,"texture":"#3","tintindex":0},"up":{"uv":[9.0,6.5,8.0,5.5],"rotation":0,"texture":"#3","tintindex":0},"west":{"uv":[7.0,3.5,8.0,5.0],"rotation":0,"texture":"#3","tintindex":0}}}],"display":{"head":{"translation":[0.0,-6.4,0.0],"rotation":[0.0,0.0,0.0],"scale":[3.8095,3.8095,3.8095]}}}