{"textures":{"0":"modelengine:entity/3dtext_pvp"},"elements":[{"name":"pvp_0","from":[15.02,7.955,7.1449995],"to":[17.315,15.095,9.2],"rotation":{"angle":0.0,"axis":"x","origin":[7.1075,11.46125,7.8725]},"faces":{"down":{"uv":[8.0,4.0,7.0,4.875],"rotation":0,"texture":"#0","tintindex":0},"east":{"uv":[3.0,0.0,3.875,3.0],"rotation":0,"texture":"#0","tintindex":0},"north":{"uv":[0.0,0.0,1.0,3.0],"rotation":0,"texture":"#0","tintindex":0},"south":{"uv":[1.0,0.0,2.0,3.0],"rotation":0,"texture":"#0","tintindex":0},"up":{"uv":[8.0,3.875,7.0,3.0],"rotation":0,"texture":"#0","tintindex":0},"west":{"uv":[1.0,3.0,1.875,6.0],"rotation":0,"texture":"#0","tintindex":0}}},{"name":"pvp_1","from":[11.705,13.565,7.1449995],"to":[15.02,15.095,9.2],"rotation":{"angle":0.0,"axis":"x","origin":[7.1075,11.46125,7.8725]},"faces":{"down":{"uv":[8.375,0.0,7.0,0.875],"rotation":0,"texture":"#0","tintindex":0},"east":{"uv":[3.75,8.5,4.625,9.125],"rotation":0,"texture":"#0","tintindex":0},"north":{"uv":[7.0,7.5,8.375,8.125],"rotation":0,"texture":"#0","tintindex":0},"south":{"uv":[8.0,3.0,9.375,3.625],"rotation":0,"texture":"#0","tintindex":0},"up":{"uv":[7.375,7.375,6.0,6.5],"rotation":0,"texture":"#0","tintindex":0},"west":{"uv":[4.75,8.5,5.625,9.125],"rotation":0,"texture":"#0","tintindex":0}}},{"name":"pvp_2","from":[8.9,10.505,7.1449995],"to":[10.940001,15.095,9.2],"rotation":{"angle":0.0,"axis":"x","origin":[7.1075,11.46125,7.8725]},"faces":{"down":{"uv":[7.875,8.25,7.0,9.125],"rotation":0,"texture":"#0","tintindex":0},"east":{"uv":[5.0,0.0,5.875,1.875],"rotation":0,"texture":"#0","tintindex":0},"north":{"uv":[4.0,4.0,4.875,5.875],"rotation":0,"texture":"#0","tintindex":0},"south":{"uv":[5.0,2.0,5.875,3.875],"rotation":0,"texture":"#0","tintindex":0},"up":{"uv":[0.875,8.875,0.0,8.0],"rotation":0,"texture":"#0","tintindex":0},"west":{"uv":[5.0,4.0,5.875,5.875],"rotation":0,"texture":"#0","tintindex":0}}},{"name":"pvp_3","from":[5.33,10.505,7.1449995],"to":[7.625,15.095,9.2],"rotation":{"angle":0.0,"axis":"x","origin":[7.1075,11.46125,7.8725]},"faces":{"down":{"uv":[2.0,7.5,1.0,8.375],"rotation":0,"texture":"#0","tintindex":0},"east":{"uv":[0.0,6.0,0.875,7.875],"rotation":0,"texture":"#0","tintindex":0},"north":{"uv":[4.0,0.0,5.0,1.875],"rotation":0,"texture":"#0","tintindex":0},"south":{"uv":[4.0,2.0,5.0,3.875],"rotation":0,"texture":"#0","tintindex":0},"up":{"uv":[8.0,5.875,7.0,5.0],"rotation":0,"texture":"#0","tintindex":0},"west":{"uv":[6.0,0.0,6.875,1.875],"rotation":0,"texture":"#0","tintindex":0}}},{"name":"pvp_4","from":[2.0149994,7.955,7.1449995],"to":[4.31,15.095,9.2],"rotation":{"angle":0.0,"axis":"x","origin":[7.1075,11.46125,7.8725]},"faces":{"down":{"uv":[4.0,7.5,3.0,8.375],"rotation":0,"texture":"#0","tintindex":0},"east":{"uv":[2.0,3.0,2.875,6.0],"rotation":0,"texture":"#0","tintindex":0},"north":{"uv":[2.0,0.0,3.0,3.0],"rotation":0,"texture":"#0","tintindex":0},"south":{"uv":[0.0,3.0,1.0,6.0],"rotation":0,"texture":"#0","tintindex":0},"up":{"uv":[3.0,8.375,2.0,7.5],"rotation":0,"texture":"#0","tintindex":0},"west":{"uv":[3.0,3.0,3.875,6.0],"rotation":0,"texture":"#0","tintindex":0}}},{"name":"pvp_5","from":[-1.3000002,13.565,7.1449995],"to":[2.0149994,15.095,9.2],"rotation":{"angle":0.0,"axis":"x","origin":[7.1075,11.46125,7.8725]},"faces":{"down":{"uv":[8.375,2.0,7.0,2.875],"rotation":0,"texture":"#0","tintindex":0},"east":{"uv":[5.75,8.5,6.625,9.125],"rotation":0,"texture":"#0","tintindex":0},"north":{"uv":[8.0,3.75,9.375,4.375],"rotation":0,"texture":"#0","tintindex":0},"south":{"uv":[8.0,4.5,9.375,5.125],"rotation":0,"texture":"#0","tintindex":0},"up":{"uv":[8.375,1.875,7.0,1.0],"rotation":0,"texture":"#0","tintindex":0},"west":{"uv":[8.5,6.0,9.375,6.625],"rotation":0,"texture":"#0","tintindex":0}}},{"name":"pvp_6","from":[11.705,9.995,7.1449995],"to":[14.0,13.565,9.2],"rotation":{"angle":0.0,"axis":"x","origin":[7.1075,11.46125,7.8725]},"faces":{"down":{"uv":[6.0,7.5,5.0,8.375],"rotation":0,"texture":"#0","tintindex":0},"east":{"uv":[6.0,3.5,6.875,5.0],"rotation":0,"texture":"#0","tintindex":0},"north":{"uv":[1.0,6.0,2.0,7.5],"rotation":0,"texture":"#0","tintindex":0},"south":{"uv":[2.0,6.0,3.0,7.5],"rotation":0,"texture":"#0","tintindex":0},"up":{"uv":[5.0,8.375,4.0,7.5],"rotation":0,"texture":"#0","tintindex":0},"west":{"uv":[4.0,6.0,4.875,7.5],"rotation":0,"texture":"#0","tintindex":0}}},{"name":"pvp_7","from":[-1.3000002,9.995,7.1449995],"to":[0.99499965,13.565,9.2],"rotation":{"angle":0.0,"axis":"x","origin":[7.1075,11.46125,7.8725]},"faces":{"down":{"uv":[8.5,6.0,7.5,6.875],"rotation":0,"texture":"#0","tintindex":0},"east":{"uv":[5.0,6.0,5.875,7.5],"rotation":0,"texture":"#0","tintindex":0},"north":{"uv":[6.0,2.0,7.0,3.5],"rotation":0,"texture":"#0","tintindex":0},"south":{"uv":[3.0,6.0,4.0,7.5],"rotation":0,"texture":"#0","tintindex":0},"up":{"uv":[7.0,8.375,6.0,7.5],"rotation":0,"texture":"#0","tintindex":0},"west":{"uv":[6.0,5.0,6.875,6.5],"rotation":0,"texture":"#0","tintindex":0}}},{"name":"pvp_8","from":[14.0,9.995,7.1449995],"to":[15.02,11.780001,9.2],"rotation":{"angle":0.0,"axis":"x","origin":[7.1075,11.46125,7.8725]},"faces":{"down":{"uv":[6.625,9.25,6.25,10.125],"rotation":0,"texture":"#0","tintindex":0},"east":{"uv":[8.0,5.25,8.875,6.0],"rotation":0,"texture":"#0","tintindex":0},"north":{"uv":[1.25,9.5,1.625,10.25],"rotation":0,"texture":"#0","tintindex":0},"south":{"uv":[9.5,3.0,9.875,3.75],"rotation":0,"texture":"#0","tintindex":0},"up":{"uv":[6.125,10.125,5.75,9.25],"rotation":0,"texture":"#0","tintindex":0},"west":{"uv":[8.0,8.25,8.875,9.0],"rotation":0,"texture":"#0","tintindex":0}}},{"name":"pvp_9","from":[0.99499965,9.995,7.1449995],"to":[2.0149994,11.780001,9.2],"rotation":{"angle":0.0,"axis":"x","origin":[7.1075,11.46125,7.8725]},"faces":{"down":{"uv":[9.625,6.75,9.25,7.625],"rotation":0,"texture":"#0","tintindex":0},"east":{"uv":[8.5,0.0,9.375,0.75],"rotation":0,"texture":"#0","tintindex":0},"north":{"uv":[9.5,3.75,9.875,4.5],"rotation":0,"texture":"#0","tintindex":0},"south":{"uv":[9.5,4.5,9.875,5.25],"rotation":0,"texture":"#0","tintindex":0},"up":{"uv":[7.125,10.125,6.75,9.25],"rotation":0,"texture":"#0","tintindex":0},"west":{"uv":[8.5,0.75,9.375,1.5],"rotation":0,"texture":"#0","tintindex":0}}},{"name":"pvp_10","from":[8.9,9.23,7.1449995],"to":[10.43,10.505,9.2],"rotation":{"angle":0.0,"axis":"x","origin":[7.1075,11.46125,7.8725]},"faces":{"down":{"uv":[0.625,9.0,0.0,9.875],"rotation":0,"texture":"#0","tintindex":0},"east":{"uv":[7.5,7.0,8.375,7.5],"rotation":0,"texture":"#0","tintindex":0},"north":{"uv":[9.5,1.0,10.125,1.5],"rotation":0,"texture":"#0","tintindex":0},"south":{"uv":[9.5,2.5,10.125,3.0],"rotation":0,"texture":"#0","tintindex":0},"up":{"uv":[9.125,7.625,8.5,6.75],"rotation":0,"texture":"#0","tintindex":0},"west":{"uv":[8.5,2.5,9.375,3.0],"rotation":0,"texture":"#0","tintindex":0}}},{"name":"pvp_11","from":[5.84,9.23,7.1449995],"to":[7.625,10.505,9.2],"rotation":{"angle":0.0,"axis":"x","origin":[7.1075,11.46125,7.8725]},"faces":{"down":{"uv":[9.25,1.5,8.5,2.375],"rotation":0,"texture":"#0","tintindex":0},"east":{"uv":[8.5,7.75,9.375,8.25],"rotation":0,"texture":"#0","tintindex":0},"north":{"uv":[3.75,9.25,4.5,9.75],"rotation":0,"texture":"#0","tintindex":0},"south":{"uv":[4.5,9.25,5.25,9.75],"rotation":0,"texture":"#0","tintindex":0},"up":{"uv":[1.75,9.375,1.0,8.5],"rotation":0,"texture":"#0","tintindex":0},"west":{"uv":[9.0,5.25,9.875,5.75],"rotation":0,"texture":"#0","tintindex":0}}},{"name":"pvp_12","from":[7.625,7.955,7.1449995],"to":[8.9,9.74,9.2],"rotation":{"angle":0.0,"axis":"x","origin":[7.1075,11.46125,7.8725]},"faces":{"down":{"uv":[9.5,8.25,9.0,9.125],"rotation":0,"texture":"#0","tintindex":0},"east":{"uv":[1.75,8.5,2.625,9.25],"rotation":0,"texture":"#0","tintindex":0},"north":{"uv":[8.5,9.0,9.0,9.75],"rotation":0,"texture":"#0","tintindex":0},"south":{"uv":[5.25,9.25,5.75,10.0],"rotation":0,"texture":"#0","tintindex":0},"up":{"uv":[8.5,9.875,8.0,9.0],"rotation":0,"texture":"#0","tintindex":0},"west":{"uv":[2.75,8.5,3.625,9.25],"rotation":0,"texture":"#0","tintindex":0}}},{"name":"pvp_13","from":[8.9,7.955,7.1449995],"to":[9.665,9.23,9.2],"rotation":{"angle":0.0,"axis":"x","origin":[7.1075,11.46125,7.8725]},"faces":{"down":{"uv":[9.375,9.25,9.0,10.125],"rotation":0,"texture":"#0","tintindex":0},"east":{"uv":[9.25,1.5,10.125,2.0],"rotation":0,"texture":"#0","tintindex":0},"north":{"uv":[7.0,6.0,7.375,6.5],"rotation":0,"texture":"#0","tintindex":0},"south":{"uv":[9.5,5.75,9.875,6.25],"rotation":0,"texture":"#0","tintindex":0},"up":{"uv":[7.625,10.125,7.25,9.25],"rotation":0,"texture":"#0","tintindex":0},"west":{"uv":[1.75,9.25,2.625,9.75],"rotation":0,"texture":"#0","tintindex":0}}},{"name":"pvp_14","from":[6.605,7.955,7.1449995],"to":[7.625,9.23,9.2],"rotation":{"angle":0.0,"axis":"x","origin":[7.1075,11.46125,7.8725]},"faces":{"down":{"uv":[1.125,9.5,0.75,10.375],"rotation":0,"texture":"#0","tintindex":0},"east":{"uv":[9.25,2.0,10.125,2.5],"rotation":0,"texture":"#0","tintindex":0},"north":{"uv":[9.5,6.25,9.875,6.75],"rotation":0,"texture":"#0","tintindex":0},"south":{"uv":[9.5,7.75,9.875,8.25],"rotation":0,"texture":"#0","tintindex":0},"up":{"uv":[9.875,0.875,9.5,0.0],"rotation":0,"texture":"#0","tintindex":0},"west":{"uv":[2.75,9.25,3.625,9.75],"rotation":0,"texture":"#0","tintindex":0}}}],"display":{"head":{"translation":[0.0,-6.4,0.0],"rotation":[0.0,0.0,0.0],"scale":[3.8095,3.8095,3.8095]}}}