{"textures":{"0":"modelengine:entity/boneshadingsoldier","1":"modelengine:entity/reditexture","2":"modelengine:entity/boneshadin1xd","3":"modelengine:entity/soldierswordanimated","4":"modelengine:entity/fallensoldieranimated","5":"modelengine:entity/soldierswordanimatedhalo"},"elements":[{"name":"body","from":[5.0,12.2,6.8],"to":[11.0,15.2,9.2],"rotation":{"angle":0.0,"axis":"x","origin":[8.0,0.7999997,8.0]},"faces":{"down":{"uv":[4.5,0.625,3.25,1.125],"rotation":0,"texture":"#4","tintindex":0},"east":{"uv":[1.75,2.75,2.25,3.375],"rotation":0,"texture":"#4","tintindex":0},"north":{"uv":[0.0,1.125,1.25,1.75],"rotation":0,"texture":"#4","tintindex":0},"south":{"uv":[1.125,0.0,2.375,0.625],"rotation":0,"texture":"#4","tintindex":0},"up":{"uv":[3.75,0.5,2.5,0.0],"rotation":0,"texture":"#4","tintindex":0},"west":{"uv":[4.625,0.5,5.125,1.125],"rotation":0,"texture":"#4","tintindex":0}}},{"name":"cuirass","from":[5.6,10.4,6.8],"to":[10.4,12.2,9.2],"rotation":{"angle":0.0,"axis":"x","origin":[8.0,0.7999997,8.0]},"faces":{"down":{"uv":[1.0,3.875,0.0,4.375],"rotation":0,"texture":"#4","tintindex":0},"east":{"uv":[6.625,6.875,7.125,7.25],"rotation":0,"texture":"#4","tintindex":0},"north":{"uv":[3.875,0.0,4.875,0.375],"rotation":0,"texture":"#4","tintindex":0},"south":{"uv":[0.0,4.5,1.0,4.875],"rotation":0,"texture":"#4","tintindex":0},"up":{"uv":[3.75,4.0,2.75,3.5],"rotation":0,"texture":"#4","tintindex":0},"west":{"uv":[0.0,7.0,0.5,7.375],"rotation":0,"texture":"#4","tintindex":0}}},{"name":"interanlk","from":[5.66,10.4,6.8599997],"to":[10.34,12.2,9.139999],"rotation":{"angle":0.0,"axis":"x","origin":[8.0,0.7999997,8.0]},"faces":{"down":{"uv":[6.121,5.504,5.129,5.996],"rotation":0,"texture":"#0","tintindex":0},"east":{"uv":[8.254,6.254,8.746,6.621],"rotation":0,"texture":"#0","tintindex":0},"north":{"uv":[0.0,0.0,6.0,5.0],"rotation":0,"texture":"#0","tintindex":0},"south":{"uv":[6.129,1.004,7.104,1.379],"rotation":0,"texture":"#0","tintindex":0},"up":{"uv":[6.496,5.121,5.504,4.629],"rotation":0,"texture":"#0","tintindex":0},"west":{"uv":[8.254,6.754,8.746,7.121],"rotation":0,"texture":"#0","tintindex":0}}},{"name":"body","from":[8.3,8.0,6.8],"to":[10.1,10.4,9.2],"rotation":{"angle":0.0,"axis":"x","origin":[8.0,0.7999997,8.0]},"faces":{"down":{"uv":[3.5,7.125,3.125,7.625],"rotation":0,"texture":"#4","tintindex":0},"east":{"uv":[3.0,5.625,3.5,6.125],"rotation":0,"texture":"#4","tintindex":0},"north":{"uv":[7.125,0.0,7.5,0.5],"rotation":0,"texture":"#4","tintindex":0},"south":{"uv":[7.125,0.625,7.5,1.125],"rotation":0,"texture":"#4","tintindex":0},"up":{"uv":[1.625,7.625,1.25,7.125],"rotation":0,"texture":"#4","tintindex":0},"west":{"uv":[4.875,5.625,5.375,6.125],"rotation":0,"texture":"#4","tintindex":0}}},{"name":"body","from":[5.8999996,8.0,6.8],"to":[7.7,10.4,9.2],"rotation":{"angle":0.0,"axis":"x","origin":[8.0,0.7999997,8.0]},"faces":{"down":{"uv":[7.625,6.875,7.25,7.375],"rotation":0,"texture":"#4","tintindex":0},"east":{"uv":[0.0,5.75,0.5,6.25],"rotation":0,"texture":"#4","tintindex":0},"north":{"uv":[3.625,7.125,4.0,7.625],"rotation":0,"texture":"#4","tintindex":0},"south":{"uv":[5.25,7.125,5.625,7.625],"rotation":0,"texture":"#4","tintindex":0},"up":{"uv":[7.625,3.5,7.25,3.0],"rotation":0,"texture":"#4","tintindex":0},"west":{"uv":[5.875,0.0,6.375,0.5],"rotation":0,"texture":"#4","tintindex":0}}},{"name":"body","from":[7.1,6.8,6.845],"to":[8.9,8.0,9.155001],"rotation":{"angle":0.0,"axis":"x","origin":[8.0,0.7999997,8.0]},"faces":{"down":{"uv":[8.0,0.0,7.625,0.5],"rotation":0,"texture":"#4","tintindex":0},"east":{"uv":[8.0,5.5,8.5,5.75],"rotation":0,"texture":"#4","tintindex":0},"north":{"uv":[8.125,9.125,8.5,9.375],"rotation":0,"texture":"#4","tintindex":0},"south":{"uv":[8.625,9.125,9.0,9.375],"rotation":0,"texture":"#4","tintindex":0},"up":{"uv":[5.125,8.0,4.75,7.5],"rotation":0,"texture":"#4","tintindex":0},"west":{"uv":[5.625,8.0,6.125,8.25],"rotation":0,"texture":"#4","tintindex":0}}},{"name":"body","from":[7.7,8.0,6.95],"to":[8.3,10.4,9.2],"rotation":{"angle":0.0,"axis":"x","origin":[8.0,0.7999997,8.0]},"faces":{"down":{"uv":[2.121,11.254,2.004,11.746],"rotation":0,"texture":"#0","tintindex":0},"east":{"uv":[0.629,7.254,1.121,7.746],"rotation":0,"texture":"#0","tintindex":0},"north":{"uv":[1.0,0.0,5.0,8.0],"rotation":0,"texture":"#0","tintindex":0},"south":{"uv":[0.0,7.5,0.125,8.0],"rotation":0,"texture":"#4","tintindex":0},"up":{"uv":[11.371,2.246,11.254,1.754],"rotation":0,"texture":"#0","tintindex":0},"west":{"uv":[7.254,0.629,7.746,1.121],"rotation":0,"texture":"#0","tintindex":0}}},{"name":"body","from":[6.065,10.025,6.944],"to":[7.8650002,10.325001,6.944],"rotation":{"angle":0.0,"axis":"x","origin":[6.8,-0.40000033,8.0]},"faces":{"down":{"uv":[14.367,2.742,14.25,2.25],"rotation":270,"texture":"#0","tintindex":0},"east":{"uv":[14.367,2.742,14.25,2.25],"rotation":270,"texture":"#0","tintindex":0},"north":{"uv":[2.0,0.0,4.0,6.0],"rotation":90,"texture":"#2","tintindex":0},"south":{"uv":[14.3125,2.625,14.25,2.25],"rotation":270,"texture":"#0","tintindex":0},"up":{"uv":[14.367,2.742,14.25,2.25],"rotation":270,"texture":"#0","tintindex":0},"west":{"uv":[14.367,2.742,14.25,2.25],"rotation":270,"texture":"#0","tintindex":0}}},{"name":"body","from":[6.065,9.59,6.944],"to":[7.8650002,9.889999,6.944],"rotation":{"angle":0.0,"axis":"x","origin":[6.8,-0.40000033,8.0]},"faces":{"down":{"uv":[14.367,2.742,14.25,2.25],"rotation":270,"texture":"#0","tintindex":0},"east":{"uv":[14.367,2.742,14.25,2.25],"rotation":270,"texture":"#0","tintindex":0},"north":{"uv":[2.0,0.0,4.0,6.0],"rotation":90,"texture":"#2","tintindex":0},"south":{"uv":[14.3125,2.625,14.25,2.25],"rotation":270,"texture":"#0","tintindex":0},"up":{"uv":[14.367,2.742,14.25,2.25],"rotation":270,"texture":"#0","tintindex":0},"west":{"uv":[14.367,2.742,14.25,2.25],"rotation":270,"texture":"#0","tintindex":0}}},{"name":"body","from":[8.135,9.59,6.944],"to":[9.935,9.889999,6.944],"rotation":{"angle":0.0,"axis":"x","origin":[6.8,-0.40000033,8.0]},"faces":{"down":{"uv":[14.367,2.742,14.25,2.25],"rotation":270,"texture":"#0","tintindex":0},"east":{"uv":[14.367,2.742,14.25,2.25],"rotation":270,"texture":"#0","tintindex":0},"north":{"uv":[2.0,0.0,4.0,6.0],"rotation":90,"texture":"#2","tintindex":0},"south":{"uv":[14.3125,2.625,14.25,2.25],"rotation":270,"texture":"#0","tintindex":0},"up":{"uv":[14.367,2.742,14.25,2.25],"rotation":270,"texture":"#0","tintindex":0},"west":{"uv":[14.367,2.742,14.25,2.25],"rotation":270,"texture":"#0","tintindex":0}}},{"name":"body","from":[8.135,10.025,6.944],"to":[9.935,10.325001,6.944],"rotation":{"angle":0.0,"axis":"x","origin":[6.8,-0.40000033,8.0]},"faces":{"down":{"uv":[14.367,2.742,14.25,2.25],"rotation":270,"texture":"#0","tintindex":0},"east":{"uv":[14.367,2.742,14.25,2.25],"rotation":270,"texture":"#0","tintindex":0},"north":{"uv":[2.0,0.0,4.0,6.0],"rotation":90,"texture":"#2","tintindex":0},"south":{"uv":[14.3125,2.625,14.25,2.25],"rotation":270,"texture":"#0","tintindex":0},"up":{"uv":[14.367,2.742,14.25,2.25],"rotation":270,"texture":"#0","tintindex":0},"west":{"uv":[14.367,2.742,14.25,2.25],"rotation":270,"texture":"#0","tintindex":0}}},{"name":"body","from":[7.7,8.0,6.935],"to":[8.3,8.6,9.185],"rotation":{"angle":0.0,"axis":"x","origin":[8.0,0.7999997,8.0]},"faces":{"down":{"uv":[9.875,9.625,9.75,10.125],"rotation":0,"texture":"#4","tintindex":0},"east":{"uv":[9.75,3.375,10.25,3.5],"rotation":0,"texture":"#4","tintindex":0},"north":{"uv":[11.75,6.625,11.875,6.75],"rotation":0,"texture":"#4","tintindex":0},"south":{"uv":[11.75,7.125,11.875,7.25],"rotation":0,"texture":"#4","tintindex":0},"up":{"uv":[9.875,8.125,9.75,7.625],"rotation":0,"texture":"#4","tintindex":0},"west":{"uv":[7.0,9.75,7.5,9.875],"rotation":0,"texture":"#4","tintindex":0}}},{"name":"body","from":[6.2,12.2,6.2],"to":[9.8,15.2,6.8],"rotation":{"angle":0.0,"axis":"x","origin":[8.0,0.7999997,8.0]},"faces":{"down":{"uv":[9.75,6.25,9.0,6.375],"rotation":0,"texture":"#4","tintindex":0},"east":{"uv":[1.125,9.5,1.25,10.125],"rotation":0,"texture":"#4","tintindex":0},"north":{"uv":[3.875,3.5,4.625,4.125],"rotation":0,"texture":"#4","tintindex":0},"south":{"uv":[2.75,4.125,3.5,4.75],"rotation":0,"texture":"#4","tintindex":0},"up":{"uv":[9.75,6.125,9.0,6.0],"rotation":0,"texture":"#4","tintindex":0},"west":{"uv":[1.625,9.5,1.75,10.125],"rotation":0,"texture":"#4","tintindex":0}}},{"name":"body","from":[9.5,12.2,6.3242636],"to":[10.1,15.2,6.924264],"rotation":{"angle":-45.0,"axis":"y","origin":[9.8,13.7,6.624264]},"faces":{"down":{"uv":[11.875,4.75,11.75,4.875],"rotation":0,"texture":"#4","tintindex":0},"east":{"uv":[3.25,9.5,3.375,10.125],"rotation":0,"texture":"#4","tintindex":0},"north":{"uv":[3.0,9.5,3.125,10.125],"rotation":0,"texture":"#4","tintindex":0},"south":{"uv":[4.625,9.5,4.75,10.125],"rotation":0,"texture":"#4","tintindex":0},"up":{"uv":[4.625,11.875,4.5,11.75],"rotation":0,"texture":"#4","tintindex":0},"west":{"uv":[4.875,9.5,5.0,10.125],"rotation":0,"texture":"#4","tintindex":0}}},{"name":"body","from":[5.8999996,12.2,6.3242636],"to":[6.5,15.2,6.924264],"rotation":{"angle":45.0,"axis":"y","origin":[6.2,13.7,6.624264]},"faces":{"down":{"uv":[11.875,5.25,11.75,5.375],"rotation":0,"texture":"#4","tintindex":0},"east":{"uv":[7.75,9.5,7.875,10.125],"rotation":0,"texture":"#4","tintindex":0},"north":{"uv":[9.5,7.625,9.625,8.25],"rotation":0,"texture":"#4","tintindex":0},"south":{"uv":[8.0,9.5,8.125,10.125],"rotation":0,"texture":"#4","tintindex":0},"up":{"uv":[11.875,5.125,11.75,5.0],"rotation":0,"texture":"#4","tintindex":0},"west":{"uv":[8.25,9.5,8.375,10.125],"rotation":0,"texture":"#4","tintindex":0}}},{"name":"body","from":[6.2,11.900001,6.3242636],"to":[9.8,12.5,6.924264],"rotation":{"angle":-45.0,"axis":"x","origin":[8.3,12.2,6.624264]},"faces":{"down":{"uv":[9.875,2.0,9.125,2.125],"rotation":0,"texture":"#4","tintindex":0},"east":{"uv":[11.75,6.125,11.875,6.25],"rotation":0,"texture":"#4","tintindex":0},"north":{"uv":[9.125,0.0,9.875,0.125],"rotation":0,"texture":"#4","tintindex":0},"south":{"uv":[9.125,0.25,9.875,0.375],"rotation":0,"texture":"#4","tintindex":0},"up":{"uv":[9.875,1.875,9.125,1.75],"rotation":0,"texture":"#4","tintindex":0},"west":{"uv":[11.75,6.375,11.875,6.5],"rotation":0,"texture":"#4","tintindex":0}}},{"name":"body","from":[6.2,11.0,9.2],"to":[9.8,15.2,9.8],"rotation":{"angle":0.0,"axis":"x","origin":[8.0,-0.40000033,8.0]},"faces":{"down":{"uv":[9.875,4.875,9.125,5.0],"rotation":0,"texture":"#4","tintindex":0},"east":{"uv":[5.5,8.875,5.625,9.75],"rotation":0,"texture":"#4","tintindex":0},"north":{"uv":[0.875,2.75,1.625,3.625],"rotation":0,"texture":"#4","tintindex":0},"south":{"uv":[0.0,2.875,0.75,3.75],"rotation":0,"texture":"#4","tintindex":0},"up":{"uv":[9.875,4.75,9.125,4.625],"rotation":0,"texture":"#4","tintindex":0},"west":{"uv":[5.75,8.875,5.875,9.75],"rotation":0,"texture":"#4","tintindex":0}}},{"name":"body","from":[6.8,9.2,9.2],"to":[9.2,11.0,9.8],"rotation":{"angle":0.0,"axis":"x","origin":[8.0,-4.0000005,8.0]},"faces":{"down":{"uv":[11.0,6.125,10.5,6.25],"rotation":0,"texture":"#4","tintindex":0},"east":{"uv":[11.0,5.625,11.125,6.0],"rotation":0,"texture":"#4","tintindex":0},"north":{"uv":[6.625,7.375,7.125,7.75],"rotation":0,"texture":"#4","tintindex":0},"south":{"uv":[0.0,7.5,0.5,7.875],"rotation":0,"texture":"#4","tintindex":0},"up":{"uv":[5.0,10.625,4.5,10.5],"rotation":0,"texture":"#4","tintindex":0},"west":{"uv":[6.0,11.0,6.125,11.375],"rotation":0,"texture":"#4","tintindex":0}}},{"name":"body","from":[5.8999996,11.0,9.075736],"to":[6.5,15.2,9.675735],"rotation":{"angle":-45.0,"axis":"y","origin":[6.2,12.5,9.375736]},"faces":{"down":{"uv":[8.625,11.875,8.5,12.0],"rotation":0,"texture":"#4","tintindex":0},"east":{"uv":[6.25,8.625,6.375,9.5],"rotation":0,"texture":"#4","tintindex":0},"north":{"uv":[2.25,8.5,2.375,9.375],"rotation":0,"texture":"#4","tintindex":0},"south":{"uv":[1.375,8.875,1.5,9.75],"rotation":0,"texture":"#4","tintindex":0},"up":{"uv":[8.375,12.0,8.25,11.875],"rotation":0,"texture":"#4","tintindex":0},"west":{"uv":[5.25,8.875,5.375,9.75],"rotation":0,"texture":"#4","tintindex":0}}},{"name":"body","from":[6.2,10.700001,9.075736],"to":[9.8,11.3,9.675735],"rotation":{"angle":45.0,"axis":"x","origin":[8.3,11.0,9.375736]},"faces":{"down":{"uv":[9.875,4.375,9.125,4.5],"rotation":0,"texture":"#4","tintindex":0},"east":{"uv":[11.875,7.625,12.0,7.75],"rotation":0,"texture":"#4","tintindex":0},"north":{"uv":[9.125,2.625,9.875,2.75],"rotation":0,"texture":"#4","tintindex":0},"south":{"uv":[9.125,3.875,9.875,4.0],"rotation":0,"texture":"#4","tintindex":0},"up":{"uv":[9.875,4.25,9.125,4.125],"rotation":0,"texture":"#4","tintindex":0},"west":{"uv":[8.0,11.875,8.125,12.0],"rotation":0,"texture":"#4","tintindex":0}}},{"name":"body","from":[6.803,8.3,9.075736],"to":[9.1970005,9.5,9.675735],"rotation":{"angle":45.0,"axis":"x","origin":[8.3,9.2,9.375736]},"faces":{"down":{"uv":[8.375,10.5,7.875,10.625],"rotation":0,"texture":"#4","tintindex":0},"east":{"uv":[3.25,11.375,3.375,11.625],"rotation":0,"texture":"#4","tintindex":0},"north":{"uv":[4.125,7.875,4.625,8.125],"rotation":0,"texture":"#4","tintindex":0},"south":{"uv":[6.625,7.875,7.125,8.125],"rotation":0,"texture":"#4","tintindex":0},"up":{"uv":[7.25,10.625,6.75,10.5],"rotation":0,"texture":"#4","tintindex":0},"west":{"uv":[9.75,11.375,9.875,11.625],"rotation":0,"texture":"#4","tintindex":0}}},{"name":"body","from":[7.4,12.2,9.8],"to":[8.6,15.2,10.4],"rotation":{"angle":0.0,"axis":"x","origin":[8.0,0.19999981,8.6]},"faces":{"down":{"uv":[11.625,11.125,11.375,11.25],"rotation":0,"texture":"#4","tintindex":0},"east":{"uv":[2.375,9.75,2.5,10.375],"rotation":0,"texture":"#4","tintindex":0},"north":{"uv":[1.125,7.75,1.375,8.375],"rotation":0,"texture":"#4","tintindex":0},"south":{"uv":[2.875,7.75,3.125,8.375],"rotation":0,"texture":"#4","tintindex":0},"up":{"uv":[11.125,11.5,10.875,11.375],"rotation":0,"texture":"#4","tintindex":0},"west":{"uv":[2.625,9.75,2.75,10.375],"rotation":0,"texture":"#4","tintindex":0}}},{"name":"body","from":[7.403,11.3,9.675735],"to":[8.597,12.5,10.275736],"rotation":{"angle":45.0,"axis":"x","origin":[8.3,12.2,9.975737]},"faces":{"down":{"uv":[11.625,10.5,11.375,10.625],"rotation":0,"texture":"#4","tintindex":0},"east":{"uv":[11.375,10.125,11.5,10.375],"rotation":0,"texture":"#4","tintindex":0},"north":{"uv":[3.25,10.5,3.5,10.75],"rotation":0,"texture":"#4","tintindex":0},"south":{"uv":[10.5,9.125,10.75,9.375],"rotation":0,"texture":"#4","tintindex":0},"up":{"uv":[10.75,11.5,10.5,11.375],"rotation":0,"texture":"#4","tintindex":0},"west":{"uv":[10.25,11.375,10.375,11.625],"rotation":0,"texture":"#4","tintindex":0}}},{"name":"body","from":[9.5,11.0,9.075736],"to":[10.1,15.2,9.675735],"rotation":{"angle":45.0,"axis":"y","origin":[9.8,12.5,9.375736]},"faces":{"down":{"uv":[7.25,11.875,7.125,12.0],"rotation":0,"texture":"#4","tintindex":0},"east":{"uv":[0.25,8.375,0.375,9.25],"rotation":0,"texture":"#4","tintindex":0},"north":{"uv":[0.0,8.375,0.125,9.25],"rotation":0,"texture":"#4","tintindex":0},"south":{"uv":[3.875,8.375,4.0,9.25],"rotation":0,"texture":"#4","tintindex":0},"up":{"uv":[12.0,7.0,11.875,6.875],"rotation":0,"texture":"#4","tintindex":0},"west":{"uv":[1.125,8.5,1.25,9.375],"rotation":0,"texture":"#4","tintindex":0}}},{"name":"body","from":[7.3058877,13.918376,6.8059998],"to":[7.9058876,14.518376,9.194],"rotation":{"angle":-45.0,"axis":"z","origin":[2.205887,14.218376,8.9]},"faces":{"down":{"uv":[1.5,9.875,1.375,10.375],"rotation":0,"texture":"#4","tintindex":0},"east":{"uv":[0.5,9.875,1.0,10.0],"rotation":0,"texture":"#4","tintindex":0},"north":{"uv":[11.75,7.375,11.875,7.5],"rotation":0,"texture":"#4","tintindex":0},"south":{"uv":[7.5,11.75,7.625,11.875],"rotation":0,"texture":"#4","tintindex":0},"up":{"uv":[10.0,1.25,9.875,0.75],"rotation":0,"texture":"#4","tintindex":0},"west":{"uv":[9.875,0.5,10.375,0.625],"rotation":0,"texture":"#4","tintindex":0}}},{"name":"body","from":[8.094112,13.918376,6.8059998],"to":[8.694113,14.518376,9.194],"rotation":{"angle":45.0,"axis":"z","origin":[13.794113,14.218376,8.9]},"faces":{"down":{"uv":[10.0,5.625,9.875,6.125],"rotation":0,"texture":"#4","tintindex":0},"east":{"uv":[9.875,1.375,10.375,1.5],"rotation":0,"texture":"#4","tintindex":0},"north":{"uv":[7.75,11.75,7.875,11.875],"rotation":0,"texture":"#4","tintindex":0},"south":{"uv":[11.75,8.0,11.875,8.125],"rotation":0,"texture":"#4","tintindex":0},"up":{"uv":[3.625,10.375,3.5,9.875],"rotation":0,"texture":"#4","tintindex":0},"west":{"uv":[5.125,9.875,5.625,10.0],"rotation":0,"texture":"#4","tintindex":0}}},{"name":"body","from":[8.514112,15.718376,6.8059998],"to":[9.114113,16.318377,9.194],"rotation":{"angle":45.0,"axis":"z","origin":[14.214112,16.018375,8.9]},"faces":{"down":{"uv":[2.0,10.5,1.875,11.0],"rotation":0,"texture":"#4","tintindex":0},"east":{"uv":[10.375,10.375,10.875,10.5],"rotation":0,"texture":"#4","tintindex":0},"north":{"uv":[6.125,11.875,6.25,12.0],"rotation":0,"texture":"#4","tintindex":0},"south":{"uv":[6.375,11.875,6.5,12.0],"rotation":0,"texture":"#4","tintindex":0},"up":{"uv":[1.5,11.0,1.375,10.5],"rotation":0,"texture":"#4","tintindex":0},"west":{"uv":[10.5,0.5,11.0,0.625],"rotation":0,"texture":"#4","tintindex":0}}},{"name":"body","from":[6.885887,15.718376,6.8059998],"to":[7.4858875,16.318377,9.194],"rotation":{"angle":-45.0,"axis":"z","origin":[1.7858871,16.018375,8.9]},"faces":{"down":{"uv":[3.125,10.5,3.0,11.0],"rotation":0,"texture":"#4","tintindex":0},"east":{"uv":[10.5,1.25,11.0,1.375],"rotation":0,"texture":"#4","tintindex":0},"north":{"uv":[6.625,11.875,6.75,12.0],"rotation":0,"texture":"#4","tintindex":0},"south":{"uv":[6.875,11.875,7.0,12.0],"rotation":0,"texture":"#4","tintindex":0},"up":{"uv":[2.875,11.0,2.75,10.5],"rotation":0,"texture":"#4","tintindex":0},"west":{"uv":[2.125,10.5,2.625,10.625],"rotation":0,"texture":"#4","tintindex":0}}}],"display":{"head":{"translation":[0.0,-6.4,0.0],"rotation":[0.0,0.0,0.0],"scale":[3.8095,3.8095,3.8095]}}}