{"textures":{"0":"modelengine:entity/boneshadingsoldier","1":"modelengine:entity/reditexture","2":"modelengine:entity/boneshadin1xd","3":"modelengine:entity/soldierswordanimated","4":"modelengine:entity/fallensoldieranimated","5":"modelengine:entity/soldierswordanimatedhalo"},"elements":[{"name":"right hand","from":[7.0041566,5.846078,7.044278],"to":[9.404158,8.2460785,9.444279],"rotation":{"angle":0.0,"axis":"x","origin":[4.6041565,0.44607806,8.244278]},"faces":{"down":{"uv":[6.75,1.875,6.25,2.375],"rotation":0,"texture":"#4","tintindex":0},"east":{"uv":[6.125,5.0,6.625,5.5],"rotation":0,"texture":"#4","tintindex":0},"north":{"uv":[6.125,4.375,6.625,4.875],"rotation":0,"texture":"#4","tintindex":0},"south":{"uv":[6.125,5.625,6.625,6.125],"rotation":0,"texture":"#4","tintindex":0},"up":{"uv":[2.375,6.75,1.875,6.25],"rotation":0,"texture":"#4","tintindex":0},"west":{"uv":[6.25,1.25,6.75,1.75],"rotation":0,"texture":"#4","tintindex":0}}}],"display":{"head":{"translation":[0.0,-6.4,0.0],"rotation":[0.0,0.0,0.0],"scale":[3.8095,3.8095,3.8095]}}}