{"textures":{"0":"modelengine:entity/boneshadingsoldier","1":"modelengine:entity/reditexture","2":"modelengine:entity/boneshadin1xd","3":"modelengine:entity/soldierswordanimated","4":"modelengine:entity/fallensoldieranimated","5":"modelengine:entity/soldierswordanimatedhalo"},"elements":[{"name":"left arm","from":[7.1230597,7.2367716,7.1],"to":[8.923059,8.436771,8.9],"rotation":{"angle":0.0,"axis":"x","origin":[8.02306,7.836772,8.0]},"faces":{"down":{"uv":[9.121,7.754,8.754,8.121],"rotation":0,"texture":"#0","tintindex":0},"east":{"uv":[0.0,2.0,6.0,6.0],"rotation":0,"texture":"#0","tintindex":0},"north":{"uv":[0.0,2.0,6.0,6.0],"rotation":0,"texture":"#0","tintindex":0},"south":{"uv":[0.0,0.0,6.0,4.0],"rotation":0,"texture":"#0","tintindex":0},"up":{"uv":[9.121,7.621,8.754,7.254],"rotation":0,"texture":"#0","tintindex":0},"west":{"uv":[0.0,2.0,6.0,6.0],"rotation":0,"texture":"#0","tintindex":0}}},{"name":"left arm","from":[6.9730597,5.4367714,6.95],"to":[9.07306,7.2367716,9.05],"rotation":{"angle":0.0,"axis":"x","origin":[11.62306,-2.3632288,8.0]},"faces":{"down":{"uv":[6.0,4.0,5.5,4.5],"rotation":0,"texture":"#4","tintindex":0},"east":{"uv":[6.875,2.0,7.375,2.375],"rotation":0,"texture":"#4","tintindex":0},"north":{"uv":[1.875,6.875,2.375,7.25],"rotation":0,"texture":"#4","tintindex":0},"south":{"uv":[2.5,6.875,3.0,7.25],"rotation":0,"texture":"#4","tintindex":0},"up":{"uv":[1.125,6.0,0.625,5.5],"rotation":0,"texture":"#4","tintindex":0},"west":{"uv":[6.875,2.5,7.375,2.875],"rotation":0,"texture":"#4","tintindex":0}}},{"name":"left arm","from":[6.6730595,5.4367714,7.25],"to":[6.9730597,7.2367716,7.85],"rotation":{"angle":0.0,"axis":"x","origin":[11.173059,-2.3632288,8.0]},"faces":{"down":{"uv":[4.125,11.75,4.0,11.875],"rotation":0,"texture":"#4","tintindex":0},"east":{"uv":[3.25,10.875,3.375,11.25],"rotation":0,"texture":"#4","tintindex":0},"north":{"uv":[10.875,1.75,11.0,2.125],"rotation":0,"texture":"#4","tintindex":0},"south":{"uv":[10.875,4.125,11.0,4.5],"rotation":0,"texture":"#4","tintindex":0},"up":{"uv":[3.875,11.875,3.75,11.75],"rotation":0,"texture":"#4","tintindex":0},"west":{"uv":[10.875,4.875,11.0,5.25],"rotation":0,"texture":"#4","tintindex":0}}},{"name":"left arm","from":[6.9730597,6.036772,6.8599997],"to":[9.07306,6.6367717,6.95],"rotation":{"angle":0.0,"axis":"x","origin":[14.17306,5.286772,11.900001]},"faces":{"down":{"uv":[10.5,0.0,10.0,0.125],"rotation":0,"texture":"#4","tintindex":0},"east":{"uv":[11.75,8.25,11.875,8.375],"rotation":0,"texture":"#4","tintindex":0},"north":{"uv":[9.875,6.25,10.375,6.375],"rotation":0,"texture":"#4","tintindex":0},"south":{"uv":[9.875,9.125,10.375,9.25],"rotation":0,"texture":"#4","tintindex":0},"up":{"uv":[10.375,9.5,9.875,9.375],"rotation":0,"texture":"#4","tintindex":0},"west":{"uv":[11.75,8.5,11.875,8.625],"rotation":0,"texture":"#4","tintindex":0}}},{"name":"left arm","from":[6.9730597,6.036772,9.05],"to":[9.07306,6.6367717,9.139999],"rotation":{"angle":0.0,"axis":"x","origin":[14.17306,5.286772,11.900001]},"faces":{"down":{"uv":[10.5,7.0,10.0,7.125],"rotation":0,"texture":"#4","tintindex":0},"east":{"uv":[9.625,11.75,9.75,11.875],"rotation":0,"texture":"#4","tintindex":0},"north":{"uv":[10.0,4.75,10.5,4.875],"rotation":0,"texture":"#4","tintindex":0},"south":{"uv":[6.5,10.0,7.0,10.125],"rotation":0,"texture":"#4","tintindex":0},"up":{"uv":[10.5,6.875,10.0,6.75],"rotation":0,"texture":"#4","tintindex":0},"west":{"uv":[11.75,9.75,11.875,9.875],"rotation":0,"texture":"#4","tintindex":0}}},{"name":"left arm","from":[6.88306,6.036772,6.95],"to":[6.9730597,6.6367717,9.05],"rotation":{"angle":0.0,"axis":"x","origin":[8.32306,5.286772,9.950001]},"faces":{"down":{"uv":[10.125,1.875,10.0,2.375],"rotation":0,"texture":"#4","tintindex":0},"east":{"uv":[10.0,0.25,10.5,0.375],"rotation":0,"texture":"#4","tintindex":0},"north":{"uv":[11.75,8.75,11.875,8.875],"rotation":0,"texture":"#4","tintindex":0},"south":{"uv":[11.75,9.0,11.875,9.125],"rotation":0,"texture":"#4","tintindex":0},"up":{"uv":[5.875,10.375,5.75,9.875],"rotation":0,"texture":"#4","tintindex":0},"west":{"uv":[10.0,1.625,10.5,1.75],"rotation":0,"texture":"#4","tintindex":0}}},{"name":"left arm","from":[9.07306,6.036772,6.95],"to":[9.163059,6.6367717,9.05],"rotation":{"angle":0.0,"axis":"x","origin":[8.32306,5.286772,9.950001]},"faces":{"down":{"uv":[10.125,4.125,10.0,4.625],"rotation":0,"texture":"#4","tintindex":0},"east":{"uv":[10.0,2.5,10.5,2.625],"rotation":0,"texture":"#4","tintindex":0},"north":{"uv":[11.75,9.25,11.875,9.375],"rotation":0,"texture":"#4","tintindex":0},"south":{"uv":[11.75,9.5,11.875,9.625],"rotation":0,"texture":"#4","tintindex":0},"up":{"uv":[4.125,10.5,4.0,10.0],"rotation":0,"texture":"#4","tintindex":0},"west":{"uv":[10.0,3.875,10.5,4.0],"rotation":0,"texture":"#4","tintindex":0}}},{"name":"left arm","from":[6.6730595,5.4367714,8.15],"to":[6.9730597,7.2367716,8.75],"rotation":{"angle":0.0,"axis":"x","origin":[11.173059,-2.3632288,8.0]},"faces":{"down":{"uv":[11.875,4.25,11.75,4.375],"rotation":0,"texture":"#4","tintindex":0},"east":{"uv":[5.25,10.875,5.375,11.25],"rotation":0,"texture":"#4","tintindex":0},"north":{"uv":[5.0,10.875,5.125,11.25],"rotation":0,"texture":"#4","tintindex":0},"south":{"uv":[5.5,10.875,5.625,11.25],"rotation":0,"texture":"#4","tintindex":0},"up":{"uv":[4.375,11.875,4.25,11.75],"rotation":0,"texture":"#4","tintindex":0},"west":{"uv":[6.5,10.875,6.625,11.25],"rotation":0,"texture":"#4","tintindex":0}}},{"name":"left arm","from":[6.82306,3.0367715,6.8],"to":[9.223061,5.4367714,9.2],"rotation":{"angle":0.0,"axis":"x","origin":[11.62306,-2.3632288,8.0]},"faces":{"down":{"uv":[6.125,2.5,5.625,3.0],"rotation":0,"texture":"#4","tintindex":0},"east":{"uv":[5.5,5.25,6.0,5.75],"rotation":0,"texture":"#4","tintindex":0},"north":{"uv":[5.5,4.625,6.0,5.125],"rotation":0,"texture":"#4","tintindex":0},"south":{"uv":[5.625,1.25,6.125,1.75],"rotation":0,"texture":"#4","tintindex":0},"up":{"uv":[2.875,6.125,2.375,5.625],"rotation":0,"texture":"#4","tintindex":0},"west":{"uv":[5.625,1.875,6.125,2.375],"rotation":0,"texture":"#4","tintindex":0}}}],"display":{"head":{"translation":[0.0,-6.4,0.0],"rotation":[0.0,0.0,0.0],"scale":[3.8095,3.8095,3.8095]}}}