{"textures":{"0":"modelengine:entity/boneshadingsoldier","1":"modelengine:entity/reditexture","2":"modelengine:entity/boneshadin1xd","3":"modelengine:entity/soldierswordanimated","4":"modelengine:entity/fallensoldieranimated","5":"modelengine:entity/soldierswordanimatedhalo"},"elements":[{"name":"left arm","from":[5.8999996,5.6,6.8],"to":[8.3,8.0,9.2],"rotation":{"angle":0.0,"axis":"x","origin":[10.700001,-5.8,8.0]},"faces":{"down":{"uv":[4.125,5.25,3.625,5.75],"rotation":0,"texture":"#4","tintindex":0},"east":{"uv":[4.875,5.0,5.375,5.5],"rotation":0,"texture":"#4","tintindex":0},"north":{"uv":[5.0,2.75,5.5,3.25],"rotation":0,"texture":"#4","tintindex":0},"south":{"uv":[5.25,0.0,5.75,0.5],"rotation":0,"texture":"#4","tintindex":0},"up":{"uv":[2.25,5.75,1.75,5.25],"rotation":0,"texture":"#4","tintindex":0},"west":{"uv":[5.25,0.625,5.75,1.125],"rotation":0,"texture":"#4","tintindex":0}}},{"name":"left arm","from":[7.55,5.0,6.8],"to":[8.15,5.6,9.2],"rotation":{"angle":0.0,"axis":"x","origin":[10.55,-6.4000006,8.0]},"faces":{"down":{"uv":[10.125,10.5,10.0,11.0],"rotation":0,"texture":"#4","tintindex":0},"east":{"uv":[0.0,10.625,0.5,10.75],"rotation":0,"texture":"#4","tintindex":0},"north":{"uv":[8.75,11.875,8.875,12.0],"rotation":0,"texture":"#4","tintindex":0},"south":{"uv":[9.0,11.875,9.125,12.0],"rotation":0,"texture":"#4","tintindex":0},"up":{"uv":[5.875,11.0,5.75,10.5],"rotation":0,"texture":"#4","tintindex":0},"west":{"uv":[10.625,0.0,11.125,0.125],"rotation":0,"texture":"#4","tintindex":0}}},{"name":"left arm","from":[6.05,5.0,6.8],"to":[6.6499996,5.6,9.2],"rotation":{"angle":0.0,"axis":"x","origin":[9.05,-6.4000006,8.0]},"faces":{"down":{"uv":[4.375,10.625,4.25,11.125],"rotation":0,"texture":"#4","tintindex":0},"east":{"uv":[10.625,0.25,11.125,0.375],"rotation":0,"texture":"#4","tintindex":0},"north":{"uv":[9.25,11.875,9.375,12.0],"rotation":0,"texture":"#4","tintindex":0},"south":{"uv":[11.875,10.0,12.0,10.125],"rotation":0,"texture":"#4","tintindex":0},"up":{"uv":[4.125,11.125,4.0,10.625],"rotation":0,"texture":"#4","tintindex":0},"west":{"uv":[10.625,1.5,11.125,1.625],"rotation":0,"texture":"#4","tintindex":0}}},{"name":"left arm","from":[7.1,5.6,6.6499996],"to":[7.7,8.6,6.8],"rotation":{"angle":0.0,"axis":"x","origin":[10.700001,-5.8,8.0]},"faces":{"down":{"uv":[10.25,11.75,10.125,11.875],"rotation":0,"texture":"#4","tintindex":0},"east":{"uv":[8.75,9.5,8.875,10.125],"rotation":0,"texture":"#4","tintindex":0},"north":{"uv":[8.5,9.5,8.625,10.125],"rotation":0,"texture":"#4","tintindex":0},"south":{"uv":[6.25,9.625,6.375,10.25],"rotation":0,"texture":"#4","tintindex":0},"up":{"uv":[10.0,11.875,9.875,11.75],"rotation":0,"texture":"#4","tintindex":0},"west":{"uv":[9.0,9.625,9.125,10.25],"rotation":0,"texture":"#4","tintindex":0}}},{"name":"left arm","from":[6.5,8.0,6.8],"to":[8.3,8.6,9.2],"rotation":{"angle":0.0,"axis":"x","origin":[10.700001,-5.8,8.0]},"faces":{"down":{"uv":[6.5,6.875,6.125,7.375],"rotation":0,"texture":"#4","tintindex":0},"east":{"uv":[9.625,3.625,10.125,3.75],"rotation":0,"texture":"#4","tintindex":0},"north":{"uv":[3.125,6.25,3.5,6.375],"rotation":0,"texture":"#4","tintindex":0},"south":{"uv":[10.75,1.0,11.125,1.125],"rotation":0,"texture":"#4","tintindex":0},"up":{"uv":[5.125,7.375,4.75,6.875],"rotation":0,"texture":"#4","tintindex":0},"west":{"uv":[9.625,5.125,10.125,5.25],"rotation":0,"texture":"#4","tintindex":0}}},{"name":"left arm","from":[6.2018814,7.5512576,6.803],"to":[6.8018813,8.301258,9.1970005],"rotation":{"angle":-22.5,"axis":"z","origin":[7.101881,8.301258,8.0]},"faces":{"down":{"uv":[9.875,6.75,9.75,7.25],"rotation":0,"texture":"#4","tintindex":0},"east":{"uv":[9.625,5.375,10.125,5.5],"rotation":0,"texture":"#4","tintindex":0},"north":{"uv":[5.625,11.75,5.75,11.875],"rotation":0,"texture":"#4","tintindex":0},"south":{"uv":[5.875,11.75,6.0,11.875],"rotation":0,"texture":"#4","tintindex":0},"up":{"uv":[6.125,10.25,6.0,9.75],"rotation":0,"texture":"#4","tintindex":0},"west":{"uv":[9.625,6.5,10.125,6.625],"rotation":0,"texture":"#4","tintindex":0}}},{"name":"left arm","from":[6.2,4.3999996,7.1],"to":[8.0,5.6,8.9],"rotation":{"angle":0.0,"axis":"x","origin":[10.700001,-5.8,8.0]},"faces":{"down":{"uv":[9.121,5.379,8.754,5.746],"rotation":0,"texture":"#0","tintindex":0},"east":{"uv":[0.0,0.0,6.0,4.0],"rotation":0,"texture":"#0","tintindex":0},"north":{"uv":[0.0,0.0,6.0,4.0],"rotation":0,"texture":"#0","tintindex":0},"south":{"uv":[0.0,0.0,6.0,4.0],"rotation":0,"texture":"#0","tintindex":0},"up":{"uv":[6.246,7.246,5.879,6.879],"rotation":0,"texture":"#0","tintindex":0},"west":{"uv":[0.0,0.0,6.0,4.0],"rotation":0,"texture":"#0","tintindex":0}}}],"display":{"head":{"translation":[0.0,-6.4,0.0],"rotation":[0.0,0.0,0.0],"scale":[3.8095,3.8095,3.8095]}}}