{"textures":{"0":"modelengine:entity/boneshadingsoldier","1":"modelengine:entity/reditexture","2":"modelengine:entity/boneshadin1xd","3":"modelengine:entity/soldierswordanimated","4":"modelengine:entity/fallensoldieranimated","5":"modelengine:entity/soldierswordanimatedhalo"},"elements":[{"name":"left leg","from":[6.8599997,8.09822,7.6428204],"to":[9.139999,9.29822,9.38282],"rotation":{"angle":0.0,"axis":"x","origin":[8.0,14.99822,8.242821]},"faces":{"down":{"uv":[8.0,2.5,7.5,2.875],"rotation":0,"texture":"#4","tintindex":0},"east":{"uv":[4.625,9.125,5.0,9.375],"rotation":0,"texture":"#4","tintindex":0},"north":{"uv":[7.875,7.375,8.375,7.625],"rotation":0,"texture":"#4","tintindex":0},"south":{"uv":[7.875,7.75,8.375,8.0],"rotation":0,"texture":"#4","tintindex":0},"up":{"uv":[8.0,2.375,7.5,2.0],"rotation":0,"texture":"#4","tintindex":0},"west":{"uv":[9.125,5.125,9.5,5.375],"rotation":0,"texture":"#4","tintindex":0}}},{"name":"left leg","from":[7.4,8.09822,5.24282],"to":[8.6,8.69822,7.6428204],"rotation":{"angle":0.0,"axis":"x","origin":[8.0,14.39822,8.242821]},"faces":{"down":{"uv":[2.5,7.875,2.25,8.375],"rotation":0,"texture":"#4","tintindex":0},"east":{"uv":[10.25,9.875,10.75,10.0],"rotation":0,"texture":"#4","tintindex":0},"north":{"uv":[11.375,9.375,11.625,9.5],"rotation":0,"texture":"#4","tintindex":0},"south":{"uv":[11.375,9.625,11.625,9.75],"rotation":0,"texture":"#4","tintindex":0},"up":{"uv":[5.5,8.25,5.25,7.75],"rotation":0,"texture":"#4","tintindex":0},"west":{"uv":[0.0,10.375,0.5,10.5],"rotation":0,"texture":"#4","tintindex":0}}},{"name":"left leg","from":[8.235736,7.79822,5.24882],"to":[9.075736,8.39822,7.64882],"rotation":{"angle":-45.0,"axis":"z","origin":[8.775736,8.09822,6.13682]},"faces":{"down":{"uv":[6.375,10.375,6.25,10.875],"rotation":0,"texture":"#4","tintindex":0},"east":{"uv":[9.0,10.375,9.5,10.5],"rotation":0,"texture":"#4","tintindex":0},"north":{"uv":[11.875,5.5,12.0,5.625],"rotation":0,"texture":"#4","tintindex":0},"south":{"uv":[11.875,5.75,12.0,5.875],"rotation":0,"texture":"#4","tintindex":0},"up":{"uv":[6.125,10.875,6.0,10.375],"rotation":0,"texture":"#4","tintindex":0},"west":{"uv":[10.375,10.125,10.875,10.25],"rotation":0,"texture":"#4","tintindex":0}}},{"name":"left leg","from":[6.8,7.49822,5.24282],"to":[9.2,8.09822,9.44282],"rotation":{"angle":0.0,"axis":"x","origin":[8.0,14.39822,8.242821]},"faces":{"down":{"uv":[4.75,4.25,4.25,5.125],"rotation":0,"texture":"#4","tintindex":0},"east":{"uv":[8.875,0.75,9.75,0.875],"rotation":0,"texture":"#4","tintindex":0},"north":{"uv":[10.25,9.625,10.75,9.75],"rotation":0,"texture":"#4","tintindex":0},"south":{"uv":[9.75,10.25,10.25,10.375],"rotation":0,"texture":"#4","tintindex":0},"up":{"uv":[4.125,5.125,3.625,4.25],"rotation":0,"texture":"#4","tintindex":0},"west":{"uv":[2.875,8.875,3.75,9.0],"rotation":0,"texture":"#4","tintindex":0}}},{"name":"left leg","from":[7.403,7.7797136,4.76668],"to":[8.597,8.634714,5.36668],"rotation":{"angle":45.0,"axis":"x","origin":[8.0,8.079714,5.06668]},"faces":{"down":{"uv":[9.625,11.375,9.375,11.5],"rotation":0,"texture":"#4","tintindex":0},"east":{"uv":[11.875,4.5,12.0,4.625],"rotation":0,"texture":"#4","tintindex":0},"north":{"uv":[11.375,7.25,11.625,7.375],"rotation":0,"texture":"#4","tintindex":0},"south":{"uv":[8.375,11.375,8.625,11.5],"rotation":0,"texture":"#4","tintindex":0},"up":{"uv":[11.625,9.25,11.375,9.125],"rotation":0,"texture":"#4","tintindex":0},"west":{"uv":[4.75,11.875,4.875,12.0],"rotation":0,"texture":"#4","tintindex":0}}},{"name":"left leg","from":[7.4,7.49822,4.64282],"to":[8.6,8.09822,5.24282],"rotation":{"angle":0.0,"axis":"x","origin":[8.0,14.39822,8.242821]},"faces":{"down":{"uv":[7.5,11.375,7.25,11.5],"rotation":0,"texture":"#4","tintindex":0},"east":{"uv":[11.875,3.75,12.0,3.875],"rotation":0,"texture":"#4","tintindex":0},"north":{"uv":[5.375,11.375,5.625,11.5],"rotation":0,"texture":"#4","tintindex":0},"south":{"uv":[6.25,11.375,6.5,11.5],"rotation":0,"texture":"#4","tintindex":0},"up":{"uv":[11.625,6.5,11.375,6.375],"rotation":0,"texture":"#4","tintindex":0},"west":{"uv":[11.875,4.0,12.0,4.125],"rotation":0,"texture":"#4","tintindex":0}}},{"name":"left leg","from":[6.924264,7.79822,5.24882],"to":[7.764264,8.39822,7.64882],"rotation":{"angle":45.0,"axis":"z","origin":[7.224264,8.09822,6.1428204]},"faces":{"down":{"uv":[8.875,10.25,8.75,10.75],"rotation":0,"texture":"#4","tintindex":0},"east":{"uv":[10.375,3.25,10.875,3.375],"rotation":0,"texture":"#4","tintindex":0},"north":{"uv":[5.0,11.875,5.125,12.0],"rotation":0,"texture":"#4","tintindex":0},"south":{"uv":[5.25,11.875,5.375,12.0],"rotation":0,"texture":"#4","tintindex":0},"up":{"uv":[8.625,10.75,8.5,10.25],"rotation":0,"texture":"#4","tintindex":0},"west":{"uv":[5.125,10.375,5.625,10.5],"rotation":0,"texture":"#4","tintindex":0}}}],"display":{"head":{"translation":[0.0,-6.4,0.0],"rotation":[0.0,0.0,0.0],"scale":[3.8095,3.8095,3.8095]}}}