{"textures":{"0":"modelengine:entity/boneshadingsoldier","1":"modelengine:entity/reditexture","2":"modelengine:entity/boneshadin1xd","3":"modelengine:entity/soldierswordanimated","4":"modelengine:entity/fallensoldieranimated","5":"modelengine:entity/soldierswordanimatedhalo"},"elements":[{"name":"left leg","from":[7.1,6.8,7.4],"to":[8.9,8.15,9.2],"rotation":{"angle":0.0,"axis":"x","origin":[7.01,3.7999997,8.3]},"faces":{"down":{"uv":[6.871,9.004,6.504,9.371],"rotation":0,"texture":"#0","tintindex":0},"east":{"uv":[0.0,8.0,6.0,12.0],"rotation":0,"texture":"#0","tintindex":0},"north":{"uv":[6.0,8.0,0.0,12.0],"rotation":0,"texture":"#0","tintindex":0},"south":{"uv":[0.0,0.0,6.0,4.0],"rotation":0,"texture":"#0","tintindex":0},"up":{"uv":[0.0,4.0,6.0,8.0],"rotation":0,"texture":"#0","tintindex":0},"west":{"uv":[0.0,8.0,6.0,12.0],"rotation":0,"texture":"#0","tintindex":0}}},{"name":"left leg","from":[7.1,7.4,6.8],"to":[8.9,8.6,7.4],"rotation":{"angle":0.0,"axis":"x","origin":[7.01,3.7999997,8.3]},"faces":{"down":{"uv":[11.375,2.875,11.0,3.0],"rotation":0,"texture":"#4","tintindex":0},"east":{"uv":[1.125,11.375,1.25,11.625],"rotation":0,"texture":"#4","tintindex":0},"north":{"uv":[2.5,9.125,2.875,9.375],"rotation":0,"texture":"#4","tintindex":0},"south":{"uv":[3.0,9.125,3.375,9.375],"rotation":0,"texture":"#4","tintindex":0},"up":{"uv":[11.375,2.75,11.0,2.625],"rotation":0,"texture":"#4","tintindex":0},"west":{"uv":[2.0,11.375,2.125,11.625],"rotation":0,"texture":"#4","tintindex":0}}},{"name":"left leg","from":[6.95,7.4,7.4],"to":[9.05,8.0,9.35],"rotation":{"angle":0.0,"axis":"x","origin":[7.01,3.7999997,8.3]},"faces":{"down":{"uv":[7.875,6.125,7.375,6.5],"rotation":0,"texture":"#4","tintindex":0},"east":{"uv":[11.0,3.125,11.375,3.25],"rotation":0,"texture":"#4","tintindex":0},"north":{"uv":[10.25,7.25,10.75,7.375],"rotation":0,"texture":"#4","tintindex":0},"south":{"uv":[7.875,10.25,8.375,10.375],"rotation":0,"texture":"#4","tintindex":0},"up":{"uv":[7.875,6.0,7.375,5.625],"rotation":0,"texture":"#4","tintindex":0},"west":{"uv":[11.0,5.375,11.375,5.5],"rotation":0,"texture":"#4","tintindex":0}}},{"name":"left leg","from":[6.95,4.3999996,7.1],"to":[9.35,6.8,9.5],"rotation":{"angle":0.0,"axis":"x","origin":[8.15,10.700001,8.3]},"faces":{"down":{"uv":[7.25,3.75,6.75,4.25],"rotation":0,"texture":"#4","tintindex":0},"east":{"uv":[3.75,6.5,4.25,7.0],"rotation":0,"texture":"#4","tintindex":0},"north":{"uv":[3.125,6.5,3.625,7.0],"rotation":0,"texture":"#4","tintindex":0},"south":{"uv":[5.5,6.5,6.0,7.0],"rotation":0,"texture":"#4","tintindex":0},"up":{"uv":[1.125,7.25,0.625,6.75],"rotation":0,"texture":"#4","tintindex":0},"west":{"uv":[6.625,3.125,7.125,3.625],"rotation":0,"texture":"#4","tintindex":0}}},{"name":"left leg","from":[6.9049997,3.7999997,7.1],"to":[9.365,4.3999996,9.514999],"rotation":{"angle":0.0,"axis":"x","origin":[8.15,8.3,8.3]},"faces":{"down":{"uv":[7.25,6.25,6.75,6.75],"rotation":0,"texture":"#4","tintindex":0},"east":{"uv":[10.625,7.0,11.125,7.125],"rotation":0,"texture":"#4","tintindex":0},"north":{"uv":[10.625,6.75,11.125,6.875],"rotation":0,"texture":"#4","tintindex":0},"south":{"uv":[10.625,7.5,11.125,7.625],"rotation":0,"texture":"#4","tintindex":0},"up":{"uv":[7.25,6.125,6.75,5.625],"rotation":0,"texture":"#4","tintindex":0},"west":{"uv":[10.625,7.75,11.125,7.875],"rotation":0,"texture":"#4","tintindex":0}}}],"display":{"head":{"translation":[0.0,-6.4,0.0],"rotation":[0.0,0.0,0.0],"scale":[3.8095,3.8095,3.8095]}}}