{"textures":{"0":"modelengine:entity/boneshadingsoldier","1":"modelengine:entity/reditexture","2":"modelengine:entity/boneshadin1xd","3":"modelengine:entity/soldierswordanimated","4":"modelengine:entity/fallensoldieranimated","5":"modelengine:entity/soldierswordanimatedhalo"},"elements":[{"name":"left arm","from":[9.35,5.0,6.8],"to":[9.950001,5.6,9.2],"rotation":{"angle":0.0,"axis":"x","origin":[6.95,-6.4000006,8.0]},"faces":{"down":{"uv":[1.0,10.75,0.875,11.25],"rotation":0,"texture":"#4","tintindex":0},"east":{"uv":[10.25,10.625,10.75,10.75],"rotation":0,"texture":"#4","tintindex":0},"north":{"uv":[1.0,12.0,1.125,12.125],"rotation":0,"texture":"#4","tintindex":0},"south":{"uv":[1.75,12.0,1.875,12.125],"rotation":0,"texture":"#4","tintindex":0},"up":{"uv":[0.75,11.25,0.625,10.75],"rotation":0,"texture":"#4","tintindex":0},"west":{"uv":[10.75,0.75,11.25,0.875],"rotation":0,"texture":"#4","tintindex":0}}},{"name":"left arm","from":[7.85,5.0,6.8],"to":[8.45,5.6,9.2],"rotation":{"angle":0.0,"axis":"x","origin":[5.45,-6.4000006,8.0]},"faces":{"down":{"uv":[9.375,10.625,9.25,11.125],"rotation":0,"texture":"#4","tintindex":0},"east":{"uv":[10.625,8.0,11.125,8.125],"rotation":0,"texture":"#4","tintindex":0},"north":{"uv":[11.5,11.875,11.625,12.0],"rotation":0,"texture":"#4","tintindex":0},"south":{"uv":[12.0,0.75,12.125,0.875],"rotation":0,"texture":"#4","tintindex":0},"up":{"uv":[9.125,11.125,9.0,10.625],"rotation":0,"texture":"#4","tintindex":0},"west":{"uv":[10.625,8.875,11.125,9.0],"rotation":0,"texture":"#4","tintindex":0}}},{"name":"right arm","from":[7.7,5.6,6.8],"to":[10.1,8.0,9.2],"rotation":{"angle":0.0,"axis":"x","origin":[5.3,-5.8,8.0]},"faces":{"down":{"uv":[6.5,3.125,6.0,3.625],"rotation":0,"texture":"#4","tintindex":0},"east":{"uv":[1.25,5.875,1.75,6.375],"rotation":0,"texture":"#4","tintindex":0},"north":{"uv":[5.875,0.625,6.375,1.125],"rotation":0,"texture":"#4","tintindex":0},"south":{"uv":[3.625,5.875,4.125,6.375],"rotation":0,"texture":"#4","tintindex":0},"up":{"uv":[6.0,6.375,5.5,5.875],"rotation":0,"texture":"#4","tintindex":0},"west":{"uv":[4.25,5.875,4.75,6.375],"rotation":0,"texture":"#4","tintindex":0}}},{"name":"right arm","from":[8.3,5.6,6.6499996],"to":[8.9,8.6,6.8],"rotation":{"angle":0.0,"axis":"x","origin":[5.3,-5.8,8.0]},"faces":{"down":{"uv":[11.875,11.0,11.75,11.125],"rotation":0,"texture":"#4","tintindex":0},"east":{"uv":[9.5,9.625,9.625,10.25],"rotation":0,"texture":"#4","tintindex":0},"north":{"uv":[9.25,9.625,9.375,10.25],"rotation":0,"texture":"#4","tintindex":0},"south":{"uv":[1.875,9.75,2.0,10.375],"rotation":0,"texture":"#4","tintindex":0},"up":{"uv":[11.875,10.5,11.75,10.375],"rotation":0,"texture":"#4","tintindex":0},"west":{"uv":[2.125,9.75,2.25,10.375],"rotation":0,"texture":"#4","tintindex":0}}},{"name":"right arm","from":[7.7,8.0,6.8],"to":[9.5,8.6,9.2],"rotation":{"angle":0.0,"axis":"x","origin":[5.3,-5.8,8.0]},"faces":{"down":{"uv":[2.125,7.375,1.75,7.875],"rotation":0,"texture":"#4","tintindex":0},"east":{"uv":[7.125,10.0,7.625,10.125],"rotation":0,"texture":"#4","tintindex":0},"north":{"uv":[10.875,3.5,11.25,3.625],"rotation":0,"texture":"#4","tintindex":0},"south":{"uv":[10.875,6.375,11.25,6.5],"rotation":0,"texture":"#4","tintindex":0},"up":{"uv":[1.0,7.875,0.625,7.375],"rotation":0,"texture":"#4","tintindex":0},"west":{"uv":[10.0,7.625,10.5,7.75],"rotation":0,"texture":"#4","tintindex":0}}},{"name":"right arm","from":[9.198118,7.5512576,6.803],"to":[9.798119,8.301258,9.1970005],"rotation":{"angle":22.5,"axis":"z","origin":[8.898119,8.301258,8.0]},"faces":{"down":{"uv":[10.125,9.625,10.0,10.125],"rotation":0,"texture":"#4","tintindex":0},"east":{"uv":[10.0,7.875,10.5,8.0],"rotation":0,"texture":"#4","tintindex":0},"north":{"uv":[11.25,11.75,11.375,11.875],"rotation":0,"texture":"#4","tintindex":0},"south":{"uv":[11.75,11.25,11.875,11.375],"rotation":0,"texture":"#4","tintindex":0},"up":{"uv":[4.375,10.5,4.25,10.0],"rotation":0,"texture":"#4","tintindex":0},"west":{"uv":[10.0,8.125,10.5,8.25],"rotation":0,"texture":"#4","tintindex":0}}},{"name":"right arm","from":[8.0,4.3999996,7.1],"to":[9.8,5.6,8.9],"rotation":{"angle":0.0,"axis":"x","origin":[5.3,-5.8,8.0]},"faces":{"down":{"uv":[0.0,8.0,6.0,12.0],"rotation":0,"texture":"#0","tintindex":0},"east":{"uv":[0.0,0.0,6.0,4.0],"rotation":0,"texture":"#0","tintindex":0},"north":{"uv":[6.0,0.0,0.0,4.0],"rotation":0,"texture":"#0","tintindex":0},"south":{"uv":[0.0,0.0,6.0,4.0],"rotation":0,"texture":"#0","tintindex":0},"up":{"uv":[9.246,1.496,8.879,1.129],"rotation":0,"texture":"#0","tintindex":0},"west":{"uv":[0.0,0.0,6.0,4.0],"rotation":0,"texture":"#0","tintindex":0}}}],"display":{"head":{"translation":[0.0,-6.4,0.0],"rotation":[0.0,0.0,0.0],"scale":[3.8095,3.8095,3.8095]}}}