{"textures":{"0":"modelengine:entity/boneshadingsoldier","1":"modelengine:entity/reditexture","2":"modelengine:entity/boneshadin1xd","3":"modelengine:entity/soldierswordanimated","4":"modelengine:entity/fallensoldieranimated","5":"modelengine:entity/soldierswordanimatedhalo"},"elements":[{"name":"right arm","from":[6.47694,7.2367716,7.1],"to":[8.27694,8.436771,8.9],"rotation":{"angle":0.0,"axis":"x","origin":[3.7769399,-2.3632288,8.0]},"faces":{"down":{"uv":[9.246,6.379,8.879,6.746],"rotation":0,"texture":"#0","tintindex":0},"east":{"uv":[0.0,2.0,6.0,6.0],"rotation":0,"texture":"#0","tintindex":0},"north":{"uv":[6.0,2.0,0.0,6.0],"rotation":0,"texture":"#0","tintindex":0},"south":{"uv":[0.0,0.0,6.0,4.0],"rotation":0,"texture":"#0","tintindex":0},"up":{"uv":[0.0,0.0,6.0,4.0],"rotation":0,"texture":"#0","tintindex":0},"west":{"uv":[0.0,2.0,6.0,6.0],"rotation":0,"texture":"#0","tintindex":0}}},{"name":"right arm","from":[6.32694,5.4367714,6.95],"to":[8.42694,7.2367716,9.05],"rotation":{"angle":0.0,"axis":"x","origin":[3.7769399,-2.3632288,8.0]},"faces":{"down":{"uv":[6.625,3.75,6.125,4.25],"rotation":0,"texture":"#4","tintindex":0},"east":{"uv":[7.375,3.625,7.875,4.0],"rotation":0,"texture":"#4","tintindex":0},"north":{"uv":[2.25,7.375,2.75,7.75],"rotation":0,"texture":"#4","tintindex":0},"south":{"uv":[4.125,7.375,4.625,7.75],"rotation":0,"texture":"#4","tintindex":0},"up":{"uv":[1.125,6.625,0.625,6.125],"rotation":0,"texture":"#4","tintindex":0},"west":{"uv":[7.375,4.125,7.875,4.5],"rotation":0,"texture":"#4","tintindex":0}}},{"name":"right arm","from":[8.42694,5.4367714,7.25],"to":[8.72694,7.2367716,7.85],"rotation":{"angle":0.0,"axis":"x","origin":[4.22694,-2.3632288,8.0]},"faces":{"down":{"uv":[11.875,11.75,11.75,11.875],"rotation":0,"texture":"#4","tintindex":0},"east":{"uv":[7.5,10.875,7.625,11.25],"rotation":0,"texture":"#4","tintindex":0},"north":{"uv":[7.25,10.875,7.375,11.25],"rotation":0,"texture":"#4","tintindex":0},"south":{"uv":[8.375,10.875,8.5,11.25],"rotation":0,"texture":"#4","tintindex":0},"up":{"uv":[11.875,11.625,11.75,11.5],"rotation":0,"texture":"#4","tintindex":0},"west":{"uv":[8.625,10.875,8.75,11.25],"rotation":0,"texture":"#4","tintindex":0}}},{"name":"right arm","from":[6.32694,6.036772,6.8599997],"to":[8.42694,6.6367717,6.95],"rotation":{"angle":0.0,"axis":"x","origin":[1.2269399,5.286772,11.900001]},"faces":{"down":{"uv":[10.625,1.0,10.125,1.125],"rotation":0,"texture":"#4","tintindex":0},"east":{"uv":[0.0,11.875,0.125,12.0],"rotation":0,"texture":"#4","tintindex":0},"north":{"uv":[10.0,8.875,10.5,9.0],"rotation":0,"texture":"#4","tintindex":0},"south":{"uv":[0.0,10.125,0.5,10.25],"rotation":0,"texture":"#4","tintindex":0},"up":{"uv":[10.625,0.875,10.125,0.75],"rotation":0,"texture":"#4","tintindex":0},"west":{"uv":[11.875,0.0,12.0,0.125],"rotation":0,"texture":"#4","tintindex":0}}},{"name":"right arm","from":[6.32694,6.036772,9.05],"to":[8.42694,6.6367717,9.139999],"rotation":{"angle":0.0,"axis":"x","origin":[1.2269399,5.286772,11.900001]},"faces":{"down":{"uv":[10.625,5.625,10.125,5.75],"rotation":0,"texture":"#4","tintindex":0},"east":{"uv":[0.25,11.875,0.375,12.0],"rotation":0,"texture":"#4","tintindex":0},"north":{"uv":[10.125,2.75,10.625,2.875],"rotation":0,"texture":"#4","tintindex":0},"south":{"uv":[10.125,3.0,10.625,3.125],"rotation":0,"texture":"#4","tintindex":0},"up":{"uv":[5.625,10.25,5.125,10.125],"rotation":0,"texture":"#4","tintindex":0},"west":{"uv":[11.875,0.25,12.0,0.375],"rotation":0,"texture":"#4","tintindex":0}}},{"name":"right arm","from":[8.42694,6.036772,6.95],"to":[8.51694,6.6367717,9.05],"rotation":{"angle":0.0,"axis":"x","origin":[7.07694,5.286772,9.950001]},"faces":{"down":{"uv":[1.0,10.125,0.875,10.625],"rotation":0,"texture":"#4","tintindex":0},"east":{"uv":[10.125,5.875,10.625,6.0],"rotation":0,"texture":"#4","tintindex":0},"north":{"uv":[0.5,11.875,0.625,12.0],"rotation":0,"texture":"#4","tintindex":0},"south":{"uv":[11.875,0.5,12.0,0.625],"rotation":0,"texture":"#4","tintindex":0},"up":{"uv":[0.75,10.625,0.625,10.125],"rotation":0,"texture":"#4","tintindex":0},"west":{"uv":[10.125,8.375,10.625,8.5],"rotation":0,"texture":"#4","tintindex":0}}},{"name":"right arm","from":[6.2369404,6.036772,6.95],"to":[6.32694,6.6367717,9.05],"rotation":{"angle":0.0,"axis":"x","origin":[7.07694,5.286772,9.950001]},"faces":{"down":{"uv":[1.25,10.25,1.125,10.75],"rotation":0,"texture":"#4","tintindex":0},"east":{"uv":[10.125,8.625,10.625,8.75],"rotation":0,"texture":"#4","tintindex":0},"north":{"uv":[0.75,11.875,0.875,12.0],"rotation":0,"texture":"#4","tintindex":0},"south":{"uv":[11.875,1.0,12.0,1.125],"rotation":0,"texture":"#4","tintindex":0},"up":{"uv":[3.875,10.625,3.75,10.125],"rotation":0,"texture":"#4","tintindex":0},"west":{"uv":[10.25,1.875,10.75,2.0],"rotation":0,"texture":"#4","tintindex":0}}},{"name":"right arm","from":[8.42694,5.4367714,8.15],"to":[8.72694,7.2367716,8.75],"rotation":{"angle":0.0,"axis":"x","origin":[4.22694,-2.3632288,8.0]},"faces":{"down":{"uv":[12.0,1.25,11.875,1.375],"rotation":0,"texture":"#4","tintindex":0},"east":{"uv":[9.5,10.875,9.625,11.25],"rotation":0,"texture":"#4","tintindex":0},"north":{"uv":[10.875,9.125,11.0,9.5],"rotation":0,"texture":"#4","tintindex":0},"south":{"uv":[10.875,9.625,11.0,10.0],"rotation":0,"texture":"#4","tintindex":0},"up":{"uv":[1.375,12.0,1.25,11.875],"rotation":0,"texture":"#4","tintindex":0},"west":{"uv":[9.75,10.875,9.875,11.25],"rotation":0,"texture":"#4","tintindex":0}}}],"display":{"head":{"translation":[0.0,-6.4,0.0],"rotation":[0.0,0.0,0.0],"scale":[3.8095,3.8095,3.8095]}}}