{"textures":{"0":"modelengine:entity/mso_octopus_2"},"elements":[{"name":"cube","from":[6.5,5.7285686,6.747635],"to":[9.5,9.328569,10.947636],"rotation":{"angle":22.5,"axis":"x","origin":[8.6,8.128569,11.847635]},"faces":{"down":{"uv":[1.25,5.0,0.0,6.75],"rotation":0,"texture":"#0","tintindex":0},"east":{"uv":[0.0,3.5,1.75,5.0],"rotation":0,"texture":"#0","tintindex":0},"north":{"uv":[1.25,5.0,2.5,6.5],"rotation":0,"texture":"#0","tintindex":0},"south":{"uv":[2.5,5.0,3.75,6.5],"rotation":0,"texture":"#0","tintindex":0},"up":{"uv":[5.25,3.25,4.0,1.5],"rotation":0,"texture":"#0","tintindex":0},"west":{"uv":[3.5,0.0,5.25,1.5],"rotation":0,"texture":"#0","tintindex":0}}},{"name":"cube","from":[6.5,3.0285685,8.007635],"to":[9.5,4.8285685,9.807634],"rotation":{"angle":45.0,"axis":"x","origin":[8.6,8.128569,11.847635]},"faces":{"down":{"uv":[8.5,6.25,7.25,7.0],"rotation":0,"texture":"#0","tintindex":0},"east":{"uv":[8.5,3.75,9.25,4.5],"rotation":0,"texture":"#0","tintindex":0},"north":{"uv":[7.25,4.0,8.5,4.75],"rotation":0,"texture":"#0","tintindex":0},"south":{"uv":[7.25,4.75,8.5,5.5],"rotation":0,"texture":"#0","tintindex":0},"up":{"uv":[8.5,6.25,7.25,5.5],"rotation":0,"texture":"#0","tintindex":0},"west":{"uv":[8.5,4.5,9.25,5.25],"rotation":0,"texture":"#0","tintindex":0}}},{"name":"cube","from":[5.8999996,7.654388,7.611816],"to":[10.1,11.254388,12.411816],"rotation":{"angle":0.0,"axis":"x","origin":[8.0,6.214388,4.1618156]},"faces":{"down":{"uv":[3.5,0.0,1.75,2.0],"rotation":0,"texture":"#0","tintindex":0},"east":{"uv":[0.0,2.0,2.0,3.5],"rotation":0,"texture":"#0","tintindex":0},"north":{"uv":[1.75,3.5,3.5,5.0],"rotation":0,"texture":"#0","tintindex":0},"south":{"uv":[3.5,3.5,5.25,5.0],"rotation":0,"texture":"#0","tintindex":0},"up":{"uv":[1.75,2.0,0.0,0.0],"rotation":0,"texture":"#0","tintindex":0},"west":{"uv":[2.0,2.0,4.0,3.5],"rotation":0,"texture":"#0","tintindex":0}}},{"name":"cube","from":[6.8,5.7285686,6.747635],"to":[9.2,8.128569,9.747635],"rotation":{"angle":0.0,"axis":"x","origin":[8.9,8.128569,11.847635]},"faces":{"down":{"uv":[6.25,1.25,5.25,2.5],"rotation":0,"texture":"#0","tintindex":0},"east":{"uv":[3.75,5.0,5.0,6.0],"rotation":0,"texture":"#0","tintindex":0},"north":{"uv":[4.75,6.0,5.75,7.0],"rotation":0,"texture":"#0","tintindex":0},"south":{"uv":[5.75,6.0,6.75,7.0],"rotation":0,"texture":"#0","tintindex":0},"up":{"uv":[6.25,1.25,5.25,0.0],"rotation":0,"texture":"#0","tintindex":0},"west":{"uv":[5.0,5.0,6.25,6.0],"rotation":0,"texture":"#0","tintindex":0}}},{"name":"cube","from":[6.05,6.928569,6.1476355],"to":[7.25,8.728569,7.947635],"rotation":{"angle":0.0,"axis":"x","origin":[8.6,8.128569,11.847635]},"faces":{"down":{"uv":[9.5,8.75,9.0,9.5],"rotation":0,"texture":"#0","tintindex":0},"east":{"uv":[7.75,3.0,8.5,3.75],"rotation":0,"texture":"#0","tintindex":0},"north":{"uv":[8.75,2.0,9.25,2.75],"rotation":0,"texture":"#0","tintindex":0},"south":{"uv":[9.0,7.25,9.5,8.0],"rotation":0,"texture":"#0","tintindex":0},"up":{"uv":[9.5,8.75,9.0,8.0],"rotation":0,"texture":"#0","tintindex":0},"west":{"uv":[2.0,8.5,2.75,9.25],"rotation":0,"texture":"#0","tintindex":0}}},{"name":"cube","from":[8.75,6.928569,6.1476355],"to":[9.950001,8.728569,7.947635],"rotation":{"angle":0.0,"axis":"x","origin":[7.4,8.128569,11.847635]},"faces":{"down":{"uv":[9.75,4.5,9.25,5.25],"rotation":0,"texture":"#0","tintindex":0},"east":{"uv":[2.75,8.5,3.5,9.25],"rotation":0,"texture":"#0","tintindex":0},"north":{"uv":[3.0,9.25,3.5,10.0],"rotation":0,"texture":"#0","tintindex":0},"south":{"uv":[9.25,3.0,9.75,3.75],"rotation":0,"texture":"#0","tintindex":0},"up":{"uv":[9.75,4.5,9.25,3.75],"rotation":0,"texture":"#0","tintindex":0},"west":{"uv":[8.5,3.0,9.25,3.75],"rotation":0,"texture":"#0","tintindex":0}}}],"display":{"head":{"translation":[0.0,-6.4,0.0],"rotation":[0.0,0.0,0.0],"scale":[3.8095,3.8095,3.8095]}}}