{"textures":{"0":"modelengine:entity/mso_octopus_2"},"elements":[{"name":"cube","from":[7.4,4.013667,8.750428],"to":[8.6,7.613667,9.350429],"rotation":{"angle":22.5,"axis":"x","origin":[8.3,10.013667,9.650429]},"faces":{"down":{"uv":[10.25,0.75,9.75,1.0],"rotation":0,"texture":"#0","tintindex":0},"east":{"uv":[9.5,0.0,9.75,1.5],"rotation":0,"texture":"#0","tintindex":0},"north":{"uv":[1.0,8.5,1.5,10.0],"rotation":0,"texture":"#0","tintindex":0},"south":{"uv":[1.5,8.5,2.0,10.0],"rotation":0,"texture":"#0","tintindex":0},"up":{"uv":[10.25,0.75,9.75,0.5],"rotation":0,"texture":"#0","tintindex":0},"west":{"uv":[9.5,1.5,9.75,3.0],"rotation":0,"texture":"#0","tintindex":0}}}],"display":{"head":{"translation":[0.0,-6.4,0.0],"rotation":[0.0,0.0,0.0],"scale":[3.8095,3.8095,3.8095]}}}