{"textures":{"0":"modelengine:entity/mso_octopus_2"},"elements":[{"name":"cube","from":[7.4,2.5136666,6.3495717],"to":[8.6,7.3136673,6.9495716],"rotation":{"angle":-22.5,"axis":"x","origin":[7.7,10.913668,6.049571]},"faces":{"down":{"uv":[10.0,6.0,9.5,6.25],"rotation":0,"texture":"#0","tintindex":0},"east":{"uv":[8.75,5.25,9.0,7.25],"rotation":0,"texture":"#0","tintindex":0},"north":{"uv":[0.0,6.75,0.5,8.75],"rotation":0,"texture":"#0","tintindex":0},"south":{"uv":[6.75,0.0,7.25,2.0],"rotation":0,"texture":"#0","tintindex":0},"up":{"uv":[10.0,6.0,9.5,5.75],"rotation":0,"texture":"#0","tintindex":0},"west":{"uv":[8.75,7.25,9.0,9.25],"rotation":0,"texture":"#0","tintindex":0}}}],"display":{"head":{"translation":[0.0,-6.4,0.0],"rotation":[0.0,0.0,0.0],"scale":[3.8095,3.8095,3.8095]}}}