{"textures":{"0":"modelengine:entity/mso_octopus_2"},"elements":[{"name":"cube","from":[7.4,3.4790452,7.886452],"to":[8.6,8.279045,8.486452],"rotation":{"angle":-22.5,"axis":"x","origin":[7.7,7.0790453,7.5864525]},"faces":{"down":{"uv":[10.0,6.5,9.5,6.75],"rotation":0,"texture":"#0","tintindex":0},"east":{"uv":[9.0,0.0,9.25,2.0],"rotation":0,"texture":"#0","tintindex":0},"north":{"uv":[0.5,6.75,1.0,8.75],"rotation":0,"texture":"#0","tintindex":0},"south":{"uv":[6.75,2.0,7.25,4.0],"rotation":0,"texture":"#0","tintindex":0},"up":{"uv":[10.0,6.5,9.5,6.25],"rotation":0,"texture":"#0","tintindex":0},"west":{"uv":[4.75,9.0,5.0,11.0],"rotation":0,"texture":"#0","tintindex":0}}}],"display":{"head":{"translation":[0.0,-6.4,0.0],"rotation":[0.0,0.0,0.0],"scale":[3.8095,3.8095,3.8095]}}}