{"textures":{"0":"modelengine:entity/mso_octopus_2"},"elements":[{"name":"cube","from":[7.4,4.013667,8.750428],"to":[8.6,7.613667,9.350429],"rotation":{"angle":22.5,"axis":"x","origin":[7.7,10.013667,9.650429]},"faces":{"down":{"uv":[10.25,0.25,9.75,0.5],"rotation":0,"texture":"#0","tintindex":0},"east":{"uv":[9.25,5.25,9.5,6.75],"rotation":0,"texture":"#0","tintindex":0},"north":{"uv":[8.25,1.5,8.75,3.0],"rotation":0,"texture":"#0","tintindex":0},"south":{"uv":[8.25,7.0,8.75,8.5],"rotation":0,"texture":"#0","tintindex":0},"up":{"uv":[10.25,0.25,9.75,0.0],"rotation":0,"texture":"#0","tintindex":0},"west":{"uv":[8.75,9.25,9.0,10.75],"rotation":0,"texture":"#0","tintindex":0}}}],"display":{"head":{"translation":[0.0,-6.4,0.0],"rotation":[0.0,0.0,0.0],"scale":[3.8095,3.8095,3.8095]}}}