{"textures":{"0":"modelengine:entity/boneshadin2herald.png","1":"modelengine:entity/boneshadin2heraldxd","2":"modelengine:entity/fallenheraldsword","3":"minecraft:custom/archdrake1","4":"modelengine:entity/bandend","5":"modelengine:entity/capa","6":"modelengine:entity/fallenheraldvoid"},"elements":[{"name":"left leg","from":[7.1,6.35,7.4],"to":[8.9,7.7,9.2],"rotation":{"angle":0.0,"axis":"x","origin":[7.01,3.35,8.3]},"faces":{"down":{"uv":[15.625,0.0,16.0,0.25],"rotation":0,"texture":"#6","tintindex":0},"east":{"uv":[15.625,0.0,16.0,0.25],"rotation":0,"texture":"#6","tintindex":0},"north":{"uv":[15.625,0.0,16.0,0.25],"rotation":0,"texture":"#6","tintindex":0},"south":{"uv":[15.625,0.0,16.0,0.25],"rotation":0,"texture":"#6","tintindex":0},"up":{"uv":[15.625,0.0,16.0,0.25],"rotation":0,"texture":"#6","tintindex":0},"west":{"uv":[15.625,0.0,16.0,0.25],"rotation":0,"texture":"#6","tintindex":0}}},{"name":"left leg","from":[7.1,6.95,6.8],"to":[8.9,8.15,7.4],"rotation":{"angle":0.0,"axis":"x","origin":[7.01,3.35,8.3]},"faces":{"down":{"uv":[12.996,6.004,12.629,6.121],"rotation":0,"texture":"#6","tintindex":0},"east":{"uv":[6.879,13.379,6.996,13.621],"rotation":0,"texture":"#6","tintindex":0},"north":{"uv":[9.379,10.129,9.746,10.371],"rotation":0,"texture":"#6","tintindex":0},"south":{"uv":[9.879,10.129,10.246,10.371],"rotation":0,"texture":"#6","tintindex":0},"up":{"uv":[5.371,12.746,5.004,12.629],"rotation":0,"texture":"#6","tintindex":0},"west":{"uv":[7.629,13.379,7.746,13.621],"rotation":0,"texture":"#6","tintindex":0}}},{"name":"left leg","from":[6.95,7.175,7.475],"to":[9.05,7.775,9.425],"rotation":{"angle":22.5,"axis":"x","origin":[8.0,7.7,8.375]},"faces":{"down":{"uv":[8.621,3.004,8.129,3.371],"rotation":0,"texture":"#6","tintindex":0},"east":{"uv":[12.379,4.629,12.746,4.746],"rotation":0,"texture":"#6","tintindex":0},"north":{"uv":[6.004,11.004,6.496,11.121],"rotation":0,"texture":"#6","tintindex":0},"south":{"uv":[7.254,11.004,7.746,11.121],"rotation":0,"texture":"#6","tintindex":0},"up":{"uv":[8.621,2.246,8.129,1.879],"rotation":0,"texture":"#6","tintindex":0},"west":{"uv":[12.379,4.879,12.746,4.996],"rotation":0,"texture":"#6","tintindex":0}}},{"name":"left leg","from":[7.1,4.3999996,7.1],"to":[9.2,6.8,9.5],"rotation":{"angle":0.0,"axis":"x","origin":[8.15,10.700001,8.3]},"faces":{"down":{"uv":[4.246,7.129,3.754,7.621],"rotation":0,"texture":"#6","tintindex":0},"east":{"uv":[6.879,7.004,7.371,7.496],"rotation":0,"texture":"#6","tintindex":0},"north":{"uv":[3.129,7.004,3.621,7.496],"rotation":0,"texture":"#6","tintindex":0},"south":{"uv":[7.129,0.004,7.621,0.496],"rotation":0,"texture":"#6","tintindex":0},"up":{"uv":[7.621,1.746,7.129,1.254],"rotation":0,"texture":"#6","tintindex":0},"west":{"uv":[7.129,0.629,7.621,1.121],"rotation":0,"texture":"#6","tintindex":0}}},{"name":"left leg","from":[6.9049997,3.7999997,7.1],"to":[9.365,4.3999996,9.514999],"rotation":{"angle":0.0,"axis":"x","origin":[8.15,8.3,8.3]},"faces":{"down":{"uv":[5.496,7.254,5.004,7.746],"rotation":0,"texture":"#6","tintindex":0},"east":{"uv":[7.879,11.254,8.371,11.371],"rotation":0,"texture":"#6","tintindex":0},"north":{"uv":[7.254,11.254,7.746,11.371],"rotation":0,"texture":"#6","tintindex":0},"south":{"uv":[10.129,11.254,10.621,11.371],"rotation":0,"texture":"#6","tintindex":0},"up":{"uv":[7.746,2.996,7.254,2.504],"rotation":0,"texture":"#6","tintindex":0},"west":{"uv":[0.004,11.379,0.496,11.496],"rotation":0,"texture":"#6","tintindex":0}}},{"name":"left leg","from":[6.9049997,6.2,7.085],"to":[9.395,6.8599997,9.514999],"rotation":{"angle":0.0,"axis":"x","origin":[8.15,10.700001,8.3]},"faces":{"down":{"uv":[8.246,1.254,7.754,1.746],"rotation":0,"texture":"#6","tintindex":0},"east":{"uv":[12.129,6.754,12.621,6.871],"rotation":0,"texture":"#6","tintindex":0},"north":{"uv":[6.004,12.129,6.496,12.246],"rotation":0,"texture":"#6","tintindex":0},"south":{"uv":[6.879,12.129,7.371,12.246],"rotation":0,"texture":"#6","tintindex":0},"up":{"uv":[8.246,1.121,7.754,0.629],"rotation":0,"texture":"#6","tintindex":0},"west":{"uv":[12.129,7.004,12.621,7.121],"rotation":0,"texture":"#6","tintindex":0}}}],"display":{"head":{"translation":[0.0,-6.4,0.0],"rotation":[0.0,0.0,0.0],"scale":[3.8095,3.8095,3.8095]}}}