{"textures":{"0":"modelengine:entity/boneshadin2herald.png","1":"modelengine:entity/boneshadin2heraldxd","2":"modelengine:entity/fallenheraldsword","3":"minecraft:custom/archdrake1","4":"modelengine:entity/bandend","5":"modelengine:entity/capa","6":"modelengine:entity/fallenheraldvoid"},"elements":[{"name":"fallenheraldsword_0","from":[7.8200006,16.195456,-8.90091],"to":[8.18,17.635456,-7.46091],"rotation":{"angle":-45.0,"axis":"x","origin":[8.0,8.0,0.7999997]},"faces":{"down":{"uv":[14.333333,0.33333334,14.666667,1.6666666],"rotation":180,"texture":"#2","tintindex":0},"east":{"uv":[14.333333,1.6666666,15.666667,0.33333334],"rotation":270,"texture":"#2","tintindex":0},"north":{"uv":[15.666667,0.33333334,14.333333,0.6666667],"rotation":90,"texture":"#2","tintindex":0},"south":{"uv":[14.333333,1.3333334,15.666667,1.6666666],"rotation":270,"texture":"#2","tintindex":0},"up":{"uv":[15.333333,0.33333334,15.666667,1.6666666],"rotation":0,"texture":"#2","tintindex":0},"west":{"uv":[14.333333,0.33333334,15.666667,1.6666666],"rotation":270,"texture":"#2","tintindex":0}}},{"name":"fallenheraldsword_1","from":[7.8200006,15.475455,-8.54091],"to":[8.18,16.195456,-5.6609106],"rotation":{"angle":-45.0,"axis":"x","origin":[8.0,8.0,0.7999997]},"faces":{"down":{"uv":[13.666667,0.6666667,14.0,3.3333333],"rotation":180,"texture":"#2","tintindex":0},"east":{"uv":[13.666667,3.3333333,14.333333,0.6666667],"rotation":270,"texture":"#2","tintindex":0},"north":{"uv":[14.333333,0.6666667,13.666667,1.0],"rotation":90,"texture":"#2","tintindex":0},"south":{"uv":[13.666667,3.0,14.333333,3.3333333],"rotation":270,"texture":"#2","tintindex":0},"up":{"uv":[14.0,0.6666667,14.333333,3.3333333],"rotation":0,"texture":"#2","tintindex":0},"west":{"uv":[13.666667,0.6666667,14.333333,3.3333333],"rotation":270,"texture":"#2","tintindex":0}}},{"name":"fallenheraldsword_2","from":[7.8200006,15.115455,-8.180909],"to":[8.18,15.475455,-4.9409094],"rotation":{"angle":-45.0,"axis":"x","origin":[8.0,8.0,0.7999997]},"faces":{"down":{"uv":[13.333333,1.0,13.666667,4.0],"rotation":180,"texture":"#2","tintindex":0},"east":{"uv":[13.333333,4.0,13.666667,1.0],"rotation":270,"texture":"#2","tintindex":0},"north":{"uv":[13.666667,1.0,13.333333,1.3333334],"rotation":90,"texture":"#2","tintindex":0},"south":{"uv":[13.333333,3.6666667,13.666667,4.0],"rotation":270,"texture":"#2","tintindex":0},"up":{"uv":[13.333333,1.0,13.666667,4.0],"rotation":0,"texture":"#2","tintindex":0},"west":{"uv":[13.333333,1.0,13.666667,4.0],"rotation":270,"texture":"#2","tintindex":0}}},{"name":"fallenheraldsword_3","from":[7.8200006,14.755454,-7.8209095],"to":[8.18,15.115455,-4.5809093],"rotation":{"angle":-45.0,"axis":"x","origin":[8.0,8.0,0.7999997]},"faces":{"down":{"uv":[13.0,1.3333334,13.333333,4.3333335],"rotation":180,"texture":"#2","tintindex":0},"east":{"uv":[13.0,4.3333335,13.333333,1.3333334],"rotation":270,"texture":"#2","tintindex":0},"north":{"uv":[13.333333,1.3333334,13.0,1.6666666],"rotation":90,"texture":"#2","tintindex":0},"south":{"uv":[13.0,4.0,13.333333,4.3333335],"rotation":270,"texture":"#2","tintindex":0},"up":{"uv":[13.0,1.3333334,13.333333,4.3333335],"rotation":0,"texture":"#2","tintindex":0},"west":{"uv":[13.0,1.3333334,13.333333,4.3333335],"rotation":270,"texture":"#2","tintindex":0}}},{"name":"fallenheraldsword_4","from":[7.8200006,14.395455,-7.46091],"to":[8.18,14.755454,-4.220909],"rotation":{"angle":-45.0,"axis":"x","origin":[8.0,8.0,0.7999997]},"faces":{"down":{"uv":[12.666667,1.6666666,13.0,4.6666665],"rotation":180,"texture":"#2","tintindex":0},"east":{"uv":[12.666667,4.6666665,13.0,1.6666666],"rotation":270,"texture":"#2","tintindex":0},"north":{"uv":[13.0,1.6666666,12.666667,2.0],"rotation":90,"texture":"#2","tintindex":0},"south":{"uv":[12.666667,4.3333335,13.0,4.6666665],"rotation":270,"texture":"#2","tintindex":0},"up":{"uv":[12.666667,1.6666666,13.0,4.6666665],"rotation":0,"texture":"#2","tintindex":0},"west":{"uv":[12.666667,1.6666666,13.0,4.6666665],"rotation":270,"texture":"#2","tintindex":0}}},{"name":"fallenheraldsword_5","from":[7.8200006,16.195456,-7.46091],"to":[8.18,17.275455,-6.7409096],"rotation":{"angle":-45.0,"axis":"x","origin":[8.0,8.0,0.7999997]},"faces":{"down":{"uv":[14.333333,1.6666666,14.666667,2.3333333],"rotation":180,"texture":"#2","tintindex":0},"east":{"uv":[14.333333,2.3333333,15.333333,1.6666666],"rotation":270,"texture":"#2","tintindex":0},"north":{"uv":[15.333333,1.6666666,14.333333,2.0],"rotation":90,"texture":"#2","tintindex":0},"south":{"uv":[14.333333,2.0,15.333333,2.3333333],"rotation":270,"texture":"#2","tintindex":0},"up":{"uv":[15.0,1.6666666,15.333333,2.3333333],"rotation":0,"texture":"#2","tintindex":0},"west":{"uv":[14.333333,1.6666666,15.333333,2.3333333],"rotation":270,"texture":"#2","tintindex":0}}},{"name":"fallenheraldsword_6","from":[7.8200006,14.035455,-7.10091],"to":[8.18,14.395455,-3.86091],"rotation":{"angle":-45.0,"axis":"x","origin":[8.0,8.0,0.7999997]},"faces":{"down":{"uv":[12.333333,2.0,12.666667,5.0],"rotation":180,"texture":"#2","tintindex":0},"east":{"uv":[12.333333,5.0,12.666667,2.0],"rotation":270,"texture":"#2","tintindex":0},"north":{"uv":[12.666667,2.0,12.333333,2.3333333],"rotation":90,"texture":"#2","tintindex":0},"south":{"uv":[12.333333,4.6666665,12.666667,5.0],"rotation":270,"texture":"#2","tintindex":0},"up":{"uv":[12.333333,2.0,12.666667,5.0],"rotation":0,"texture":"#2","tintindex":0},"west":{"uv":[12.333333,2.0,12.666667,5.0],"rotation":270,"texture":"#2","tintindex":0}}},{"name":"fallenheraldsword_7","from":[7.8200006,13.675455,-6.7409096],"to":[8.18,14.035455,-3.5009098],"rotation":{"angle":-45.0,"axis":"x","origin":[8.0,8.0,0.7999997]},"faces":{"down":{"uv":[12.0,2.3333333,12.333333,5.3333335],"rotation":180,"texture":"#2","tintindex":0},"east":{"uv":[12.0,5.3333335,12.333333,2.3333333],"rotation":270,"texture":"#2","tintindex":0},"north":{"uv":[12.333333,2.3333333,12.0,2.6666667],"rotation":90,"texture":"#2","tintindex":0},"south":{"uv":[12.0,5.0,12.333333,5.3333335],"rotation":270,"texture":"#2","tintindex":0},"up":{"uv":[12.0,2.3333333,12.333333,5.3333335],"rotation":0,"texture":"#2","tintindex":0},"west":{"uv":[12.0,2.3333333,12.333333,5.3333335],"rotation":270,"texture":"#2","tintindex":0}}},{"name":"fallenheraldsword_8","from":[7.8200006,16.195456,-6.7409096],"to":[8.18,16.915455,-6.38091],"rotation":{"angle":-45.0,"axis":"x","origin":[8.0,8.0,0.7999997]},"faces":{"down":{"uv":[14.333333,2.3333333,14.666667,2.6666667],"rotation":180,"texture":"#2","tintindex":0},"east":{"uv":[14.333333,2.6666667,15.0,2.3333333],"rotation":270,"texture":"#2","tintindex":0},"north":{"uv":[15.0,2.3333333,14.333333,2.6666667],"rotation":90,"texture":"#2","tintindex":0},"south":{"uv":[14.333333,2.3333333,15.0,2.6666667],"rotation":270,"texture":"#2","tintindex":0},"up":{"uv":[14.666667,2.3333333,15.0,2.6666667],"rotation":0,"texture":"#2","tintindex":0},"west":{"uv":[14.333333,2.3333333,15.0,2.6666667],"rotation":270,"texture":"#2","tintindex":0}}},{"name":"fallenheraldsword_9","from":[7.8200006,13.3154545,-6.38091],"to":[8.18,13.675455,-3.1409097],"rotation":{"angle":-45.0,"axis":"x","origin":[8.0,8.0,0.7999997]},"faces":{"down":{"uv":[11.666667,2.6666667,12.0,5.6666665],"rotation":180,"texture":"#2","tintindex":0},"east":{"uv":[11.666667,5.6666665,12.0,2.6666667],"rotation":270,"texture":"#2","tintindex":0},"north":{"uv":[12.0,2.6666667,11.666667,3.0],"rotation":90,"texture":"#2","tintindex":0},"south":{"uv":[11.666667,5.3333335,12.0,5.6666665],"rotation":270,"texture":"#2","tintindex":0},"up":{"uv":[11.666667,2.6666667,12.0,5.6666665],"rotation":0,"texture":"#2","tintindex":0},"west":{"uv":[11.666667,2.6666667,12.0,5.6666665],"rotation":270,"texture":"#2","tintindex":0}}},{"name":"fallenheraldsword_10","from":[7.8200006,16.195456,-6.38091],"to":[8.18,16.555454,-6.0209093],"rotation":{"angle":-45.0,"axis":"x","origin":[8.0,8.0,0.7999997]},"faces":{"down":{"uv":[14.333333,2.6666667,14.666667,3.0],"rotation":180,"texture":"#2","tintindex":0},"east":{"uv":[14.333333,3.0,14.666667,2.6666667],"rotation":270,"texture":"#2","tintindex":0},"north":{"uv":[14.666667,2.6666667,14.333333,3.0],"rotation":90,"texture":"#2","tintindex":0},"south":{"uv":[14.333333,2.6666667,14.666667,3.0],"rotation":270,"texture":"#2","tintindex":0},"up":{"uv":[14.333333,2.6666667,14.666667,3.0],"rotation":0,"texture":"#2","tintindex":0},"west":{"uv":[14.333333,2.6666667,14.666667,3.0],"rotation":270,"texture":"#2","tintindex":0}}},{"name":"fallenheraldsword_11","from":[7.8200006,12.955455,-6.0209093],"to":[8.18,13.3154545,-2.7809095],"rotation":{"angle":-45.0,"axis":"x","origin":[8.0,8.0,0.7999997]},"faces":{"down":{"uv":[11.333333,3.0,11.666667,6.0],"rotation":180,"texture":"#2","tintindex":0},"east":{"uv":[11.333333,6.0,11.666667,3.0],"rotation":270,"texture":"#2","tintindex":0},"north":{"uv":[11.666667,3.0,11.333333,3.3333333],"rotation":90,"texture":"#2","tintindex":0},"south":{"uv":[11.333333,5.6666665,11.666667,6.0],"rotation":270,"texture":"#2","tintindex":0},"up":{"uv":[11.333333,3.0,11.666667,6.0],"rotation":0,"texture":"#2","tintindex":0},"west":{"uv":[11.333333,3.0,11.666667,6.0],"rotation":270,"texture":"#2","tintindex":0}}},{"name":"fallenheraldsword_12","from":[7.8200006,12.595455,-5.6609106],"to":[8.18,12.955455,-2.420909],"rotation":{"angle":-45.0,"axis":"x","origin":[8.0,8.0,0.7999997]},"faces":{"down":{"uv":[11.0,3.3333333,11.333333,6.3333335],"rotation":180,"texture":"#2","tintindex":0},"east":{"uv":[11.0,6.3333335,11.333333,3.3333333],"rotation":270,"texture":"#2","tintindex":0},"north":{"uv":[11.333333,3.3333333,11.0,3.6666667],"rotation":90,"texture":"#2","tintindex":0},"south":{"uv":[11.0,6.0,11.333333,6.3333335],"rotation":270,"texture":"#2","tintindex":0},"up":{"uv":[11.0,3.3333333,11.333333,6.3333335],"rotation":0,"texture":"#2","tintindex":0},"west":{"uv":[11.0,3.3333333,11.333333,6.3333335],"rotation":270,"texture":"#2","tintindex":0}}},{"name":"fallenheraldsword_13","from":[7.8200006,15.475455,-5.6609106],"to":[8.18,15.835455,-5.30091],"rotation":{"angle":-45.0,"axis":"x","origin":[8.0,8.0,0.7999997]},"faces":{"down":{"uv":[13.666667,3.3333333,14.0,3.6666667],"rotation":180,"texture":"#2","tintindex":0},"east":{"uv":[13.666667,3.6666667,14.0,3.3333333],"rotation":270,"texture":"#2","tintindex":0},"north":{"uv":[14.0,3.3333333,13.666667,3.6666667],"rotation":90,"texture":"#2","tintindex":0},"south":{"uv":[13.666667,3.3333333,14.0,3.6666667],"rotation":270,"texture":"#2","tintindex":0},"up":{"uv":[13.666667,3.3333333,14.0,3.6666667],"rotation":0,"texture":"#2","tintindex":0},"west":{"uv":[13.666667,3.3333333,14.0,3.6666667],"rotation":270,"texture":"#2","tintindex":0}}},{"name":"fallenheraldsword_14","from":[7.8200006,12.2354555,-5.30091],"to":[8.18,12.595455,-2.0609102],"rotation":{"angle":-45.0,"axis":"x","origin":[8.0,8.0,0.7999997]},"faces":{"down":{"uv":[10.666667,3.6666667,11.0,6.6666665],"rotation":180,"texture":"#2","tintindex":0},"east":{"uv":[10.666667,6.6666665,11.0,3.6666667],"rotation":270,"texture":"#2","tintindex":0},"north":{"uv":[11.0,3.6666667,10.666667,4.0],"rotation":90,"texture":"#2","tintindex":0},"south":{"uv":[10.666667,6.3333335,11.0,6.6666665],"rotation":270,"texture":"#2","tintindex":0},"up":{"uv":[10.666667,3.6666667,11.0,6.6666665],"rotation":0,"texture":"#2","tintindex":0},"west":{"uv":[10.666667,3.6666667,11.0,6.6666665],"rotation":270,"texture":"#2","tintindex":0}}},{"name":"fallenheraldsword_15","from":[7.8200006,11.875455,-4.9409094],"to":[8.18,12.2354555,-1.7009096],"rotation":{"angle":-45.0,"axis":"x","origin":[8.0,8.0,0.7999997]},"faces":{"down":{"uv":[10.333333,4.0,10.666667,7.0],"rotation":180,"texture":"#2","tintindex":0},"east":{"uv":[10.333333,7.0,10.666667,4.0],"rotation":270,"texture":"#2","tintindex":0},"north":{"uv":[10.666667,4.0,10.333333,4.3333335],"rotation":90,"texture":"#2","tintindex":0},"south":{"uv":[10.333333,6.6666665,10.666667,7.0],"rotation":270,"texture":"#2","tintindex":0},"up":{"uv":[10.333333,4.0,10.666667,7.0],"rotation":0,"texture":"#2","tintindex":0},"west":{"uv":[10.333333,4.0,10.666667,7.0],"rotation":270,"texture":"#2","tintindex":0}}},{"name":"fallenheraldsword_16","from":[7.8200006,11.515454,-4.5809093],"to":[8.18,11.875455,-1.3409095],"rotation":{"angle":-45.0,"axis":"x","origin":[8.0,8.0,0.7999997]},"faces":{"down":{"uv":[10.0,4.3333335,10.333333,7.3333335],"rotation":180,"texture":"#2","tintindex":0},"east":{"uv":[10.0,7.3333335,10.333333,4.3333335],"rotation":270,"texture":"#2","tintindex":0},"north":{"uv":[10.333333,4.3333335,10.0,4.6666665],"rotation":90,"texture":"#2","tintindex":0},"south":{"uv":[10.0,7.0,10.333333,7.3333335],"rotation":270,"texture":"#2","tintindex":0},"up":{"uv":[10.0,4.3333335,10.333333,7.3333335],"rotation":0,"texture":"#2","tintindex":0},"west":{"uv":[10.0,4.3333335,10.333333,7.3333335],"rotation":270,"texture":"#2","tintindex":0}}},{"name":"fallenheraldsword_17","from":[7.8200006,11.155455,-4.220909],"to":[8.18,11.515454,-0.98090935],"rotation":{"angle":-45.0,"axis":"x","origin":[8.0,8.0,0.7999997]},"faces":{"down":{"uv":[9.666667,4.6666665,10.0,7.6666665],"rotation":180,"texture":"#2","tintindex":0},"east":{"uv":[9.666667,7.6666665,10.0,4.6666665],"rotation":270,"texture":"#2","tintindex":0},"north":{"uv":[10.0,4.6666665,9.666667,5.0],"rotation":90,"texture":"#2","tintindex":0},"south":{"uv":[9.666667,7.3333335,10.0,7.6666665],"rotation":270,"texture":"#2","tintindex":0},"up":{"uv":[9.666667,4.6666665,10.0,7.6666665],"rotation":0,"texture":"#2","tintindex":0},"west":{"uv":[9.666667,4.6666665,10.0,7.6666665],"rotation":270,"texture":"#2","tintindex":0}}},{"name":"fallenheraldsword_18","from":[7.8200006,10.795456,-3.86091],"to":[8.18,11.155455,-0.6209097],"rotation":{"angle":-45.0,"axis":"x","origin":[8.0,8.0,0.7999997]},"faces":{"down":{"uv":[9.333333,5.0,9.666667,8.0],"rotation":180,"texture":"#2","tintindex":0},"east":{"uv":[9.333333,8.0,9.666667,5.0],"rotation":270,"texture":"#2","tintindex":0},"north":{"uv":[9.666667,5.0,9.333333,5.3333335],"rotation":90,"texture":"#2","tintindex":0},"south":{"uv":[9.333333,7.6666665,9.666667,8.0],"rotation":270,"texture":"#2","tintindex":0},"up":{"uv":[9.333333,5.0,9.666667,8.0],"rotation":0,"texture":"#2","tintindex":0},"west":{"uv":[9.333333,5.0,9.666667,8.0],"rotation":270,"texture":"#2","tintindex":0}}},{"name":"fallenheraldsword_19","from":[7.8200006,10.435455,-3.5009098],"to":[8.18,10.795456,-0.26090932],"rotation":{"angle":-45.0,"axis":"x","origin":[8.0,8.0,0.7999997]},"faces":{"down":{"uv":[9.0,5.3333335,9.333333,8.333333],"rotation":180,"texture":"#2","tintindex":0},"east":{"uv":[9.0,8.333333,9.333333,5.3333335],"rotation":270,"texture":"#2","tintindex":0},"north":{"uv":[9.333333,5.3333335,9.0,5.6666665],"rotation":90,"texture":"#2","tintindex":0},"south":{"uv":[9.0,8.0,9.333333,8.333333],"rotation":270,"texture":"#2","tintindex":0},"up":{"uv":[9.0,5.3333335,9.333333,8.333333],"rotation":0,"texture":"#2","tintindex":0},"west":{"uv":[9.0,5.3333335,9.333333,8.333333],"rotation":270,"texture":"#2","tintindex":0}}},{"name":"fallenheraldsword_20","from":[7.8200006,10.075455,-3.1409097],"to":[8.18,10.435455,0.09909034],"rotation":{"angle":-45.0,"axis":"x","origin":[8.0,8.0,0.7999997]},"faces":{"down":{"uv":[8.666667,5.6666665,9.0,8.666667],"rotation":180,"texture":"#2","tintindex":0},"east":{"uv":[8.666667,8.666667,9.0,5.6666665],"rotation":270,"texture":"#2","tintindex":0},"north":{"uv":[9.0,5.6666665,8.666667,6.0],"rotation":90,"texture":"#2","tintindex":0},"south":{"uv":[8.666667,8.333333,9.0,8.666667],"rotation":270,"texture":"#2","tintindex":0},"up":{"uv":[8.666667,5.6666665,9.0,8.666667],"rotation":0,"texture":"#2","tintindex":0},"west":{"uv":[8.666667,5.6666665,9.0,8.666667],"rotation":270,"texture":"#2","tintindex":0}}},{"name":"fallenheraldsword_21","from":[7.8200006,9.715454,-2.7809095],"to":[8.18,10.075455,0.45909047],"rotation":{"angle":-45.0,"axis":"x","origin":[8.0,8.0,0.7999997]},"faces":{"down":{"uv":[8.333333,6.0,8.666667,9.0],"rotation":180,"texture":"#2","tintindex":0},"east":{"uv":[8.333333,9.0,8.666667,6.0],"rotation":270,"texture":"#2","tintindex":0},"north":{"uv":[8.666667,6.0,8.333333,6.3333335],"rotation":90,"texture":"#2","tintindex":0},"south":{"uv":[8.333333,8.666667,8.666667,9.0],"rotation":270,"texture":"#2","tintindex":0},"up":{"uv":[8.333333,6.0,8.666667,9.0],"rotation":0,"texture":"#2","tintindex":0},"west":{"uv":[8.333333,6.0,8.666667,9.0],"rotation":270,"texture":"#2","tintindex":0}}},{"name":"fallenheraldsword_22","from":[7.8200006,9.355455,-2.420909],"to":[8.18,9.715454,0.81909084],"rotation":{"angle":-45.0,"axis":"x","origin":[8.0,8.0,0.7999997]},"faces":{"down":{"uv":[8.0,6.3333335,8.333333,9.333333],"rotation":180,"texture":"#2","tintindex":0},"east":{"uv":[8.0,9.333333,8.333333,6.3333335],"rotation":270,"texture":"#2","tintindex":0},"north":{"uv":[8.333333,6.3333335,8.0,6.6666665],"rotation":90,"texture":"#2","tintindex":0},"south":{"uv":[8.0,9.0,8.333333,9.333333],"rotation":270,"texture":"#2","tintindex":0},"up":{"uv":[8.0,6.3333335,8.333333,9.333333],"rotation":0,"texture":"#2","tintindex":0},"west":{"uv":[8.0,6.3333335,8.333333,9.333333],"rotation":270,"texture":"#2","tintindex":0}}},{"name":"fallenheraldsword_23","from":[7.8200006,8.995455,-2.0609102],"to":[8.18,9.355455,1.1790905],"rotation":{"angle":-45.0,"axis":"x","origin":[8.0,8.0,0.7999997]},"faces":{"down":{"uv":[7.6666665,6.6666665,8.0,9.666667],"rotation":180,"texture":"#2","tintindex":0},"east":{"uv":[7.6666665,9.666667,8.0,6.6666665],"rotation":270,"texture":"#2","tintindex":0},"north":{"uv":[8.0,6.6666665,7.6666665,7.0],"rotation":90,"texture":"#2","tintindex":0},"south":{"uv":[7.6666665,9.333333,8.0,9.666667],"rotation":270,"texture":"#2","tintindex":0},"up":{"uv":[7.6666665,6.6666665,8.0,9.666667],"rotation":0,"texture":"#2","tintindex":0},"west":{"uv":[7.6666665,6.6666665,8.0,9.666667],"rotation":270,"texture":"#2","tintindex":0}}},{"name":"fallenheraldsword_24","from":[7.8200006,8.635454,-1.7009096],"to":[8.18,8.995455,1.5390906],"rotation":{"angle":-45.0,"axis":"x","origin":[8.0,8.0,0.7999997]},"faces":{"down":{"uv":[7.3333335,7.0,7.6666665,10.0],"rotation":180,"texture":"#2","tintindex":0},"east":{"uv":[7.3333335,10.0,7.6666665,7.0],"rotation":270,"texture":"#2","tintindex":0},"north":{"uv":[7.6666665,7.0,7.3333335,7.3333335],"rotation":90,"texture":"#2","tintindex":0},"south":{"uv":[7.3333335,9.666667,7.6666665,10.0],"rotation":270,"texture":"#2","tintindex":0},"up":{"uv":[7.3333335,7.0,7.6666665,10.0],"rotation":0,"texture":"#2","tintindex":0},"west":{"uv":[7.3333335,7.0,7.6666665,10.0],"rotation":270,"texture":"#2","tintindex":0}}},{"name":"fallenheraldsword_25","from":[7.8200006,8.2754545,-1.3409095],"to":[8.18,8.635454,1.8990903],"rotation":{"angle":-45.0,"axis":"x","origin":[8.0,8.0,0.7999997]},"faces":{"down":{"uv":[7.0,7.3333335,7.3333335,10.333333],"rotation":180,"texture":"#2","tintindex":0},"east":{"uv":[7.0,10.333333,7.3333335,7.3333335],"rotation":270,"texture":"#2","tintindex":0},"north":{"uv":[7.3333335,7.3333335,7.0,7.6666665],"rotation":90,"texture":"#2","tintindex":0},"south":{"uv":[7.0,10.0,7.3333335,10.333333],"rotation":270,"texture":"#2","tintindex":0},"up":{"uv":[7.0,7.3333335,7.3333335,10.333333],"rotation":0,"texture":"#2","tintindex":0},"west":{"uv":[7.0,7.3333335,7.3333335,10.333333],"rotation":270,"texture":"#2","tintindex":0}}},{"name":"fallenheraldsword_26","from":[7.8200006,3.2354546,-0.98090935],"to":[8.18,4.6754546,0.09909034],"rotation":{"angle":-45.0,"axis":"x","origin":[8.0,8.0,0.7999997]},"faces":{"down":{"uv":[2.3333333,7.6666665,2.6666667,8.666667],"rotation":180,"texture":"#2","tintindex":0},"east":{"uv":[2.3333333,8.666667,3.6666667,7.6666665],"rotation":270,"texture":"#2","tintindex":0},"north":{"uv":[3.6666667,7.6666665,2.3333333,8.0],"rotation":90,"texture":"#2","tintindex":0},"south":{"uv":[2.3333333,8.333333,3.6666667,8.666667],"rotation":270,"texture":"#2","tintindex":0},"up":{"uv":[3.3333333,7.6666665,3.6666667,8.666667],"rotation":0,"texture":"#2","tintindex":0},"west":{"uv":[2.3333333,7.6666665,3.6666667,8.666667],"rotation":270,"texture":"#2","tintindex":0}}},{"name":"fallenheraldsword_27","from":[7.8200006,4.6754546,-0.98090935],"to":[8.18,5.0354543,-0.26090932],"rotation":{"angle":-45.0,"axis":"x","origin":[8.0,8.0,0.7999997]},"faces":{"down":{"uv":[3.6666667,7.6666665,4.0,8.333333],"rotation":180,"texture":"#2","tintindex":0},"east":{"uv":[3.6666667,8.333333,4.0,7.6666665],"rotation":270,"texture":"#2","tintindex":0},"north":{"uv":[4.0,7.6666665,3.6666667,8.0],"rotation":90,"texture":"#2","tintindex":0},"south":{"uv":[3.6666667,8.0,4.0,8.333333],"rotation":270,"texture":"#2","tintindex":0},"up":{"uv":[3.6666667,7.6666665,4.0,8.333333],"rotation":0,"texture":"#2","tintindex":0},"west":{"uv":[3.6666667,7.6666665,4.0,8.333333],"rotation":270,"texture":"#2","tintindex":0}}},{"name":"fallenheraldsword_28","from":[7.8200006,7.9154544,-0.98090935],"to":[8.18,8.2754545,2.6190908],"rotation":{"angle":-45.0,"axis":"x","origin":[8.0,8.0,0.7999997]},"faces":{"down":{"uv":[6.6666665,7.6666665,7.0,11.0],"rotation":180,"texture":"#2","tintindex":0},"east":{"uv":[6.6666665,11.0,7.0,7.6666665],"rotation":270,"texture":"#2","tintindex":0},"north":{"uv":[7.0,7.6666665,6.6666665,8.0],"rotation":90,"texture":"#2","tintindex":0},"south":{"uv":[6.6666665,10.666667,7.0,11.0],"rotation":270,"texture":"#2","tintindex":0},"up":{"uv":[6.6666665,7.6666665,7.0,11.0],"rotation":0,"texture":"#2","tintindex":0},"west":{"uv":[6.6666665,7.6666665,7.0,11.0],"rotation":270,"texture":"#2","tintindex":0}}},{"name":"fallenheraldsword_29","from":[7.8200006,2.8754544,-0.6209097],"to":[8.18,3.2354546,2.9790905],"rotation":{"angle":-45.0,"axis":"x","origin":[8.0,8.0,0.7999997]},"faces":{"down":{"uv":[2.0,8.0,2.3333333,11.333333],"rotation":180,"texture":"#2","tintindex":0},"east":{"uv":[2.0,11.333333,2.3333333,8.0],"rotation":270,"texture":"#2","tintindex":0},"north":{"uv":[2.3333333,8.0,2.0,8.333333],"rotation":90,"texture":"#2","tintindex":0},"south":{"uv":[2.0,11.0,2.3333333,11.333333],"rotation":270,"texture":"#2","tintindex":0},"up":{"uv":[2.0,8.0,2.3333333,11.333333],"rotation":0,"texture":"#2","tintindex":0},"west":{"uv":[2.0,8.0,2.3333333,11.333333],"rotation":270,"texture":"#2","tintindex":0}}},{"name":"fallenheraldsword_30","from":[7.8200006,7.5554547,-0.6209097],"to":[8.18,7.9154544,2.9790905],"rotation":{"angle":-45.0,"axis":"x","origin":[8.0,8.0,0.7999997]},"faces":{"down":{"uv":[6.3333335,8.0,6.6666665,11.333333],"rotation":180,"texture":"#2","tintindex":0},"east":{"uv":[6.3333335,11.333333,6.6666665,8.0],"rotation":270,"texture":"#2","tintindex":0},"north":{"uv":[6.6666665,8.0,6.3333335,8.333333],"rotation":90,"texture":"#2","tintindex":0},"south":{"uv":[6.3333335,11.0,6.6666665,11.333333],"rotation":270,"texture":"#2","tintindex":0},"up":{"uv":[6.3333335,8.0,6.6666665,11.333333],"rotation":0,"texture":"#2","tintindex":0},"west":{"uv":[6.3333335,8.0,6.6666665,11.333333],"rotation":270,"texture":"#2","tintindex":0}}},{"name":"fallenheraldsword_31","from":[7.8200006,2.5154543,-0.26090932],"to":[8.18,2.8754544,2.6190908],"rotation":{"angle":-45.0,"axis":"x","origin":[8.0,8.0,0.7999997]},"faces":{"down":{"uv":[1.6666666,8.333333,2.0,11.0],"rotation":180,"texture":"#2","tintindex":0},"east":{"uv":[1.6666666,11.0,2.0,8.333333],"rotation":270,"texture":"#2","tintindex":0},"north":{"uv":[2.0,8.333333,1.6666666,8.666667],"rotation":90,"texture":"#2","tintindex":0},"south":{"uv":[1.6666666,10.666667,2.0,11.0],"rotation":270,"texture":"#2","tintindex":0},"up":{"uv":[1.6666666,8.333333,2.0,11.0],"rotation":0,"texture":"#2","tintindex":0},"west":{"uv":[1.6666666,8.333333,2.0,11.0],"rotation":270,"texture":"#2","tintindex":0}}},{"name":"fallenheraldsword_32","from":[7.8200006,7.1954546,-0.26090932],"to":[8.18,7.5554547,3.3390908],"rotation":{"angle":-45.0,"axis":"x","origin":[8.0,8.0,0.7999997]},"faces":{"down":{"uv":[6.0,8.333333,6.3333335,11.666667],"rotation":180,"texture":"#2","tintindex":0},"east":{"uv":[6.0,11.666667,6.3333335,8.333333],"rotation":270,"texture":"#2","tintindex":0},"north":{"uv":[6.3333335,8.333333,6.0,8.666667],"rotation":90,"texture":"#2","tintindex":0},"south":{"uv":[6.0,11.333333,6.3333335,11.666667],"rotation":270,"texture":"#2","tintindex":0},"up":{"uv":[6.0,8.333333,6.3333335,11.666667],"rotation":0,"texture":"#2","tintindex":0},"west":{"uv":[6.0,8.333333,6.3333335,11.666667],"rotation":270,"texture":"#2","tintindex":0}}},{"name":"fallenheraldsword_33","from":[7.8200006,2.1554546,0.09909034],"to":[8.18,2.5154543,2.6190908],"rotation":{"angle":-45.0,"axis":"x","origin":[8.0,8.0,0.7999997]},"faces":{"down":{"uv":[1.3333334,8.666667,1.6666666,11.0],"rotation":180,"texture":"#2","tintindex":0},"east":{"uv":[1.3333334,11.0,1.6666666,8.666667],"rotation":270,"texture":"#2","tintindex":0},"north":{"uv":[1.6666666,8.666667,1.3333334,9.0],"rotation":90,"texture":"#2","tintindex":0},"south":{"uv":[1.3333334,10.666667,1.6666666,11.0],"rotation":270,"texture":"#2","tintindex":0},"up":{"uv":[1.3333334,8.666667,1.6666666,11.0],"rotation":0,"texture":"#2","tintindex":0},"west":{"uv":[1.3333334,8.666667,1.6666666,11.0],"rotation":270,"texture":"#2","tintindex":0}}},{"name":"fallenheraldsword_34","from":[7.8200006,3.2354546,0.09909034],"to":[8.18,3.9554543,2.9790905],"rotation":{"angle":-45.0,"axis":"x","origin":[8.0,8.0,0.7999997]},"faces":{"down":{"uv":[2.3333333,8.666667,2.6666667,11.333333],"rotation":180,"texture":"#2","tintindex":0},"east":{"uv":[2.3333333,11.333333,3.0,8.666667],"rotation":270,"texture":"#2","tintindex":0},"north":{"uv":[3.0,8.666667,2.3333333,9.0],"rotation":90,"texture":"#2","tintindex":0},"south":{"uv":[2.3333333,11.0,3.0,11.333333],"rotation":270,"texture":"#2","tintindex":0},"up":{"uv":[2.6666667,8.666667,3.0,11.333333],"rotation":0,"texture":"#2","tintindex":0},"west":{"uv":[2.3333333,8.666667,3.0,11.333333],"rotation":270,"texture":"#2","tintindex":0}}},{"name":"fallenheraldsword_35","from":[7.8200006,3.9554543,0.09909034],"to":[8.18,4.3154545,0.45909047],"rotation":{"angle":-45.0,"axis":"x","origin":[8.0,8.0,0.7999997]},"faces":{"down":{"uv":[3.0,8.666667,3.3333333,9.0],"rotation":180,"texture":"#2","tintindex":0},"east":{"uv":[3.0,9.0,3.3333333,8.666667],"rotation":270,"texture":"#2","tintindex":0},"north":{"uv":[3.3333333,8.666667,3.0,9.0],"rotation":90,"texture":"#2","tintindex":0},"south":{"uv":[3.0,8.666667,3.3333333,9.0],"rotation":270,"texture":"#2","tintindex":0},"up":{"uv":[3.0,8.666667,3.3333333,9.0],"rotation":0,"texture":"#2","tintindex":0},"west":{"uv":[3.0,8.666667,3.3333333,9.0],"rotation":270,"texture":"#2","tintindex":0}}},{"name":"fallenheraldsword_36","from":[7.8200006,6.835454,0.09909034],"to":[8.18,7.1954546,3.6990907],"rotation":{"angle":-45.0,"axis":"x","origin":[8.0,8.0,0.7999997]},"faces":{"down":{"uv":[5.6666665,8.666667,6.0,12.0],"rotation":180,"texture":"#2","tintindex":0},"east":{"uv":[5.6666665,12.0,6.0,8.666667],"rotation":270,"texture":"#2","tintindex":0},"north":{"uv":[6.0,8.666667,5.6666665,9.0],"rotation":90,"texture":"#2","tintindex":0},"south":{"uv":[5.6666665,11.666667,6.0,12.0],"rotation":270,"texture":"#2","tintindex":0},"up":{"uv":[5.6666665,8.666667,6.0,12.0],"rotation":0,"texture":"#2","tintindex":0},"west":{"uv":[5.6666665,8.666667,6.0,12.0],"rotation":270,"texture":"#2","tintindex":0}}},{"name":"fallenheraldsword_37","from":[7.8200006,1.7954544,0.45909047],"to":[8.18,2.1554546,2.9790905],"rotation":{"angle":-45.0,"axis":"x","origin":[8.0,8.0,0.7999997]},"faces":{"down":{"uv":[1.0,9.0,1.3333334,11.333333],"rotation":180,"texture":"#2","tintindex":0},"east":{"uv":[1.0,11.333333,1.3333334,9.0],"rotation":270,"texture":"#2","tintindex":0},"north":{"uv":[1.3333334,9.0,1.0,9.333333],"rotation":90,"texture":"#2","tintindex":0},"south":{"uv":[1.0,11.0,1.3333334,11.333333],"rotation":270,"texture":"#2","tintindex":0},"up":{"uv":[1.0,9.0,1.3333334,11.333333],"rotation":0,"texture":"#2","tintindex":0},"west":{"uv":[1.0,9.0,1.3333334,11.333333],"rotation":270,"texture":"#2","tintindex":0}}},{"name":"fallenheraldsword_38","from":[7.8200006,6.1154547,0.45909047],"to":[8.18,6.835454,7.659091],"rotation":{"angle":-45.0,"axis":"x","origin":[8.0,8.0,0.7999997]},"faces":{"down":{"uv":[5.0,9.0,5.3333335,15.666667],"rotation":180,"texture":"#2","tintindex":0},"east":{"uv":[5.0,15.666667,5.6666665,9.0],"rotation":270,"texture":"#2","tintindex":0},"north":{"uv":[5.6666665,9.0,5.0,9.333333],"rotation":90,"texture":"#2","tintindex":0},"south":{"uv":[5.0,15.333333,5.6666665,15.666667],"rotation":270,"texture":"#2","tintindex":0},"up":{"uv":[5.3333335,9.0,5.6666665,15.666667],"rotation":0,"texture":"#2","tintindex":0},"west":{"uv":[5.0,9.0,5.6666665,15.666667],"rotation":270,"texture":"#2","tintindex":0}}},{"name":"fallenheraldsword_39","from":[7.8200006,1.4354547,0.81909084],"to":[8.18,1.7954544,2.9790905],"rotation":{"angle":-45.0,"axis":"x","origin":[8.0,8.0,0.7999997]},"faces":{"down":{"uv":[0.6666667,9.333333,1.0,11.333333],"rotation":180,"texture":"#2","tintindex":0},"east":{"uv":[0.6666667,11.333333,1.0,9.333333],"rotation":270,"texture":"#2","tintindex":0},"north":{"uv":[1.0,9.333333,0.6666667,9.666667],"rotation":90,"texture":"#2","tintindex":0},"south":{"uv":[0.6666667,11.0,1.0,11.333333],"rotation":270,"texture":"#2","tintindex":0},"up":{"uv":[0.6666667,9.333333,1.0,11.333333],"rotation":0,"texture":"#2","tintindex":0},"west":{"uv":[0.6666667,9.333333,1.0,11.333333],"rotation":270,"texture":"#2","tintindex":0}}},{"name":"fallenheraldsword_40","from":[7.8200006,5.755455,0.81909084],"to":[8.18,6.1154547,5.859091],"rotation":{"angle":-45.0,"axis":"x","origin":[8.0,8.0,0.7999997]},"faces":{"down":{"uv":[4.6666665,9.333333,5.0,14.0],"rotation":180,"texture":"#2","tintindex":0},"east":{"uv":[4.6666665,14.0,5.0,9.333333],"rotation":270,"texture":"#2","tintindex":0},"north":{"uv":[5.0,9.333333,4.6666665,9.666667],"rotation":90,"texture":"#2","tintindex":0},"south":{"uv":[4.6666665,13.666667,5.0,14.0],"rotation":270,"texture":"#2","tintindex":0},"up":{"uv":[4.6666665,9.333333,5.0,14.0],"rotation":0,"texture":"#2","tintindex":0},"west":{"uv":[4.6666665,9.333333,5.0,14.0],"rotation":270,"texture":"#2","tintindex":0}}},{"name":"fallenheraldsword_41","from":[7.8200006,1.0754545,1.1790905],"to":[8.18,1.4354547,2.9790905],"rotation":{"angle":-45.0,"axis":"x","origin":[8.0,8.0,0.7999997]},"faces":{"down":{"uv":[0.33333334,9.666667,0.6666667,11.333333],"rotation":180,"texture":"#2","tintindex":0},"east":{"uv":[0.33333334,11.333333,0.6666667,9.666667],"rotation":270,"texture":"#2","tintindex":0},"north":{"uv":[0.6666667,9.666667,0.33333334,10.0],"rotation":90,"texture":"#2","tintindex":0},"south":{"uv":[0.33333334,11.0,0.6666667,11.333333],"rotation":270,"texture":"#2","tintindex":0},"up":{"uv":[0.33333334,9.666667,0.6666667,11.333333],"rotation":0,"texture":"#2","tintindex":0},"west":{"uv":[0.33333334,9.666667,0.6666667,11.333333],"rotation":270,"texture":"#2","tintindex":0}}},{"name":"fallenheraldsword_42","from":[7.8200006,5.3954544,1.1790905],"to":[8.18,5.755455,5.1390905],"rotation":{"angle":-45.0,"axis":"x","origin":[8.0,8.0,0.7999997]},"faces":{"down":{"uv":[4.3333335,9.666667,4.6666665,13.333333],"rotation":180,"texture":"#2","tintindex":0},"east":{"uv":[4.3333335,13.333333,4.6666665,9.666667],"rotation":270,"texture":"#2","tintindex":0},"north":{"uv":[4.6666665,9.666667,4.3333335,10.0],"rotation":90,"texture":"#2","tintindex":0},"south":{"uv":[4.3333335,13.0,4.6666665,13.333333],"rotation":270,"texture":"#2","tintindex":0},"up":{"uv":[4.3333335,9.666667,4.6666665,13.333333],"rotation":0,"texture":"#2","tintindex":0},"west":{"uv":[4.3333335,9.666667,4.6666665,13.333333],"rotation":270,"texture":"#2","tintindex":0}}},{"name":"fallenheraldsword_43","from":[7.8200006,3.9554543,1.5390906],"to":[8.18,4.3154545,5.4990907],"rotation":{"angle":-45.0,"axis":"x","origin":[8.0,8.0,0.7999997]},"faces":{"down":{"uv":[3.0,10.0,3.3333333,13.666667],"rotation":180,"texture":"#2","tintindex":0},"east":{"uv":[3.0,13.666667,3.3333333,10.0],"rotation":270,"texture":"#2","tintindex":0},"north":{"uv":[3.3333333,10.0,3.0,10.333333],"rotation":90,"texture":"#2","tintindex":0},"south":{"uv":[3.0,13.333333,3.3333333,13.666667],"rotation":270,"texture":"#2","tintindex":0},"up":{"uv":[3.0,10.0,3.3333333,13.666667],"rotation":0,"texture":"#2","tintindex":0},"west":{"uv":[3.0,10.0,3.3333333,13.666667],"rotation":270,"texture":"#2","tintindex":0}}},{"name":"fallenheraldsword_44","from":[7.8200006,5.0354543,1.5390906],"to":[8.18,5.3954544,5.1390905],"rotation":{"angle":-45.0,"axis":"x","origin":[8.0,8.0,0.7999997]},"faces":{"down":{"uv":[4.0,10.0,4.3333335,13.333333],"rotation":180,"texture":"#2","tintindex":0},"east":{"uv":[4.0,13.333333,4.3333335,10.0],"rotation":270,"texture":"#2","tintindex":0},"north":{"uv":[4.3333335,10.0,4.0,10.333333],"rotation":90,"texture":"#2","tintindex":0},"south":{"uv":[4.0,13.0,4.3333335,13.333333],"rotation":270,"texture":"#2","tintindex":0},"up":{"uv":[4.0,10.0,4.3333335,13.333333],"rotation":0,"texture":"#2","tintindex":0},"west":{"uv":[4.0,10.0,4.3333335,13.333333],"rotation":270,"texture":"#2","tintindex":0}}},{"name":"fallenheraldsword_45","from":[7.8200006,4.3154545,1.8990903],"to":[8.18,5.0354543,4.779091],"rotation":{"angle":-45.0,"axis":"x","origin":[8.0,8.0,0.7999997]},"faces":{"down":{"uv":[3.3333333,10.333333,3.6666667,13.0],"rotation":180,"texture":"#2","tintindex":0},"east":{"uv":[3.3333333,13.0,4.0,10.333333],"rotation":270,"texture":"#2","tintindex":0},"north":{"uv":[4.0,10.333333,3.3333333,10.666667],"rotation":90,"texture":"#2","tintindex":0},"south":{"uv":[3.3333333,12.666667,4.0,13.0],"rotation":270,"texture":"#2","tintindex":0},"up":{"uv":[3.6666667,10.333333,4.0,13.0],"rotation":0,"texture":"#2","tintindex":0},"west":{"uv":[3.3333333,10.333333,4.0,13.0],"rotation":270,"texture":"#2","tintindex":0}}},{"name":"fallenheraldsword_46","from":[7.8200006,3.5954545,2.9790905],"to":[8.18,3.9554543,3.6990907],"rotation":{"angle":-45.0,"axis":"x","origin":[8.0,8.0,0.7999997]},"faces":{"down":{"uv":[2.6666667,11.333333,3.0,12.0],"rotation":180,"texture":"#2","tintindex":0},"east":{"uv":[2.6666667,12.0,3.0,11.333333],"rotation":270,"texture":"#2","tintindex":0},"north":{"uv":[3.0,11.333333,2.6666667,11.666667],"rotation":90,"texture":"#2","tintindex":0},"south":{"uv":[2.6666667,11.666667,3.0,12.0],"rotation":270,"texture":"#2","tintindex":0},"up":{"uv":[2.6666667,11.333333,3.0,12.0],"rotation":0,"texture":"#2","tintindex":0},"west":{"uv":[2.6666667,11.333333,3.0,12.0],"rotation":270,"texture":"#2","tintindex":0}}},{"name":"fallenheraldsword_47","from":[7.8200006,8.995455,3.6990907],"to":[8.18,9.715454,5.4990907],"rotation":{"angle":-45.0,"axis":"x","origin":[8.0,8.0,0.7999997]},"faces":{"down":{"uv":[7.6666665,12.0,8.0,13.666667],"rotation":180,"texture":"#2","tintindex":0},"east":{"uv":[7.6666665,13.666667,8.333333,12.0],"rotation":270,"texture":"#2","tintindex":0},"north":{"uv":[8.333333,12.0,7.6666665,12.333333],"rotation":90,"texture":"#2","tintindex":0},"south":{"uv":[7.6666665,13.333333,8.333333,13.666667],"rotation":270,"texture":"#2","tintindex":0},"up":{"uv":[8.0,12.0,8.333333,13.666667],"rotation":0,"texture":"#2","tintindex":0},"west":{"uv":[7.6666665,12.0,8.333333,13.666667],"rotation":270,"texture":"#2","tintindex":0}}},{"name":"fallenheraldsword_48","from":[7.8200006,3.5954545,4.0590906],"to":[8.18,3.9554543,5.859091],"rotation":{"angle":-45.0,"axis":"x","origin":[8.0,8.0,0.7999997]},"faces":{"down":{"uv":[2.6666667,12.333333,3.0,14.0],"rotation":180,"texture":"#2","tintindex":0},"east":{"uv":[2.6666667,14.0,3.0,12.333333],"rotation":270,"texture":"#2","tintindex":0},"north":{"uv":[3.0,12.333333,2.6666667,12.666667],"rotation":90,"texture":"#2","tintindex":0},"south":{"uv":[2.6666667,13.666667,3.0,14.0],"rotation":270,"texture":"#2","tintindex":0},"up":{"uv":[2.6666667,12.333333,3.0,14.0],"rotation":0,"texture":"#2","tintindex":0},"west":{"uv":[2.6666667,12.333333,3.0,14.0],"rotation":270,"texture":"#2","tintindex":0}}},{"name":"fallenheraldsword_49","from":[7.8200006,8.635454,4.0590906],"to":[8.18,8.995455,6.219091],"rotation":{"angle":-45.0,"axis":"x","origin":[8.0,8.0,0.7999997]},"faces":{"down":{"uv":[7.3333335,12.333333,7.6666665,14.333333],"rotation":180,"texture":"#2","tintindex":0},"east":{"uv":[7.3333335,14.333333,7.6666665,12.333333],"rotation":270,"texture":"#2","tintindex":0},"north":{"uv":[7.6666665,12.333333,7.3333335,12.666667],"rotation":90,"texture":"#2","tintindex":0},"south":{"uv":[7.3333335,14.0,7.6666665,14.333333],"rotation":270,"texture":"#2","tintindex":0},"up":{"uv":[7.3333335,12.333333,7.6666665,14.333333],"rotation":0,"texture":"#2","tintindex":0},"west":{"uv":[7.3333335,12.333333,7.6666665,14.333333],"rotation":270,"texture":"#2","tintindex":0}}},{"name":"fallenheraldsword_50","from":[7.8200006,3.2354546,4.4190907],"to":[8.18,3.5954545,6.219091],"rotation":{"angle":-45.0,"axis":"x","origin":[8.0,8.0,0.7999997]},"faces":{"down":{"uv":[2.3333333,12.666667,2.6666667,14.333333],"rotation":180,"texture":"#2","tintindex":0},"east":{"uv":[2.3333333,14.333333,2.6666667,12.666667],"rotation":270,"texture":"#2","tintindex":0},"north":{"uv":[2.6666667,12.666667,2.3333333,13.0],"rotation":90,"texture":"#2","tintindex":0},"south":{"uv":[2.3333333,14.0,2.6666667,14.333333],"rotation":270,"texture":"#2","tintindex":0},"up":{"uv":[2.3333333,12.666667,2.6666667,14.333333],"rotation":0,"texture":"#2","tintindex":0},"west":{"uv":[2.3333333,12.666667,2.6666667,14.333333],"rotation":270,"texture":"#2","tintindex":0}}},{"name":"fallenheraldsword_51","from":[7.8200006,6.835454,4.4190907],"to":[8.18,7.1954546,7.659091],"rotation":{"angle":-45.0,"axis":"x","origin":[8.0,8.0,0.7999997]},"faces":{"down":{"uv":[5.6666665,12.666667,6.0,15.666667],"rotation":180,"texture":"#2","tintindex":0},"east":{"uv":[5.6666665,15.666667,6.0,12.666667],"rotation":270,"texture":"#2","tintindex":0},"north":{"uv":[6.0,12.666667,5.6666665,13.0],"rotation":90,"texture":"#2","tintindex":0},"south":{"uv":[5.6666665,15.333333,6.0,15.666667],"rotation":270,"texture":"#2","tintindex":0},"up":{"uv":[5.6666665,12.666667,6.0,15.666667],"rotation":0,"texture":"#2","tintindex":0},"west":{"uv":[5.6666665,12.666667,6.0,15.666667],"rotation":270,"texture":"#2","tintindex":0}}},{"name":"fallenheraldsword_52","from":[7.8200006,8.2754545,4.4190907],"to":[8.18,8.635454,6.579091],"rotation":{"angle":-45.0,"axis":"x","origin":[8.0,8.0,0.7999997]},"faces":{"down":{"uv":[7.0,12.666667,7.3333335,14.666667],"rotation":180,"texture":"#2","tintindex":0},"east":{"uv":[7.0,14.666667,7.3333335,12.666667],"rotation":270,"texture":"#2","tintindex":0},"north":{"uv":[7.3333335,12.666667,7.0,13.0],"rotation":90,"texture":"#2","tintindex":0},"south":{"uv":[7.0,14.333333,7.3333335,14.666667],"rotation":270,"texture":"#2","tintindex":0},"up":{"uv":[7.0,12.666667,7.3333335,14.666667],"rotation":0,"texture":"#2","tintindex":0},"west":{"uv":[7.0,12.666667,7.3333335,14.666667],"rotation":270,"texture":"#2","tintindex":0}}},{"name":"fallenheraldsword_53","from":[7.8200006,2.8754544,4.779091],"to":[8.18,3.2354546,6.579091],"rotation":{"angle":-45.0,"axis":"x","origin":[8.0,8.0,0.7999997]},"faces":{"down":{"uv":[2.0,13.0,2.3333333,14.666667],"rotation":180,"texture":"#2","tintindex":0},"east":{"uv":[2.0,14.666667,2.3333333,13.0],"rotation":270,"texture":"#2","tintindex":0},"north":{"uv":[2.3333333,13.0,2.0,13.333333],"rotation":90,"texture":"#2","tintindex":0},"south":{"uv":[2.0,14.333333,2.3333333,14.666667],"rotation":270,"texture":"#2","tintindex":0},"up":{"uv":[2.0,13.0,2.3333333,14.666667],"rotation":0,"texture":"#2","tintindex":0},"west":{"uv":[2.0,13.0,2.3333333,14.666667],"rotation":270,"texture":"#2","tintindex":0}}},{"name":"fallenheraldsword_54","from":[7.8200006,4.3154545,4.779091],"to":[8.18,4.6754546,5.1390905],"rotation":{"angle":-45.0,"axis":"x","origin":[8.0,8.0,0.7999997]},"faces":{"down":{"uv":[3.3333333,13.0,3.6666667,13.333333],"rotation":180,"texture":"#2","tintindex":0},"east":{"uv":[3.3333333,13.333333,3.6666667,13.0],"rotation":270,"texture":"#2","tintindex":0},"north":{"uv":[3.6666667,13.0,3.3333333,13.333333],"rotation":90,"texture":"#2","tintindex":0},"south":{"uv":[3.3333333,13.0,3.6666667,13.333333],"rotation":270,"texture":"#2","tintindex":0},"up":{"uv":[3.3333333,13.0,3.6666667,13.333333],"rotation":0,"texture":"#2","tintindex":0},"west":{"uv":[3.3333333,13.0,3.6666667,13.333333],"rotation":270,"texture":"#2","tintindex":0}}},{"name":"fallenheraldsword_55","from":[7.8200006,7.1954546,4.779091],"to":[8.18,8.2754545,6.9390907],"rotation":{"angle":-45.0,"axis":"x","origin":[8.0,8.0,0.7999997]},"faces":{"down":{"uv":[6.0,13.0,6.3333335,15.0],"rotation":180,"texture":"#2","tintindex":0},"east":{"uv":[6.0,15.0,7.0,13.0],"rotation":270,"texture":"#2","tintindex":0},"north":{"uv":[7.0,13.0,6.0,13.333333],"rotation":90,"texture":"#2","tintindex":0},"south":{"uv":[6.0,14.666667,7.0,15.0],"rotation":270,"texture":"#2","tintindex":0},"up":{"uv":[6.6666665,13.0,7.0,15.0],"rotation":0,"texture":"#2","tintindex":0},"west":{"uv":[6.0,13.0,7.0,15.0],"rotation":270,"texture":"#2","tintindex":0}}},{"name":"fallenheraldsword_56","from":[7.8200006,2.5154543,5.1390905],"to":[8.18,2.8754544,6.9390907],"rotation":{"angle":-45.0,"axis":"x","origin":[8.0,8.0,0.7999997]},"faces":{"down":{"uv":[1.6666666,13.333333,2.0,15.0],"rotation":180,"texture":"#2","tintindex":0},"east":{"uv":[1.6666666,15.0,2.0,13.333333],"rotation":270,"texture":"#2","tintindex":0},"north":{"uv":[2.0,13.333333,1.6666666,13.666667],"rotation":90,"texture":"#2","tintindex":0},"south":{"uv":[1.6666666,14.666667,2.0,15.0],"rotation":270,"texture":"#2","tintindex":0},"up":{"uv":[1.6666666,13.333333,2.0,15.0],"rotation":0,"texture":"#2","tintindex":0},"west":{"uv":[1.6666666,13.333333,2.0,15.0],"rotation":270,"texture":"#2","tintindex":0}}},{"name":"fallenheraldsword_57","from":[7.8200006,2.1554546,5.4990907],"to":[8.18,2.5154543,7.299091],"rotation":{"angle":-45.0,"axis":"x","origin":[8.0,8.0,0.7999997]},"faces":{"down":{"uv":[1.3333334,13.666667,1.6666666,15.333333],"rotation":180,"texture":"#2","tintindex":0},"east":{"uv":[1.3333334,15.333333,1.6666666,13.666667],"rotation":270,"texture":"#2","tintindex":0},"north":{"uv":[1.6666666,13.666667,1.3333334,14.0],"rotation":90,"texture":"#2","tintindex":0},"south":{"uv":[1.3333334,15.0,1.6666666,15.333333],"rotation":270,"texture":"#2","tintindex":0},"up":{"uv":[1.3333334,13.666667,1.6666666,15.333333],"rotation":0,"texture":"#2","tintindex":0},"west":{"uv":[1.3333334,13.666667,1.6666666,15.333333],"rotation":270,"texture":"#2","tintindex":0}}},{"name":"fallenheraldsword_58","from":[7.8200006,8.995455,5.4990907],"to":[8.18,9.355455,5.859091],"rotation":{"angle":-45.0,"axis":"x","origin":[8.0,8.0,0.7999997]},"faces":{"down":{"uv":[7.6666665,13.666667,8.0,14.0],"rotation":180,"texture":"#2","tintindex":0},"east":{"uv":[7.6666665,14.0,8.0,13.666667],"rotation":270,"texture":"#2","tintindex":0},"north":{"uv":[8.0,13.666667,7.6666665,14.0],"rotation":90,"texture":"#2","tintindex":0},"south":{"uv":[7.6666665,13.666667,8.0,14.0],"rotation":270,"texture":"#2","tintindex":0},"up":{"uv":[7.6666665,13.666667,8.0,14.0],"rotation":0,"texture":"#2","tintindex":0},"west":{"uv":[7.6666665,13.666667,8.0,14.0],"rotation":270,"texture":"#2","tintindex":0}}},{"name":"fallenheraldsword_59","from":[7.8200006,1.7954544,5.859091],"to":[8.18,2.1554546,7.659091],"rotation":{"angle":-45.0,"axis":"x","origin":[8.0,8.0,0.7999997]},"faces":{"down":{"uv":[1.0,14.0,1.3333334,15.666667],"rotation":180,"texture":"#2","tintindex":0},"east":{"uv":[1.0,15.666667,1.3333334,14.0],"rotation":270,"texture":"#2","tintindex":0},"north":{"uv":[1.3333334,14.0,1.0,14.333333],"rotation":90,"texture":"#2","tintindex":0},"south":{"uv":[1.0,15.333333,1.3333334,15.666667],"rotation":270,"texture":"#2","tintindex":0},"up":{"uv":[1.0,14.0,1.3333334,15.666667],"rotation":0,"texture":"#2","tintindex":0},"west":{"uv":[1.0,14.0,1.3333334,15.666667],"rotation":270,"texture":"#2","tintindex":0}}},{"name":"fallenheraldsword_60","from":[7.8200006,1.4354547,6.219091],"to":[8.18,1.7954544,8.019091],"rotation":{"angle":-45.0,"axis":"x","origin":[8.0,8.0,0.7999997]},"faces":{"down":{"uv":[0.6666667,14.333333,1.0,16.0],"rotation":180,"texture":"#2","tintindex":0},"east":{"uv":[0.6666667,16.0,1.0,14.333333],"rotation":270,"texture":"#2","tintindex":0},"north":{"uv":[1.0,14.333333,0.6666667,14.666667],"rotation":90,"texture":"#2","tintindex":0},"south":{"uv":[0.6666667,15.666667,1.0,16.0],"rotation":270,"texture":"#2","tintindex":0},"up":{"uv":[0.6666667,14.333333,1.0,16.0],"rotation":0,"texture":"#2","tintindex":0},"west":{"uv":[0.6666667,14.333333,1.0,16.0],"rotation":270,"texture":"#2","tintindex":0}}},{"name":"fallenheraldsword_61","from":[7.8200006,1.0754545,6.579091],"to":[8.18,1.4354547,8.019091],"rotation":{"angle":-45.0,"axis":"x","origin":[8.0,8.0,0.7999997]},"faces":{"down":{"uv":[0.33333334,14.666667,0.6666667,16.0],"rotation":180,"texture":"#2","tintindex":0},"east":{"uv":[0.33333334,16.0,0.6666667,14.666667],"rotation":270,"texture":"#2","tintindex":0},"north":{"uv":[0.6666667,14.666667,0.33333334,15.0],"rotation":90,"texture":"#2","tintindex":0},"south":{"uv":[0.33333334,15.666667,0.6666667,16.0],"rotation":270,"texture":"#2","tintindex":0},"up":{"uv":[0.33333334,14.666667,0.6666667,16.0],"rotation":0,"texture":"#2","tintindex":0},"west":{"uv":[0.33333334,14.666667,0.6666667,16.0],"rotation":270,"texture":"#2","tintindex":0}}},{"name":"fallenheraldsword_62","from":[7.8200006,5.755455,6.579091],"to":[8.18,6.1154547,7.659091],"rotation":{"angle":-45.0,"axis":"x","origin":[8.0,8.0,0.7999997]},"faces":{"down":{"uv":[4.6666665,14.666667,5.0,15.666667],"rotation":180,"texture":"#2","tintindex":0},"east":{"uv":[4.6666665,15.666667,5.0,14.666667],"rotation":270,"texture":"#2","tintindex":0},"north":{"uv":[5.0,14.666667,4.6666665,15.0],"rotation":90,"texture":"#2","tintindex":0},"south":{"uv":[4.6666665,15.333333,5.0,15.666667],"rotation":270,"texture":"#2","tintindex":0},"up":{"uv":[4.6666665,14.666667,5.0,15.666667],"rotation":0,"texture":"#2","tintindex":0},"west":{"uv":[4.6666665,14.666667,5.0,15.666667],"rotation":270,"texture":"#2","tintindex":0}}},{"name":"fallenheraldsword_63","from":[7.8200006,0.7154541,6.9390907],"to":[8.18,1.0754545,8.019091],"rotation":{"angle":-45.0,"axis":"x","origin":[8.0,8.0,0.7999997]},"faces":{"down":{"uv":[0.0,15.0,0.33333334,16.0],"rotation":180,"texture":"#2","tintindex":0},"east":{"uv":[0.0,16.0,0.33333334,15.0],"rotation":270,"texture":"#2","tintindex":0},"north":{"uv":[0.33333334,15.0,0.0,15.333333],"rotation":90,"texture":"#2","tintindex":0},"south":{"uv":[0.0,15.666667,0.33333334,16.0],"rotation":270,"texture":"#2","tintindex":0},"up":{"uv":[0.0,15.0,0.33333334,16.0],"rotation":0,"texture":"#2","tintindex":0},"west":{"uv":[0.0,15.0,0.33333334,16.0],"rotation":270,"texture":"#2","tintindex":0}}},{"name":"fallenheraldsword_64","from":[7.8200006,7.1954546,6.9390907],"to":[8.18,7.9154544,7.299091],"rotation":{"angle":-45.0,"axis":"x","origin":[8.0,8.0,0.7999997]},"faces":{"down":{"uv":[6.0,15.0,6.3333335,15.333333],"rotation":180,"texture":"#2","tintindex":0},"east":{"uv":[6.0,15.333333,6.6666665,15.0],"rotation":270,"texture":"#2","tintindex":0},"north":{"uv":[6.6666665,15.0,6.0,15.333333],"rotation":90,"texture":"#2","tintindex":0},"south":{"uv":[6.0,15.0,6.6666665,15.333333],"rotation":270,"texture":"#2","tintindex":0},"up":{"uv":[6.3333335,15.0,6.6666665,15.333333],"rotation":0,"texture":"#2","tintindex":0},"west":{"uv":[6.0,15.0,6.6666665,15.333333],"rotation":270,"texture":"#2","tintindex":0}}},{"name":"fallenheraldsword_65","from":[7.8200006,7.1954546,7.299091],"to":[8.18,7.5554547,7.659091],"rotation":{"angle":-45.0,"axis":"x","origin":[8.0,8.0,0.7999997]},"faces":{"down":{"uv":[6.0,15.333333,6.3333335,15.666667],"rotation":180,"texture":"#2","tintindex":0},"east":{"uv":[6.0,15.666667,6.3333335,15.333333],"rotation":270,"texture":"#2","tintindex":0},"north":{"uv":[6.3333335,15.333333,6.0,15.666667],"rotation":90,"texture":"#2","tintindex":0},"south":{"uv":[6.0,15.333333,6.3333335,15.666667],"rotation":270,"texture":"#2","tintindex":0},"up":{"uv":[6.0,15.333333,6.3333335,15.666667],"rotation":0,"texture":"#2","tintindex":0},"west":{"uv":[6.0,15.333333,6.3333335,15.666667],"rotation":270,"texture":"#2","tintindex":0}}}],"display":{"head":{"translation":[0.0,-6.4,0.0],"rotation":[0.0,0.0,0.0],"scale":[3.8095,3.8095,3.8095]}}}