{"textures":{"0":"modelengine:entity/boneshadin2herald.png","1":"modelengine:entity/boneshadin2heraldxd","2":"modelengine:entity/fallenheraldsword","3":"minecraft:custom/archdrake1","4":"modelengine:entity/bandend","5":"modelengine:entity/capa","6":"modelengine:entity/fallenheraldxd"},"elements":[{"name":"right hand","from":[7.0041566,5.846078,7.044278],"to":[9.404158,8.2460785,9.444279],"rotation":{"angle":0.0,"axis":"x","origin":[4.6041565,0.44607806,8.244278]},"faces":{"down":{"uv":[7.371,1.879,6.879,2.371],"rotation":0,"texture":"#6","tintindex":0},"east":{"uv":[5.629,6.629,6.121,7.121],"rotation":0,"texture":"#6","tintindex":0},"north":{"uv":[5.004,6.629,5.496,7.121],"rotation":0,"texture":"#6","tintindex":0},"south":{"uv":[0.004,6.754,0.496,7.246],"rotation":0,"texture":"#6","tintindex":0},"up":{"uv":[6.746,7.246,6.254,6.754],"rotation":0,"texture":"#6","tintindex":0},"west":{"uv":[1.254,6.754,1.746,7.246],"rotation":0,"texture":"#6","tintindex":0}}}],"display":{"head":{"translation":[0.0,-6.4,0.0],"rotation":[0.0,0.0,0.0],"scale":[3.8095,3.8095,3.8095]}}}