{"textures":{"0":"modelengine:entity/boneshadin2herald.png","1":"modelengine:entity/boneshadin2heraldxd","2":"modelengine:entity/fallenheraldsword","3":"minecraft:custom/archdrake1","4":"modelengine:entity/bandend","5":"modelengine:entity/capa","6":"modelengine:entity/fallenheraldxd"},"elements":[{"name":"left leg","from":[6.8,5.6,6.8],"to":[9.2,8.6,9.2],"rotation":{"angle":0.0,"axis":"x","origin":[8.0,7.1,8.0]},"faces":{"down":{"uv":[6.746,4.879,6.254,5.371],"rotation":0,"texture":"#6","tintindex":0},"east":{"uv":[5.629,5.254,6.121,5.871],"rotation":0,"texture":"#6","tintindex":0},"north":{"uv":[5.629,4.504,6.121,5.121],"rotation":0,"texture":"#6","tintindex":0},"south":{"uv":[3.754,5.754,4.246,6.371],"rotation":0,"texture":"#6","tintindex":0},"up":{"uv":[6.746,4.746,6.254,4.254],"rotation":0,"texture":"#6","tintindex":0},"west":{"uv":[4.379,5.754,4.871,6.371],"rotation":0,"texture":"#6","tintindex":0}}},{"name":"left leg","from":[7.25,4.3999996,7.1],"to":[9.05,5.6,8.9],"rotation":{"angle":0.0,"axis":"x","origin":[9.139999,0.19999981,8.0]},"faces":{"down":{"uv":[8.5,0.0,8.875,0.25],"rotation":0,"texture":"#1","tintindex":0},"east":{"uv":[8.5,0.0,8.875,0.25],"rotation":0,"texture":"#1","tintindex":0},"north":{"uv":[8.5,0.0,8.875,0.25],"rotation":0,"texture":"#1","tintindex":0},"south":{"uv":[8.5,0.0,8.875,0.25],"rotation":0,"texture":"#1","tintindex":0},"up":{"uv":[8.5,0.0,8.875,0.25],"rotation":0,"texture":"#1","tintindex":0},"west":{"uv":[8.5,0.0,8.875,0.25],"rotation":0,"texture":"#1","tintindex":0}}}],"display":{"head":{"translation":[0.0,-6.4,0.0],"rotation":[0.0,0.0,0.0],"scale":[3.8095,3.8095,3.8095]}}}