{"textures":{"0":"modelengine:entity/boneshadin2herald.png","1":"modelengine:entity/boneshadin2heraldxd","2":"modelengine:entity/fallenheraldsword","3":"minecraft:custom/archdrake1","4":"modelengine:entity/bandend","5":"modelengine:entity/capa","6":"modelengine:entity/fallenheraldxd"},"elements":[{"name":"left leg","from":[6.8,5.6,6.8],"to":[9.2,8.6,9.2],"rotation":{"angle":0.0,"axis":"x","origin":[8.0,7.1,8.0]},"faces":{"down":{"uv":[2.996,7.004,2.504,7.496],"rotation":0,"texture":"#6","tintindex":0},"east":{"uv":[5.879,0.754,6.371,1.371],"rotation":0,"texture":"#6","tintindex":0},"north":{"uv":[5.879,0.004,6.371,0.621],"rotation":0,"texture":"#6","tintindex":0},"south":{"uv":[5.004,5.879,5.496,6.496],"rotation":0,"texture":"#6","tintindex":0},"up":{"uv":[1.121,7.496,0.629,7.004],"rotation":0,"texture":"#6","tintindex":0},"west":{"uv":[1.254,6.004,1.746,6.621],"rotation":0,"texture":"#6","tintindex":0}}},{"name":"left leg","from":[6.95,4.3999996,7.1],"to":[8.75,5.6,8.9],"rotation":{"angle":0.0,"axis":"x","origin":[6.8599997,0.19999981,8.0]},"faces":{"down":{"uv":[8.5,0.0,8.875,0.25],"rotation":0,"texture":"#1","tintindex":0},"east":{"uv":[8.5,0.0,8.875,0.25],"rotation":0,"texture":"#1","tintindex":0},"north":{"uv":[8.5,0.0,8.875,0.25],"rotation":0,"texture":"#1","tintindex":0},"south":{"uv":[8.5,0.0,8.875,0.25],"rotation":0,"texture":"#1","tintindex":0},"up":{"uv":[8.5,0.0,8.875,0.25],"rotation":0,"texture":"#1","tintindex":0},"west":{"uv":[8.5,0.0,8.875,0.25],"rotation":0,"texture":"#1","tintindex":0}}}],"display":{"head":{"translation":[0.0,-6.4,0.0],"rotation":[0.0,0.0,0.0],"scale":[3.8095,3.8095,3.8095]}}}