{"textures":{"0":"modelengine:entity/3dtext_minigames"},"elements":[{"name":"minigames_0","from":[30.011238,8.0,7.03652],"to":[31.767082,14.145441,9.488],"rotation":{"angle":0.0,"axis":"x","origin":[10.7435,11.12759,7.89026]},"faces":{"down":{"uv":[8.125,11.25,7.5,12.125],"rotation":0,"texture":"#0","tintindex":0},"east":{"uv":[0.0,0.0,0.875,2.125],"rotation":0,"texture":"#0","tintindex":0},"north":{"uv":[5.0,5.75,5.625,7.875],"rotation":0,"texture":"#0","tintindex":0},"south":{"uv":[5.75,5.75,6.375,7.875],"rotation":0,"texture":"#0","tintindex":0},"up":{"uv":[0.625,12.125,0.0,11.25],"rotation":0,"texture":"#0","tintindex":0},"west":{"uv":[1.0,0.0,1.875,2.125],"rotation":0,"texture":"#0","tintindex":0}}},{"name":"minigames_1","from":[25.841122,8.0,7.03652],"to":[27.81644,14.145441,9.488],"rotation":{"angle":0.0,"axis":"x","origin":[10.7435,11.12759,7.89026]},"faces":{"down":{"uv":[11.875,8.5,11.25,9.375],"rotation":0,"texture":"#0","tintindex":0},"east":{"uv":[2.0,0.0,2.875,2.125],"rotation":0,"texture":"#0","tintindex":0},"north":{"uv":[6.0,0.0,6.625,2.125],"rotation":0,"texture":"#0","tintindex":0},"south":{"uv":[6.0,2.25,6.625,4.375],"rotation":0,"texture":"#0","tintindex":0},"up":{"uv":[8.875,12.125,8.25,11.25],"rotation":0,"texture":"#0","tintindex":0},"west":{"uv":[0.0,2.25,0.875,4.375],"rotation":0,"texture":"#0","tintindex":0}}},{"name":"minigames_2","from":[23.20736,8.0,7.03652],"to":[25.182682,14.145441,9.488],"rotation":{"angle":0.0,"axis":"x","origin":[10.7435,11.12759,7.89026]},"faces":{"down":{"uv":[10.625,11.25,10.0,12.125],"rotation":0,"texture":"#0","tintindex":0},"east":{"uv":[1.0,2.25,1.875,4.375],"rotation":0,"texture":"#0","tintindex":0},"north":{"uv":[6.5,4.5,7.125,6.625],"rotation":0,"texture":"#0","tintindex":0},"south":{"uv":[0.0,6.75,0.625,8.875],"rotation":0,"texture":"#0","tintindex":0},"up":{"uv":[11.875,10.375,11.25,9.5],"rotation":0,"texture":"#0","tintindex":0},"west":{"uv":[2.0,2.25,2.875,4.375],"rotation":0,"texture":"#0","tintindex":0}}},{"name":"minigames_3","from":[20.354122,10.41428,7.03652],"to":[22.329441,14.145441,9.488],"rotation":{"angle":0.0,"axis":"x","origin":[10.7435,11.12759,7.89026]},"faces":{"down":{"uv":[12.125,1.0,11.5,1.875],"rotation":0,"texture":"#0","tintindex":0},"east":{"uv":[8.0,8.0,8.875,9.25],"rotation":0,"texture":"#0","tintindex":0},"north":{"uv":[5.0,9.5,5.625,10.75],"rotation":0,"texture":"#0","tintindex":0},"south":{"uv":[5.75,9.5,6.375,10.75],"rotation":0,"texture":"#0","tintindex":0},"up":{"uv":[11.875,11.375,11.25,10.5],"rotation":0,"texture":"#0","tintindex":0},"west":{"uv":[8.5,2.0,9.375,3.25],"rotation":0,"texture":"#0","tintindex":0}}},{"name":"minigames_4","from":[16.40348,8.0,7.03652],"to":[18.3788,14.145441,9.488],"rotation":{"angle":0.0,"axis":"x","origin":[10.7435,11.12759,7.89026]},"faces":{"down":{"uv":[3.125,11.5,2.5,12.375],"rotation":0,"texture":"#0","tintindex":0},"east":{"uv":[3.0,0.0,3.875,2.125],"rotation":0,"texture":"#0","tintindex":0},"north":{"uv":[6.75,0.0,7.375,2.125],"rotation":0,"texture":"#0","tintindex":0},"south":{"uv":[0.75,6.75,1.375,8.875],"rotation":0,"texture":"#0","tintindex":0},"up":{"uv":[12.125,2.875,11.5,2.0],"rotation":0,"texture":"#0","tintindex":0},"west":{"uv":[3.0,2.25,3.875,4.375],"rotation":0,"texture":"#0","tintindex":0}}},{"name":"minigames_5","from":[13.76972,8.0,7.03652],"to":[15.74504,14.145441,9.488],"rotation":{"angle":0.0,"axis":"x","origin":[10.7435,11.12759,7.89026]},"faces":{"down":{"uv":[11.375,11.5,10.75,12.375],"rotation":0,"texture":"#0","tintindex":0},"east":{"uv":[4.0,0.0,4.875,2.125],"rotation":0,"texture":"#0","tintindex":0},"north":{"uv":[1.5,6.75,2.125,8.875],"rotation":0,"texture":"#0","tintindex":0},"south":{"uv":[2.25,6.75,2.875,8.875],"rotation":0,"texture":"#0","tintindex":0},"up":{"uv":[3.875,12.375,3.25,11.5],"rotation":0,"texture":"#0","tintindex":0},"west":{"uv":[4.0,2.25,4.875,4.375],"rotation":0,"texture":"#0","tintindex":0}}},{"name":"minigames_6","from":[7.62428,12.60908,7.03652],"to":[12.23336,14.145441,9.488],"rotation":{"angle":0.0,"axis":"x","origin":[10.7435,11.12759,7.89026]},"faces":{"down":{"uv":[9.0,1.0,7.5,1.875],"rotation":0,"texture":"#0","tintindex":0},"east":{"uv":[12.5,5.75,13.375,6.25],"rotation":0,"texture":"#0","tintindex":0},"north":{"uv":[11.0,5.25,12.5,5.75],"rotation":0,"texture":"#0","tintindex":0},"south":{"uv":[11.0,5.75,12.5,6.25],"rotation":0,"texture":"#0","tintindex":0},"up":{"uv":[9.0,0.875,7.5,0.0],"rotation":0,"texture":"#0","tintindex":0},"west":{"uv":[12.75,2.75,13.625,3.25],"rotation":0,"texture":"#0","tintindex":0}}},{"name":"minigames_7","from":[4.77104,9.75584,7.03652],"to":[6.74636,14.145441,9.488],"rotation":{"angle":0.0,"axis":"x","origin":[10.7435,11.12759,7.89026]},"faces":{"down":{"uv":[12.375,0.0,11.75,0.875],"rotation":0,"texture":"#0","tintindex":0},"east":{"uv":[7.5,2.0,8.375,3.5],"rotation":0,"texture":"#0","tintindex":0},"north":{"uv":[2.5,9.0,3.125,10.5],"rotation":0,"texture":"#0","tintindex":0},"south":{"uv":[3.25,9.0,3.875,10.5],"rotation":0,"texture":"#0","tintindex":0},"up":{"uv":[12.125,12.375,11.5,11.5],"rotation":0,"texture":"#0","tintindex":0},"west":{"uv":[8.0,3.5,8.875,5.0],"rotation":0,"texture":"#0","tintindex":0}}},{"name":"minigames_8","from":[2.1372795,12.82856,7.03652],"to":[4.77104,14.145441,9.488],"rotation":{"angle":0.0,"axis":"x","origin":[10.7435,11.12759,7.89026]},"faces":{"down":{"uv":[10.875,4.25,10.0,5.125],"rotation":0,"texture":"#0","tintindex":0},"east":{"uv":[3.5,12.75,4.375,13.25],"rotation":0,"texture":"#0","tintindex":0},"north":{"uv":[12.75,3.25,13.625,3.75],"rotation":0,"texture":"#0","tintindex":0},"south":{"uv":[12.75,3.75,13.625,4.25],"rotation":0,"texture":"#0","tintindex":0},"up":{"uv":[10.875,4.125,10.0,3.25],"rotation":0,"texture":"#0","tintindex":0},"west":{"uv":[12.75,4.25,13.625,4.75],"rotation":0,"texture":"#0","tintindex":0}}},{"name":"minigames_9","from":[-0.71596026,8.0,7.03652],"to":[1.2593598,14.145441,9.488],"rotation":{"angle":0.0,"axis":"x","origin":[10.7435,11.12759,7.89026]},"faces":{"down":{"uv":[4.625,11.75,4.0,12.625],"rotation":0,"texture":"#0","tintindex":0},"east":{"uv":[0.0,4.5,0.875,6.625],"rotation":0,"texture":"#0","tintindex":0},"north":{"uv":[6.75,2.25,7.375,4.375],"rotation":0,"texture":"#0","tintindex":0},"south":{"uv":[3.0,6.75,3.625,8.875],"rotation":0,"texture":"#0","tintindex":0},"up":{"uv":[1.375,12.625,0.75,11.75],"rotation":0,"texture":"#0","tintindex":0},"west":{"uv":[1.0,4.5,1.875,6.625],"rotation":0,"texture":"#0","tintindex":0}}},{"name":"minigames_10","from":[-4.6666007,8.0,7.03652],"to":[-2.6912804,14.145441,9.488],"rotation":{"angle":0.0,"axis":"x","origin":[10.7435,11.12759,7.89026]},"faces":{"down":{"uv":[6.125,11.75,5.5,12.625],"rotation":0,"texture":"#0","tintindex":0},"east":{"uv":[2.0,4.5,2.875,6.625],"rotation":0,"texture":"#0","tintindex":0},"north":{"uv":[3.75,6.75,4.375,8.875],"rotation":0,"texture":"#0","tintindex":0},"south":{"uv":[6.5,6.75,7.125,8.875],"rotation":0,"texture":"#0","tintindex":0},"up":{"uv":[5.375,12.625,4.75,11.75],"rotation":0,"texture":"#0","tintindex":0},"west":{"uv":[3.0,4.5,3.875,6.625],"rotation":0,"texture":"#0","tintindex":0}}},{"name":"minigames_11","from":[-7.5198402,8.0,7.03652],"to":[-5.5445204,14.145441,9.488],"rotation":{"angle":0.0,"axis":"x","origin":[10.7435,11.12759,7.89026]},"faces":{"down":{"uv":[12.625,3.0,12.0,3.875],"rotation":0,"texture":"#0","tintindex":0},"east":{"uv":[4.0,4.5,4.875,6.625],"rotation":0,"texture":"#0","tintindex":0},"north":{"uv":[7.25,4.5,7.875,6.625],"rotation":0,"texture":"#0","tintindex":0},"south":{"uv":[7.25,6.75,7.875,8.875],"rotation":0,"texture":"#0","tintindex":0},"up":{"uv":[6.875,12.625,6.25,11.75],"rotation":0,"texture":"#0","tintindex":0},"west":{"uv":[5.0,0.0,5.875,2.125],"rotation":0,"texture":"#0","tintindex":0}}},{"name":"minigames_12","from":[-10.153601,12.60908,7.03652],"to":[-7.5198402,14.145441,9.488],"rotation":{"angle":0.0,"axis":"x","origin":[10.7435,11.12759,7.89026]},"faces":{"down":{"uv":[10.875,6.25,10.0,7.125],"rotation":0,"texture":"#0","tintindex":0},"east":{"uv":[5.5,12.75,6.375,13.25],"rotation":0,"texture":"#0","tintindex":0},"north":{"uv":[4.5,12.75,5.375,13.25],"rotation":0,"texture":"#0","tintindex":0},"south":{"uv":[12.75,6.25,13.625,6.75],"rotation":0,"texture":"#0","tintindex":0},"up":{"uv":[10.875,6.125,10.0,5.25],"rotation":0,"texture":"#0","tintindex":0},"west":{"uv":[12.75,6.75,13.625,7.25],"rotation":0,"texture":"#0","tintindex":0}}},{"name":"minigames_13","from":[-13.006841,10.41428,7.03652],"to":[-11.031521,14.145441,9.488],"rotation":{"angle":0.0,"axis":"x","origin":[10.7435,11.12759,7.89026]},"faces":{"down":{"uv":[12.625,6.25,12.0,7.125],"rotation":0,"texture":"#0","tintindex":0},"east":{"uv":[0.0,9.0,0.875,10.25],"rotation":0,"texture":"#0","tintindex":0},"north":{"uv":[9.5,9.25,10.125,10.5],"rotation":0,"texture":"#0","tintindex":0},"south":{"uv":[10.0,0.0,10.625,1.25],"rotation":0,"texture":"#0","tintindex":0},"up":{"uv":[12.625,4.875,12.0,4.0],"rotation":0,"texture":"#0","tintindex":0},"west":{"uv":[9.0,0.0,9.875,1.25],"rotation":0,"texture":"#0","tintindex":0}}},{"name":"minigames_14","from":[-15.860082,12.60908,7.03652],"to":[-13.006841,14.145441,9.488],"rotation":{"angle":0.0,"axis":"x","origin":[10.7435,11.12759,7.89026]},"faces":{"down":{"uv":[10.0,4.25,9.0,5.125],"rotation":0,"texture":"#0","tintindex":0},"east":{"uv":[12.75,7.25,13.625,7.75],"rotation":0,"texture":"#0","tintindex":0},"north":{"uv":[12.25,11.25,13.25,11.75],"rotation":0,"texture":"#0","tintindex":0},"south":{"uv":[12.25,11.75,13.25,12.25],"rotation":0,"texture":"#0","tintindex":0},"up":{"uv":[10.0,4.125,9.0,3.25],"rotation":0,"texture":"#0","tintindex":0},"west":{"uv":[12.75,7.75,13.625,8.25],"rotation":0,"texture":"#0","tintindex":0}}},{"name":"minigames_15","from":[29.13332,10.63376,7.03652],"to":[30.011238,13.26752,9.488],"rotation":{"angle":0.0,"axis":"x","origin":[10.7435,11.12759,7.89026]},"faces":{"down":{"uv":[13.5,11.25,13.25,12.125],"rotation":0,"texture":"#0","tintindex":0},"east":{"uv":[6.5,10.0,7.375,10.875],"rotation":0,"texture":"#0","tintindex":0},"north":{"uv":[10.75,13.25,11.0,14.125],"rotation":0,"texture":"#0","tintindex":0},"south":{"uv":[11.0,13.25,11.25,14.125],"rotation":0,"texture":"#0","tintindex":0},"up":{"uv":[11.5,14.125,11.25,13.25],"rotation":0,"texture":"#0","tintindex":0},"west":{"uv":[10.0,7.25,10.875,8.125],"rotation":0,"texture":"#0","tintindex":0}}},{"name":"minigames_16","from":[27.81644,10.63376,7.03652],"to":[28.694363,13.26752,9.488],"rotation":{"angle":0.0,"axis":"x","origin":[10.7435,11.12759,7.89026]},"faces":{"down":{"uv":[12.5,13.25,12.25,14.125],"rotation":0,"texture":"#0","tintindex":0},"east":{"uv":[10.0,8.25,10.875,9.125],"rotation":0,"texture":"#0","tintindex":0},"north":{"uv":[11.5,13.25,11.75,14.125],"rotation":0,"texture":"#0","tintindex":0},"south":{"uv":[11.75,13.25,12.0,14.125],"rotation":0,"texture":"#0","tintindex":0},"up":{"uv":[12.25,14.125,12.0,13.25],"rotation":0,"texture":"#0","tintindex":0},"west":{"uv":[0.0,10.25,0.875,11.125],"rotation":0,"texture":"#0","tintindex":0}}},{"name":"minigames_17","from":[19.695679,10.41428,7.03652],"to":[20.354122,13.26752,9.488],"rotation":{"angle":0.0,"axis":"x","origin":[10.7435,11.12759,7.89026]},"faces":{"down":{"uv":[13.0,13.25,12.75,14.125],"rotation":0,"texture":"#0","tintindex":0},"east":{"uv":[9.0,5.25,9.875,6.25],"rotation":0,"texture":"#0","tintindex":0},"north":{"uv":[9.75,13.25,10.0,14.25],"rotation":0,"texture":"#0","tintindex":0},"south":{"uv":[10.0,13.25,10.25,14.25],"rotation":0,"texture":"#0","tintindex":0},"up":{"uv":[12.75,14.125,12.5,13.25],"rotation":0,"texture":"#0","tintindex":0},"west":{"uv":[9.0,6.25,9.875,7.25],"rotation":0,"texture":"#0","tintindex":0}}},{"name":"minigames_18","from":[12.23336,8.87792,7.03652],"to":[12.8918,13.26752,9.488],"rotation":{"angle":0.0,"axis":"x","origin":[10.7435,11.12759,7.89026]},"faces":{"down":{"uv":[13.5,13.25,13.25,14.125],"rotation":0,"texture":"#0","tintindex":0},"east":{"uv":[4.5,8.0,5.375,9.5],"rotation":0,"texture":"#0","tintindex":0},"north":{"uv":[7.0,13.25,7.25,14.75],"rotation":0,"texture":"#0","tintindex":0},"south":{"uv":[7.25,13.25,7.5,14.75],"rotation":0,"texture":"#0","tintindex":0},"up":{"uv":[13.25,14.125,13.0,13.25],"rotation":0,"texture":"#0","tintindex":0},"west":{"uv":[8.0,5.0,8.875,6.5],"rotation":0,"texture":"#0","tintindex":0}}},{"name":"minigames_19","from":[-1.3744001,10.63376,7.03652],"to":[-0.71596026,13.26752,9.488],"rotation":{"angle":0.0,"axis":"x","origin":[10.7435,11.12759,7.89026]},"faces":{"down":{"uv":[1.5,13.5,1.25,14.375],"rotation":0,"texture":"#0","tintindex":0},"east":{"uv":[7.5,10.25,8.375,11.125],"rotation":0,"texture":"#0","tintindex":0},"north":{"uv":[13.5,0.0,13.75,0.875],"rotation":0,"texture":"#0","tintindex":0},"south":{"uv":[0.75,13.5,1.0,14.375],"rotation":0,"texture":"#0","tintindex":0},"up":{"uv":[1.25,14.375,1.0,13.5],"rotation":0,"texture":"#0","tintindex":0},"west":{"uv":[8.5,10.25,9.375,11.125],"rotation":0,"texture":"#0","tintindex":0}}},{"name":"minigames_20","from":[-2.6912804,10.63376,7.03652],"to":[-2.0328398,13.26752,9.488],"rotation":{"angle":0.0,"axis":"x","origin":[10.7435,11.12759,7.89026]},"faces":{"down":{"uv":[2.25,13.5,2.0,14.375],"rotation":0,"texture":"#0","tintindex":0},"east":{"uv":[10.25,9.25,11.125,10.125],"rotation":0,"texture":"#0","tintindex":0},"north":{"uv":[1.5,13.5,1.75,14.375],"rotation":0,"texture":"#0","tintindex":0},"south":{"uv":[13.5,1.5,13.75,2.375],"rotation":0,"texture":"#0","tintindex":0},"up":{"uv":[2.0,14.375,1.75,13.5],"rotation":0,"texture":"#0","tintindex":0},"west":{"uv":[10.25,10.25,11.125,11.125],"rotation":0,"texture":"#0","tintindex":0}}},{"name":"minigames_21","from":[2.1372795,8.0,7.03652],"to":[4.1126,12.82856,9.488],"rotation":{"angle":0.0,"axis":"x","origin":[10.7435,11.12759,7.89026]},"faces":{"down":{"uv":[12.625,8.25,12.0,9.125],"rotation":0,"texture":"#0","tintindex":0},"east":{"uv":[5.0,2.25,5.875,3.875],"rotation":0,"texture":"#0","tintindex":0},"north":{"uv":[1.0,9.0,1.625,10.625],"rotation":0,"texture":"#0","tintindex":0},"south":{"uv":[1.75,9.0,2.375,10.625],"rotation":0,"texture":"#0","tintindex":0},"up":{"uv":[12.625,8.125,12.0,7.25],"rotation":0,"texture":"#0","tintindex":0},"west":{"uv":[5.0,4.0,5.875,5.625],"rotation":0,"texture":"#0","tintindex":0}}},{"name":"minigames_22","from":[28.694363,9.975321,7.03652],"to":[29.13332,12.60908,9.488],"rotation":{"angle":0.0,"axis":"x","origin":[10.7435,11.12759,7.89026]},"faces":{"down":{"uv":[4.625,13.75,4.5,14.625],"rotation":0,"texture":"#0","tintindex":0},"east":{"uv":[10.5,1.25,11.375,2.125],"rotation":0,"texture":"#0","tintindex":0},"north":{"uv":[3.75,13.75,3.875,14.625],"rotation":0,"texture":"#0","tintindex":0},"south":{"uv":[4.0,13.75,4.125,14.625],"rotation":0,"texture":"#0","tintindex":0},"up":{"uv":[4.375,14.625,4.25,13.75],"rotation":0,"texture":"#0","tintindex":0},"west":{"uv":[10.5,2.25,11.375,3.125],"rotation":0,"texture":"#0","tintindex":0}}},{"name":"minigames_23","from":[18.81776,9.53636,7.03652],"to":[19.695679,12.60908,9.488],"rotation":{"angle":0.0,"axis":"x","origin":[10.7435,11.12759,7.89026]},"faces":{"down":{"uv":[2.75,13.5,2.5,14.375],"rotation":0,"texture":"#0","tintindex":0},"east":{"uv":[6.5,9.0,7.375,10.0],"rotation":0,"texture":"#0","tintindex":0},"north":{"uv":[10.25,13.25,10.5,14.25],"rotation":0,"texture":"#0","tintindex":0},"south":{"uv":[10.5,13.25,10.75,14.25],"rotation":0,"texture":"#0","tintindex":0},"up":{"uv":[2.5,14.375,2.25,13.5],"rotation":0,"texture":"#0","tintindex":0},"west":{"uv":[9.0,7.25,9.875,8.25],"rotation":0,"texture":"#0","tintindex":0}}},{"name":"minigames_24","from":[10.91648,8.0,7.03652],"to":[12.23336,12.60908,9.488],"rotation":{"angle":0.0,"axis":"x","origin":[10.7435,11.12759,7.89026]},"faces":{"down":{"uv":[5.0,6.75,4.5,7.625],"rotation":0,"texture":"#0","tintindex":0},"east":{"uv":[5.5,8.0,6.375,9.5],"rotation":0,"texture":"#0","tintindex":0},"north":{"uv":[9.5,10.5,10.0,12.0],"rotation":0,"texture":"#0","tintindex":0},"south":{"uv":[2.0,10.75,2.5,12.25],"rotation":0,"texture":"#0","tintindex":0},"up":{"uv":[6.5,5.375,6.0,4.5],"rotation":0,"texture":"#0","tintindex":0},"west":{"uv":[8.0,6.5,8.875,8.0],"rotation":0,"texture":"#0","tintindex":0}}},{"name":"minigames_25","from":[-2.0328398,9.975321,7.03652],"to":[-1.3744001,12.60908,9.488],"rotation":{"angle":0.0,"axis":"x","origin":[10.7435,11.12759,7.89026]},"faces":{"down":{"uv":[13.75,11.25,13.5,12.125],"rotation":0,"texture":"#0","tintindex":0},"east":{"uv":[2.5,10.5,3.375,11.375],"rotation":0,"texture":"#0","tintindex":0},"north":{"uv":[2.75,13.5,3.0,14.375],"rotation":0,"texture":"#0","tintindex":0},"south":{"uv":[3.0,13.5,3.25,14.375],"rotation":0,"texture":"#0","tintindex":0},"up":{"uv":[3.5,14.375,3.25,13.5],"rotation":0,"texture":"#0","tintindex":0},"west":{"uv":[3.5,10.5,4.375,11.375],"rotation":0,"texture":"#0","tintindex":0}}},{"name":"minigames_26","from":[18.3788,8.87792,7.03652],"to":[18.81776,11.950641,9.488],"rotation":{"angle":0.0,"axis":"x","origin":[10.7435,11.12759,7.89026]},"faces":{"down":{"uv":[5.125,13.75,5.0,14.625],"rotation":0,"texture":"#0","tintindex":0},"east":{"uv":[9.0,8.25,9.875,9.25],"rotation":0,"texture":"#0","tintindex":0},"north":{"uv":[3.5,13.75,3.625,14.75],"rotation":0,"texture":"#0","tintindex":0},"south":{"uv":[13.75,3.5,13.875,4.5],"rotation":0,"texture":"#0","tintindex":0},"up":{"uv":[4.875,14.625,4.75,13.75],"rotation":0,"texture":"#0","tintindex":0},"west":{"uv":[7.5,9.25,8.375,10.25],"rotation":0,"texture":"#0","tintindex":0}}},{"name":"minigames_27","from":[-10.153601,10.41428,7.03652],"to":[-7.5198402,11.950641,9.488],"rotation":{"angle":0.0,"axis":"x","origin":[10.7435,11.12759,7.89026]},"faces":{"down":{"uv":[1.875,10.75,1.0,11.625],"rotation":0,"texture":"#0","tintindex":0},"east":{"uv":[12.75,8.75,13.625,9.25],"rotation":0,"texture":"#0","tintindex":0},"north":{"uv":[12.75,8.25,13.625,8.75],"rotation":0,"texture":"#0","tintindex":0},"south":{"uv":[12.75,9.25,13.625,9.75],"rotation":0,"texture":"#0","tintindex":0},"up":{"uv":[11.625,0.875,10.75,0.0],"rotation":0,"texture":"#0","tintindex":0},"west":{"uv":[12.75,9.75,13.625,10.25],"rotation":0,"texture":"#0","tintindex":0}}},{"name":"minigames_28","from":[-15.860082,10.41428,7.03652],"to":[-13.006841,11.950641,9.488],"rotation":{"angle":0.0,"axis":"x","origin":[10.7435,11.12759,7.89026]},"faces":{"down":{"uv":[10.5,1.25,9.5,2.125],"rotation":0,"texture":"#0","tintindex":0},"east":{"uv":[12.75,10.25,13.625,10.75],"rotation":0,"texture":"#0","tintindex":0},"north":{"uv":[12.25,12.25,13.25,12.75],"rotation":0,"texture":"#0","tintindex":0},"south":{"uv":[12.5,0.0,13.5,0.5],"rotation":0,"texture":"#0","tintindex":0},"up":{"uv":[9.5,10.125,8.5,9.25],"rotation":0,"texture":"#0","tintindex":0},"west":{"uv":[12.75,10.75,13.625,11.25],"rotation":0,"texture":"#0","tintindex":0}}},{"name":"minigames_29","from":[4.1126,9.75584,7.03652],"to":[4.77104,11.072721,9.488],"rotation":{"angle":0.0,"axis":"x","origin":[10.7435,11.12759,7.89026]},"faces":{"down":{"uv":[14.0,0.0,13.75,0.875],"rotation":0,"texture":"#0","tintindex":0},"east":{"uv":[12.0,12.75,12.875,13.25],"rotation":0,"texture":"#0","tintindex":0},"north":{"uv":[9.0,1.25,9.25,1.75],"rotation":0,"texture":"#0","tintindex":0},"south":{"uv":[4.0,9.0,4.25,9.5],"rotation":0,"texture":"#0","tintindex":0},"up":{"uv":[13.75,14.125,13.5,13.25],"rotation":0,"texture":"#0","tintindex":0},"west":{"uv":[1.5,13.0,2.375,13.5],"rotation":0,"texture":"#0","tintindex":0}}},{"name":"minigames_30","from":[29.13332,9.975321,7.03652],"to":[29.352802,10.63376,9.488],"rotation":{"angle":0.0,"axis":"x","origin":[10.7435,11.12759,7.89026]},"faces":{"down":{"uv":[5.625,13.75,5.5,14.625],"rotation":0,"texture":"#0","tintindex":0},"east":{"uv":[13.25,12.25,14.125,12.5],"rotation":0,"texture":"#0","tintindex":0},"north":{"uv":[6.0,5.5,6.125,5.75],"rotation":0,"texture":"#0","tintindex":0},"south":{"uv":[6.25,5.5,6.375,5.75],"rotation":0,"texture":"#0","tintindex":0},"up":{"uv":[5.375,14.625,5.25,13.75],"rotation":0,"texture":"#0","tintindex":0},"west":{"uv":[13.25,12.5,14.125,12.75],"rotation":0,"texture":"#0","tintindex":0}}},{"name":"minigames_31","from":[28.255402,9.975321,7.03652],"to":[28.694363,10.63376,9.488],"rotation":{"angle":0.0,"axis":"x","origin":[10.7435,11.12759,7.89026]},"faces":{"down":{"uv":[6.125,13.75,6.0,14.625],"rotation":0,"texture":"#0","tintindex":0},"east":{"uv":[13.5,2.5,14.375,2.75],"rotation":0,"texture":"#0","tintindex":0},"north":{"uv":[4.5,7.75,4.625,8.0],"rotation":0,"texture":"#0","tintindex":0},"south":{"uv":[4.75,7.75,4.875,8.0],"rotation":0,"texture":"#0","tintindex":0},"up":{"uv":[5.875,14.625,5.75,13.75],"rotation":0,"texture":"#0","tintindex":0},"west":{"uv":[13.5,5.75,14.375,6.0],"rotation":0,"texture":"#0","tintindex":0}}},{"name":"minigames_32","from":[7.62428,8.0,7.03652],"to":[9.16064,10.63376,9.488],"rotation":{"angle":0.0,"axis":"x","origin":[10.7435,11.12759,7.89026]},"faces":{"down":{"uv":[13.5,1.75,13.0,2.625],"rotation":0,"texture":"#0","tintindex":0},"east":{"uv":[4.5,10.75,5.375,11.625],"rotation":0,"texture":"#0","tintindex":0},"north":{"uv":[7.5,3.5,8.0,4.375],"rotation":0,"texture":"#0","tintindex":0},"south":{"uv":[8.5,12.25,9.0,13.125],"rotation":0,"texture":"#0","tintindex":0},"up":{"uv":[7.0,13.625,6.5,12.75],"rotation":0,"texture":"#0","tintindex":0},"west":{"uv":[5.5,10.75,6.375,11.625],"rotation":0,"texture":"#0","tintindex":0}}},{"name":"minigames_33","from":[-1.3744001,9.975321,7.03652],"to":[-1.1549201,10.63376,9.488],"rotation":{"angle":0.0,"axis":"x","origin":[10.7435,11.12759,7.89026]},"faces":{"down":{"uv":[13.875,6.25,13.75,7.125],"rotation":0,"texture":"#0","tintindex":0},"east":{"uv":[13.5,6.0,14.375,6.25],"rotation":0,"texture":"#0","tintindex":0},"north":{"uv":[8.5,3.25,8.625,3.5],"rotation":0,"texture":"#0","tintindex":0},"south":{"uv":[8.75,3.25,8.875,3.5],"rotation":0,"texture":"#0","tintindex":0},"up":{"uv":[6.375,14.625,6.25,13.75],"rotation":0,"texture":"#0","tintindex":0},"west":{"uv":[13.75,1.5,14.625,1.75],"rotation":0,"texture":"#0","tintindex":0}}},{"name":"minigames_34","from":[-2.2523203,9.975321,7.03652],"to":[-2.0328398,10.63376,9.488],"rotation":{"angle":0.0,"axis":"x","origin":[10.7435,11.12759,7.89026]},"faces":{"down":{"uv":[6.875,13.75,6.75,14.625],"rotation":0,"texture":"#0","tintindex":0},"east":{"uv":[13.75,1.75,14.625,2.0],"rotation":0,"texture":"#0","tintindex":0},"north":{"uv":[9.0,1.75,9.125,2.0],"rotation":0,"texture":"#0","tintindex":0},"south":{"uv":[4.25,9.0,4.375,9.25],"rotation":0,"texture":"#0","tintindex":0},"up":{"uv":[6.625,14.625,6.5,13.75],"rotation":0,"texture":"#0","tintindex":0},"west":{"uv":[13.75,2.0,14.625,2.25],"rotation":0,"texture":"#0","tintindex":0}}},{"name":"minigames_35","from":[20.5736,8.0,7.03652],"to":[22.329441,10.41428,9.488],"rotation":{"angle":0.0,"axis":"x","origin":[10.7435,11.12759,7.89026]},"faces":{"down":{"uv":[12.625,9.25,12.0,10.125],"rotation":0,"texture":"#0","tintindex":0},"east":{"uv":[11.0,6.25,11.875,7.0],"rotation":0,"texture":"#0","tintindex":0},"north":{"uv":[12.5,5.0,13.125,5.75],"rotation":0,"texture":"#0","tintindex":0},"south":{"uv":[10.5,12.5,11.125,13.25],"rotation":0,"texture":"#0","tintindex":0},"up":{"uv":[9.625,12.875,9.0,12.0],"rotation":0,"texture":"#0","tintindex":0},"west":{"uv":[6.5,11.0,7.375,11.75],"rotation":0,"texture":"#0","tintindex":0}}},{"name":"minigames_36","from":[19.695679,9.53636,7.03652],"to":[19.915161,10.41428,9.488],"rotation":{"angle":0.0,"axis":"x","origin":[10.7435,11.12759,7.89026]},"faces":{"down":{"uv":[7.625,13.75,7.5,14.625],"rotation":0,"texture":"#0","tintindex":0},"east":{"uv":[13.75,2.25,14.625,2.5],"rotation":0,"texture":"#0","tintindex":0},"north":{"uv":[7.5,9.0,7.625,9.25],"rotation":0,"texture":"#0","tintindex":0},"south":{"uv":[7.75,9.0,7.875,9.25],"rotation":0,"texture":"#0","tintindex":0},"up":{"uv":[13.875,8.125,13.75,7.25],"rotation":0,"texture":"#0","tintindex":0},"west":{"uv":[13.75,2.75,14.625,3.0],"rotation":0,"texture":"#0","tintindex":0}}},{"name":"minigames_37","from":[-15.860082,8.0,7.03652],"to":[-14.104241,10.41428,9.488],"rotation":{"angle":0.0,"axis":"x","origin":[10.7435,11.12759,7.89026]},"faces":{"down":{"uv":[0.625,12.25,0.0,13.125],"rotation":0,"texture":"#0","tintindex":0},"east":{"uv":[11.0,7.0,11.875,7.75],"rotation":0,"texture":"#0","tintindex":0},"north":{"uv":[11.25,12.5,11.875,13.25],"rotation":0,"texture":"#0","tintindex":0},"south":{"uv":[0.75,12.75,1.375,13.5],"rotation":0,"texture":"#0","tintindex":0},"up":{"uv":[12.625,11.125,12.0,10.25],"rotation":0,"texture":"#0","tintindex":0},"west":{"uv":[11.0,7.75,11.875,8.5],"rotation":0,"texture":"#0","tintindex":0}}},{"name":"minigames_38","from":[4.99052,8.0,7.03652],"to":[6.74636,9.75584,9.488],"rotation":{"angle":0.0,"axis":"x","origin":[10.7435,11.12759,7.89026]},"faces":{"down":{"uv":[7.625,12.25,7.0,13.125],"rotation":0,"texture":"#0","tintindex":0},"east":{"uv":[12.25,1.0,13.125,1.625],"rotation":0,"texture":"#0","tintindex":0},"north":{"uv":[9.0,13.0,9.625,13.625],"rotation":0,"texture":"#0","tintindex":0},"south":{"uv":[0.0,13.25,0.625,13.875],"rotation":0,"texture":"#0","tintindex":0},"up":{"uv":[12.875,2.625,12.25,1.75],"rotation":0,"texture":"#0","tintindex":0},"west":{"uv":[1.5,12.25,2.375,12.875],"rotation":0,"texture":"#0","tintindex":0}}},{"name":"minigames_39","from":[18.81776,8.87792,7.03652],"to":[19.256721,9.53636,9.488],"rotation":{"angle":0.0,"axis":"x","origin":[10.7435,11.12759,7.89026]},"faces":{"down":{"uv":[8.125,13.75,8.0,14.625],"rotation":0,"texture":"#0","tintindex":0},"east":{"uv":[13.75,3.0,14.625,3.25],"rotation":0,"texture":"#0","tintindex":0},"north":{"uv":[9.25,1.25,9.375,1.5],"rotation":0,"texture":"#0","tintindex":0},"south":{"uv":[9.25,1.5,9.375,1.75],"rotation":0,"texture":"#0","tintindex":0},"up":{"uv":[7.875,14.625,7.75,13.75],"rotation":0,"texture":"#0","tintindex":0},"west":{"uv":[13.75,3.25,14.625,3.5],"rotation":0,"texture":"#0","tintindex":0}}},{"name":"minigames_40","from":[9.16064,8.0,7.03652],"to":[10.91648,9.53636,9.488],"rotation":{"angle":0.0,"axis":"x","origin":[10.7435,11.12759,7.89026]},"faces":{"down":{"uv":[10.375,12.25,9.75,13.125],"rotation":0,"texture":"#0","tintindex":0},"east":{"uv":[2.5,13.0,3.375,13.5],"rotation":0,"texture":"#0","tintindex":0},"north":{"uv":[7.5,13.25,8.125,13.75],"rotation":0,"texture":"#0","tintindex":0},"south":{"uv":[8.25,13.25,8.875,13.75],"rotation":0,"texture":"#0","tintindex":0},"up":{"uv":[8.375,13.125,7.75,12.25],"rotation":0,"texture":"#0","tintindex":0},"west":{"uv":[13.0,12.75,13.875,13.25],"rotation":0,"texture":"#0","tintindex":0}}},{"name":"minigames_41","from":[-10.153601,8.0,7.03652],"to":[-7.5198402,9.53636,9.488],"rotation":{"angle":0.0,"axis":"x","origin":[10.7435,11.12759,7.89026]},"faces":{"down":{"uv":[11.875,4.25,11.0,5.125],"rotation":0,"texture":"#0","tintindex":0},"east":{"uv":[3.5,13.25,4.375,13.75],"rotation":0,"texture":"#0","tintindex":0},"north":{"uv":[13.25,1.0,14.125,1.5],"rotation":0,"texture":"#0","tintindex":0},"south":{"uv":[4.5,13.25,5.375,13.75],"rotation":0,"texture":"#0","tintindex":0},"up":{"uv":[11.875,4.125,11.0,3.25],"rotation":0,"texture":"#0","tintindex":0},"west":{"uv":[13.25,4.75,14.125,5.25],"rotation":0,"texture":"#0","tintindex":0}}},{"name":"minigames_42","from":[-14.104241,8.0,7.03652],"to":[-11.031521,9.53636,9.488],"rotation":{"angle":0.0,"axis":"x","origin":[10.7435,11.12759,7.89026]},"faces":{"down":{"uv":[5.0,9.5,4.0,10.375],"rotation":0,"texture":"#0","tintindex":0},"east":{"uv":[13.25,5.25,14.125,5.75],"rotation":0,"texture":"#0","tintindex":0},"north":{"uv":[12.5,0.5,13.5,1.0],"rotation":0,"texture":"#0","tintindex":0},"south":{"uv":[2.5,12.5,3.5,13.0],"rotation":0,"texture":"#0","tintindex":0},"up":{"uv":[10.5,3.125,9.5,2.25],"rotation":0,"texture":"#0","tintindex":0},"west":{"uv":[5.5,13.25,6.375,13.75],"rotation":0,"texture":"#0","tintindex":0}}}],"display":{"head":{"translation":[0.0,-6.4,0.0],"rotation":[0.0,0.0,0.0],"scale":[3.8095,3.8095,3.8095]}}}