{"textures":{"0":"modelengine:entity/nocsy_skeleton_skull","1":"modelengine:entity/nocsy_skeleton_skull_ring"},"elements":[{"name":"cube","from":[7.1226435,6.907058,3.7166677],"to":[8.877356,7.46801,6.6982594],"rotation":{"angle":0.0,"axis":"x","origin":[8.65412,8.1607275,5.7214346]},"faces":{"down":{"uv":[0.75,5.0,0.0,6.25],"rotation":0,"texture":"#0","tintindex":0},"east":{"uv":[7.0,1.75,8.25,2.0],"rotation":0,"texture":"#0","tintindex":0},"north":{"uv":[5.75,4.75,6.5,5.0],"rotation":0,"texture":"#0","tintindex":0},"south":{"uv":[7.25,2.5,8.0,2.75],"rotation":0,"texture":"#0","tintindex":0},"up":{"uv":[5.5,1.25,4.75,0.0],"rotation":0,"texture":"#0","tintindex":0},"west":{"uv":[7.0,2.0,8.25,2.25],"rotation":0,"texture":"#0","tintindex":0}}},{"name":"cube","from":[6.102644,6.907058,5.996668],"to":[9.897356,8.248011,6.6982594],"rotation":{"angle":0.0,"axis":"x","origin":[8.35412,8.1607275,5.7214346]},"faces":{"down":{"uv":[8.125,5.25,6.5,5.5],"rotation":0,"texture":"#0","tintindex":0},"east":{"uv":[2.75,7.25,3.0,7.875],"rotation":0,"texture":"#0","tintindex":0},"north":{"uv":[4.0,4.25,5.625,4.875],"rotation":0,"texture":"#0","tintindex":0},"south":{"uv":[4.5,3.0,6.125,3.625],"rotation":0,"texture":"#0","tintindex":0},"up":{"uv":[7.875,4.25,6.25,4.0],"rotation":0,"texture":"#0","tintindex":0},"west":{"uv":[4.75,7.25,5.0,7.875],"rotation":0,"texture":"#0","tintindex":0}}},{"name":"cube","from":[7.1226435,7.479458,3.7166677],"to":[8.877356,7.81145,4.0403795],"rotation":{"angle":0.0,"axis":"x","origin":[8.65412,8.1607275,5.7214346]},"faces":{"down":{"uv":[7.25,7.5,6.5,7.625],"rotation":0,"texture":"#0","tintindex":0},"east":{"uv":[3.5,7.5,3.625,7.625],"rotation":0,"texture":"#0","tintindex":0},"north":{"uv":[7.5,3.25,8.25,3.375],"rotation":0,"texture":"#0","tintindex":0},"south":{"uv":[7.5,6.0,8.25,6.125],"rotation":0,"texture":"#0","tintindex":0},"up":{"uv":[8.25,6.375,7.5,6.25],"rotation":0,"texture":"#0","tintindex":0},"west":{"uv":[7.5,6.5,7.625,6.625],"rotation":0,"texture":"#0","tintindex":0}}},{"name":"cube","from":[8.355571,6.901334,3.8005502],"to":[9.500371,7.473734,6.6818705],"rotation":{"angle":22.5,"axis":"y","origin":[9.071071,7.402184,5.32242]},"faces":{"down":{"uv":[0.5,6.25,0.0,7.5],"rotation":0,"texture":"#0","tintindex":0},"east":{"uv":[7.0,4.25,8.25,4.5],"rotation":0,"texture":"#0","tintindex":0},"north":{"uv":[7.5,1.25,8.0,1.5],"rotation":0,"texture":"#0","tintindex":0},"south":{"uv":[1.5,7.5,2.0,7.75],"rotation":0,"texture":"#0","tintindex":0},"up":{"uv":[6.5,7.25,6.0,6.0],"rotation":0,"texture":"#0","tintindex":0},"west":{"uv":[7.0,4.5,8.25,4.75],"rotation":0,"texture":"#0","tintindex":0}}},{"name":"cube","from":[8.922247,7.41077,3.794826],"to":[9.506096,7.822898,6.172435],"rotation":{"angle":22.5,"axis":"y","origin":[9.071071,7.402184,5.32242]},"faces":{"down":{"uv":[6.0,6.75,5.75,7.75],"rotation":0,"texture":"#0","tintindex":0},"east":{"uv":[6.5,7.25,7.5,7.375],"rotation":0,"texture":"#0","tintindex":0},"north":{"uv":[0.75,5.0,1.0,5.125],"rotation":0,"texture":"#0","tintindex":0},"south":{"uv":[6.0,2.75,6.25,2.875],"rotation":0,"texture":"#0","tintindex":0},"up":{"uv":[5.75,7.75,5.5,6.75],"rotation":0,"texture":"#0","tintindex":0},"west":{"uv":[0.0,7.5,1.0,7.625],"rotation":0,"texture":"#0","tintindex":0}}},{"name":"cube","from":[6.499629,6.901334,3.8005502],"to":[7.6444287,7.473734,6.6818705],"rotation":{"angle":-22.5,"axis":"y","origin":[6.9289293,7.402184,5.32242]},"faces":{"down":{"uv":[3.75,6.25,3.25,7.5],"rotation":0,"texture":"#0","tintindex":0},"east":{"uv":[6.5,7.0,7.75,7.25],"rotation":0,"texture":"#0","tintindex":0},"north":{"uv":[7.5,1.5,8.0,1.75],"rotation":0,"texture":"#0","tintindex":0},"south":{"uv":[2.0,7.5,2.5,7.75],"rotation":0,"texture":"#0","tintindex":0},"up":{"uv":[6.75,4.0,6.25,2.75],"rotation":0,"texture":"#0","tintindex":0},"west":{"uv":[7.25,0.0,8.5,0.25],"rotation":0,"texture":"#0","tintindex":0}}},{"name":"cube","from":[6.493905,7.41077,3.794826],"to":[7.077753,7.822898,6.172435],"rotation":{"angle":-22.5,"axis":"y","origin":[6.9289293,7.402184,5.32242]},"faces":{"down":{"uv":[2.75,7.25,2.5,8.25],"rotation":0,"texture":"#0","tintindex":0},"east":{"uv":[7.5,2.75,8.5,2.875],"rotation":0,"texture":"#0","tintindex":0},"north":{"uv":[0.5,6.25,0.75,6.375],"rotation":0,"texture":"#0","tintindex":0},"south":{"uv":[3.25,7.5,3.5,7.625],"rotation":0,"texture":"#0","tintindex":0},"up":{"uv":[3.25,8.0,3.0,7.0],"rotation":0,"texture":"#0","tintindex":0},"west":{"uv":[7.5,3.0,8.5,3.125],"rotation":0,"texture":"#0","tintindex":0}}}],"display":{"head":{"translation":[0.0,-6.4,0.0],"rotation":[0.0,0.0,0.0],"scale":[3.8095,3.8095,3.8095]}}}