{"textures":{"0":"modelengine:entity/nocsy_skeleton_skull","1":"modelengine:entity/nocsy_skeleton_skull_ring"},"elements":[{"name":"cube","from":[1.7041998,1.4374276,7.923704],"to":[14.2958,14.029028,7.915304],"rotation":{"angle":0.0,"axis":"x","origin":[5.8034,3.8664677,7.8195443]},"faces":{"down":{"uv":[7.5,0.0,0.0,0.0],"rotation":0,"texture":"#1","tintindex":0},"east":{"uv":[0.0,0.0,0.0,7.5],"rotation":0,"texture":"#1","tintindex":0},"north":{"uv":[0.0,0.0,7.5,7.5],"rotation":0,"texture":"#1","tintindex":0},"south":{"uv":[7.5,0.0,0.0,7.5],"rotation":0,"texture":"#1","tintindex":0},"up":{"uv":[7.5,0.0,0.0,0.0],"rotation":0,"texture":"#1","tintindex":0},"west":{"uv":[0.0,0.0,0.0,7.5],"rotation":0,"texture":"#1","tintindex":0}}}],"display":{"head":{"translation":[0.0,-6.4,0.0],"rotation":[0.0,0.0,0.0],"scale":[3.8095,3.8095,3.8095]}}}