{"textures":{"0":"modelengine:entity/herobrine"},"elements":[{"name":"leftleg","from":[6.74,4.3999996,6.8],"to":[9.139999,8.0,9.2],"rotation":{"angle":0.0,"axis":"x","origin":[9.139999,0.7999997,8.0]},"faces":{"down":{"uv":[0.0,8.5,1.0,9.5],"rotation":0,"texture":"#0","tintindex":0},"east":{"uv":[5.0,8.0,4.0,9.5],"rotation":0,"texture":"#0","tintindex":0},"north":{"uv":[3.0,8.0,2.0,9.5],"rotation":0,"texture":"#0","tintindex":0},"south":{"uv":[9.0,3.0,8.0,4.5],"rotation":0,"texture":"#0","tintindex":0},"up":{"uv":[8.0,8.5,9.0,7.5],"rotation":0,"texture":"#0","tintindex":0},"west":{"uv":[4.0,8.0,3.0,9.5],"rotation":0,"texture":"#0","tintindex":0}}}],"display":{"head":{"translation":[0.0,-6.4,0.0],"rotation":[0.0,0.0,0.0],"scale":[3.8095,3.8095,3.8095]}}}