{
    "parent": "item/generated",
    "textures": {
        "layer0": "item/paper"
    },
	"overrides": [	
		{"predicate": {"custom_model_data":2008}, "model": "amethyst_model/amethyst_pierce_1"},
		{"predicate": {"custom_model_data":2009}, "model": "amethyst_model/amethyst_pierce_2"},
		{"predicate": {"custom_model_data":2010}, "model": "amethyst_model/amethyst_pierce_3"},
		{"predicate": {"custom_model_data":2011}, "model": "amethyst_model/amethyst_pierce_4"},
		{"predicate": {"custom_model_data":2012}, "model": "amethyst_model/amethyst_pierce_5"},
		{"predicate": {"custom_model_data":2013}, "model": "amethyst_model/amethyst_pierce_6"},
		{"predicate": {"custom_model_data":2014}, "model": "amethyst_model/amethyst_pierce_7"},
		{"predicate": {"custom_model_data":20145}, "model": "amethyst_model/amethyst_meteor"}
    ]
}