{"textures":{"0":"modelengine:entity/boneshadingreaper","1":"modelengine:entity/boneshadin2reeaperxd","2":"modelengine:entity/reapercloak","3":"modelengine:entity/osdeculo","4":"modelengine:entity/reaperfald","5":"modelengine:entity/fallenreaper"},"elements":[{"name":"layer","from":[6.7700005,4.37,6.7699995],"to":[9.23,8.63,9.23],"rotation":{"angle":0.0,"axis":"x","origin":[9.139999,0.19999981,8.0]},"faces":{"down":{"uv":[10.2375,6.2625,9.7625,6.7375],"rotation":0,"texture":"#5","tintindex":0},"east":{"uv":[3.6375,6.8875,4.1125,7.7375],"rotation":0,"texture":"#5","tintindex":0},"north":{"uv":[3.0125,6.6375,3.4875,7.4875],"rotation":0,"texture":"#5","tintindex":0},"south":{"uv":[7.0125,1.8875,7.4875,2.7375],"rotation":0,"texture":"#5","tintindex":0},"up":{"uv":[10.2375,6.1125,9.7625,5.6375],"rotation":0,"texture":"#5","tintindex":0},"west":{"uv":[1.5125,7.1375,1.9875,7.9875],"rotation":0,"texture":"#5","tintindex":0}}},{"name":"left leg","from":[6.8,5.6,6.8],"to":[9.2,8.6,9.2],"rotation":{"angle":0.0,"axis":"x","origin":[9.139999,0.19999981,8.0]},"faces":{"down":{"uv":[8.9875,6.3875,8.5125,6.8625],"rotation":0,"texture":"#5","tintindex":0},"east":{"uv":[7.5125,8.0125,7.9875,8.6125],"rotation":0,"texture":"#5","tintindex":0},"north":{"uv":[3.1375,7.8875,3.6125,8.4875],"rotation":0,"texture":"#5","tintindex":0},"south":{"uv":[1.2625,8.1375,1.7375,8.7375],"rotation":0,"texture":"#5","tintindex":0},"up":{"uv":[8.9875,1.7375,8.5125,1.2625],"rotation":0,"texture":"#5","tintindex":0},"west":{"uv":[1.8875,8.1375,2.3625,8.7375],"rotation":0,"texture":"#5","tintindex":0}}},{"name":"left leg","from":[7.25,4.3999996,7.1],"to":[9.05,5.6,8.9],"rotation":{"angle":0.0,"axis":"x","origin":[9.139999,0.19999981,8.0]},"faces":{"down":{"uv":[11.5,6.0,11.875,6.25],"rotation":0,"texture":"#1","tintindex":0},"east":{"uv":[11.5,6.0,11.875,6.25],"rotation":0,"texture":"#1","tintindex":0},"north":{"uv":[11.5,6.0,11.875,6.25],"rotation":0,"texture":"#1","tintindex":0},"south":{"uv":[11.5,6.0,11.875,6.25],"rotation":0,"texture":"#1","tintindex":0},"up":{"uv":[11.5,6.0,11.875,6.25],"rotation":0,"texture":"#1","tintindex":0},"west":{"uv":[11.5,6.0,11.875,6.25],"rotation":0,"texture":"#1","tintindex":0}}}],"display":{"head":{"translation":[0.0,-6.4,0.0],"rotation":[0.0,0.0,0.0],"scale":[3.8095,3.8095,3.8095]}}}