{"textures":{"0":"modelengine:entity/fiend2","1":"modelengine:entity/0","2":"modelengine:entity/lesereyes"},"elements":[{"name":"cube","from":[7.58,7.640001,5.75],"to":[8.42,8.480001,8.15],"rotation":{"angle":0.0,"axis":"x","origin":[2.3600001,-21.46,28.61]},"faces":{"down":{"uv":[8.15625,4.4375,8.0625,4.6875],"rotation":0,"texture":"#0","tintindex":0},"east":{"uv":[8.0,4.25,8.25,4.34375],"rotation":0,"texture":"#0","tintindex":0},"north":{"uv":[8.375,2.125,8.46875,2.21875],"rotation":0,"texture":"#0","tintindex":0},"south":{"uv":[8.375,2.25,8.46875,2.34375],"rotation":0,"texture":"#0","tintindex":0},"up":{"uv":[8.09375,6.75,8.0,6.5],"rotation":0,"texture":"#0","tintindex":0},"west":{"uv":[8.0,6.375,8.25,6.46875],"rotation":0,"texture":"#0","tintindex":0}}}],"display":{"head":{"translation":[0.0,-6.4,0.0],"rotation":[0.0,0.0,0.0],"scale":[3.8095,3.8095,3.8095]}}}