{"textures":{"0":"modelengine:entity/fiend2","1":"modelengine:entity/0","2":"modelengine:entity/lesereyes"},"elements":[{"name":"cube","from":[7.7,7.6100016,5.8700004],"to":[8.540001,8.45,8.27],"rotation":{"angle":0.0,"axis":"x","origin":[2.48,-19.029999,28.73]},"faces":{"down":{"uv":[8.15625,5.875,8.0625,6.125],"rotation":0,"texture":"#0","tintindex":0},"east":{"uv":[8.0625,5.0625,8.3125,5.15625],"rotation":0,"texture":"#0","tintindex":0},"north":{"uv":[8.375,5.0625,8.46875,5.15625],"rotation":0,"texture":"#0","tintindex":0},"south":{"uv":[5.3125,8.375,5.40625,8.46875],"rotation":0,"texture":"#0","tintindex":0},"up":{"uv":[8.15625,5.875,8.0625,5.625],"rotation":0,"texture":"#0","tintindex":0},"west":{"uv":[5.5,8.0625,5.75,8.15625],"rotation":0,"texture":"#0","tintindex":0}}}],"display":{"head":{"translation":[0.0,-6.4,0.0],"rotation":[0.0,0.0,0.0],"scale":[3.8095,3.8095,3.8095]}}}