{"textures":{"0":"modelengine:entity/fiend2","1":"modelengine:entity/0","2":"modelengine:entity/lesereyes"},"elements":[{"name":"cube","from":[7.7,7.6100016,5.9900007],"to":[8.540001,8.45,8.390001],"rotation":{"angle":0.0,"axis":"x","origin":[2.48,-20.23,28.850002]},"faces":{"down":{"uv":[5.46875,8.0625,5.375,8.3125],"rotation":0,"texture":"#0","tintindex":0},"east":{"uv":[8.0,6.75,8.25,6.84375],"rotation":0,"texture":"#0","tintindex":0},"north":{"uv":[8.375,3.0,8.46875,3.09375],"rotation":0,"texture":"#0","tintindex":0},"south":{"uv":[8.375,3.125,8.46875,3.21875],"rotation":0,"texture":"#0","tintindex":0},"up":{"uv":[8.15625,5.0625,8.0625,4.8125],"rotation":0,"texture":"#0","tintindex":0},"west":{"uv":[8.0625,4.6875,8.3125,4.78125],"rotation":0,"texture":"#0","tintindex":0}}}],"display":{"head":{"translation":[0.0,-6.4,0.0],"rotation":[0.0,0.0,0.0],"scale":[3.8095,3.8095,3.8095]}}}