{"textures":{"0":"modelengine:entity/fiend2","1":"modelengine:entity/0","2":"modelengine:entity/lesereyes"},"elements":[{"name":"cube","from":[7.4,7.8799996,5.75],"to":[8.24,8.72,8.15],"rotation":{"angle":0.0,"axis":"x","origin":[4.7,-21.7,28.61]},"faces":{"down":{"uv":[8.15625,7.0625,8.0625,7.3125],"rotation":0,"texture":"#0","tintindex":0},"east":{"uv":[8.0625,6.125,8.3125,6.21875],"rotation":0,"texture":"#0","tintindex":0},"north":{"uv":[8.375,6.625,8.46875,6.71875],"rotation":0,"texture":"#0","tintindex":0},"south":{"uv":[8.375,6.75,8.46875,6.84375],"rotation":0,"texture":"#0","tintindex":0},"up":{"uv":[6.34375,8.3125,6.25,8.0625],"rotation":0,"texture":"#0","tintindex":0},"west":{"uv":[8.0625,6.25,8.3125,6.34375],"rotation":0,"texture":"#0","tintindex":0}}}],"display":{"head":{"translation":[0.0,-6.4,0.0],"rotation":[0.0,0.0,0.0],"scale":[3.8095,3.8095,3.8095]}}}