{"textures":{"0":"modelengine:entity/fiend2","1":"modelengine:entity/0","2":"modelengine:entity/lesereyes"},"elements":[{"name":"cube","from":[7.54,7.5799994,6.580001],"to":[8.38,8.42,8.26],"rotation":{"angle":0.0,"axis":"x","origin":[2.7999997,-21.52,30.880001]},"faces":{"down":{"uv":[8.21875,5.25,8.125,5.4375],"rotation":0,"texture":"#0","tintindex":0},"east":{"uv":[8.125,4.0,8.3125,4.09375],"rotation":0,"texture":"#0","tintindex":0},"north":{"uv":[8.375,2.375,8.46875,2.46875],"rotation":0,"texture":"#0","tintindex":0},"south":{"uv":[8.375,2.625,8.46875,2.71875],"rotation":0,"texture":"#0","tintindex":0},"up":{"uv":[5.34375,8.3125,5.25,8.125],"rotation":0,"texture":"#0","tintindex":0},"west":{"uv":[8.125,4.125,8.3125,4.21875],"rotation":0,"texture":"#0","tintindex":0}}},{"name":"cube","from":[7.96,7.8200006,5.26],"to":[8.32,8.179999,6.580001],"rotation":{"angle":0.0,"axis":"x","origin":[2.7999997,-21.52,30.880001]},"faces":{"down":{"uv":[8.59375,0.125,8.5625,0.25],"rotation":0,"texture":"#0","tintindex":0},"east":{"uv":[8.5,8.375,8.625,8.40625],"rotation":0,"texture":"#0","tintindex":0},"north":{"uv":[6.75,8.625,6.78125,8.65625],"rotation":0,"texture":"#0","tintindex":0},"south":{"uv":[8.625,6.75,8.65625,6.78125],"rotation":0,"texture":"#0","tintindex":0},"up":{"uv":[8.59375,0.125,8.5625,0.0],"rotation":0,"texture":"#0","tintindex":0},"west":{"uv":[8.4375,8.5,8.5625,8.53125],"rotation":0,"texture":"#0","tintindex":0}}},{"name":"cube","from":[7.72,7.8200006,4.9600005],"to":[8.08,8.179999,5.5600004],"rotation":{"angle":0.0,"axis":"x","origin":[2.7999997,-21.52,30.880001]},"faces":{"down":{"uv":[8.65625,0.125,8.625,0.1875],"rotation":0,"texture":"#0","tintindex":0},"east":{"uv":[0.0625,8.625,0.125,8.65625],"rotation":0,"texture":"#0","tintindex":0},"north":{"uv":[6.8125,8.625,6.84375,8.65625],"rotation":0,"texture":"#0","tintindex":0},"south":{"uv":[8.625,6.8125,8.65625,6.84375],"rotation":0,"texture":"#0","tintindex":0},"up":{"uv":[0.15625,8.6875,0.125,8.625],"rotation":0,"texture":"#0","tintindex":0},"west":{"uv":[8.625,0.0625,8.6875,0.09375],"rotation":0,"texture":"#0","tintindex":0}}}],"display":{"head":{"translation":[0.0,-6.4,0.0],"rotation":[0.0,0.0,0.0],"scale":[3.8095,3.8095,3.8095]}}}