{"textures":{"0":"modelengine:entity/fiend2","1":"modelengine:entity/0","2":"modelengine:entity/lesereyes"},"elements":[{"name":"cube","from":[7.54,7.580002,6.76],"to":[8.38,8.42,8.440001],"rotation":{"angle":0.0,"axis":"x","origin":[2.7999997,-19.060001,31.060001]},"faces":{"down":{"uv":[8.28125,0.25,8.1875,0.4375],"rotation":0,"texture":"#0","tintindex":0},"east":{"uv":[8.125,8.125,8.3125,8.21875],"rotation":0,"texture":"#0","tintindex":0},"north":{"uv":[5.875,8.375,5.96875,8.46875],"rotation":0,"texture":"#0","tintindex":0},"south":{"uv":[6.0,8.375,6.09375,8.46875],"rotation":0,"texture":"#0","tintindex":0},"up":{"uv":[0.28125,8.375,0.1875,8.1875],"rotation":0,"texture":"#0","tintindex":0},"west":{"uv":[0.0,8.1875,0.1875,8.28125],"rotation":0,"texture":"#0","tintindex":0}}},{"name":"cube","from":[7.96,7.8200006,5.44],"to":[8.32,8.180002,6.76],"rotation":{"angle":0.0,"axis":"x","origin":[2.7999997,-19.060001,31.060001]},"faces":{"down":{"uv":[8.59375,0.625,8.5625,0.75],"rotation":0,"texture":"#0","tintindex":0},"east":{"uv":[8.5625,0.3125,8.6875,0.34375],"rotation":0,"texture":"#0","tintindex":0},"north":{"uv":[7.0,8.625,7.03125,8.65625],"rotation":0,"texture":"#0","tintindex":0},"south":{"uv":[8.625,7.0,8.65625,7.03125],"rotation":0,"texture":"#0","tintindex":0},"up":{"uv":[0.65625,8.6875,0.625,8.5625],"rotation":0,"texture":"#0","tintindex":0},"west":{"uv":[8.5625,0.5625,8.6875,0.59375],"rotation":0,"texture":"#0","tintindex":0}}},{"name":"cube","from":[7.72,7.8200006,5.14],"to":[8.08,8.180002,5.74],"rotation":{"angle":0.0,"axis":"x","origin":[2.7999997,-19.060001,31.060001]},"faces":{"down":{"uv":[8.65625,0.9375,8.625,1.0],"rotation":0,"texture":"#0","tintindex":0},"east":{"uv":[8.625,0.625,8.6875,0.65625],"rotation":0,"texture":"#0","tintindex":0},"north":{"uv":[7.0625,8.625,7.09375,8.65625],"rotation":0,"texture":"#0","tintindex":0},"south":{"uv":[8.625,7.0625,8.65625,7.09375],"rotation":0,"texture":"#0","tintindex":0},"up":{"uv":[8.65625,0.9375,8.625,0.875],"rotation":0,"texture":"#0","tintindex":0},"west":{"uv":[8.625,0.6875,8.6875,0.71875],"rotation":0,"texture":"#0","tintindex":0}}}],"display":{"head":{"translation":[0.0,-6.4,0.0],"rotation":[0.0,0.0,0.0],"scale":[3.8095,3.8095,3.8095]}}}