{"textures":{"0":"modelengine:entity/fiend2","1":"modelengine:entity/0","2":"modelengine:entity/lesereyes"},"elements":[{"name":"cube","from":[7.34,3.7399998,7.4500003],"to":[8.66,8.54,8.7699995],"rotation":{"angle":0.0,"axis":"x","origin":[8.3,7.94,5.41]},"faces":{"down":{"uv":[11.625,9.0,12.375,9.75],"rotation":0,"texture":"#1","tintindex":0},"east":{"uv":[11.625,9.0,12.375,9.75],"rotation":0,"texture":"#1","tintindex":0},"north":{"uv":[11.625,9.0,12.375,9.75],"rotation":0,"texture":"#1","tintindex":0},"south":{"uv":[11.625,9.0,12.375,9.75],"rotation":0,"texture":"#1","tintindex":0},"up":{"uv":[11.625,9.0,12.375,9.75],"rotation":0,"texture":"#1","tintindex":0},"west":{"uv":[11.625,9.0,12.375,9.75],"rotation":0,"texture":"#1","tintindex":0}}},{"name":"cube","from":[7.7,2.5399995,7.81],"to":[8.3,3.7399998,8.41],"rotation":{"angle":0.0,"axis":"x","origin":[8.0,3.1399996,8.110001]},"faces":{"down":{"uv":[8.625,1.6875,8.5625,1.75],"rotation":0,"texture":"#0","tintindex":0},"east":{"uv":[6.6875,8.4375,6.75,8.5625],"rotation":0,"texture":"#0","tintindex":0},"north":{"uv":[6.625,8.4375,6.6875,8.5625],"rotation":0,"texture":"#0","tintindex":0},"south":{"uv":[6.75,8.4375,6.8125,8.5625],"rotation":0,"texture":"#0","tintindex":0},"up":{"uv":[1.75,8.625,1.6875,8.5625],"rotation":0,"texture":"#0","tintindex":0},"west":{"uv":[6.8125,8.4375,6.875,8.5625],"rotation":0,"texture":"#0","tintindex":0}}},{"name":"cube","from":[7.7,2.1199996,7.57],"to":[8.3,2.8399997,7.9900002],"rotation":{"angle":0.0,"axis":"x","origin":[8.0,3.1399996,8.110001]},"faces":{"down":{"uv":[8.6875,1.75,8.625,1.78125],"rotation":0,"texture":"#0","tintindex":0},"east":{"uv":[1.6875,8.625,1.71875,8.6875],"rotation":0,"texture":"#0","tintindex":0},"north":{"uv":[1.75,8.5625,1.8125,8.625],"rotation":0,"texture":"#0","tintindex":0},"south":{"uv":[8.5625,1.75,8.625,1.8125],"rotation":0,"texture":"#0","tintindex":0},"up":{"uv":[1.8125,8.65625,1.75,8.625],"rotation":0,"texture":"#0","tintindex":0},"west":{"uv":[8.625,1.6875,8.65625,1.75],"rotation":0,"texture":"#0","tintindex":0}}}],"display":{"head":{"translation":[0.0,-6.4,0.0],"rotation":[0.0,0.0,0.0],"scale":[3.8095,3.8095,3.8095]}}}