{"textures":{"0":"modelengine:entity/fiend2","1":"modelengine:entity/0","2":"modelengine:entity/lesereyes"},"elements":[{"name":"cube","from":[7.46,7.6100016,6.8299994],"to":[8.3,8.45,8.509999],"rotation":{"angle":0.0,"axis":"x","origin":[2.7199998,-19.029999,27.529999]},"faces":{"down":{"uv":[8.21875,7.9375,8.125,8.125],"rotation":0,"texture":"#0","tintindex":0},"east":{"uv":[8.125,7.6875,8.3125,7.78125],"rotation":0,"texture":"#0","tintindex":0},"north":{"uv":[8.375,3.875,8.46875,3.96875],"rotation":0,"texture":"#0","tintindex":0},"south":{"uv":[8.375,4.0,8.46875,4.09375],"rotation":0,"texture":"#0","tintindex":0},"up":{"uv":[7.84375,8.3125,7.75,8.125],"rotation":0,"texture":"#0","tintindex":0},"west":{"uv":[8.125,7.8125,8.3125,7.90625],"rotation":0,"texture":"#0","tintindex":0}}}],"display":{"head":{"translation":[0.0,-6.4,0.0],"rotation":[0.0,0.0,0.0],"scale":[3.8095,3.8095,3.8095]}}}