{"textures":{"0":"modelengine:entity/fiend2","1":"modelengine:entity/0","2":"modelengine:entity/lesereyes"},"elements":[{"name":"cube","from":[8.78,7.8200006,6.619999],"to":[9.379999,8.42,8.419999],"rotation":{"angle":-22.5,"axis":"y","origin":[9.1625,8.120001,5.7274985]},"faces":{"down":{"uv":[11.625,9.0,12.375,9.75],"rotation":0,"texture":"#1","tintindex":0},"east":{"uv":[11.625,9.0,12.375,9.75],"rotation":0,"texture":"#1","tintindex":0},"north":{"uv":[11.625,9.0,12.375,9.75],"rotation":0,"texture":"#1","tintindex":0},"south":{"uv":[11.625,9.0,12.375,9.75],"rotation":0,"texture":"#1","tintindex":0},"up":{"uv":[11.625,9.0,12.375,9.75],"rotation":0,"texture":"#1","tintindex":0},"west":{"uv":[11.625,9.0,12.375,9.75],"rotation":0,"texture":"#1","tintindex":0}}}],"display":{"head":{"translation":[0.0,-6.4,0.0],"rotation":[0.0,0.0,0.0],"scale":[3.8095,3.8095,3.8095]}}}