{"textures":{"0":"modelengine:entity/fiend2","1":"modelengine:entity/0","2":"modelengine:entity/lesereyes"},"elements":[{"name":"cube","from":[7.51,7.7,6.37],"to":[8.110001,8.3,8.17],"rotation":{"angle":0.0,"axis":"x","origin":[13.09,-21.220001,28.09]},"faces":{"down":{"uv":[11.625,9.0,12.375,9.75],"rotation":0,"texture":"#1","tintindex":0},"east":{"uv":[11.625,9.0,12.375,9.75],"rotation":0,"texture":"#1","tintindex":0},"north":{"uv":[11.625,9.0,12.375,9.75],"rotation":0,"texture":"#1","tintindex":0},"south":{"uv":[11.625,9.0,12.375,9.75],"rotation":0,"texture":"#1","tintindex":0},"up":{"uv":[11.625,9.0,12.375,9.75],"rotation":0,"texture":"#1","tintindex":0},"west":{"uv":[11.625,9.0,12.375,9.75],"rotation":0,"texture":"#1","tintindex":0}}},{"name":"cube","from":[7.7500005,7.8199983,5.7699995],"to":[8.110001,8.179999,6.37],"rotation":{"angle":0.0,"axis":"x","origin":[9.790001,-17.620003,24.79]},"faces":{"down":{"uv":[8.65625,0.0,8.625,0.0625],"rotation":0,"texture":"#0","tintindex":0},"east":{"uv":[8.5625,8.5,8.625,8.53125],"rotation":0,"texture":"#0","tintindex":0},"north":{"uv":[8.625,6.4375,8.65625,6.46875],"rotation":0,"texture":"#0","tintindex":0},"south":{"uv":[8.625,6.5,8.65625,6.53125],"rotation":0,"texture":"#0","tintindex":0},"up":{"uv":[0.03125,8.6875,0.0,8.625],"rotation":0,"texture":"#0","tintindex":0},"west":{"uv":[8.5625,8.5625,8.625,8.59375],"rotation":0,"texture":"#0","tintindex":0}}},{"name":"cube","from":[7.93,7.8199983,5.410001],"to":[8.23,8.179999,5.830001],"rotation":{"angle":0.0,"axis":"x","origin":[9.790001,-17.620003,24.79]},"faces":{"down":{"uv":[8.65625,6.6875,8.625,6.71875],"rotation":0,"texture":"#0","tintindex":0},"east":{"uv":[8.625,6.5625,8.65625,6.59375],"rotation":0,"texture":"#0","tintindex":0},"north":{"uv":[6.5625,8.625,6.59375,8.65625],"rotation":0,"texture":"#0","tintindex":0},"south":{"uv":[6.625,8.625,6.65625,8.65625],"rotation":0,"texture":"#0","tintindex":0},"up":{"uv":[6.71875,8.65625,6.6875,8.625],"rotation":0,"texture":"#0","tintindex":0},"west":{"uv":[8.625,6.625,8.65625,6.65625],"rotation":0,"texture":"#0","tintindex":0}}}],"display":{"head":{"translation":[0.0,-6.4,0.0],"rotation":[0.0,0.0,0.0],"scale":[3.8095,3.8095,3.8095]}}}