{"textures":{"0":"modelengine:entity/fiend2","1":"modelengine:entity/0","2":"modelengine:entity/lesereyes"},"elements":[{"name":"cube","from":[8.217501,7.7,6.6125],"to":[8.8175,8.3,8.4125],"rotation":{"angle":-22.5,"axis":"y","origin":[8.360001,8.0,7.159999]},"faces":{"down":{"uv":[11.625,9.0,12.375,9.75],"rotation":0,"texture":"#1","tintindex":0},"east":{"uv":[11.625,9.0,12.375,9.75],"rotation":0,"texture":"#1","tintindex":0},"north":{"uv":[11.625,9.0,12.375,9.75],"rotation":0,"texture":"#1","tintindex":0},"south":{"uv":[11.625,9.0,12.375,9.75],"rotation":0,"texture":"#1","tintindex":0},"up":{"uv":[11.625,9.0,12.375,9.75],"rotation":0,"texture":"#1","tintindex":0},"west":{"uv":[11.625,9.0,12.375,9.75],"rotation":0,"texture":"#1","tintindex":0}}},{"name":"cube","from":[8.217501,7.8199983,6.0125],"to":[8.577499,8.179999,6.6125],"rotation":{"angle":-22.5,"axis":"y","origin":[8.360001,8.0,7.159999]},"faces":{"down":{"uv":[8.21875,8.5625,8.1875,8.625],"rotation":0,"texture":"#0","tintindex":0},"east":{"uv":[8.5625,8.0,8.625,8.03125],"rotation":0,"texture":"#0","tintindex":0},"north":{"uv":[4.875,8.625,4.90625,8.65625],"rotation":0,"texture":"#0","tintindex":0},"south":{"uv":[5.0625,8.625,5.09375,8.65625],"rotation":0,"texture":"#0","tintindex":0},"up":{"uv":[8.59375,8.1875,8.5625,8.125],"rotation":0,"texture":"#0","tintindex":0},"west":{"uv":[8.5625,8.0625,8.625,8.09375],"rotation":0,"texture":"#0","tintindex":0}}},{"name":"cube","from":[8.0975,7.8199983,5.652501],"to":[8.3975,8.179999,6.0724993],"rotation":{"angle":-22.5,"axis":"y","origin":[8.360001,8.0,7.159999]},"faces":{"down":{"uv":[5.65625,8.625,5.625,8.65625],"rotation":0,"texture":"#0","tintindex":0},"east":{"uv":[5.375,8.625,5.40625,8.65625],"rotation":0,"texture":"#0","tintindex":0},"north":{"uv":[5.125,8.625,5.15625,8.65625],"rotation":0,"texture":"#0","tintindex":0},"south":{"uv":[5.4375,8.625,5.46875,8.65625],"rotation":0,"texture":"#0","tintindex":0},"up":{"uv":[5.59375,8.65625,5.5625,8.625],"rotation":0,"texture":"#0","tintindex":0},"west":{"uv":[5.5,8.625,5.53125,8.65625],"rotation":0,"texture":"#0","tintindex":0}}}],"display":{"head":{"translation":[0.0,-6.4,0.0],"rotation":[0.0,0.0,0.0],"scale":[3.8095,3.8095,3.8095]}}}