{"textures":{"0":"modelengine:entity/fiend2","1":"modelengine:entity/0","2":"modelengine:entity/lesereyes"},"elements":[{"name":"cube","from":[6.5289283,6.948929,5.2924995],"to":[9.528929,7.5489287,5.8925],"rotation":{"angle":0.0,"axis":"x","origin":[8.328928,-24.251072,10.272501]},"faces":{"down":{"uv":[11.625,9.0,12.375,9.75],"rotation":0,"texture":"#1","tintindex":0},"east":{"uv":[11.625,9.0,12.375,9.75],"rotation":0,"texture":"#1","tintindex":0},"north":{"uv":[11.625,9.0,12.375,9.75],"rotation":0,"texture":"#1","tintindex":0},"south":{"uv":[11.625,9.0,12.375,9.75],"rotation":0,"texture":"#1","tintindex":0},"up":{"uv":[11.625,9.0,12.375,9.75],"rotation":0,"texture":"#1","tintindex":0},"west":{"uv":[11.625,9.0,12.375,9.75],"rotation":0,"texture":"#1","tintindex":0}}},{"name":"cube","from":[6.2289286,7.5489287,5.2924995],"to":[9.768929,8.748929,9.672501],"rotation":{"angle":0.0,"axis":"x","origin":[8.328928,-24.251072,10.272501]},"faces":{"down":{"uv":[11.625,9.0,12.375,9.75],"rotation":0,"texture":"#1","tintindex":0},"east":{"uv":[11.625,9.0,12.375,9.75],"rotation":0,"texture":"#1","tintindex":0},"north":{"uv":[5.8125,2.1875,6.1875,2.3125],"rotation":0,"texture":"#0","tintindex":0},"south":{"uv":[11.625,9.0,12.375,9.75],"rotation":0,"texture":"#1","tintindex":0},"up":{"uv":[11.625,9.0,12.375,9.75],"rotation":0,"texture":"#1","tintindex":0},"west":{"uv":[11.625,9.0,12.375,9.75],"rotation":0,"texture":"#1","tintindex":0}}},{"name":"cube","from":[5.6889286,8.748929,5.2325],"to":[7.0689287,9.948929,5.8324995],"rotation":{"angle":0.0,"axis":"x","origin":[8.328928,-24.251072,10.272501]},"faces":{"down":{"uv":[11.625,9.0,12.375,9.375],"rotation":0,"texture":"#1","tintindex":0},"east":{"uv":[11.625,9.0,12.375,9.375],"rotation":0,"texture":"#1","tintindex":0},"north":{"uv":[11.625,9.0,12.375,9.375],"rotation":0,"texture":"#1","tintindex":0},"south":{"uv":[11.625,9.0,12.375,9.375],"rotation":0,"texture":"#1","tintindex":0},"up":{"uv":[11.625,9.0,12.375,9.375],"rotation":0,"texture":"#1","tintindex":0},"west":{"uv":[11.625,9.0,12.375,9.375],"rotation":0,"texture":"#1","tintindex":0}}},{"name":"cube","from":[8.868929,8.748929,5.2325],"to":[10.368929,9.948929,5.8324995],"rotation":{"angle":0.0,"axis":"x","origin":[8.328928,-24.251072,10.272501]},"faces":{"down":{"uv":[11.625,9.0,12.375,9.375],"rotation":0,"texture":"#1","tintindex":0},"east":{"uv":[11.625,9.0,12.375,9.375],"rotation":0,"texture":"#1","tintindex":0},"north":{"uv":[11.625,9.0,12.375,9.375],"rotation":0,"texture":"#1","tintindex":0},"south":{"uv":[11.625,9.0,12.375,9.375],"rotation":0,"texture":"#1","tintindex":0},"up":{"uv":[11.625,9.0,12.375,9.375],"rotation":0,"texture":"#1","tintindex":0},"west":{"uv":[11.625,9.0,12.375,9.375],"rotation":0,"texture":"#1","tintindex":0}}},{"name":"cube","from":[7.8489285,9.528929,5.1124997],"to":[8.328928,10.428928,5.2325],"rotation":{"angle":0.0,"axis":"x","origin":[8.328928,-24.251072,10.272501]},"faces":{"down":{"uv":[8.6875,1.1875,8.625,1.21875],"rotation":0,"texture":"#0","tintindex":0},"east":{"uv":[8.5625,5.9375,8.59375,6.03125],"rotation":0,"texture":"#0","tintindex":0},"north":{"uv":[8.5,2.0,8.5625,2.09375],"rotation":0,"texture":"#0","tintindex":0},"south":{"uv":[2.0625,8.5,2.125,8.59375],"rotation":0,"texture":"#0","tintindex":0},"up":{"uv":[1.25,8.65625,1.1875,8.625],"rotation":0,"texture":"#0","tintindex":0},"west":{"uv":[6.0,8.5625,6.03125,8.65625],"rotation":0,"texture":"#0","tintindex":0}}},{"name":"cube","from":[7.8489285,9.528929,5.2325],"to":[8.328928,10.728929,5.8324995],"rotation":{"angle":0.0,"axis":"x","origin":[8.328928,-24.251072,10.272501]},"faces":{"down":{"uv":[8.625,1.4375,8.5625,1.5],"rotation":0,"texture":"#0","tintindex":0},"east":{"uv":[6.375,8.4375,6.4375,8.5625],"rotation":0,"texture":"#0","tintindex":0},"north":{"uv":[8.4375,5.9375,8.5,6.0625],"rotation":0,"texture":"#0","tintindex":0},"south":{"uv":[8.4375,6.375,8.5,6.5],"rotation":0,"texture":"#0","tintindex":0},"up":{"uv":[1.5,8.625,1.4375,8.5625],"rotation":0,"texture":"#0","tintindex":0},"west":{"uv":[6.5625,8.4375,6.625,8.5625],"rotation":0,"texture":"#0","tintindex":0}}},{"name":"cube","from":[7.8489285,9.528929,4.9925],"to":[8.328928,10.008928,5.1124997],"rotation":{"angle":0.0,"axis":"x","origin":[8.328928,-24.251072,10.272501]},"faces":{"down":{"uv":[1.4375,8.625,1.375,8.65625],"rotation":0,"texture":"#0","tintindex":0},"east":{"uv":[8.625,1.25,8.65625,1.3125],"rotation":0,"texture":"#0","tintindex":0},"north":{"uv":[1.5,8.5625,1.5625,8.625],"rotation":0,"texture":"#0","tintindex":0},"south":{"uv":[8.5625,1.5,8.625,1.5625],"rotation":0,"texture":"#0","tintindex":0},"up":{"uv":[8.6875,1.34375,8.625,1.3125],"rotation":0,"texture":"#0","tintindex":0},"west":{"uv":[1.3125,8.625,1.34375,8.6875],"rotation":0,"texture":"#0","tintindex":0}}},{"name":"cube","from":[5.9289284,8.748929,5.4725],"to":[10.128929,12.348929,9.672501],"rotation":{"angle":0.0,"axis":"x","origin":[8.328928,-24.251072,10.272501]},"faces":{"down":{"uv":[6.625,2.625,6.1875,3.0625],"rotation":0,"texture":"#0","tintindex":0},"east":{"uv":[11.625,9.0,12.375,9.75],"rotation":0,"texture":"#1","tintindex":0},"north":{"uv":[6.3125,6.1875,6.75,6.5625],"rotation":0,"texture":"#0","tintindex":0},"south":{"uv":[11.625,9.0,12.375,9.75],"rotation":0,"texture":"#1","tintindex":0},"up":{"uv":[11.625,9.0,12.375,9.75],"rotation":0,"texture":"#1","tintindex":0},"west":{"uv":[11.625,9.0,12.375,9.75],"rotation":0,"texture":"#1","tintindex":0}}},{"name":"cube","from":[8.448929,10.48893,5.4124994],"to":[9.348928,10.848928,9.6125],"rotation":{"angle":0.0,"axis":"x","origin":[8.328928,-24.251072,10.272501]},"faces":{"down":{"uv":[0.0,0.0,16.0,16.0],"rotation":0,"texture":"#2","tintindex":0},"east":{"uv":[0.0,0.0,16.0,16.0],"rotation":0,"texture":"#2","tintindex":0},"north":{"uv":[0.0,0.0,16.0,16.0],"rotation":0,"texture":"#2","tintindex":0},"south":{"uv":[0.0,0.0,16.0,16.0],"rotation":0,"texture":"#2","tintindex":0},"up":{"uv":[0.0,0.0,16.0,16.0],"rotation":0,"texture":"#2","tintindex":0},"west":{"uv":[0.0,0.0,16.0,16.0],"rotation":0,"texture":"#2","tintindex":0}}},{"name":"cube","from":[6.708928,10.48893,5.4124994],"to":[7.6089287,10.848928,9.6125],"rotation":{"angle":0.0,"axis":"x","origin":[8.328928,-24.251072,10.272501]},"faces":{"down":{"uv":[0.0,0.0,16.0,16.0],"rotation":180,"texture":"#2","tintindex":0},"east":{"uv":[0.0,0.0,16.0,16.0],"rotation":180,"texture":"#2","tintindex":0},"north":{"uv":[0.0,0.0,16.0,16.0],"rotation":180,"texture":"#2","tintindex":0},"south":{"uv":[0.0,0.0,16.0,16.0],"rotation":180,"texture":"#2","tintindex":0},"up":{"uv":[0.0,0.0,16.0,16.0],"rotation":180,"texture":"#2","tintindex":0},"west":{"uv":[0.0,0.0,16.0,16.0],"rotation":180,"texture":"#2","tintindex":0}}},{"name":"cube","from":[10.128929,9.948929,7.6924996],"to":[14.328929,11.748929,7.6924996],"rotation":{"angle":0.0,"axis":"x","origin":[8.328928,-24.251072,10.272501]},"faces":{"down":{"uv":[0.4375,0.0,0.0,0.0],"rotation":0,"texture":"#0","tintindex":0},"east":{"uv":[0.0,0.0,0.0,0.1875],"rotation":0,"texture":"#0","tintindex":0},"north":{"uv":[7.1875,5.9375,7.625,6.125],"rotation":0,"texture":"#0","tintindex":0},"south":{"uv":[7.25,0.1875,7.6875,0.375],"rotation":0,"texture":"#0","tintindex":0},"up":{"uv":[0.4375,0.0,0.0,0.0],"rotation":0,"texture":"#0","tintindex":0},"west":{"uv":[0.0,0.0,0.0,0.1875],"rotation":0,"texture":"#0","tintindex":0}}},{"name":"cube","from":[1.7289281,9.948929,7.6924996],"to":[5.9289284,11.748929,7.6924996],"rotation":{"angle":0.0,"axis":"x","origin":[8.328928,-24.251072,10.272501]},"faces":{"down":{"uv":[0.4375,0.0,0.0,0.0],"rotation":0,"texture":"#0","tintindex":0},"east":{"uv":[0.0,0.0,0.0,0.1875],"rotation":0,"texture":"#0","tintindex":0},"north":{"uv":[7.0625,4.5625,7.5,4.75],"rotation":0,"texture":"#0","tintindex":0},"south":{"uv":[7.125,1.8125,7.5625,2.0],"rotation":0,"texture":"#0","tintindex":0},"up":{"uv":[0.4375,0.0,0.0,0.0],"rotation":0,"texture":"#0","tintindex":0},"west":{"uv":[0.0,0.0,0.0,0.1875],"rotation":0,"texture":"#0","tintindex":0}}},{"name":"cube","from":[7.128928,11.748929,5.2924995],"to":[8.928928,12.58893,10.092501],"rotation":{"angle":0.0,"axis":"x","origin":[8.328928,-24.251072,10.272501]},"faces":{"down":{"uv":[7.0625,7.125,6.875,7.625],"rotation":0,"texture":"#0","tintindex":0},"east":{"uv":[7.6875,0.25,8.1875,0.34375],"rotation":0,"texture":"#0","tintindex":0},"north":{"uv":[11.625,9.0,12.375,9.75],"rotation":0,"texture":"#1","tintindex":0},"south":{"uv":[11.625,9.0,12.375,9.75],"rotation":0,"texture":"#1","tintindex":0},"up":{"uv":[11.625,9.0,12.375,9.75],"rotation":0,"texture":"#1","tintindex":0},"west":{"uv":[7.75,1.125,8.25,1.21875],"rotation":0,"texture":"#0","tintindex":0}}},{"name":"cube","from":[8.268929,11.14893,5.2325],"to":[9.768929,11.38893,5.5325],"rotation":{"angle":22.5,"axis":"z","origin":[9.018929,11.2689295,5.3825]},"faces":{"down":{"uv":[8.65625,4.8125,8.5,4.84375],"rotation":0,"texture":"#0","tintindex":0},"east":{"uv":[7.25,8.625,7.28125,8.65625],"rotation":0,"texture":"#0","tintindex":0},"north":{"uv":[8.5,3.25,8.65625,3.28125],"rotation":0,"texture":"#0","tintindex":0},"south":{"uv":[8.5,3.3125,8.65625,3.34375],"rotation":0,"texture":"#0","tintindex":0},"up":{"uv":[8.65625,4.78125,8.5,4.75],"rotation":0,"texture":"#0","tintindex":0},"west":{"uv":[8.625,7.25,8.65625,7.28125],"rotation":0,"texture":"#0","tintindex":0}}},{"name":"cube","from":[6.4689283,11.14893,5.2325],"to":[7.9689283,11.38893,5.5325],"rotation":{"angle":-22.5,"axis":"z","origin":[7.218929,11.2689295,5.3825]},"faces":{"down":{"uv":[8.65625,5.125,8.5,5.15625],"rotation":0,"texture":"#0","tintindex":0},"east":{"uv":[7.3125,8.625,7.34375,8.65625],"rotation":0,"texture":"#0","tintindex":0},"north":{"uv":[8.5,4.875,8.65625,4.90625],"rotation":0,"texture":"#0","tintindex":0},"south":{"uv":[8.5,4.9375,8.65625,4.96875],"rotation":0,"texture":"#0","tintindex":0},"up":{"uv":[8.65625,5.09375,8.5,5.0625],"rotation":0,"texture":"#0","tintindex":0},"west":{"uv":[8.625,7.3125,8.65625,7.34375],"rotation":0,"texture":"#0","tintindex":0}}},{"name":"cube","from":[5.0289288,11.448929,5.2325],"to":[6.5289283,11.68893,5.5325],"rotation":{"angle":0.0,"axis":"x","origin":[8.328928,-24.251072,10.272501]},"faces":{"down":{"uv":[8.65625,5.5,8.5,5.53125],"rotation":0,"texture":"#0","tintindex":0},"east":{"uv":[8.625,7.4375,8.65625,7.46875],"rotation":0,"texture":"#0","tintindex":0},"north":{"uv":[8.5,5.375,8.65625,5.40625],"rotation":0,"texture":"#0","tintindex":0},"south":{"uv":[5.4375,8.5,5.59375,8.53125],"rotation":0,"texture":"#0","tintindex":0},"up":{"uv":[8.65625,5.46875,8.5,5.4375],"rotation":0,"texture":"#0","tintindex":0},"west":{"uv":[8.625,7.5,8.65625,7.53125],"rotation":0,"texture":"#0","tintindex":0}}},{"name":"cube","from":[9.64893,11.448929,5.2325],"to":[11.14893,11.68893,5.5325],"rotation":{"angle":0.0,"axis":"x","origin":[8.328928,-24.251072,10.272501]},"faces":{"down":{"uv":[8.65625,5.3125,8.5,5.34375],"rotation":0,"texture":"#0","tintindex":0},"east":{"uv":[7.375,8.625,7.40625,8.65625],"rotation":0,"texture":"#0","tintindex":0},"north":{"uv":[8.5,5.1875,8.65625,5.21875],"rotation":0,"texture":"#0","tintindex":0},"south":{"uv":[5.25,8.5,5.40625,8.53125],"rotation":0,"texture":"#0","tintindex":0},"up":{"uv":[8.65625,5.28125,8.5,5.25],"rotation":0,"texture":"#0","tintindex":0},"west":{"uv":[8.625,7.375,8.65625,7.40625],"rotation":0,"texture":"#0","tintindex":0}}},{"name":"cube","from":[8.448929,10.248929,5.4124994],"to":[9.348928,10.48893,5.5325],"rotation":{"angle":0.0,"axis":"x","origin":[8.328928,-24.251072,10.272501]},"faces":{"down":{"uv":[5.71875,8.5625,5.625,8.59375],"rotation":0,"texture":"#0","tintindex":0},"east":{"uv":[8.625,7.5625,8.65625,7.59375],"rotation":0,"texture":"#0","tintindex":0},"north":{"uv":[5.375,8.5625,5.46875,8.59375],"rotation":0,"texture":"#0","tintindex":0},"south":{"uv":[5.5,8.5625,5.59375,8.59375],"rotation":0,"texture":"#0","tintindex":0},"up":{"uv":[8.65625,5.59375,8.5625,5.5625],"rotation":0,"texture":"#0","tintindex":0},"west":{"uv":[8.625,7.625,8.65625,7.65625],"rotation":0,"texture":"#0","tintindex":0}}},{"name":"cube","from":[6.6489286,10.248929,5.4124994],"to":[7.5489287,10.48893,5.5325],"rotation":{"angle":0.0,"axis":"x","origin":[8.328928,-24.251072,10.272501]},"faces":{"down":{"uv":[8.65625,5.875,8.5625,5.90625],"rotation":0,"texture":"#0","tintindex":0},"east":{"uv":[8.625,7.6875,8.65625,7.71875],"rotation":0,"texture":"#0","tintindex":0},"north":{"uv":[8.5625,5.625,8.65625,5.65625],"rotation":0,"texture":"#0","tintindex":0},"south":{"uv":[5.75,8.5625,5.84375,8.59375],"rotation":0,"texture":"#0","tintindex":0},"up":{"uv":[5.96875,8.59375,5.875,8.5625],"rotation":0,"texture":"#0","tintindex":0},"west":{"uv":[8.625,7.75,8.65625,7.78125],"rotation":0,"texture":"#0","tintindex":0}}},{"name":"cube","from":[9.828928,12.708928,7.2725],"to":[10.668928,13.668929,8.2325],"rotation":{"angle":0.0,"axis":"x","origin":[8.328928,-24.251072,10.272501]},"faces":{"down":{"uv":[8.53125,0.4375,8.4375,0.53125],"rotation":0,"texture":"#0","tintindex":0},"east":{"uv":[8.375,8.25,8.46875,8.34375],"rotation":0,"texture":"#0","tintindex":0},"north":{"uv":[8.375,8.125,8.46875,8.21875],"rotation":0,"texture":"#0","tintindex":0},"south":{"uv":[8.3125,8.375,8.40625,8.46875],"rotation":0,"texture":"#0","tintindex":0},"up":{"uv":[8.53125,0.21875,8.4375,0.125],"rotation":0,"texture":"#0","tintindex":0},"west":{"uv":[8.4375,0.0,8.53125,0.09375],"rotation":0,"texture":"#0","tintindex":0}}},{"name":"cube","from":[9.528929,11.98893,7.2725],"to":[10.368929,12.948929,8.2325],"rotation":{"angle":0.0,"axis":"x","origin":[8.328928,-24.251072,10.272501]},"faces":{"down":{"uv":[8.46875,8.0,8.375,8.09375],"rotation":0,"texture":"#0","tintindex":0},"east":{"uv":[8.375,7.625,8.46875,7.71875],"rotation":0,"texture":"#0","tintindex":0},"north":{"uv":[8.375,7.125,8.46875,7.21875],"rotation":0,"texture":"#0","tintindex":0},"south":{"uv":[8.375,7.75,8.46875,7.84375],"rotation":0,"texture":"#0","tintindex":0},"up":{"uv":[8.46875,7.96875,8.375,7.875],"rotation":0,"texture":"#0","tintindex":0},"west":{"uv":[7.875,8.375,7.96875,8.46875],"rotation":0,"texture":"#0","tintindex":0}}},{"name":"cube","from":[9.528929,13.48893,7.2725],"to":[10.368929,14.448929,8.2325],"rotation":{"angle":0.0,"axis":"x","origin":[8.328928,-24.251072,10.272501]},"faces":{"down":{"uv":[8.53125,1.0625,8.4375,1.15625],"rotation":0,"texture":"#0","tintindex":0},"east":{"uv":[8.4375,0.5625,8.53125,0.65625],"rotation":0,"texture":"#0","tintindex":0},"north":{"uv":[0.5625,8.4375,0.65625,8.53125],"rotation":0,"texture":"#0","tintindex":0},"south":{"uv":[8.4375,0.6875,8.53125,0.78125],"rotation":0,"texture":"#0","tintindex":0},"up":{"uv":[8.53125,1.03125,8.4375,0.9375],"rotation":0,"texture":"#0","tintindex":0},"west":{"uv":[8.4375,0.8125,8.53125,0.90625],"rotation":0,"texture":"#0","tintindex":0}}},{"name":"cube","from":[9.168928,14.268928,7.4525],"to":[10.008928,15.228931,8.1125],"rotation":{"angle":0.0,"axis":"x","origin":[8.328928,-24.251072,10.272501]},"faces":{"down":{"uv":[8.59375,2.4375,8.5,2.5],"rotation":0,"texture":"#0","tintindex":0},"east":{"uv":[8.5,2.125,8.5625,2.21875],"rotation":0,"texture":"#0","tintindex":0},"north":{"uv":[1.125,8.4375,1.21875,8.53125],"rotation":0,"texture":"#0","tintindex":0},"south":{"uv":[8.4375,1.1875,8.53125,1.28125],"rotation":0,"texture":"#0","tintindex":0},"up":{"uv":[8.59375,2.4375,8.5,2.375],"rotation":0,"texture":"#0","tintindex":0},"west":{"uv":[8.5,2.25,8.5625,2.34375],"rotation":0,"texture":"#0","tintindex":0}}},{"name":"cube","from":[8.988929,14.928931,7.5724998],"to":[9.468929,15.88893,7.9325],"rotation":{"angle":0.0,"axis":"x","origin":[8.328928,-24.251072,10.272501]},"faces":{"down":{"uv":[8.6875,1.4375,8.625,1.46875],"rotation":0,"texture":"#0","tintindex":0},"east":{"uv":[6.0625,8.5625,6.09375,8.65625],"rotation":0,"texture":"#0","tintindex":0},"north":{"uv":[2.5,8.5,2.5625,8.59375],"rotation":0,"texture":"#0","tintindex":0},"south":{"uv":[8.5,2.5,8.5625,2.59375],"rotation":0,"texture":"#0","tintindex":0},"up":{"uv":[1.5,8.65625,1.4375,8.625],"rotation":0,"texture":"#0","tintindex":0},"west":{"uv":[6.125,8.5625,6.15625,8.65625],"rotation":0,"texture":"#0","tintindex":0}}},{"name":"cube","from":[6.4089284,14.928931,7.5724998],"to":[6.8889284,15.88893,7.9325],"rotation":{"angle":0.0,"axis":"x","origin":[8.328928,-24.251072,10.272501]},"faces":{"down":{"uv":[8.6875,1.5,8.625,1.53125],"rotation":0,"texture":"#0","tintindex":0},"east":{"uv":[8.5625,6.125,8.59375,6.21875],"rotation":0,"texture":"#0","tintindex":0},"north":{"uv":[2.75,8.5,2.8125,8.59375],"rotation":0,"texture":"#0","tintindex":0},"south":{"uv":[8.5,2.75,8.5625,2.84375],"rotation":0,"texture":"#0","tintindex":0},"up":{"uv":[1.5625,8.65625,1.5,8.625],"rotation":0,"texture":"#0","tintindex":0},"west":{"uv":[6.1875,8.5625,6.21875,8.65625],"rotation":0,"texture":"#0","tintindex":0}}},{"name":"cube","from":[5.868929,14.268928,7.4525],"to":[6.708928,15.228931,8.1125],"rotation":{"angle":0.0,"axis":"x","origin":[8.328928,-24.251072,10.272501]},"faces":{"down":{"uv":[8.59375,2.6875,8.5,2.75],"rotation":0,"texture":"#0","tintindex":0},"east":{"uv":[2.5625,8.5,2.625,8.59375],"rotation":0,"texture":"#0","tintindex":0},"north":{"uv":[4.5625,8.4375,4.65625,8.53125],"rotation":0,"texture":"#0","tintindex":0},"south":{"uv":[8.4375,4.625,8.53125,4.71875],"rotation":0,"texture":"#0","tintindex":0},"up":{"uv":[8.59375,2.6875,8.5,2.625],"rotation":0,"texture":"#0","tintindex":0},"west":{"uv":[2.625,8.5,2.6875,8.59375],"rotation":0,"texture":"#0","tintindex":0}}},{"name":"cube","from":[5.628928,11.98893,7.2725],"to":[6.4689283,12.948929,8.2325],"rotation":{"angle":0.0,"axis":"x","origin":[8.328928,-24.251072,10.272501]},"faces":{"down":{"uv":[1.78125,8.4375,1.6875,8.53125],"rotation":0,"texture":"#0","tintindex":0},"east":{"uv":[1.4375,8.4375,1.53125,8.53125],"rotation":0,"texture":"#0","tintindex":0},"north":{"uv":[1.3125,8.4375,1.40625,8.53125],"rotation":0,"texture":"#0","tintindex":0},"south":{"uv":[8.4375,1.4375,8.53125,1.53125],"rotation":0,"texture":"#0","tintindex":0},"up":{"uv":[8.53125,1.65625,8.4375,1.5625],"rotation":0,"texture":"#0","tintindex":0},"west":{"uv":[1.5625,8.4375,1.65625,8.53125],"rotation":0,"texture":"#0","tintindex":0}}},{"name":"cube","from":[5.3289285,12.708928,7.2725],"to":[6.1689286,13.668929,8.2325],"rotation":{"angle":0.0,"axis":"x","origin":[8.328928,-24.251072,10.272501]},"faces":{"down":{"uv":[8.53125,3.5,8.4375,3.59375],"rotation":0,"texture":"#0","tintindex":0},"east":{"uv":[3.125,8.4375,3.21875,8.53125],"rotation":0,"texture":"#0","tintindex":0},"north":{"uv":[8.4375,1.875,8.53125,1.96875],"rotation":0,"texture":"#0","tintindex":0},"south":{"uv":[3.25,8.4375,3.34375,8.53125],"rotation":0,"texture":"#0","tintindex":0},"up":{"uv":[8.53125,3.46875,8.4375,3.375],"rotation":0,"texture":"#0","tintindex":0},"west":{"uv":[3.375,8.4375,3.46875,8.53125],"rotation":0,"texture":"#0","tintindex":0}}},{"name":"cube","from":[5.628928,13.48893,7.2725],"to":[6.4689283,14.448929,8.2325],"rotation":{"angle":0.0,"axis":"x","origin":[8.328928,-24.251072,10.272501]},"faces":{"down":{"uv":[8.53125,4.5,8.4375,4.59375],"rotation":0,"texture":"#0","tintindex":0},"east":{"uv":[8.4375,4.125,8.53125,4.21875],"rotation":0,"texture":"#0","tintindex":0},"north":{"uv":[8.4375,3.625,8.53125,3.71875],"rotation":0,"texture":"#0","tintindex":0},"south":{"uv":[8.4375,4.25,8.53125,4.34375],"rotation":0,"texture":"#0","tintindex":0},"up":{"uv":[4.53125,8.53125,4.4375,8.4375],"rotation":0,"texture":"#0","tintindex":0},"west":{"uv":[8.4375,4.375,8.53125,4.46875],"rotation":0,"texture":"#0","tintindex":0}}},{"name":"cube","from":[7.128928,9.108928,9.4925],"to":[8.928928,11.748929,10.092501],"rotation":{"angle":0.0,"axis":"x","origin":[8.328928,-24.251072,10.272501]},"faces":{"down":{"uv":[5.5,8.3125,5.3125,8.375],"rotation":0,"texture":"#0","tintindex":0},"east":{"uv":[7.375,8.125,7.4375,8.40625],"rotation":0,"texture":"#0","tintindex":0},"north":{"uv":[7.75,4.5625,7.9375,4.84375],"rotation":0,"texture":"#0","tintindex":0},"south":{"uv":[11.625,9.0,12.375,9.75],"rotation":0,"texture":"#1","tintindex":0},"up":{"uv":[8.5,5.3125,8.3125,5.25],"rotation":0,"texture":"#0","tintindex":0},"west":{"uv":[0.3125,8.1875,0.375,8.46875],"rotation":0,"texture":"#0","tintindex":0}}}],"display":{"head":{"translation":[0.0,-6.4,0.0],"rotation":[0.0,0.0,0.0],"scale":[3.8095,3.8095,3.8095]}}}