{"textures":{"0":"modelengine:entity/fiend2","1":"modelengine:entity/0","2":"modelengine:entity/lesereyes"},"elements":[{"name":"cube","from":[-7.000003,0.49999976,5.0],"to":[7.4,13.1,5.0],"rotation":{"angle":-22.5,"axis":"x","origin":[35.480003,14.0,4.7]},"faces":{"down":{"uv":[1.5,0.0,0.0,0.0],"rotation":0,"texture":"#0","tintindex":0},"east":{"uv":[0.0,0.0,0.0,1.3125],"rotation":0,"texture":"#0","tintindex":0},"north":{"uv":[3.125,1.3125,4.625,2.625],"rotation":0,"texture":"#0","tintindex":0},"south":{"uv":[0.0,3.9375,1.5,5.25],"rotation":0,"texture":"#0","tintindex":0},"up":{"uv":[1.5,0.0,0.0,0.0],"rotation":0,"texture":"#0","tintindex":0},"west":{"uv":[0.0,0.0,0.0,1.3125],"rotation":0,"texture":"#0","tintindex":0}}}],"display":{"head":{"translation":[0.0,-6.4,0.0],"rotation":[0.0,0.0,0.0],"scale":[3.8095,3.8095,3.8095]}}}