{"textures":{"0":"modelengine:entity/fiend2","1":"modelengine:entity/0","2":"modelengine:entity/lesereyes"},"elements":[{"name":"cube","from":[-5.5179996,-5.542001,7.7599998],"to":[8.882001,7.058,7.7599998],"rotation":{"angle":-22.5,"axis":"x","origin":[22.562,7.958,7.46]},"faces":{"down":{"uv":[1.5,0.0,0.0,0.0],"rotation":0,"texture":"#0","tintindex":0},"east":{"uv":[0.0,0.0,0.0,1.3125],"rotation":0,"texture":"#0","tintindex":0},"north":{"uv":[3.0,2.625,4.5,3.9375],"rotation":0,"texture":"#0","tintindex":0},"south":{"uv":[3.125,0.0,4.625,1.3125],"rotation":0,"texture":"#0","tintindex":0},"up":{"uv":[1.5,0.0,0.0,0.0],"rotation":0,"texture":"#0","tintindex":0},"west":{"uv":[0.0,0.0,0.0,1.3125],"rotation":0,"texture":"#0","tintindex":0}}},{"name":"cube","from":[-5.9380007,7.058,7.16],"to":[9.062,8.258,8.360001],"rotation":{"angle":-22.5,"axis":"x","origin":[22.562,7.958,7.46]},"faces":{"down":{"uv":[11.625,9.0,12.375,9.75],"rotation":0,"texture":"#1","tintindex":0},"east":{"uv":[11.625,9.0,12.375,9.75],"rotation":0,"texture":"#1","tintindex":0},"north":{"uv":[11.625,9.0,12.375,9.75],"rotation":0,"texture":"#1","tintindex":0},"south":{"uv":[11.625,9.0,12.375,9.75],"rotation":0,"texture":"#1","tintindex":0},"up":{"uv":[11.625,9.0,12.375,9.75],"rotation":0,"texture":"#1","tintindex":0},"west":{"uv":[11.625,9.0,12.375,9.75],"rotation":0,"texture":"#1","tintindex":0}}},{"name":"cube","from":[-7.9780016,6.8780003,7.46],"to":[-7.5580006,7.658,8.06],"rotation":{"angle":-22.5,"axis":"x","origin":[22.562,7.958,7.46]},"faces":{"down":{"uv":[8.65625,1.5625,8.625,1.625],"rotation":0,"texture":"#0","tintindex":0},"east":{"uv":[2.8125,8.5,2.875,8.59375],"rotation":0,"texture":"#0","tintindex":0},"north":{"uv":[6.25,8.5625,6.28125,8.65625],"rotation":0,"texture":"#0","tintindex":0},"south":{"uv":[8.5625,6.25,8.59375,6.34375],"rotation":0,"texture":"#0","tintindex":0},"up":{"uv":[1.59375,8.6875,1.5625,8.625],"rotation":0,"texture":"#0","tintindex":0},"west":{"uv":[2.875,8.5,2.9375,8.59375],"rotation":0,"texture":"#0","tintindex":0}}},{"name":"cube","from":[-7.738,7.3580003,7.46],"to":[-5.9380007,7.958,8.06],"rotation":{"angle":-22.5,"axis":"x","origin":[22.562,7.958,7.46]},"faces":{"down":{"uv":[8.5,5.5,8.3125,5.5625],"rotation":0,"texture":"#0","tintindex":0},"east":{"uv":[1.5625,8.5625,1.625,8.625],"rotation":0,"texture":"#0","tintindex":0},"north":{"uv":[8.3125,5.3125,8.5,5.375],"rotation":0,"texture":"#0","tintindex":0},"south":{"uv":[8.3125,5.375,8.5,5.4375],"rotation":0,"texture":"#0","tintindex":0},"up":{"uv":[8.5,5.5,8.3125,5.4375],"rotation":0,"texture":"#0","tintindex":0},"west":{"uv":[8.5625,1.5625,8.625,1.625],"rotation":0,"texture":"#0","tintindex":0}}}],"display":{"head":{"translation":[0.0,-6.4,0.0],"rotation":[0.0,0.0,0.0],"scale":[3.8095,3.8095,3.8095]}}}