{"textures":{"0":"modelengine:entity/fiend2","1":"modelengine:entity/0","2":"modelengine:entity/lesereyes"},"elements":[{"name":"cube","from":[6.3575,6.559999,1.1524994],"to":[8.7575,8.959999,9.5525],"rotation":{"angle":0.0,"axis":"x","origin":[11.7575,-20.440002,8.952499]},"faces":{"down":{"uv":[11.625,9.0,12.375,9.75],"rotation":0,"texture":"#1","tintindex":0},"east":{"uv":[11.625,9.0,12.375,9.75],"rotation":0,"texture":"#1","tintindex":0},"north":{"uv":[11.625,9.0,12.375,9.75],"rotation":0,"texture":"#1","tintindex":0},"south":{"uv":[11.625,9.0,12.375,9.75],"rotation":0,"texture":"#1","tintindex":0},"up":{"uv":[11.625,9.0,12.375,9.75],"rotation":0,"texture":"#1","tintindex":0},"west":{"uv":[11.625,9.0,12.375,9.75],"rotation":0,"texture":"#1","tintindex":0}}},{"name":"cube","from":[5.9974995,6.9799995,1.7524996],"to":[6.3575,8.539999,9.0725],"rotation":{"angle":0.0,"axis":"x","origin":[11.7575,-20.440002,8.952499]},"faces":{"down":{"uv":[11.625,9.0,12.375,9.75],"rotation":0,"texture":"#1","tintindex":0},"east":{"uv":[11.625,9.0,12.375,9.75],"rotation":0,"texture":"#1","tintindex":0},"north":{"uv":[11.625,9.0,12.375,9.75],"rotation":0,"texture":"#1","tintindex":0},"south":{"uv":[11.625,9.0,12.375,9.75],"rotation":0,"texture":"#1","tintindex":0},"up":{"uv":[11.625,9.0,12.375,9.75],"rotation":0,"texture":"#1","tintindex":0},"west":{"uv":[11.625,9.0,12.375,9.75],"rotation":0,"texture":"#1","tintindex":0}}}],"display":{"head":{"translation":[0.0,-6.4,0.0],"rotation":[0.0,0.0,0.0],"scale":[3.8095,3.8095,3.8095]}}}