{"textures":{"0":"modelengine:entity/fiend2","1":"modelengine:entity/0","2":"modelengine:entity/lesereyes"},"elements":[{"name":"cube","from":[7.4,-0.10000038,5.6],"to":[21.8,12.5,5.6],"rotation":{"angle":-22.5,"axis":"x","origin":[-23.5,13.400001,5.3]},"faces":{"down":{"uv":[1.5,0.0,0.0,0.0],"rotation":0,"texture":"#0","tintindex":0},"east":{"uv":[0.0,0.0,0.0,1.3125],"rotation":0,"texture":"#0","tintindex":0},"north":{"uv":[1.5,3.9375,3.0,5.25],"rotation":0,"texture":"#0","tintindex":0},"south":{"uv":[3.0,3.9375,4.5,5.25],"rotation":0,"texture":"#0","tintindex":0},"up":{"uv":[1.5,0.0,0.0,0.0],"rotation":0,"texture":"#0","tintindex":0},"west":{"uv":[0.0,0.0,0.0,1.3125],"rotation":0,"texture":"#0","tintindex":0}}}],"display":{"head":{"translation":[0.0,-6.4,0.0],"rotation":[0.0,0.0,0.0],"scale":[3.8095,3.8095,3.8095]}}}