{"textures":{"0":"modelengine:entity/fiend2","1":"modelengine:entity/0","2":"modelengine:entity/lesereyes"},"elements":[{"name":"cube","from":[6.2354684,23.022686,6.2666664],"to":[9.835468,26.622688,9.866667],"rotation":{"angle":0.0,"axis":"x","origin":[11.695469,-19.99731,27.38667]},"faces":{"down":{"uv":[5.5,0.3125,5.0,0.8125],"rotation":0,"texture":"#0","tintindex":0},"east":{"uv":[5.0,0.3125,5.5,0.8125],"rotation":0,"texture":"#0","tintindex":0},"north":{"uv":[5.0,0.3125,5.5,0.8125],"rotation":0,"texture":"#0","tintindex":0},"south":{"uv":[5.0,0.3125,5.5,0.8125],"rotation":0,"texture":"#0","tintindex":0},"up":{"uv":[5.5,0.8125,5.0,0.3125],"rotation":0,"texture":"#0","tintindex":0},"west":{"uv":[5.0,0.3125,5.5,0.8125],"rotation":0,"texture":"#0","tintindex":0}}},{"name":"cube","from":[6.2354684,23.022686,6.2666664],"to":[9.835468,26.622688,9.866667],"rotation":{"angle":-45.0,"axis":"x","origin":[8.035469,24.82269,8.066667]},"faces":{"down":{"uv":[5.5,0.3125,5.0,0.8125],"rotation":0,"texture":"#0","tintindex":0},"east":{"uv":[5.0,0.3125,5.5,0.8125],"rotation":0,"texture":"#0","tintindex":0},"north":{"uv":[5.0,0.3125,5.5,0.8125],"rotation":0,"texture":"#0","tintindex":0},"south":{"uv":[5.0,0.3125,5.5,0.8125],"rotation":0,"texture":"#0","tintindex":0},"up":{"uv":[5.5,0.8125,5.0,0.3125],"rotation":0,"texture":"#0","tintindex":0},"west":{"uv":[5.0,0.3125,5.5,0.8125],"rotation":0,"texture":"#0","tintindex":0}}},{"name":"cube","from":[7.4954686,0.042689085,7.586667],"to":[8.695469,7.2426896,8.786667],"rotation":{"angle":0.0,"axis":"x","origin":[11.695469,-6.1973124,37.58667]},"faces":{"down":{"uv":[8.3125,3.0625,8.1875,3.1875],"rotation":0,"texture":"#0","tintindex":0},"east":{"uv":[0.9375,7.125,1.0625,7.875],"rotation":0,"texture":"#0","tintindex":0},"north":{"uv":[4.9375,7.0625,5.0625,7.8125],"rotation":0,"texture":"#0","tintindex":0},"south":{"uv":[1.0625,7.125,1.1875,7.875],"rotation":0,"texture":"#0","tintindex":0},"up":{"uv":[3.125,8.3125,3.0,8.1875],"rotation":0,"texture":"#0","tintindex":0},"west":{"uv":[1.1875,7.125,1.3125,7.875],"rotation":0,"texture":"#0","tintindex":0}}},{"name":"cube","from":[7.6154685,-6.557312,8.126668],"to":[8.515469,0.6426892,9.026667],"rotation":{"angle":0.0,"axis":"x","origin":[11.695469,-6.1973124,37.58667]},"faces":{"down":{"uv":[1.96875,8.375,1.875,8.46875],"rotation":0,"texture":"#0","tintindex":0},"east":{"uv":[1.8125,7.625,1.90625,8.375],"rotation":0,"texture":"#0","tintindex":0},"north":{"uv":[1.6875,7.625,1.78125,8.375],"rotation":0,"texture":"#0","tintindex":0},"south":{"uv":[1.9375,7.625,2.03125,8.375],"rotation":0,"texture":"#0","tintindex":0},"up":{"uv":[8.46875,1.84375,8.375,1.75],"rotation":0,"texture":"#0","tintindex":0},"west":{"uv":[7.625,6.375,7.71875,7.125],"rotation":0,"texture":"#0","tintindex":0}}},{"name":"cube","from":[7.8554688,-11.357311,7.886667],"to":[8.335468,-4.5173125,8.426666],"rotation":{"angle":0.0,"axis":"x","origin":[11.695469,-6.1973124,37.58667]},"faces":{"down":{"uv":[8.4375,8.5,8.375,8.5625],"rotation":0,"texture":"#0","tintindex":0},"east":{"uv":[2.6875,7.3125,2.75,8.03125],"rotation":0,"texture":"#0","tintindex":0},"north":{"uv":[5.5625,6.0625,5.625,6.78125],"rotation":0,"texture":"#0","tintindex":0},"south":{"uv":[0.875,7.5,0.9375,8.21875],"rotation":0,"texture":"#0","tintindex":0},"up":{"uv":[8.5625,8.375,8.5,8.3125],"rotation":0,"texture":"#0","tintindex":0},"west":{"uv":[2.0625,7.625,2.125,8.34375],"rotation":0,"texture":"#0","tintindex":0}}},{"name":"cube","from":[7.6154685,5.202688,7.1066675],"to":[8.815468,12.402689,8.306667],"rotation":{"angle":0.0,"axis":"x","origin":[11.695469,-6.1973124,37.58667]},"faces":{"down":{"uv":[8.3125,2.9375,8.1875,3.0625],"rotation":0,"texture":"#0","tintindex":0},"east":{"uv":[4.5625,7.0625,4.6875,7.8125],"rotation":0,"texture":"#0","tintindex":0},"north":{"uv":[4.4375,7.0625,4.5625,7.8125],"rotation":0,"texture":"#0","tintindex":0},"south":{"uv":[4.6875,7.0625,4.8125,7.8125],"rotation":0,"texture":"#0","tintindex":0},"up":{"uv":[3.0,8.3125,2.875,8.1875],"rotation":0,"texture":"#0","tintindex":0},"west":{"uv":[4.8125,7.0625,4.9375,7.8125],"rotation":0,"texture":"#0","tintindex":0}}},{"name":"cube","from":[7.4954686,10.602689,7.586667],"to":[8.695469,17.802689,8.786667],"rotation":{"angle":0.0,"axis":"x","origin":[11.695469,-6.1973124,37.58667]},"faces":{"down":{"uv":[8.3125,2.8125,8.1875,2.9375],"rotation":0,"texture":"#0","tintindex":0},"east":{"uv":[3.25,7.0625,3.375,7.8125],"rotation":0,"texture":"#0","tintindex":0},"north":{"uv":[3.125,7.0625,3.25,7.8125],"rotation":0,"texture":"#0","tintindex":0},"south":{"uv":[3.375,7.0625,3.5,7.8125],"rotation":0,"texture":"#0","tintindex":0},"up":{"uv":[2.875,8.3125,2.75,8.1875],"rotation":0,"texture":"#0","tintindex":0},"west":{"uv":[4.3125,7.0625,4.4375,7.8125],"rotation":0,"texture":"#0","tintindex":0}}},{"name":"cube","from":[7.3154683,15.402689,7.406667],"to":[8.875468,22.602688,8.966666],"rotation":{"angle":0.0,"axis":"x","origin":[11.695469,-6.1973124,37.58667]},"faces":{"down":{"uv":[8.09375,5.25,7.9375,5.40625],"rotation":0,"texture":"#0","tintindex":0},"east":{"uv":[2.3125,6.8125,2.46875,7.5625],"rotation":0,"texture":"#0","tintindex":0},"north":{"uv":[2.125,6.8125,2.28125,7.5625],"rotation":0,"texture":"#0","tintindex":0},"south":{"uv":[5.875,6.8125,6.03125,7.5625],"rotation":0,"texture":"#0","tintindex":0},"up":{"uv":[8.09375,3.84375,7.9375,3.6875],"rotation":0,"texture":"#0","tintindex":0},"west":{"uv":[6.0625,6.8125,6.21875,7.5625],"rotation":0,"texture":"#0","tintindex":0}}},{"name":"cube","from":[6.295718,18.281433,7.586667],"to":[7.1357183,22.601437,8.786667],"rotation":{"angle":22.5,"axis":"z","origin":[6.7157183,21.101437,8.1866665]},"faces":{"down":{"uv":[8.40625,4.5625,8.3125,4.6875],"rotation":0,"texture":"#0","tintindex":0},"east":{"uv":[1.0,5.8125,1.125,6.25],"rotation":0,"texture":"#0","tintindex":0},"north":{"uv":[3.125,7.8125,3.21875,8.25],"rotation":0,"texture":"#0","tintindex":0},"south":{"uv":[3.25,7.8125,3.34375,8.25],"rotation":0,"texture":"#0","tintindex":0},"up":{"uv":[4.65625,8.4375,4.5625,8.3125],"rotation":0,"texture":"#0","tintindex":0},"west":{"uv":[7.75,2.25,7.875,2.6875],"rotation":0,"texture":"#0","tintindex":0}}},{"name":"cube","from":[5.6954684,22.36269,7.586667],"to":[6.535468,25.602688,8.786667],"rotation":{"angle":0.0,"axis":"x","origin":[11.695469,-6.1973124,37.58667]},"faces":{"down":{"uv":[8.40625,4.125,8.3125,4.25],"rotation":0,"texture":"#0","tintindex":0},"east":{"uv":[0.0,7.8125,0.125,8.15625],"rotation":0,"texture":"#0","tintindex":0},"north":{"uv":[1.125,7.875,1.21875,8.21875],"rotation":0,"texture":"#0","tintindex":0},"south":{"uv":[7.875,2.25,7.96875,2.59375],"rotation":0,"texture":"#0","tintindex":0},"up":{"uv":[8.40625,3.5625,8.3125,3.4375],"rotation":0,"texture":"#0","tintindex":0},"west":{"uv":[0.125,7.8125,0.25,8.15625],"rotation":0,"texture":"#0","tintindex":0}}},{"name":"cube","from":[6.507314,24.18259,7.586667],"to":[7.3473144,27.422588,8.786667],"rotation":{"angle":-22.5,"axis":"z","origin":[9.627315,27.00259,8.1866665]},"faces":{"down":{"uv":[5.15625,8.3125,5.0625,8.4375],"rotation":0,"texture":"#0","tintindex":0},"east":{"uv":[7.8125,2.9375,7.9375,3.28125],"rotation":0,"texture":"#0","tintindex":0},"north":{"uv":[6.6875,7.875,6.78125,8.21875],"rotation":0,"texture":"#0","tintindex":0},"south":{"uv":[6.8125,7.875,6.90625,8.21875],"rotation":0,"texture":"#0","tintindex":0},"up":{"uv":[8.40625,5.0625,8.3125,4.9375],"rotation":0,"texture":"#0","tintindex":0},"west":{"uv":[3.0,7.8125,3.125,8.15625],"rotation":0,"texture":"#0","tintindex":0}}},{"name":"cube","from":[9.175468,25.66269,7.586667],"to":[10.015469,28.90269,8.786667],"rotation":{"angle":22.5,"axis":"z","origin":[10.315469,27.222687,8.1866665]},"faces":{"down":{"uv":[4.96875,8.3125,4.875,8.4375],"rotation":0,"texture":"#0","tintindex":0},"east":{"uv":[2.75,7.8125,2.875,8.15625],"rotation":0,"texture":"#0","tintindex":0},"north":{"uv":[7.875,6.25,7.96875,6.59375],"rotation":0,"texture":"#0","tintindex":0},"south":{"uv":[6.5625,7.875,6.65625,8.21875],"rotation":0,"texture":"#0","tintindex":0},"up":{"uv":[8.40625,4.9375,8.3125,4.8125],"rotation":0,"texture":"#0","tintindex":0},"west":{"uv":[2.875,7.8125,3.0,8.15625],"rotation":0,"texture":"#0","tintindex":0}}},{"name":"cube","from":[7.4954686,22.36269,9.986668],"to":[8.695469,25.602688,10.586667],"rotation":{"angle":0.0,"axis":"x","origin":[11.695469,-6.1973124,37.58667]},"faces":{"down":{"uv":[7.375,1.3125,7.25,1.375],"rotation":0,"texture":"#0","tintindex":0},"east":{"uv":[0.9375,6.6875,1.0,7.03125],"rotation":0,"texture":"#0","tintindex":0},"north":{"uv":[2.75,6.5,2.875,6.84375],"rotation":0,"texture":"#0","tintindex":0},"south":{"uv":[6.4375,7.75,6.5625,8.09375],"rotation":0,"texture":"#0","tintindex":0},"up":{"uv":[3.75,6.625,3.625,6.5625],"rotation":0,"texture":"#0","tintindex":0},"west":{"uv":[6.625,6.9375,6.6875,7.28125],"rotation":0,"texture":"#0","tintindex":0}}},{"name":"cube","from":[7.4954686,18.102688,9.386667],"to":[8.695469,22.602688,9.986668],"rotation":{"angle":22.5,"axis":"x","origin":[8.0954685,21.40269,9.6866665]},"faces":{"down":{"uv":[7.75,1.1875,7.625,1.25],"rotation":0,"texture":"#0","tintindex":0},"east":{"uv":[0.625,7.75,0.6875,8.21875],"rotation":0,"texture":"#0","tintindex":0},"north":{"uv":[5.0625,7.6875,5.1875,8.15625],"rotation":0,"texture":"#0","tintindex":0},"south":{"uv":[0.375,7.75,0.5,8.21875],"rotation":0,"texture":"#0","tintindex":0},"up":{"uv":[7.5625,1.3125,7.4375,1.25],"rotation":0,"texture":"#0","tintindex":0},"west":{"uv":[2.625,7.8125,2.6875,8.28125],"rotation":0,"texture":"#0","tintindex":0}}},{"name":"cube","from":[5.9954686,26.802689,11.786667],"to":[6.5954685,27.40269,12.386667],"rotation":{"angle":0.0,"axis":"x","origin":[11.395469,9.402689,27.686668]},"faces":{"down":{"uv":[3.1875,8.5625,3.125,8.625],"rotation":0,"texture":"#0","tintindex":0},"east":{"uv":[8.5625,2.75,8.625,2.8125],"rotation":0,"texture":"#0","tintindex":0},"north":{"uv":[8.5625,2.5625,8.625,2.625],"rotation":0,"texture":"#0","tintindex":0},"south":{"uv":[8.5625,2.8125,8.625,2.875],"rotation":0,"texture":"#0","tintindex":0},"up":{"uv":[8.625,3.0,8.5625,2.9375],"rotation":0,"texture":"#0","tintindex":0},"west":{"uv":[8.5625,2.875,8.625,2.9375],"rotation":0,"texture":"#0","tintindex":0}}},{"name":"cube","from":[2.9954686,24.40269,3.9866667],"to":[3.5954685,25.00269,4.5866666],"rotation":{"angle":0.0,"axis":"x","origin":[11.395469,9.402689,27.686668]},"faces":{"down":{"uv":[8.625,2.0,8.5625,2.0625],"rotation":0,"texture":"#0","tintindex":0},"east":{"uv":[8.5625,1.875,8.625,1.9375],"rotation":0,"texture":"#0","tintindex":0},"north":{"uv":[1.875,8.5625,1.9375,8.625],"rotation":0,"texture":"#0","tintindex":0},"south":{"uv":[1.9375,8.5625,2.0,8.625],"rotation":0,"texture":"#0","tintindex":0},"up":{"uv":[2.0625,8.625,2.0,8.5625],"rotation":0,"texture":"#0","tintindex":0},"west":{"uv":[8.5625,1.9375,8.625,2.0],"rotation":0,"texture":"#0","tintindex":0}}},{"name":"cube","from":[4.1954684,29.802689,3.9866667],"to":[4.7954683,31.00269,4.5866666],"rotation":{"angle":0.0,"axis":"x","origin":[11.395469,9.402689,27.686668]},"faces":{"down":{"uv":[3.3125,8.5625,3.25,8.625],"rotation":0,"texture":"#0","tintindex":0},"east":{"uv":[8.25,8.4375,8.3125,8.5625],"rotation":0,"texture":"#0","tintindex":0},"north":{"uv":[8.1875,8.4375,8.25,8.5625],"rotation":0,"texture":"#0","tintindex":0},"south":{"uv":[8.4375,8.375,8.5,8.5],"rotation":0,"texture":"#0","tintindex":0},"up":{"uv":[3.25,8.625,3.1875,8.5625],"rotation":0,"texture":"#0","tintindex":0},"west":{"uv":[0.0,8.5,0.0625,8.625],"rotation":0,"texture":"#0","tintindex":0}}},{"name":"cube","from":[10.195469,27.40269,3.9866667],"to":[10.795469,28.00269,4.5866666],"rotation":{"angle":0.0,"axis":"x","origin":[11.395469,9.402689,27.686668]},"faces":{"down":{"uv":[1.375,8.5625,1.3125,8.625],"rotation":0,"texture":"#0","tintindex":0},"east":{"uv":[8.5625,1.125,8.625,1.1875],"rotation":0,"texture":"#0","tintindex":0},"north":{"uv":[1.125,8.5625,1.1875,8.625],"rotation":0,"texture":"#0","tintindex":0},"south":{"uv":[1.1875,8.5625,1.25,8.625],"rotation":0,"texture":"#0","tintindex":0},"up":{"uv":[8.625,1.3125,8.5625,1.25],"rotation":0,"texture":"#0","tintindex":0},"west":{"uv":[8.5625,1.1875,8.625,1.25],"rotation":0,"texture":"#0","tintindex":0}}},{"name":"cube","from":[8.0954685,19.00269,2.1866665],"to":[8.0954685,30.40269,13.586667],"rotation":{"angle":0.0,"axis":"x","origin":[11.395469,9.402689,27.686668]},"faces":{"down":{"uv":[0.0,0.0,0.0,1.1875],"rotation":0,"texture":"#0","tintindex":0},"east":{"uv":[4.6875,0.0,5.8125,1.0625],"rotation":0,"texture":"#0","tintindex":0},"north":{"uv":[0.0,0.0,0.0,1.1875],"rotation":0,"texture":"#0","tintindex":0},"south":{"uv":[0.0,0.0,0.0,1.1875],"rotation":0,"texture":"#0","tintindex":0},"up":{"uv":[0.0,1.1875,0.0,0.0],"rotation":0,"texture":"#0","tintindex":0},"west":{"uv":[4.6875,0.0,5.8125,1.0625],"rotation":0,"texture":"#0","tintindex":0}}},{"name":"cube","from":[8.395469,28.602688,8.786667],"to":[8.995469,29.802689,9.386667],"rotation":{"angle":0.0,"axis":"x","origin":[11.395469,9.402689,27.686668]},"faces":{"down":{"uv":[8.625,1.8125,8.5625,1.875],"rotation":0,"texture":"#0","tintindex":0},"east":{"uv":[6.9375,8.4375,7.0,8.5625],"rotation":0,"texture":"#0","tintindex":0},"north":{"uv":[6.875,8.4375,6.9375,8.5625],"rotation":0,"texture":"#0","tintindex":0},"south":{"uv":[7.375,8.4375,7.4375,8.5625],"rotation":0,"texture":"#0","tintindex":0},"up":{"uv":[1.875,8.625,1.8125,8.5625],"rotation":0,"texture":"#0","tintindex":0},"west":{"uv":[8.4375,7.5,8.5,7.625],"rotation":0,"texture":"#0","tintindex":0}}},{"name":"cube","from":[2.9954686,31.00269,6.9866667],"to":[3.5954685,31.602688,7.586667],"rotation":{"angle":0.0,"axis":"x","origin":[11.395469,9.402689,27.686668]},"faces":{"down":{"uv":[8.625,2.5,8.5625,2.5625],"rotation":0,"texture":"#0","tintindex":0},"east":{"uv":[8.5625,2.125,8.625,2.1875],"rotation":0,"texture":"#0","tintindex":0},"north":{"uv":[8.5625,2.0625,8.625,2.125],"rotation":0,"texture":"#0","tintindex":0},"south":{"uv":[8.5625,2.1875,8.625,2.25],"rotation":0,"texture":"#0","tintindex":0},"up":{"uv":[8.625,2.375,8.5625,2.3125],"rotation":0,"texture":"#0","tintindex":0},"west":{"uv":[8.5625,2.25,8.625,2.3125],"rotation":0,"texture":"#0","tintindex":0}}},{"name":"cube","from":[2.3954687,19.00269,8.126668],"to":[13.795469,30.40269,8.126668],"rotation":{"angle":0.0,"axis":"x","origin":[11.395469,9.402689,27.686668]},"faces":{"down":{"uv":[1.1875,0.0,0.0,0.0],"rotation":0,"texture":"#0","tintindex":0},"east":{"uv":[0.0,0.0,0.0,1.1875],"rotation":0,"texture":"#0","tintindex":0},"north":{"uv":[4.6875,0.0,5.8125,1.0625],"rotation":0,"texture":"#0","tintindex":0},"south":{"uv":[4.6875,0.0,5.8125,1.0625],"rotation":0,"texture":"#0","tintindex":0},"up":{"uv":[1.1875,0.0,0.0,0.0],"rotation":0,"texture":"#0","tintindex":0},"west":{"uv":[0.0,0.0,0.0,1.1875],"rotation":0,"texture":"#0","tintindex":0}}},{"name":"cube","from":[10.795469,30.40269,9.386667],"to":[11.395469,31.602688,9.986668],"rotation":{"angle":0.0,"axis":"x","origin":[11.395469,9.402689,27.686668]},"faces":{"down":{"uv":[8.625,4.0,8.5625,4.0625],"rotation":0,"texture":"#0","tintindex":0},"east":{"uv":[0.125,8.5,0.1875,8.625],"rotation":0,"texture":"#0","tintindex":0},"north":{"uv":[0.0625,8.5,0.125,8.625],"rotation":0,"texture":"#0","tintindex":0},"south":{"uv":[0.3125,8.5,0.375,8.625],"rotation":0,"texture":"#0","tintindex":0},"up":{"uv":[8.625,4.0,8.5625,3.9375],"rotation":0,"texture":"#0","tintindex":0},"west":{"uv":[8.5,1.75,8.5625,1.875],"rotation":0,"texture":"#0","tintindex":0}}},{"name":"cube","from":[10.795469,30.40269,8.786667],"to":[11.395469,31.00269,9.386667],"rotation":{"angle":0.0,"axis":"x","origin":[11.395469,9.402689,27.686668]},"faces":{"down":{"uv":[8.625,3.5,8.5625,3.5625],"rotation":0,"texture":"#0","tintindex":0},"east":{"uv":[3.375,8.5625,3.4375,8.625],"rotation":0,"texture":"#0","tintindex":0},"north":{"uv":[3.3125,8.5625,3.375,8.625],"rotation":0,"texture":"#0","tintindex":0},"south":{"uv":[8.5625,3.375,8.625,3.4375],"rotation":0,"texture":"#0","tintindex":0},"up":{"uv":[8.625,3.5,8.5625,3.4375],"rotation":0,"texture":"#0","tintindex":0},"west":{"uv":[3.4375,8.5625,3.5,8.625],"rotation":0,"texture":"#0","tintindex":0}}},{"name":"cube","from":[7.4954686,22.36269,5.6066675],"to":[8.695469,25.602688,6.206667],"rotation":{"angle":0.0,"axis":"x","origin":[11.695469,-6.1973124,37.58667]},"faces":{"down":{"uv":[8.5,5.1875,8.375,5.25],"rotation":0,"texture":"#0","tintindex":0},"east":{"uv":[7.3125,2.5,7.375,2.84375],"rotation":0,"texture":"#0","tintindex":0},"north":{"uv":[7.75,7.375,7.875,7.71875],"rotation":0,"texture":"#0","tintindex":0},"south":{"uv":[7.75,7.75,7.875,8.09375],"rotation":0,"texture":"#0","tintindex":0},"up":{"uv":[8.5,2.5625,8.375,2.5],"rotation":0,"texture":"#0","tintindex":0},"west":{"uv":[6.375,8.0625,6.4375,8.40625],"rotation":0,"texture":"#0","tintindex":0}}},{"name":"cube","from":[7.4954686,18.822687,6.386667],"to":[8.695469,23.802689,6.9866667],"rotation":{"angle":-22.5,"axis":"x","origin":[8.0954685,21.40269,9.6866665]},"faces":{"down":{"uv":[8.125,2.875,8.0,2.9375],"rotation":0,"texture":"#0","tintindex":0},"east":{"uv":[5.0625,7.0625,5.125,7.59375],"rotation":0,"texture":"#0","tintindex":0},"north":{"uv":[3.625,6.0,3.75,6.53125],"rotation":0,"texture":"#0","tintindex":0},"south":{"uv":[7.625,0.625,7.75,1.15625],"rotation":0,"texture":"#0","tintindex":0},"up":{"uv":[7.875,7.125,7.75,7.0625],"rotation":0,"texture":"#0","tintindex":0},"west":{"uv":[5.1875,7.6875,5.25,8.21875],"rotation":0,"texture":"#0","tintindex":0}}},{"name":"cube","from":[9.715469,22.36269,7.586667],"to":[10.555469,25.602688,8.786667],"rotation":{"angle":0.0,"axis":"x","origin":[11.695469,-6.1973124,37.58667]},"faces":{"down":{"uv":[8.40625,4.4375,8.3125,4.5625],"rotation":0,"texture":"#0","tintindex":0},"east":{"uv":[0.25,7.8125,0.375,8.15625],"rotation":0,"texture":"#0","tintindex":0},"north":{"uv":[7.875,4.0,7.96875,4.34375],"rotation":0,"texture":"#0","tintindex":0},"south":{"uv":[7.875,5.6875,7.96875,6.03125],"rotation":0,"texture":"#0","tintindex":0},"up":{"uv":[4.53125,8.4375,4.4375,8.3125],"rotation":0,"texture":"#0","tintindex":0},"west":{"uv":[2.5,7.8125,2.625,8.15625],"rotation":0,"texture":"#0","tintindex":0}}},{"name":"cube","from":[8.995718,19.061434,7.586667],"to":[9.835718,23.68143,8.786667],"rotation":{"angle":-22.5,"axis":"z","origin":[6.7157183,21.101437,8.1866665]},"faces":{"down":{"uv":[4.84375,8.3125,4.75,8.4375],"rotation":0,"texture":"#0","tintindex":0},"east":{"uv":[0.5,7.75,0.625,8.21875],"rotation":0,"texture":"#0","tintindex":0},"north":{"uv":[5.75,7.75,5.84375,8.21875],"rotation":0,"texture":"#0","tintindex":0},"south":{"uv":[7.75,6.375,7.84375,6.84375],"rotation":0,"texture":"#0","tintindex":0},"up":{"uv":[8.40625,4.8125,8.3125,4.6875],"rotation":0,"texture":"#0","tintindex":0},"west":{"uv":[7.75,0.625,7.875,1.09375],"rotation":0,"texture":"#0","tintindex":0}}},{"name":"cube","from":[10.795469,23.20269,8.786667],"to":[11.395469,23.802689,9.386667],"rotation":{"angle":0.0,"axis":"x","origin":[11.395469,9.402689,27.686668]},"faces":{"down":{"uv":[8.625,3.875,8.5625,3.9375],"rotation":0,"texture":"#0","tintindex":0},"east":{"uv":[8.5625,3.625,8.625,3.6875],"rotation":0,"texture":"#0","tintindex":0},"north":{"uv":[8.5625,3.5625,8.625,3.625],"rotation":0,"texture":"#0","tintindex":0},"south":{"uv":[8.5625,3.6875,8.625,3.75],"rotation":0,"texture":"#0","tintindex":0},"up":{"uv":[8.625,3.875,8.5625,3.8125],"rotation":0,"texture":"#0","tintindex":0},"west":{"uv":[8.5625,3.75,8.625,3.8125],"rotation":0,"texture":"#0","tintindex":0}}}],"display":{"head":{"translation":[0.0,-6.4,0.0],"rotation":[0.0,0.0,0.0],"scale":[3.8095,3.8095,3.8095]}}}