{"textures":{"0":"modelengine:entity/3dtext_dungeons"},"elements":[{"name":"dungeons_0","from":[29.77988,5.433834,6.77798],"to":[31.68824,11.3709545,9.22202],"rotation":{"angle":0.0,"axis":"x","origin":[36.565163,0.1328342,8.47802]},"faces":{"down":{"uv":[9.625,11.0,9.0,11.875],"rotation":0,"texture":"#0","tintindex":0},"east":{"uv":[0.0,0.0,0.875,2.0],"rotation":0,"texture":"#0","tintindex":0},"north":{"uv":[6.5,4.5,7.125,6.5],"rotation":0,"texture":"#0","tintindex":0},"south":{"uv":[6.5,6.5,7.125,8.5],"rotation":0,"texture":"#0","tintindex":0},"up":{"uv":[11.625,6.875,11.0,6.0],"rotation":0,"texture":"#0","tintindex":0},"west":{"uv":[1.0,0.0,1.875,2.0],"rotation":0,"texture":"#0","tintindex":0}}},{"name":"dungeons_1","from":[27.447441,9.886675,6.77798],"to":[29.77988,11.3709545,9.22202],"rotation":{"angle":0.0,"axis":"x","origin":[36.565163,0.1328342,8.47802]},"faces":{"down":{"uv":[2.25,10.5,1.5,11.375],"rotation":0,"texture":"#0","tintindex":0},"east":{"uv":[11.75,10.75,12.625,11.25],"rotation":0,"texture":"#0","tintindex":0},"north":{"uv":[4.0,12.75,4.75,13.25],"rotation":0,"texture":"#0","tintindex":0},"south":{"uv":[4.75,12.75,5.5,13.25],"rotation":0,"texture":"#0","tintindex":0},"up":{"uv":[8.25,11.125,7.5,10.25],"rotation":0,"texture":"#0","tintindex":0},"west":{"uv":[11.75,11.25,12.625,11.75],"rotation":0,"texture":"#0","tintindex":0}}},{"name":"dungeons_2","from":[18.541763,5.433834,6.77798],"to":[20.450123,11.3709545,9.22202],"rotation":{"angle":0.0,"axis":"x","origin":[36.565163,0.1328342,8.47802]},"faces":{"down":{"uv":[11.625,11.0,11.0,11.875],"rotation":0,"texture":"#0","tintindex":0},"east":{"uv":[0.0,2.0,0.875,4.0],"rotation":0,"texture":"#0","tintindex":0},"north":{"uv":[3.0,6.75,3.625,8.75],"rotation":0,"texture":"#0","tintindex":0},"south":{"uv":[3.75,6.75,4.375,8.75],"rotation":0,"texture":"#0","tintindex":0},"up":{"uv":[11.625,10.875,11.0,10.0],"rotation":0,"texture":"#0","tintindex":0},"west":{"uv":[2.0,0.0,2.875,2.0],"rotation":0,"texture":"#0","tintindex":0}}},{"name":"dungeons_3","from":[14.725041,5.433834,6.77798],"to":[16.421362,11.3709545,9.22202],"rotation":{"angle":0.0,"axis":"x","origin":[36.565163,0.1328342,8.47802]},"faces":{"down":{"uv":[11.875,1.0,11.25,1.875],"rotation":0,"texture":"#0","tintindex":0},"east":{"uv":[1.0,2.0,1.875,4.0],"rotation":0,"texture":"#0","tintindex":0},"north":{"uv":[7.0,0.0,7.625,2.0],"rotation":0,"texture":"#0","tintindex":0},"south":{"uv":[7.0,2.0,7.625,4.0],"rotation":0,"texture":"#0","tintindex":0},"up":{"uv":[11.875,0.875,11.25,0.0],"rotation":0,"texture":"#0","tintindex":0},"west":{"uv":[2.0,2.0,2.875,4.0],"rotation":0,"texture":"#0","tintindex":0}}},{"name":"dungeons_4","from":[8.787921,9.886675,6.77798],"to":[13.240762,11.3709545,9.22202],"rotation":{"angle":0.0,"axis":"x","origin":[36.565163,0.1328342,8.47802]},"faces":{"down":{"uv":[4.5,5.75,3.0,6.625],"rotation":0,"texture":"#0","tintindex":0},"east":{"uv":[11.75,11.75,12.625,12.25],"rotation":0,"texture":"#0","tintindex":0},"north":{"uv":[10.0,7.0,11.5,7.5],"rotation":0,"texture":"#0","tintindex":0},"south":{"uv":[10.25,7.5,11.75,8.0],"rotation":0,"texture":"#0","tintindex":0},"up":{"uv":[6.5,6.125,5.0,5.25],"rotation":0,"texture":"#0","tintindex":0},"west":{"uv":[12.0,0.0,12.875,0.5],"rotation":0,"texture":"#0","tintindex":0}}},{"name":"dungeons_5","from":[6.031401,5.433834,6.77798],"to":[7.9397616,11.3709545,9.22202],"rotation":{"angle":0.0,"axis":"x","origin":[36.565163,0.1328342,8.47802]},"faces":{"down":{"uv":[3.625,11.25,3.0,12.125],"rotation":0,"texture":"#0","tintindex":0},"east":{"uv":[3.0,0.0,3.875,2.0],"rotation":0,"texture":"#0","tintindex":0},"north":{"uv":[7.25,4.0,7.875,6.0],"rotation":0,"texture":"#0","tintindex":0},"south":{"uv":[7.25,6.0,7.875,8.0],"rotation":0,"texture":"#0","tintindex":0},"up":{"uv":[2.875,12.125,2.25,11.25],"rotation":0,"texture":"#0","tintindex":0},"west":{"uv":[3.0,2.0,3.875,4.0],"rotation":0,"texture":"#0","tintindex":0}}},{"name":"dungeons_6","from":[3.4869213,9.886675,6.77798],"to":[6.031401,11.3709545,9.22202],"rotation":{"angle":0.0,"axis":"x","origin":[36.565163,0.1328342,8.47802]},"faces":{"down":{"uv":[1.875,9.5,1.0,10.375],"rotation":0,"texture":"#0","tintindex":0},"east":{"uv":[12.0,1.0,12.875,1.5],"rotation":0,"texture":"#0","tintindex":0},"north":{"uv":[12.0,0.5,12.875,1.0],"rotation":0,"texture":"#0","tintindex":0},"south":{"uv":[12.0,1.5,12.875,2.0],"rotation":0,"texture":"#0","tintindex":0},"up":{"uv":[0.875,10.375,0.0,9.5],"rotation":0,"texture":"#0","tintindex":0},"west":{"uv":[9.0,12.0,9.875,12.5],"rotation":0,"texture":"#0","tintindex":0}}},{"name":"dungeons_7","from":[-2.2381582,9.886675,6.77798],"to":[2.0026412,11.3709545,9.22202],"rotation":{"angle":0.0,"axis":"x","origin":[36.565163,0.1328342,8.47802]},"faces":{"down":{"uv":[9.125,1.0,7.75,1.875],"rotation":0,"texture":"#0","tintindex":0},"east":{"uv":[12.25,2.0,13.125,2.5],"rotation":0,"texture":"#0","tintindex":0},"north":{"uv":[10.25,8.0,11.625,8.5],"rotation":0,"texture":"#0","tintindex":0},"south":{"uv":[0.0,10.5,1.375,11.0],"rotation":0,"texture":"#0","tintindex":0},"up":{"uv":[9.125,0.875,7.75,0.0],"rotation":0,"texture":"#0","tintindex":0},"west":{"uv":[2.25,12.25,3.125,12.75],"rotation":0,"texture":"#0","tintindex":0}}},{"name":"dungeons_8","from":[-5.6307993,5.433834,6.77798],"to":[-3.7224388,11.3709545,9.22202],"rotation":{"angle":0.0,"axis":"x","origin":[36.565163,0.1328342,8.47802]},"faces":{"down":{"uv":[5.125,11.25,4.5,12.125],"rotation":0,"texture":"#0","tintindex":0},"east":{"uv":[0.0,4.0,0.875,6.0],"rotation":0,"texture":"#0","tintindex":0},"north":{"uv":[0.0,7.5,0.625,9.5],"rotation":0,"texture":"#0","tintindex":0},"south":{"uv":[0.75,7.5,1.375,9.5],"rotation":0,"texture":"#0","tintindex":0},"up":{"uv":[4.375,12.125,3.75,11.25],"rotation":0,"texture":"#0","tintindex":0},"west":{"uv":[4.0,0.0,4.875,2.0],"rotation":0,"texture":"#0","tintindex":0}}},{"name":"dungeons_9","from":[-9.447519,5.433834,6.77798],"to":[-7.539159,11.3709545,9.22202],"rotation":{"angle":0.0,"axis":"x","origin":[36.565163,0.1328342,8.47802]},"faces":{"down":{"uv":[6.625,11.25,6.0,12.125],"rotation":0,"texture":"#0","tintindex":0},"east":{"uv":[1.0,4.0,1.875,6.0],"rotation":0,"texture":"#0","tintindex":0},"north":{"uv":[1.5,7.5,2.125,9.5],"rotation":0,"texture":"#0","tintindex":0},"south":{"uv":[2.25,7.5,2.875,9.5],"rotation":0,"texture":"#0","tintindex":0},"up":{"uv":[5.875,12.125,5.25,11.25],"rotation":0,"texture":"#0","tintindex":0},"west":{"uv":[2.0,4.0,2.875,6.0],"rotation":0,"texture":"#0","tintindex":0}}},{"name":"dungeons_10","from":[-12.2040415,7.766274,6.77798],"to":[-10.295679,11.3709545,9.22202],"rotation":{"angle":0.0,"axis":"x","origin":[36.565163,0.1328342,8.47802]},"faces":{"down":{"uv":[8.125,11.25,7.5,12.125],"rotation":0,"texture":"#0","tintindex":0},"east":{"uv":[7.25,8.0,8.125,9.25],"rotation":0,"texture":"#0","tintindex":0},"north":{"uv":[8.25,9.25,8.875,10.5],"rotation":0,"texture":"#0","tintindex":0},"south":{"uv":[9.25,8.75,9.875,10.0],"rotation":0,"texture":"#0","tintindex":0},"up":{"uv":[7.375,12.125,6.75,11.25],"rotation":0,"texture":"#0","tintindex":0},"west":{"uv":[8.25,8.0,9.125,9.25],"rotation":0,"texture":"#0","tintindex":0}}},{"name":"dungeons_11","from":[-14.960561,9.886675,6.77798],"to":[-12.2040415,11.3709545,9.22202],"rotation":{"angle":0.0,"axis":"x","origin":[36.565163,0.1328342,8.47802]},"faces":{"down":{"uv":[10.625,2.0,9.75,2.875],"rotation":0,"texture":"#0","tintindex":0},"east":{"uv":[12.25,3.0,13.125,3.5],"rotation":0,"texture":"#0","tintindex":0},"north":{"uv":[12.25,2.5,13.125,3.0],"rotation":0,"texture":"#0","tintindex":0},"south":{"uv":[3.25,12.25,4.125,12.75],"rotation":0,"texture":"#0","tintindex":0},"up":{"uv":[2.875,10.375,2.0,9.5],"rotation":0,"texture":"#0","tintindex":0},"west":{"uv":[12.25,3.5,13.125,4.0],"rotation":0,"texture":"#0","tintindex":0}}},{"name":"dungeons_12","from":[24.266842,6.069954,6.77798],"to":[26.175201,11.344914,9.22202],"rotation":{"angle":0.0,"axis":"x","origin":[36.565163,0.1328342,8.47802]},"faces":{"down":{"uv":[12.125,2.0,11.5,2.875],"rotation":0,"texture":"#0","tintindex":0},"east":{"uv":[4.0,2.0,4.875,3.75],"rotation":0,"texture":"#0","tintindex":0},"north":{"uv":[6.5,8.5,7.125,10.25],"rotation":0,"texture":"#0","tintindex":0},"south":{"uv":[3.0,8.75,3.625,10.5],"rotation":0,"texture":"#0","tintindex":0},"up":{"uv":[2.125,12.375,1.5,11.5],"rotation":0,"texture":"#0","tintindex":0},"west":{"uv":[3.0,4.0,3.875,5.75],"rotation":0,"texture":"#0","tintindex":0}}},{"name":"dungeons_13","from":[21.086243,6.069954,6.77798],"to":[22.994602,11.344914,9.22202],"rotation":{"angle":0.0,"axis":"x","origin":[36.565163,0.1328342,8.47802]},"faces":{"down":{"uv":[12.125,4.0,11.5,4.875],"rotation":0,"texture":"#0","tintindex":0},"east":{"uv":[4.0,3.75,4.875,5.5],"rotation":0,"texture":"#0","tintindex":0},"north":{"uv":[3.75,8.75,4.375,10.5],"rotation":0,"texture":"#0","tintindex":0},"south":{"uv":[9.0,2.0,9.625,3.75],"rotation":0,"texture":"#0","tintindex":0},"up":{"uv":[12.125,3.875,11.5,3.0],"rotation":0,"texture":"#0","tintindex":0},"west":{"uv":[5.0,0.0,5.875,1.75],"rotation":0,"texture":"#0","tintindex":0}}},{"name":"dungeons_14","from":[26.811321,6.069954,6.77798],"to":[27.447441,10.734835,9.22202],"rotation":{"angle":0.0,"axis":"x","origin":[36.565163,0.1328342,8.47802]},"faces":{"down":{"uv":[3.75,13.25,3.5,14.125],"rotation":0,"texture":"#0","tintindex":0},"east":{"uv":[5.0,1.75,5.875,3.375],"rotation":0,"texture":"#0","tintindex":0},"north":{"uv":[9.25,12.5,9.5,14.125],"rotation":0,"texture":"#0","tintindex":0},"south":{"uv":[9.5,12.5,9.75,14.125],"rotation":0,"texture":"#0","tintindex":0},"up":{"uv":[3.5,14.125,3.25,13.25],"rotation":0,"texture":"#0","tintindex":0},"west":{"uv":[5.0,3.5,5.875,5.125],"rotation":0,"texture":"#0","tintindex":0}}},{"name":"dungeons_15","from":[17.693602,7.766274,6.77798],"to":[18.541763,10.522795,9.22202],"rotation":{"angle":0.0,"axis":"x","origin":[36.565163,0.1328342,8.47802]},"faces":{"down":{"uv":[4.5,13.25,4.25,14.125],"rotation":0,"texture":"#0","tintindex":0},"east":{"uv":[10.0,3.0,10.875,3.875],"rotation":0,"texture":"#0","tintindex":0},"north":{"uv":[13.25,3.5,13.5,4.375],"rotation":0,"texture":"#0","tintindex":0},"south":{"uv":[3.75,13.25,4.0,14.125],"rotation":0,"texture":"#0","tintindex":0},"up":{"uv":[4.25,14.125,4.0,13.25],"rotation":0,"texture":"#0","tintindex":0},"west":{"uv":[10.0,4.0,10.875,4.875],"rotation":0,"texture":"#0","tintindex":0}}},{"name":"dungeons_16","from":[13.240762,6.281994,6.77798],"to":[13.876883,10.522795,9.22202],"rotation":{"angle":0.0,"axis":"x","origin":[36.565163,0.1328342,8.47802]},"faces":{"down":{"uv":[13.5,4.5,13.25,5.375],"rotation":0,"texture":"#0","tintindex":0},"east":{"uv":[7.75,2.0,8.625,3.375],"rotation":0,"texture":"#0","tintindex":0},"north":{"uv":[8.75,2.0,9.0,3.375],"rotation":0,"texture":"#0","tintindex":0},"south":{"uv":[9.75,12.5,10.0,13.875],"rotation":0,"texture":"#0","tintindex":0},"up":{"uv":[4.75,14.125,4.5,13.25],"rotation":0,"texture":"#0","tintindex":0},"west":{"uv":[4.5,7.75,5.375,9.125],"rotation":0,"texture":"#0","tintindex":0}}},{"name":"dungeons_17","from":[2.0026412,6.281994,6.77798],"to":[2.6387615,10.522795,9.22202],"rotation":{"angle":0.0,"axis":"x","origin":[36.565163,0.1328342,8.47802]},"faces":{"down":{"uv":[5.25,13.25,5.0,14.125],"rotation":0,"texture":"#0","tintindex":0},"east":{"uv":[5.5,7.75,6.375,9.125],"rotation":0,"texture":"#0","tintindex":0},"north":{"uv":[7.0,12.75,7.25,14.125],"rotation":0,"texture":"#0","tintindex":0},"south":{"uv":[7.25,12.75,7.5,14.125],"rotation":0,"texture":"#0","tintindex":0},"up":{"uv":[5.0,14.125,4.75,13.25],"rotation":0,"texture":"#0","tintindex":0},"west":{"uv":[8.0,3.5,8.875,4.875],"rotation":0,"texture":"#0","tintindex":0}}},{"name":"dungeons_18","from":[-3.086319,6.281994,6.77798],"to":[-2.2381582,10.522795,9.22202],"rotation":{"angle":0.0,"axis":"x","origin":[36.565163,0.1328342,8.47802]},"faces":{"down":{"uv":[5.75,13.25,5.5,14.125],"rotation":0,"texture":"#0","tintindex":0},"east":{"uv":[8.0,5.0,8.875,6.375],"rotation":0,"texture":"#0","tintindex":0},"north":{"uv":[7.5,12.75,7.75,14.125],"rotation":0,"texture":"#0","tintindex":0},"south":{"uv":[7.75,12.75,8.0,14.125],"rotation":0,"texture":"#0","tintindex":0},"up":{"uv":[5.5,14.125,5.25,13.25],"rotation":0,"texture":"#0","tintindex":0},"west":{"uv":[8.0,6.5,8.875,7.875],"rotation":0,"texture":"#0","tintindex":0}}},{"name":"dungeons_19","from":[-6.266919,7.766274,6.77798],"to":[-5.6307993,10.522795,9.22202],"rotation":{"angle":0.0,"axis":"x","origin":[36.565163,0.1328342,8.47802]},"faces":{"down":{"uv":[6.75,13.25,6.5,14.125],"rotation":0,"texture":"#0","tintindex":0},"east":{"uv":[10.0,5.0,10.875,5.875],"rotation":0,"texture":"#0","tintindex":0},"north":{"uv":[5.75,13.25,6.0,14.125],"rotation":0,"texture":"#0","tintindex":0},"south":{"uv":[6.0,13.25,6.25,14.125],"rotation":0,"texture":"#0","tintindex":0},"up":{"uv":[6.5,14.125,6.25,13.25],"rotation":0,"texture":"#0","tintindex":0},"west":{"uv":[10.0,6.0,10.875,6.875],"rotation":0,"texture":"#0","tintindex":0}}},{"name":"dungeons_20","from":[27.447441,5.433834,6.77798],"to":[28.71968,9.886675,9.22202],"rotation":{"angle":0.0,"axis":"x","origin":[36.565163,0.1328342,8.47802]},"faces":{"down":{"uv":[13.125,10.75,12.75,11.625],"rotation":0,"texture":"#0","tintindex":0},"east":{"uv":[0.0,6.0,0.875,7.5],"rotation":0,"texture":"#0","tintindex":0},"north":{"uv":[10.0,10.75,10.375,12.25],"rotation":0,"texture":"#0","tintindex":0},"south":{"uv":[10.5,10.75,10.875,12.25],"rotation":0,"texture":"#0","tintindex":0},"up":{"uv":[13.125,8.875,12.75,8.0],"rotation":0,"texture":"#0","tintindex":0},"west":{"uv":[6.0,0.0,6.875,1.5],"rotation":0,"texture":"#0","tintindex":0}}},{"name":"dungeons_21","from":[17.057482,6.918114,6.77798],"to":[17.693602,9.886675,9.22202],"rotation":{"angle":0.0,"axis":"x","origin":[36.565163,0.1328342,8.47802]},"faces":{"down":{"uv":[13.5,8.0,13.25,8.875],"rotation":0,"texture":"#0","tintindex":0},"east":{"uv":[9.0,3.75,9.875,4.75],"rotation":0,"texture":"#0","tintindex":0},"north":{"uv":[9.75,11.0,10.0,12.0],"rotation":0,"texture":"#0","tintindex":0},"south":{"uv":[9.0,13.0,9.25,14.0],"rotation":0,"texture":"#0","tintindex":0},"up":{"uv":[7.0,14.125,6.75,13.25],"rotation":0,"texture":"#0","tintindex":0},"west":{"uv":[9.0,4.75,9.875,5.75],"rotation":0,"texture":"#0","tintindex":0}}},{"name":"dungeons_22","from":[11.968522,5.433834,6.77798],"to":[13.240762,9.886675,9.22202],"rotation":{"angle":0.0,"axis":"x","origin":[36.565163,0.1328342,8.47802]},"faces":{"down":{"uv":[12.375,12.75,12.0,13.625],"rotation":0,"texture":"#0","tintindex":0},"east":{"uv":[1.0,6.0,1.875,7.5],"rotation":0,"texture":"#0","tintindex":0},"north":{"uv":[0.0,11.0,0.375,12.5],"rotation":0,"texture":"#0","tintindex":0},"south":{"uv":[0.5,11.0,0.875,12.5],"rotation":0,"texture":"#0","tintindex":0},"up":{"uv":[11.875,13.625,11.5,12.75],"rotation":0,"texture":"#0","tintindex":0},"west":{"uv":[6.0,1.5,6.875,3.0],"rotation":0,"texture":"#0","tintindex":0}}},{"name":"dungeons_23","from":[0.94244146,5.433834,6.77798],"to":[2.0026412,9.886675,9.22202],"rotation":{"angle":0.0,"axis":"x","origin":[36.565163,0.1328342,8.47802]},"faces":{"down":{"uv":[0.375,13.0,0.0,13.875],"rotation":0,"texture":"#0","tintindex":0},"east":{"uv":[2.0,6.0,2.875,7.5],"rotation":0,"texture":"#0","tintindex":0},"north":{"uv":[1.0,11.0,1.375,12.5],"rotation":0,"texture":"#0","tintindex":0},"south":{"uv":[11.0,3.0,11.375,4.5],"rotation":0,"texture":"#0","tintindex":0},"up":{"uv":[12.875,13.625,12.5,12.75],"rotation":0,"texture":"#0","tintindex":0},"west":{"uv":[6.0,3.0,6.875,4.5],"rotation":0,"texture":"#0","tintindex":0}}},{"name":"dungeons_24","from":[-2.2381582,5.433834,6.77798],"to":[-1.177959,9.886675,9.22202],"rotation":{"angle":0.0,"axis":"x","origin":[36.565163,0.1328342,8.47802]},"faces":{"down":{"uv":[0.875,13.0,0.5,13.875],"rotation":0,"texture":"#0","tintindex":0},"east":{"uv":[4.5,6.25,5.375,7.75],"rotation":0,"texture":"#0","tintindex":0},"north":{"uv":[11.0,4.5,11.375,6.0],"rotation":0,"texture":"#0","tintindex":0},"south":{"uv":[11.0,8.5,11.375,10.0],"rotation":0,"texture":"#0","tintindex":0},"up":{"uv":[13.375,0.875,13.0,0.0],"rotation":0,"texture":"#0","tintindex":0},"west":{"uv":[5.5,6.25,6.375,7.75],"rotation":0,"texture":"#0","tintindex":0}}},{"name":"dungeons_25","from":[-7.115079,6.918114,6.77798],"to":[-6.266919,9.886675,9.22202],"rotation":{"angle":0.0,"axis":"x","origin":[36.565163,0.1328342,8.47802]},"faces":{"down":{"uv":[10.5,13.25,10.25,14.125],"rotation":0,"texture":"#0","tintindex":0},"east":{"uv":[9.0,5.75,9.875,6.75],"rotation":0,"texture":"#0","tintindex":0},"north":{"uv":[2.5,13.25,2.75,14.25],"rotation":0,"texture":"#0","tintindex":0},"south":{"uv":[13.25,2.5,13.5,3.5],"rotation":0,"texture":"#0","tintindex":0},"up":{"uv":[10.25,14.125,10.0,13.25],"rotation":0,"texture":"#0","tintindex":0},"west":{"uv":[9.0,6.75,9.875,7.75],"rotation":0,"texture":"#0","tintindex":0}}},{"name":"dungeons_26","from":[16.421362,6.281994,6.77798],"to":[17.057482,9.250555,9.22202],"rotation":{"angle":0.0,"axis":"x","origin":[36.565163,0.1328342,8.47802]},"faces":{"down":{"uv":[11.0,13.25,10.75,14.125],"rotation":0,"texture":"#0","tintindex":0},"east":{"uv":[9.25,0.0,10.125,1.0],"rotation":0,"texture":"#0","tintindex":0},"north":{"uv":[2.75,13.25,3.0,14.25],"rotation":0,"texture":"#0","tintindex":0},"south":{"uv":[3.0,13.25,3.25,14.25],"rotation":0,"texture":"#0","tintindex":0},"up":{"uv":[10.75,14.125,10.5,13.25],"rotation":0,"texture":"#0","tintindex":0},"west":{"uv":[9.25,1.0,10.125,2.0],"rotation":0,"texture":"#0","tintindex":0}}},{"name":"dungeons_27","from":[3.4869213,7.766274,6.77798],"to":[6.031401,9.250555,9.22202],"rotation":{"angle":0.0,"axis":"x","origin":[36.565163,0.1328342,8.47802]},"faces":{"down":{"uv":[9.875,10.0,9.0,10.875],"rotation":0,"texture":"#0","tintindex":0},"east":{"uv":[4.25,12.25,5.125,12.75],"rotation":0,"texture":"#0","tintindex":0},"north":{"uv":[12.25,4.0,13.125,4.5],"rotation":0,"texture":"#0","tintindex":0},"south":{"uv":[12.25,4.5,13.125,5.0],"rotation":0,"texture":"#0","tintindex":0},"up":{"uv":[10.875,9.625,10.0,8.75],"rotation":0,"texture":"#0","tintindex":0},"west":{"uv":[12.25,5.0,13.125,5.5],"rotation":0,"texture":"#0","tintindex":0}}},{"name":"dungeons_28","from":[-7.539159,6.281994,6.77798],"to":[-7.115079,9.250555,9.22202],"rotation":{"angle":0.0,"axis":"x","origin":[36.565163,0.1328342,8.47802]},"faces":{"down":{"uv":[13.625,6.0,13.5,6.875],"rotation":0,"texture":"#0","tintindex":0},"east":{"uv":[4.5,9.25,5.375,10.25],"rotation":0,"texture":"#0","tintindex":0},"north":{"uv":[13.5,2.5,13.625,3.5],"rotation":0,"texture":"#0","tintindex":0},"south":{"uv":[13.5,3.5,13.625,4.5],"rotation":0,"texture":"#0","tintindex":0},"up":{"uv":[13.625,5.375,13.5,4.5],"rotation":0,"texture":"#0","tintindex":0},"west":{"uv":[5.5,9.25,6.375,10.25],"rotation":0,"texture":"#0","tintindex":0}}},{"name":"dungeons_29","from":[-14.960561,7.766274,6.77798],"to":[-12.2040415,9.250555,9.22202],"rotation":{"angle":0.0,"axis":"x","origin":[36.565163,0.1328342,8.47802]},"faces":{"down":{"uv":[11.125,0.0,10.25,0.875],"rotation":0,"texture":"#0","tintindex":0},"east":{"uv":[12.25,5.5,13.125,6.0],"rotation":0,"texture":"#0","tintindex":0},"north":{"uv":[5.25,12.25,6.125,12.75],"rotation":0,"texture":"#0","tintindex":0},"south":{"uv":[6.25,12.25,7.125,12.75],"rotation":0,"texture":"#0","tintindex":0},"up":{"uv":[10.875,10.625,10.0,9.75],"rotation":0,"texture":"#0","tintindex":0},"west":{"uv":[7.25,12.25,8.125,12.75],"rotation":0,"texture":"#0","tintindex":0}}},{"name":"dungeons_30","from":[8.787921,5.433834,6.77798],"to":[10.272202,7.978314,9.22202],"rotation":{"angle":0.0,"axis":"x","origin":[36.565163,0.1328342,8.47802]},"faces":{"down":{"uv":[11.0,12.25,10.5,13.125],"rotation":0,"texture":"#0","tintindex":0},"east":{"uv":[10.25,1.0,11.125,1.875],"rotation":0,"texture":"#0","tintindex":0},"north":{"uv":[11.0,12.0,11.5,12.875],"rotation":0,"texture":"#0","tintindex":0},"south":{"uv":[12.25,8.25,12.75,9.125],"rotation":0,"texture":"#0","tintindex":0},"up":{"uv":[10.5,13.125,10.0,12.25],"rotation":0,"texture":"#0","tintindex":0},"west":{"uv":[4.5,10.25,5.375,11.125],"rotation":0,"texture":"#0","tintindex":0}}},{"name":"dungeons_31","from":[17.693602,6.918114,6.77798],"to":[18.117682,7.766274,9.22202],"rotation":{"angle":0.0,"axis":"x","origin":[36.565163,0.1328342,8.47802]},"faces":{"down":{"uv":[13.625,8.0,13.5,8.875],"rotation":0,"texture":"#0","tintindex":0},"east":{"uv":[4.0,5.5,4.875,5.75],"rotation":0,"texture":"#0","tintindex":0},"north":{"uv":[7.0,4.0,7.125,4.25],"rotation":0,"texture":"#0","tintindex":0},"south":{"uv":[7.0,4.25,7.125,4.5],"rotation":0,"texture":"#0","tintindex":0},"up":{"uv":[13.625,7.875,13.5,7.0],"rotation":0,"texture":"#0","tintindex":0},"west":{"uv":[12.75,9.0,13.625,9.25],"rotation":0,"texture":"#0","tintindex":0}}},{"name":"dungeons_32","from":[-6.266919,6.918114,6.77798],"to":[-6.054879,7.766274,9.22202],"rotation":{"angle":0.0,"axis":"x","origin":[36.565163,0.1328342,8.47802]},"faces":{"down":{"uv":[13.625,11.75,13.5,12.625],"rotation":0,"texture":"#0","tintindex":0},"east":{"uv":[13.25,5.5,14.125,5.75],"rotation":0,"texture":"#0","tintindex":0},"north":{"uv":[7.75,3.5,7.875,3.75],"rotation":0,"texture":"#0","tintindex":0},"south":{"uv":[7.75,3.75,7.875,4.0],"rotation":0,"texture":"#0","tintindex":0},"up":{"uv":[13.625,10.125,13.5,9.25],"rotation":0,"texture":"#0","tintindex":0},"west":{"uv":[13.25,5.75,14.125,6.0],"rotation":0,"texture":"#0","tintindex":0}}},{"name":"dungeons_33","from":[-14.960561,5.433834,6.77798],"to":[-13.264241,7.766274,9.22202],"rotation":{"angle":0.0,"axis":"x","origin":[36.565163,0.1328342,8.47802]},"faces":{"down":{"uv":[8.875,11.5,8.25,12.375],"rotation":0,"texture":"#0","tintindex":0},"east":{"uv":[2.25,10.5,3.125,11.25],"rotation":0,"texture":"#0","tintindex":0},"north":{"uv":[11.75,7.5,12.375,8.25],"rotation":0,"texture":"#0","tintindex":0},"south":{"uv":[11.75,10.0,12.375,10.75],"rotation":0,"texture":"#0","tintindex":0},"up":{"uv":[12.125,5.875,11.5,5.0],"rotation":0,"texture":"#0","tintindex":0},"west":{"uv":[3.25,10.5,4.125,11.25],"rotation":0,"texture":"#0","tintindex":0}}},{"name":"dungeons_34","from":[28.71968,5.433834,6.77798],"to":[29.77988,6.918114,9.22202],"rotation":{"angle":0.0,"axis":"x","origin":[36.565163,0.1328342,8.47802]},"faces":{"down":{"uv":[13.375,1.0,13.0,1.875],"rotation":0,"texture":"#0","tintindex":0},"east":{"uv":[11.5,12.25,12.375,12.75],"rotation":0,"texture":"#0","tintindex":0},"north":{"uv":[4.5,5.75,4.875,6.25],"rotation":0,"texture":"#0","tintindex":0},"south":{"uv":[6.0,4.5,6.375,5.0],"rotation":0,"texture":"#0","tintindex":0},"up":{"uv":[1.375,13.875,1.0,13.0],"rotation":0,"texture":"#0","tintindex":0},"west":{"uv":[0.0,12.5,0.875,13.0],"rotation":0,"texture":"#0","tintindex":0}}},{"name":"dungeons_35","from":[22.994602,5.433834,6.77798],"to":[24.266842,6.918114,9.22202],"rotation":{"angle":0.0,"axis":"x","origin":[36.565163,0.1328342,8.47802]},"faces":{"down":{"uv":[8.375,13.0,8.0,13.875],"rotation":0,"texture":"#0","tintindex":0},"east":{"uv":[1.0,12.5,1.875,13.0],"rotation":0,"texture":"#0","tintindex":0},"north":{"uv":[13.5,1.0,13.875,1.5],"rotation":0,"texture":"#0","tintindex":0},"south":{"uv":[13.5,1.5,13.875,2.0],"rotation":0,"texture":"#0","tintindex":0},"up":{"uv":[1.875,13.875,1.5,13.0],"rotation":0,"texture":"#0","tintindex":0},"west":{"uv":[12.5,6.0,13.375,6.5],"rotation":0,"texture":"#0","tintindex":0}}},{"name":"dungeons_36","from":[17.057482,6.281994,6.77798],"to":[17.269524,6.918114,9.22202],"rotation":{"angle":0.0,"axis":"x","origin":[36.565163,0.1328342,8.47802]},"faces":{"down":{"uv":[13.875,2.5,13.75,3.375],"rotation":0,"texture":"#0","tintindex":0},"east":{"uv":[13.25,10.75,14.125,11.0],"rotation":0,"texture":"#0","tintindex":0},"north":{"uv":[9.0,7.75,9.125,8.0],"rotation":0,"texture":"#0","tintindex":0},"south":{"uv":[9.0,9.25,9.125,9.5],"rotation":0,"texture":"#0","tintindex":0},"up":{"uv":[13.625,13.625,13.5,12.75],"rotation":0,"texture":"#0","tintindex":0},"west":{"uv":[13.25,11.0,14.125,11.25],"rotation":0,"texture":"#0","tintindex":0}}},{"name":"dungeons_37","from":[10.272202,5.433834,6.77798],"to":[11.968522,6.918114,9.22202],"rotation":{"angle":0.0,"axis":"x","origin":[36.565163,0.1328342,8.47802]},"faces":{"down":{"uv":[12.375,6.0,11.75,6.875],"rotation":0,"texture":"#0","tintindex":0},"east":{"uv":[12.5,6.5,13.375,7.0],"rotation":0,"texture":"#0","tintindex":0},"north":{"uv":[12.75,11.75,13.375,12.25],"rotation":0,"texture":"#0","tintindex":0},"south":{"uv":[13.25,2.0,13.875,2.5],"rotation":0,"texture":"#0","tintindex":0},"up":{"uv":[12.125,9.375,11.5,8.5],"rotation":0,"texture":"#0","tintindex":0},"west":{"uv":[12.5,7.0,13.375,7.5],"rotation":0,"texture":"#0","tintindex":0}}},{"name":"dungeons_38","from":[3.4869213,5.433834,6.77798],"to":[6.031401,6.918114,9.22202],"rotation":{"angle":0.0,"axis":"x","origin":[36.565163,0.1328342,8.47802]},"faces":{"down":{"uv":[7.375,10.25,6.5,11.125],"rotation":0,"texture":"#0","tintindex":0},"east":{"uv":[8.25,12.5,9.125,13.0],"rotation":0,"texture":"#0","tintindex":0},"north":{"uv":[12.5,7.5,13.375,8.0],"rotation":0,"texture":"#0","tintindex":0},"south":{"uv":[12.5,9.25,13.375,9.75],"rotation":0,"texture":"#0","tintindex":0},"up":{"uv":[6.375,11.125,5.5,10.25],"rotation":0,"texture":"#0","tintindex":0},"west":{"uv":[12.5,9.75,13.375,10.25],"rotation":0,"texture":"#0","tintindex":0}}},{"name":"dungeons_39","from":[-1.177959,5.433834,6.77798],"to":[0.94244146,6.918114,9.22202],"rotation":{"angle":0.0,"axis":"x","origin":[36.565163,0.1328342,8.47802]},"faces":{"down":{"uv":[11.5,2.0,10.75,2.875],"rotation":0,"texture":"#0","tintindex":0},"east":{"uv":[12.5,10.25,13.375,10.75],"rotation":0,"texture":"#0","tintindex":0},"north":{"uv":[5.5,12.75,6.25,13.25],"rotation":0,"texture":"#0","tintindex":0},"south":{"uv":[6.25,12.75,7.0,13.25],"rotation":0,"texture":"#0","tintindex":0},"up":{"uv":[9.0,11.375,8.25,10.5],"rotation":0,"texture":"#0","tintindex":0},"west":{"uv":[12.5,12.25,13.375,12.75],"rotation":0,"texture":"#0","tintindex":0}}},{"name":"dungeons_40","from":[-7.115079,6.281994,6.77798],"to":[-6.903039,6.918114,9.22202],"rotation":{"angle":0.0,"axis":"x","origin":[36.565163,0.1328342,8.47802]},"faces":{"down":{"uv":[13.875,4.5,13.75,5.375],"rotation":0,"texture":"#0","tintindex":0},"east":{"uv":[13.25,11.25,14.125,11.5],"rotation":0,"texture":"#0","tintindex":0},"north":{"uv":[9.0,9.5,9.125,9.75],"rotation":0,"texture":"#0","tintindex":0},"south":{"uv":[9.75,3.0,9.875,3.25],"rotation":0,"texture":"#0","tintindex":0},"up":{"uv":[13.875,4.375,13.75,3.5],"rotation":0,"texture":"#0","tintindex":0},"west":{"uv":[13.25,11.5,14.125,11.75],"rotation":0,"texture":"#0","tintindex":0}}},{"name":"dungeons_41","from":[-13.264241,5.433834,6.77798],"to":[-10.295679,6.918114,9.22202],"rotation":{"angle":0.0,"axis":"x","origin":[36.565163,0.1328342,8.47802]},"faces":{"down":{"uv":[10.25,7.75,9.25,8.625],"rotation":0,"texture":"#0","tintindex":0},"east":{"uv":[2.0,12.75,2.875,13.25],"rotation":0,"texture":"#0","tintindex":0},"north":{"uv":[11.5,7.0,12.5,7.5],"rotation":0,"texture":"#0","tintindex":0},"south":{"uv":[11.5,9.5,12.5,10.0],"rotation":0,"texture":"#0","tintindex":0},"up":{"uv":[8.25,10.125,7.25,9.25],"rotation":0,"texture":"#0","tintindex":0},"west":{"uv":[3.0,12.75,3.875,13.25],"rotation":0,"texture":"#0","tintindex":0}}},{"name":"dungeons_42","from":[24.266842,5.433834,6.77798],"to":[25.327042,6.069954,9.22202],"rotation":{"angle":0.0,"axis":"x","origin":[36.565163,0.1328342,8.47802]},"faces":{"down":{"uv":[11.375,13.0,11.0,13.875],"rotation":0,"texture":"#0","tintindex":0},"east":{"uv":[13.5,0.0,14.375,0.25],"rotation":0,"texture":"#0","tintindex":0},"north":{"uv":[6.0,5.0,6.375,5.25],"rotation":0,"texture":"#0","tintindex":0},"south":{"uv":[10.25,8.5,10.625,8.75],"rotation":0,"texture":"#0","tintindex":0},"up":{"uv":[8.875,13.875,8.5,13.0],"rotation":0,"texture":"#0","tintindex":0},"west":{"uv":[13.5,0.25,14.375,0.5],"rotation":0,"texture":"#0","tintindex":0}}},{"name":"dungeons_43","from":[21.934402,5.433834,6.77798],"to":[22.994602,6.069954,9.22202],"rotation":{"angle":0.0,"axis":"x","origin":[36.565163,0.1328342,8.47802]},"faces":{"down":{"uv":[2.375,13.25,2.0,14.125],"rotation":0,"texture":"#0","tintindex":0},"east":{"uv":[13.5,0.5,14.375,0.75],"rotation":0,"texture":"#0","tintindex":0},"north":{"uv":[11.75,8.25,12.125,8.5],"rotation":0,"texture":"#0","tintindex":0},"south":{"uv":[13.5,10.25,13.875,10.5],"rotation":0,"texture":"#0","tintindex":0},"up":{"uv":[13.375,13.625,13.0,12.75],"rotation":0,"texture":"#0","tintindex":0},"west":{"uv":[13.5,0.75,14.375,1.0],"rotation":0,"texture":"#0","tintindex":0}}}],"display":{"head":{"translation":[0.0,-6.4,0.0],"rotation":[0.0,0.0,0.0],"scale":[3.8095,3.8095,3.8095]}}}