{"textures":{"0":"modelengine:entity/ouldhana_tentacle"},"elements":[{"name":"cube","from":[5.0,8.0,5.0],"to":[11.0,23.0,11.0],"rotation":{"angle":0.0,"axis":"x","origin":[8.0,15.5,8.0]},"faces":{"down":{"uv":[5.125,5.0,3.875,6.25],"rotation":0,"texture":"#0","tintindex":0},"east":{"uv":[3.875,3.125,5.125,6.25],"rotation":0,"texture":"#0","tintindex":0},"north":{"uv":[6.375,3.125,5.125,0.0],"rotation":0,"texture":"#0","tintindex":0},"south":{"uv":[5.125,3.125,6.375,0.0],"rotation":0,"texture":"#0","tintindex":0},"up":{"uv":[5.125,6.25,3.875,5.0],"rotation":0,"texture":"#0","tintindex":0},"west":{"uv":[5.125,3.125,3.875,6.25],"rotation":0,"texture":"#0","tintindex":0}}}],"display":{"head":{"translation":[0.0,-6.4,0.0],"rotation":[0.0,0.0,0.0],"scale":[3.8095,3.8095,3.8095]}}}