{"textures":{"0":"modelengine:entity/ouldhana_tentacle"},"elements":[{"name":"cube","from":[5.8849998,3.199996,6.8],"to":[10.085001,21.799995,11.0],"rotation":{"angle":0.0,"axis":"x","origin":[8.0,17.899998,8.0]},"faces":{"down":{"uv":[1.75,10.25,0.875,11.125],"rotation":0,"texture":"#0","tintindex":0},"east":{"uv":[0.875,7.25,1.75,11.125],"rotation":0,"texture":"#0","tintindex":0},"north":{"uv":[2.625,7.25,1.75,11.125],"rotation":0,"texture":"#0","tintindex":0},"south":{"uv":[1.75,7.25,2.625,11.125],"rotation":0,"texture":"#0","tintindex":0},"up":{"uv":[1.75,11.125,0.875,10.25],"rotation":0,"texture":"#0","tintindex":0},"west":{"uv":[1.75,7.25,0.875,11.125],"rotation":0,"texture":"#0","tintindex":0}}},{"name":"cube","from":[7.985,14.599997,-2.2000003],"to":[8.045,32.0,16.400002],"rotation":{"angle":0.0,"axis":"x","origin":[8.0,17.899998,8.0]},"faces":{"down":{"uv":[3.75,7.25,3.625,11.125],"rotation":0,"texture":"#0","tintindex":0},"east":{"uv":[0.0,0.0,3.875,3.625],"rotation":0,"texture":"#0","tintindex":0},"north":{"uv":[3.75,7.25,3.875,10.875],"rotation":0,"texture":"#0","tintindex":0},"south":{"uv":[8.25,8.75,8.375,12.375],"rotation":0,"texture":"#0","tintindex":0},"up":{"uv":[3.625,11.125,3.5,7.25],"rotation":0,"texture":"#0","tintindex":0},"west":{"uv":[3.875,0.0,0.0,3.625],"rotation":0,"texture":"#0","tintindex":0}}}],"display":{"head":{"translation":[0.0,10.400015,0.0],"rotation":[0.0,0.0,0.0],"scale":[3.8095,3.8095,3.8095]}}}