{"textures":{"0":"modelengine:entity/mso_clam"},"elements":[{"name":"cube","from":[5.6,7.229483,5.62309],"to":[10.4,7.829483,10.42309],"rotation":{"angle":0.0,"axis":"x","origin":[5.6,6.629483,3.2230895]},"faces":{"down":{"uv":[9.0,0.0,7.0,2.0],"rotation":0,"texture":"#0","tintindex":0},"east":{"uv":[10.5,2.25,12.5,2.5],"rotation":0,"texture":"#0","tintindex":0},"north":{"uv":[10.5,2.0,12.5,2.25],"rotation":0,"texture":"#0","tintindex":0},"south":{"uv":[10.5,2.5,12.5,2.75],"rotation":0,"texture":"#0","tintindex":0},"up":{"uv":[2.0,9.0,0.0,7.0],"rotation":0,"texture":"#0","tintindex":0},"west":{"uv":[10.5,2.75,12.5,3.0],"rotation":0,"texture":"#0","tintindex":0}}},{"name":"cube","from":[3.7999997,6.629483,3.2230895],"to":[12.2,7.229483,11.62309],"rotation":{"angle":0.0,"axis":"x","origin":[3.7999997,6.629483,3.2230895]},"faces":{"down":{"uv":[3.5,3.5,0.0,7.0],"rotation":0,"texture":"#0","tintindex":0},"east":{"uv":[9.5,9.25,13.0,9.5],"rotation":0,"texture":"#0","tintindex":0},"north":{"uv":[9.5,9.0,13.0,9.25],"rotation":0,"texture":"#0","tintindex":0},"south":{"uv":[10.0,9.5,13.5,9.75],"rotation":0,"texture":"#0","tintindex":0},"up":{"uv":[3.5,3.5,0.0,0.0],"rotation":0,"texture":"#0","tintindex":0},"west":{"uv":[10.0,9.75,13.5,10.0],"rotation":0,"texture":"#0","tintindex":0}}},{"name":"cube","from":[5.3,7.229483,11.62309],"to":[10.700001,8.429483,13.42309],"rotation":{"angle":0.0,"axis":"x","origin":[5.3,6.629483,3.2230895]},"faces":{"down":{"uv":[6.5,8.5,4.25,9.25],"rotation":0,"texture":"#0","tintindex":0},"east":{"uv":[5.25,10.25,6.0,10.75],"rotation":0,"texture":"#0","tintindex":0},"north":{"uv":[9.0,1.5,11.25,2.0],"rotation":0,"texture":"#0","tintindex":0},"south":{"uv":[3.0,9.25,5.25,9.75],"rotation":0,"texture":"#0","tintindex":0},"up":{"uv":[4.25,9.25,2.0,8.5],"rotation":0,"texture":"#0","tintindex":0},"west":{"uv":[10.5,3.0,11.25,3.5],"rotation":0,"texture":"#0","tintindex":0}}},{"name":"cube inverted","from":[12.8,9.029483,11.62309],"to":[3.1999998,7.229483,2.6230893],"rotation":{"angle":0.0,"axis":"x","origin":[7.4,7.229483,7.42309]},"faces":{"down":{"uv":[15.0,7.25,11.0,3.5],"rotation":180,"texture":"#0","tintindex":0},"east":{"uv":[5.0,14.5,4.25,10.75],"rotation":90,"texture":"#0","tintindex":0},"north":{"uv":[11.0,8.75,15.0,8.0],"rotation":180,"texture":"#0","tintindex":0},"south":{"uv":[11.0,7.25,15.0,8.0],"rotation":0,"texture":"#0","tintindex":0},"up":{"uv":[13.0,14.75,9.0,11.0],"rotation":0,"texture":"#0","tintindex":0},"west":{"uv":[4.25,14.5,3.5,10.75],"rotation":270,"texture":"#0","tintindex":0}}},{"name":"cube","from":[11.0,7.229483,4.4230895],"to":[12.2,8.429483,10.42309],"rotation":{"angle":0.0,"axis":"x","origin":[3.7999997,6.629483,3.2230895]},"faces":{"down":{"uv":[2.0,9.0,1.5,11.5],"rotation":0,"texture":"#0","tintindex":0},"east":{"uv":[9.0,0.5,11.5,1.0],"rotation":0,"texture":"#0","tintindex":0},"north":{"uv":[10.5,5.5,11.0,6.0],"rotation":0,"texture":"#0","tintindex":0},"south":{"uv":[10.5,6.0,11.0,6.5],"rotation":0,"texture":"#0","tintindex":0},"up":{"uv":[1.5,11.5,1.0,9.0],"rotation":0,"texture":"#0","tintindex":0},"west":{"uv":[9.0,1.0,11.5,1.5],"rotation":0,"texture":"#0","tintindex":0}}},{"name":"cube","from":[3.1999998,7.229483,2.6230893],"to":[12.8,9.029483,11.62309],"rotation":{"angle":0.0,"axis":"x","origin":[7.4,7.229483,7.42309]},"faces":{"down":{"uv":[9.0,14.75,13.0,11.0],"rotation":0,"texture":"#0","tintindex":0},"east":{"uv":[3.5,14.5,4.25,10.75],"rotation":270,"texture":"#0","tintindex":0},"north":{"uv":[11.0,8.0,15.0,7.25],"rotation":0,"texture":"#0","tintindex":0},"south":{"uv":[11.0,8.0,15.0,8.75],"rotation":180,"texture":"#0","tintindex":0},"up":{"uv":[11.0,7.25,15.0,3.5],"rotation":180,"texture":"#0","tintindex":0},"west":{"uv":[4.25,14.5,5.0,10.75],"rotation":90,"texture":"#0","tintindex":0}}},{"name":"cube","from":[3.7999997,7.229483,3.2230895],"to":[12.2,8.429483,4.4230895],"rotation":{"angle":0.0,"axis":"x","origin":[3.7999997,6.629483,3.2230895]},"faces":{"down":{"uv":[10.5,3.0,7.0,3.5],"rotation":0,"texture":"#0","tintindex":0},"east":{"uv":[10.5,4.5,11.0,5.0],"rotation":0,"texture":"#0","tintindex":0},"north":{"uv":[2.0,7.0,5.5,7.5],"rotation":0,"texture":"#0","tintindex":0},"south":{"uv":[7.0,2.0,10.5,2.5],"rotation":0,"texture":"#0","tintindex":0},"up":{"uv":[10.5,3.0,7.0,2.5],"rotation":0,"texture":"#0","tintindex":0},"west":{"uv":[10.5,5.0,11.0,5.5],"rotation":0,"texture":"#0","tintindex":0}}},{"name":"cube","from":[3.7999997,7.229483,10.42309],"to":[12.2,8.429483,11.62309],"rotation":{"angle":0.0,"axis":"x","origin":[3.7999997,6.629483,3.2230895]},"faces":{"down":{"uv":[10.5,5.0,7.0,5.5],"rotation":0,"texture":"#0","tintindex":0},"east":{"uv":[10.5,6.5,11.0,7.0],"rotation":0,"texture":"#0","tintindex":0},"north":{"uv":[7.0,3.5,10.5,4.0],"rotation":0,"texture":"#0","tintindex":0},"south":{"uv":[7.0,4.0,10.5,4.5],"rotation":0,"texture":"#0","tintindex":0},"up":{"uv":[10.5,5.0,7.0,4.5],"rotation":0,"texture":"#0","tintindex":0},"west":{"uv":[10.5,7.0,11.0,7.5],"rotation":0,"texture":"#0","tintindex":0}}},{"name":"cube","from":[3.7999997,7.229483,4.4230895],"to":[5.0,8.429483,10.42309],"rotation":{"angle":0.0,"axis":"x","origin":[3.7999997,6.629483,3.2230895]},"faces":{"down":{"uv":[1.0,9.0,0.5,11.5],"rotation":0,"texture":"#0","tintindex":0},"east":{"uv":[6.5,8.5,9.0,9.0],"rotation":0,"texture":"#0","tintindex":0},"north":{"uv":[10.5,3.5,11.0,4.0],"rotation":0,"texture":"#0","tintindex":0},"south":{"uv":[10.5,4.0,11.0,4.5],"rotation":0,"texture":"#0","tintindex":0},"up":{"uv":[0.5,11.5,0.0,9.0],"rotation":0,"texture":"#0","tintindex":0},"west":{"uv":[9.0,0.0,11.5,0.5],"rotation":0,"texture":"#0","tintindex":0}}}],"display":{"head":{"translation":[0.0,-6.4,0.0],"rotation":[0.0,0.0,0.0],"scale":[3.8095,3.8095,3.8095]}}}