{"textures":{"0":"modelengine:entity/mso_clam"},"elements":[{"name":"cube","from":[8.0,8.9,11.6],"to":[10.4,11.3,14.0],"rotation":{"angle":0.0,"axis":"x","origin":[8.0,8.0,8.0]},"faces":{"down":{"uv":[5.0,9.75,4.0,10.75],"rotation":0,"texture":"#0","tintindex":0},"east":{"uv":[9.5,7.0,10.5,8.0],"rotation":0,"texture":"#0","tintindex":0},"north":{"uv":[5.25,9.25,6.25,10.25],"rotation":0,"texture":"#0","tintindex":0},"south":{"uv":[9.5,8.0,10.5,9.0],"rotation":0,"texture":"#0","tintindex":0},"up":{"uv":[4.0,10.75,3.0,9.75],"rotation":0,"texture":"#0","tintindex":0},"west":{"uv":[9.0,9.5,10.0,10.5],"rotation":0,"texture":"#0","tintindex":0}}}],"display":{"head":{"translation":[0.0,-6.4,0.0],"rotation":[0.0,0.0,0.0],"scale":[3.8095,3.8095,3.8095]}}}