{"textures":{"0":"modelengine:entity/ouldhana_ritual","1":"modelengine:entity/ouldhana_ritual_e"},"elements":[{"name":"candle","from":[7.2,11.7,7.7799997],"to":[8.4,13.5,7.84],"rotation":{"angle":-45.0,"axis":"y","origin":[7.7999997,12.599999,7.81]},"faces":{"down":{"uv":[5.125,4.8125,5.0,4.875],"rotation":0,"texture":"#0","tintindex":0},"east":{"uv":[5.0,4.375,5.0625,4.5625],"rotation":0,"texture":"#0","tintindex":0},"north":{"uv":[5.125,4.1875,5.0,4.375],"rotation":0,"texture":"#0","tintindex":0},"south":{"uv":[5.0,4.1875,5.125,4.375],"rotation":0,"texture":"#0","tintindex":0},"up":{"uv":[5.125,4.8125,5.0,4.75],"rotation":0,"texture":"#0","tintindex":0},"west":{"uv":[5.0,4.5625,5.0625,4.75],"rotation":0,"texture":"#0","tintindex":0}}},{"name":"candle","from":[7.2,11.7,7.7799997],"to":[8.4,13.5,7.84],"rotation":{"angle":45.0,"axis":"y","origin":[7.7999997,12.599999,7.81]},"faces":{"down":{"uv":[5.125,4.8125,5.0,4.875],"rotation":0,"texture":"#0","tintindex":0},"east":{"uv":[5.0,4.375,5.0625,4.5625],"rotation":0,"texture":"#0","tintindex":0},"north":{"uv":[5.125,4.1875,5.0,4.375],"rotation":0,"texture":"#0","tintindex":0},"south":{"uv":[5.0,4.1875,5.125,4.375],"rotation":0,"texture":"#0","tintindex":0},"up":{"uv":[5.125,4.8125,5.0,4.75],"rotation":0,"texture":"#0","tintindex":0},"west":{"uv":[5.0,4.5625,5.0625,4.75],"rotation":0,"texture":"#0","tintindex":0}}},{"name":"candle","from":[6.6000004,3.9,6.58],"to":[9.0,11.7,8.98],"rotation":{"angle":0.0,"axis":"x","origin":[7.7999997,7.8,7.7799997]},"faces":{"down":{"uv":[5.25,3.5,5.0,3.75],"rotation":0,"texture":"#0","tintindex":0},"east":{"uv":[5.0,0.25,5.25,1.0625],"rotation":0,"texture":"#0","tintindex":0},"north":{"uv":[5.0,0.25,5.25,1.0625],"rotation":0,"texture":"#0","tintindex":0},"south":{"uv":[5.25,0.25,5.0,1.0625],"rotation":0,"texture":"#0","tintindex":0},"up":{"uv":[5.25,3.75,5.0,3.5],"rotation":0,"texture":"#0","tintindex":0},"west":{"uv":[5.25,0.25,5.0,1.0625],"rotation":0,"texture":"#0","tintindex":0}}},{"name":"candle","from":[6.6000004,3.9,-13.820003],"to":[9.0,11.7,-11.420002],"rotation":{"angle":0.0,"axis":"x","origin":[7.7999997,7.8,-12.620002]},"faces":{"down":{"uv":[5.25,3.5,5.0,3.75],"rotation":0,"texture":"#0","tintindex":0},"east":{"uv":[5.0,0.25,5.25,1.0625],"rotation":0,"texture":"#0","tintindex":0},"north":{"uv":[5.0,0.25,5.25,1.0625],"rotation":0,"texture":"#0","tintindex":0},"south":{"uv":[5.25,0.25,5.0,1.0625],"rotation":0,"texture":"#0","tintindex":0},"up":{"uv":[5.25,3.75,5.0,3.5],"rotation":0,"texture":"#0","tintindex":0},"west":{"uv":[5.25,0.25,5.0,1.0625],"rotation":0,"texture":"#0","tintindex":0}}},{"name":"candle","from":[7.2,11.7,-12.620002],"to":[8.4,13.5,-12.56],"rotation":{"angle":-45.0,"axis":"y","origin":[7.7999997,12.599999,-12.59]},"faces":{"down":{"uv":[5.125,4.8125,5.0,4.875],"rotation":0,"texture":"#0","tintindex":0},"east":{"uv":[5.0,4.375,5.0625,4.5625],"rotation":0,"texture":"#0","tintindex":0},"north":{"uv":[5.125,4.1875,5.0,4.375],"rotation":0,"texture":"#0","tintindex":0},"south":{"uv":[5.0,4.1875,5.125,4.375],"rotation":0,"texture":"#0","tintindex":0},"up":{"uv":[5.125,4.8125,5.0,4.75],"rotation":0,"texture":"#0","tintindex":0},"west":{"uv":[5.0,4.5625,5.0625,4.75],"rotation":0,"texture":"#0","tintindex":0}}},{"name":"candle","from":[7.2,11.7,-12.620002],"to":[8.4,13.5,-12.56],"rotation":{"angle":45.0,"axis":"y","origin":[7.7999997,12.599999,-12.59]},"faces":{"down":{"uv":[5.125,4.8125,5.0,4.875],"rotation":0,"texture":"#0","tintindex":0},"east":{"uv":[5.0,4.375,5.0625,4.5625],"rotation":0,"texture":"#0","tintindex":0},"north":{"uv":[5.125,4.1875,5.0,4.375],"rotation":0,"texture":"#0","tintindex":0},"south":{"uv":[5.0,4.1875,5.125,4.375],"rotation":0,"texture":"#0","tintindex":0},"up":{"uv":[5.125,4.8125,5.0,4.75],"rotation":0,"texture":"#0","tintindex":0},"west":{"uv":[5.0,4.5625,5.0625,4.75],"rotation":0,"texture":"#0","tintindex":0}}},{"name":"candle","from":[19.8,11.7,24.579998],"to":[21.0,13.5,24.64],"rotation":{"angle":-45.0,"axis":"y","origin":[20.400002,12.599999,24.61]},"faces":{"down":{"uv":[5.125,4.8125,5.0,4.875],"rotation":0,"texture":"#0","tintindex":0},"east":{"uv":[5.0,4.375,5.0625,4.5625],"rotation":0,"texture":"#0","tintindex":0},"north":{"uv":[5.125,4.1875,5.0,4.375],"rotation":0,"texture":"#0","tintindex":0},"south":{"uv":[5.0,4.1875,5.125,4.375],"rotation":0,"texture":"#0","tintindex":0},"up":{"uv":[5.125,4.8125,5.0,4.75],"rotation":0,"texture":"#0","tintindex":0},"west":{"uv":[5.0,4.5625,5.0625,4.75],"rotation":0,"texture":"#0","tintindex":0}}},{"name":"candle","from":[19.8,11.7,24.579998],"to":[21.0,13.5,24.64],"rotation":{"angle":45.0,"axis":"y","origin":[20.400002,12.599999,24.61]},"faces":{"down":{"uv":[5.125,4.8125,5.0,4.875],"rotation":0,"texture":"#0","tintindex":0},"east":{"uv":[5.0,4.375,5.0625,4.5625],"rotation":0,"texture":"#0","tintindex":0},"north":{"uv":[5.125,4.1875,5.0,4.375],"rotation":0,"texture":"#0","tintindex":0},"south":{"uv":[5.0,4.1875,5.125,4.375],"rotation":0,"texture":"#0","tintindex":0},"up":{"uv":[5.125,4.8125,5.0,4.75],"rotation":0,"texture":"#0","tintindex":0},"west":{"uv":[5.0,4.5625,5.0625,4.75],"rotation":0,"texture":"#0","tintindex":0}}},{"name":"candle","from":[19.2,3.9,23.380001],"to":[21.599998,11.7,25.779999],"rotation":{"angle":0.0,"axis":"x","origin":[20.400002,7.8,24.579998]},"faces":{"down":{"uv":[5.25,3.5,5.0,3.75],"rotation":0,"texture":"#0","tintindex":0},"east":{"uv":[5.0,0.25,5.25,1.0625],"rotation":0,"texture":"#0","tintindex":0},"north":{"uv":[5.0,0.25,5.25,1.0625],"rotation":0,"texture":"#0","tintindex":0},"south":{"uv":[5.25,0.25,5.0,1.0625],"rotation":0,"texture":"#0","tintindex":0},"up":{"uv":[5.25,3.75,5.0,3.5],"rotation":0,"texture":"#0","tintindex":0},"west":{"uv":[5.25,0.25,5.0,1.0625],"rotation":0,"texture":"#0","tintindex":0}}},{"name":"candle","from":[-5.4000006,3.9,23.380001],"to":[-3.000001,11.7,25.779999],"rotation":{"angle":0.0,"axis":"x","origin":[-4.200001,7.8,24.579998]},"faces":{"down":{"uv":[5.0,3.5,5.25,3.75],"rotation":0,"texture":"#0","tintindex":0},"east":{"uv":[5.0,0.25,5.25,1.0625],"rotation":0,"texture":"#0","tintindex":0},"north":{"uv":[5.25,0.25,5.0,1.0625],"rotation":0,"texture":"#0","tintindex":0},"south":{"uv":[5.0,0.25,5.25,1.0625],"rotation":0,"texture":"#0","tintindex":0},"up":{"uv":[5.0,3.75,5.25,3.5],"rotation":0,"texture":"#0","tintindex":0},"west":{"uv":[5.25,0.25,5.0,1.0625],"rotation":0,"texture":"#0","tintindex":0}}},{"name":"candle","from":[-4.800001,11.7,24.579998],"to":[-3.6000009,13.5,24.64],"rotation":{"angle":45.0,"axis":"y","origin":[-4.200001,12.599999,24.61]},"faces":{"down":{"uv":[5.0,4.8125,5.125,4.875],"rotation":0,"texture":"#0","tintindex":0},"east":{"uv":[5.0625,4.5625,5.0,4.75],"rotation":0,"texture":"#0","tintindex":0},"north":{"uv":[5.0,4.1875,5.125,4.375],"rotation":0,"texture":"#0","tintindex":0},"south":{"uv":[5.125,4.1875,5.0,4.375],"rotation":0,"texture":"#0","tintindex":0},"up":{"uv":[5.0,4.8125,5.125,4.75],"rotation":0,"texture":"#0","tintindex":0},"west":{"uv":[5.0625,4.375,5.0,4.5625],"rotation":0,"texture":"#0","tintindex":0}}},{"name":"candle","from":[-4.800001,11.7,24.579998],"to":[-3.6000009,13.5,24.64],"rotation":{"angle":-45.0,"axis":"y","origin":[-4.200001,12.599999,24.61]},"faces":{"down":{"uv":[5.0,4.8125,5.125,4.875],"rotation":0,"texture":"#0","tintindex":0},"east":{"uv":[5.0625,4.5625,5.0,4.75],"rotation":0,"texture":"#0","tintindex":0},"north":{"uv":[5.0,4.1875,5.125,4.375],"rotation":0,"texture":"#0","tintindex":0},"south":{"uv":[5.125,4.1875,5.0,4.375],"rotation":0,"texture":"#0","tintindex":0},"up":{"uv":[5.0,4.8125,5.125,4.75],"rotation":0,"texture":"#0","tintindex":0},"west":{"uv":[5.0625,4.375,5.0,4.5625],"rotation":0,"texture":"#0","tintindex":0}}},{"name":"candle","from":[-12.0,11.7,1.7800002],"to":[-10.800001,13.5,1.8399999],"rotation":{"angle":-45.0,"axis":"y","origin":[-11.4,12.599999,1.8099998]},"faces":{"down":{"uv":[5.0,4.8125,5.125,4.875],"rotation":0,"texture":"#0","tintindex":0},"east":{"uv":[5.0625,4.5625,5.0,4.75],"rotation":0,"texture":"#0","tintindex":0},"north":{"uv":[5.0,4.1875,5.125,4.375],"rotation":0,"texture":"#0","tintindex":0},"south":{"uv":[5.125,4.1875,5.0,4.375],"rotation":0,"texture":"#0","tintindex":0},"up":{"uv":[5.0,4.8125,5.125,4.75],"rotation":0,"texture":"#0","tintindex":0},"west":{"uv":[5.0625,4.375,5.0,4.5625],"rotation":0,"texture":"#0","tintindex":0}}},{"name":"candle","from":[-12.6,3.9,0.58000016],"to":[-10.200001,11.7,2.9800003],"rotation":{"angle":0.0,"axis":"x","origin":[-11.4,7.8,1.7800002]},"faces":{"down":{"uv":[5.0,3.5,5.25,3.75],"rotation":0,"texture":"#0","tintindex":0},"east":{"uv":[5.0,0.25,5.25,1.0625],"rotation":0,"texture":"#0","tintindex":0},"north":{"uv":[5.25,0.25,5.0,1.0625],"rotation":0,"texture":"#0","tintindex":0},"south":{"uv":[5.0,0.25,5.25,1.0625],"rotation":0,"texture":"#0","tintindex":0},"up":{"uv":[5.0,3.75,5.25,3.5],"rotation":0,"texture":"#0","tintindex":0},"west":{"uv":[5.25,0.25,5.0,1.0625],"rotation":0,"texture":"#0","tintindex":0}}},{"name":"candle","from":[-12.0,11.7,1.7800002],"to":[-10.800001,13.5,1.8399999],"rotation":{"angle":45.0,"axis":"y","origin":[-11.4,12.599999,1.8099998]},"faces":{"down":{"uv":[5.0,4.8125,5.125,4.875],"rotation":0,"texture":"#0","tintindex":0},"east":{"uv":[5.0625,4.5625,5.0,4.75],"rotation":0,"texture":"#0","tintindex":0},"north":{"uv":[5.0,4.1875,5.125,4.375],"rotation":0,"texture":"#0","tintindex":0},"south":{"uv":[5.125,4.1875,5.0,4.375],"rotation":0,"texture":"#0","tintindex":0},"up":{"uv":[5.0,4.8125,5.125,4.75],"rotation":0,"texture":"#0","tintindex":0},"west":{"uv":[5.0625,4.375,5.0,4.5625],"rotation":0,"texture":"#0","tintindex":0}}},{"name":"candle","from":[27.0,11.7,1.7800002],"to":[28.2,13.5,1.8399999],"rotation":{"angle":45.0,"axis":"y","origin":[27.600002,12.599999,1.8099998]},"faces":{"down":{"uv":[5.125,4.8125,5.0,4.875],"rotation":0,"texture":"#0","tintindex":0},"east":{"uv":[5.0,4.375,5.0625,4.5625],"rotation":0,"texture":"#0","tintindex":0},"north":{"uv":[5.125,4.1875,5.0,4.375],"rotation":0,"texture":"#0","tintindex":0},"south":{"uv":[5.0,4.1875,5.125,4.375],"rotation":0,"texture":"#0","tintindex":0},"up":{"uv":[5.125,4.8125,5.0,4.75],"rotation":0,"texture":"#0","tintindex":0},"west":{"uv":[5.0,4.5625,5.0625,4.75],"rotation":0,"texture":"#0","tintindex":0}}},{"name":"candle","from":[26.399998,3.9,0.58000016],"to":[28.800003,11.7,2.9800003],"rotation":{"angle":0.0,"axis":"x","origin":[27.600002,7.8,1.7800002]},"faces":{"down":{"uv":[5.25,3.5,5.0,3.75],"rotation":0,"texture":"#0","tintindex":0},"east":{"uv":[5.0,0.25,5.25,1.0625],"rotation":0,"texture":"#0","tintindex":0},"north":{"uv":[5.0,0.25,5.25,1.0625],"rotation":0,"texture":"#0","tintindex":0},"south":{"uv":[5.25,0.25,5.0,1.0625],"rotation":0,"texture":"#0","tintindex":0},"up":{"uv":[5.25,3.75,5.0,3.5],"rotation":0,"texture":"#0","tintindex":0},"west":{"uv":[5.25,0.25,5.0,1.0625],"rotation":0,"texture":"#0","tintindex":0}}},{"name":"candle","from":[27.0,11.7,1.7800002],"to":[28.2,13.5,1.8399999],"rotation":{"angle":-45.0,"axis":"y","origin":[27.600002,12.599999,1.8099998]},"faces":{"down":{"uv":[5.125,4.8125,5.0,4.875],"rotation":0,"texture":"#0","tintindex":0},"east":{"uv":[5.0,4.375,5.0625,4.5625],"rotation":0,"texture":"#0","tintindex":0},"north":{"uv":[5.125,4.1875,5.0,4.375],"rotation":0,"texture":"#0","tintindex":0},"south":{"uv":[5.0,4.1875,5.125,4.375],"rotation":0,"texture":"#0","tintindex":0},"up":{"uv":[5.125,4.8125,5.0,4.75],"rotation":0,"texture":"#0","tintindex":0},"west":{"uv":[5.0,4.5625,5.0625,4.75],"rotation":0,"texture":"#0","tintindex":0}}}],"display":{"head":{"translation":[0.0,-6.4,0.0],"rotation":[0.0,0.0,0.0],"scale":[3.8095,3.8095,3.8095]}}}