{"textures":{"0":"modelengine:entity/ouldhana_ritual","1":"modelengine:entity/ouldhana_ritual_e"},"elements":[{"name":"cube","from":[-16.0,7.97,-16.0],"to":[32.0,8.030001,32.0],"rotation":{"angle":0.0,"axis":"x","origin":[8.0,8.0,8.0]},"faces":{"down":{"uv":[5.0,0.0,0.0,5.0],"rotation":0,"texture":"#0","tintindex":0},"east":{"uv":[5.0,0.0625,10.0,0.125],"rotation":0,"texture":"#0","tintindex":0},"north":{"uv":[5.0,0.0,10.0,0.0625],"rotation":0,"texture":"#0","tintindex":0},"south":{"uv":[5.0,0.125,10.0,0.1875],"rotation":0,"texture":"#0","tintindex":0},"up":{"uv":[5.0,5.0,0.0,0.0],"rotation":0,"texture":"#0","tintindex":0},"west":{"uv":[5.0,0.1875,10.0,0.25],"rotation":0,"texture":"#0","tintindex":0}}}],"display":{"head":{"translation":[0.0,-6.4,0.0],"rotation":[0.0,0.0,0.0],"scale":[3.8095,3.8095,3.8095]}}}