{"textures":{"0":"modelengine:entity/3dtext_spleef"},"elements":[{"name":"spleef_0","from":[21.87841,7.238068,6.9875],"to":[23.903412,11.063068,9.0125],"rotation":{"angle":0.0,"axis":"x","origin":[7.4784093,7.909318,7.7]},"faces":{"down":{"uv":[11.375,4.75,10.5,5.625],"rotation":0,"texture":"#0","tintindex":0},"east":{"uv":[7.0,0.0,7.875,1.625],"rotation":0,"texture":"#0","tintindex":0},"north":{"uv":[6.0,5.5,6.875,7.125],"rotation":0,"texture":"#0","tintindex":0},"south":{"uv":[7.0,1.75,7.875,3.375],"rotation":0,"texture":"#0","tintindex":0},"up":{"uv":[11.375,4.625,10.5,3.75],"rotation":0,"texture":"#0","tintindex":0},"west":{"uv":[7.0,3.5,7.875,5.125],"rotation":0,"texture":"#0","tintindex":0}}},{"name":"spleef_1","from":[18.95341,9.488069,6.9875],"to":[21.87841,11.063068,9.0125],"rotation":{"angle":0.0,"axis":"x","origin":[7.4784093,7.909318,7.7]},"faces":{"down":{"uv":[9.25,4.5,8.0,5.375],"rotation":0,"texture":"#0","tintindex":0},"east":{"uv":[11.75,0.75,12.625,1.375],"rotation":0,"texture":"#0","tintindex":0},"north":{"uv":[5.0,9.75,6.25,10.375],"rotation":0,"texture":"#0","tintindex":0},"south":{"uv":[9.75,9.25,11.0,9.875],"rotation":0,"texture":"#0","tintindex":0},"up":{"uv":[9.25,4.375,8.0,3.5],"rotation":0,"texture":"#0","tintindex":0},"west":{"uv":[11.75,1.5,12.625,2.125],"rotation":0,"texture":"#0","tintindex":0}}},{"name":"spleef_2","from":[16.02841,4.763068,6.9875],"to":[18.05341,11.063068,9.0125],"rotation":{"angle":0.0,"axis":"x","origin":[7.4784093,7.909318,7.7]},"faces":{"down":{"uv":[11.375,5.75,10.5,6.625],"rotation":0,"texture":"#0","tintindex":0},"east":{"uv":[1.0,0.0,1.875,2.625],"rotation":0,"texture":"#0","tintindex":0},"north":{"uv":[0.0,0.0,0.875,2.625],"rotation":0,"texture":"#0","tintindex":0},"south":{"uv":[2.0,0.0,2.875,2.625],"rotation":0,"texture":"#0","tintindex":0},"up":{"uv":[5.875,11.375,5.0,10.5],"rotation":0,"texture":"#0","tintindex":0},"west":{"uv":[0.0,2.75,0.875,5.375],"rotation":0,"texture":"#0","tintindex":0}}},{"name":"spleef_3","from":[13.10341,9.713068,6.9875],"to":[16.02841,11.063068,9.0125],"rotation":{"angle":0.0,"axis":"x","origin":[7.4784093,7.909318,7.7]},"faces":{"down":{"uv":[9.25,6.5,8.0,7.375],"rotation":0,"texture":"#0","tintindex":0},"east":{"uv":[11.75,2.25,12.625,2.875],"rotation":0,"texture":"#0","tintindex":0},"north":{"uv":[9.75,10.0,11.0,10.625],"rotation":0,"texture":"#0","tintindex":0},"south":{"uv":[0.0,10.25,1.25,10.875],"rotation":0,"texture":"#0","tintindex":0},"up":{"uv":[9.25,6.375,8.0,5.5],"rotation":0,"texture":"#0","tintindex":0},"west":{"uv":[11.75,3.0,12.625,3.625],"rotation":0,"texture":"#0","tintindex":0}}},{"name":"spleef_4","from":[10.40341,4.763068,6.9875],"to":[12.42841,11.063068,9.0125],"rotation":{"angle":0.0,"axis":"x","origin":[7.4784093,7.909318,7.7]},"faces":{"down":{"uv":[11.375,6.75,10.5,7.625],"rotation":0,"texture":"#0","tintindex":0},"east":{"uv":[2.0,2.75,2.875,5.375],"rotation":0,"texture":"#0","tintindex":0},"north":{"uv":[1.0,2.75,1.875,5.375],"rotation":0,"texture":"#0","tintindex":0},"south":{"uv":[3.0,0.0,3.875,2.625],"rotation":0,"texture":"#0","tintindex":0},"up":{"uv":[6.875,11.375,6.0,10.5],"rotation":0,"texture":"#0","tintindex":0},"west":{"uv":[3.0,2.75,3.875,5.375],"rotation":0,"texture":"#0","tintindex":0}}},{"name":"spleef_5","from":[4.778409,4.763068,6.9875],"to":[6.803409,11.063068,9.0125],"rotation":{"angle":0.0,"axis":"x","origin":[7.4784093,7.909318,7.7]},"faces":{"down":{"uv":[11.625,0.75,10.75,1.625],"rotation":0,"texture":"#0","tintindex":0},"east":{"uv":[4.0,2.75,4.875,5.375],"rotation":0,"texture":"#0","tintindex":0},"north":{"uv":[4.0,0.0,4.875,2.625],"rotation":0,"texture":"#0","tintindex":0},"south":{"uv":[5.0,0.0,5.875,2.625],"rotation":0,"texture":"#0","tintindex":0},"up":{"uv":[7.875,11.375,7.0,10.5],"rotation":0,"texture":"#0","tintindex":0},"west":{"uv":[5.0,2.75,5.875,5.375],"rotation":0,"texture":"#0","tintindex":0}}},{"name":"spleef_6","from":[2.078409,9.488069,6.9875],"to":[4.778409,11.063068,9.0125],"rotation":{"angle":0.0,"axis":"x","origin":[7.4784093,7.909318,7.7]},"faces":{"down":{"uv":[6.125,8.75,5.0,9.625],"rotation":0,"texture":"#0","tintindex":0},"east":{"uv":[11.75,7.5,12.625,8.125],"rotation":0,"texture":"#0","tintindex":0},"north":{"uv":[10.5,7.75,11.625,8.375],"rotation":0,"texture":"#0","tintindex":0},"south":{"uv":[8.0,11.0,9.125,11.625],"rotation":0,"texture":"#0","tintindex":0},"up":{"uv":[9.375,9.375,8.25,8.5],"rotation":0,"texture":"#0","tintindex":0},"west":{"uv":[7.75,11.75,8.625,12.375],"rotation":0,"texture":"#0","tintindex":0}}},{"name":"spleef_7","from":[-0.846591,4.763068,6.9875],"to":[1.1784089,11.063068,9.0125],"rotation":{"angle":0.0,"axis":"x","origin":[7.4784093,7.909318,7.7]},"faces":{"down":{"uv":[10.375,10.75,9.5,11.625],"rotation":0,"texture":"#0","tintindex":0},"east":{"uv":[1.0,5.5,1.875,8.125],"rotation":0,"texture":"#0","tintindex":0},"north":{"uv":[0.0,5.5,0.875,8.125],"rotation":0,"texture":"#0","tintindex":0},"south":{"uv":[2.0,5.5,2.875,8.125],"rotation":0,"texture":"#0","tintindex":0},"up":{"uv":[11.625,2.625,10.75,1.75],"rotation":0,"texture":"#0","tintindex":0},"west":{"uv":[3.0,5.5,3.875,8.125],"rotation":0,"texture":"#0","tintindex":0}}},{"name":"spleef_8","from":[-3.5465913,9.488069,6.9875],"to":[-0.846591,11.063068,9.0125],"rotation":{"angle":0.0,"axis":"x","origin":[7.4784093,7.909318,7.7]},"faces":{"down":{"uv":[1.125,9.25,0.0,10.125],"rotation":0,"texture":"#0","tintindex":0},"east":{"uv":[8.75,11.75,9.625,12.375],"rotation":0,"texture":"#0","tintindex":0},"north":{"uv":[11.0,8.5,12.125,9.125],"rotation":0,"texture":"#0","tintindex":0},"south":{"uv":[11.0,9.25,12.125,9.875],"rotation":0,"texture":"#0","tintindex":0},"up":{"uv":[10.125,0.875,9.0,0.0],"rotation":0,"texture":"#0","tintindex":0},"west":{"uv":[9.75,11.75,10.625,12.375],"rotation":0,"texture":"#0","tintindex":0}}},{"name":"spleef_9","from":[-6.471591,4.763068,6.9875],"to":[-4.4465914,11.063068,9.0125],"rotation":{"angle":0.0,"axis":"x","origin":[7.4784093,7.909318,7.7]},"faces":{"down":{"uv":[0.875,11.0,0.0,11.875],"rotation":0,"texture":"#0","tintindex":0},"east":{"uv":[5.0,5.5,5.875,8.125],"rotation":0,"texture":"#0","tintindex":0},"north":{"uv":[4.0,5.5,4.875,8.125],"rotation":0,"texture":"#0","tintindex":0},"south":{"uv":[6.0,0.0,6.875,2.625],"rotation":0,"texture":"#0","tintindex":0},"up":{"uv":[11.375,11.625,10.5,10.75],"rotation":0,"texture":"#0","tintindex":0},"west":{"uv":[6.0,2.75,6.875,5.375],"rotation":0,"texture":"#0","tintindex":0}}},{"name":"spleef_10","from":[-9.396591,9.488069,6.9875],"to":[-6.471591,11.063068,9.0125],"rotation":{"angle":0.0,"axis":"x","origin":[7.4784093,7.909318,7.7]},"faces":{"down":{"uv":[1.25,8.25,0.0,9.125],"rotation":0,"texture":"#0","tintindex":0},"east":{"uv":[0.0,12.0,0.875,12.625],"rotation":0,"texture":"#0","tintindex":0},"north":{"uv":[10.25,0.0,11.5,0.625],"rotation":0,"texture":"#0","tintindex":0},"south":{"uv":[1.25,10.25,2.5,10.875],"rotation":0,"texture":"#0","tintindex":0},"up":{"uv":[9.25,8.375,8.0,7.5],"rotation":0,"texture":"#0","tintindex":0},"west":{"uv":[1.0,12.0,1.875,12.625],"rotation":0,"texture":"#0","tintindex":0}}},{"name":"spleef_11","from":[13.10341,6.5630684,6.9875],"to":[15.128409,9.713068,9.0125],"rotation":{"angle":0.0,"axis":"x","origin":[7.4784093,7.909318,7.7]},"faces":{"down":{"uv":[2.875,11.0,2.0,11.875],"rotation":0,"texture":"#0","tintindex":0},"east":{"uv":[7.0,6.75,7.875,8.125],"rotation":0,"texture":"#0","tintindex":0},"north":{"uv":[7.0,5.25,7.875,6.625],"rotation":0,"texture":"#0","tintindex":0},"south":{"uv":[6.0,7.25,6.875,8.625],"rotation":0,"texture":"#0","tintindex":0},"up":{"uv":[1.875,11.875,1.0,11.0],"rotation":0,"texture":"#0","tintindex":0},"west":{"uv":[8.0,0.0,8.875,1.375],"rotation":0,"texture":"#0","tintindex":0}}},{"name":"spleef_12","from":[18.95341,7.238068,6.9875],"to":[21.87841,8.813068,9.0125],"rotation":{"angle":0.0,"axis":"x","origin":[7.4784093,7.909318,7.7]},"faces":{"down":{"uv":[3.75,8.25,2.5,9.125],"rotation":0,"texture":"#0","tintindex":0},"east":{"uv":[2.0,12.0,2.875,12.625],"rotation":0,"texture":"#0","tintindex":0},"north":{"uv":[2.5,10.25,3.75,10.875],"rotation":0,"texture":"#0","tintindex":0},"south":{"uv":[3.75,10.25,5.0,10.875],"rotation":0,"texture":"#0","tintindex":0},"up":{"uv":[2.5,9.125,1.25,8.25],"rotation":0,"texture":"#0","tintindex":0},"west":{"uv":[3.0,12.0,3.875,12.625],"rotation":0,"texture":"#0","tintindex":0}}},{"name":"spleef_13","from":[2.078409,7.238068,6.9875],"to":[4.778409,8.813068,9.0125],"rotation":{"angle":0.0,"axis":"x","origin":[7.4784093,7.909318,7.7]},"faces":{"down":{"uv":[3.625,9.25,2.5,10.125],"rotation":0,"texture":"#0","tintindex":0},"east":{"uv":[4.0,12.25,4.875,12.875],"rotation":0,"texture":"#0","tintindex":0},"north":{"uv":[11.0,10.0,12.125,10.625],"rotation":0,"texture":"#0","tintindex":0},"south":{"uv":[11.5,0.0,12.625,0.625],"rotation":0,"texture":"#0","tintindex":0},"up":{"uv":[2.375,10.125,1.25,9.25],"rotation":0,"texture":"#0","tintindex":0},"west":{"uv":[5.0,12.25,5.875,12.875],"rotation":0,"texture":"#0","tintindex":0}}},{"name":"spleef_14","from":[-3.5465913,7.238068,6.9875],"to":[-0.846591,8.813068,9.0125],"rotation":{"angle":0.0,"axis":"x","origin":[7.4784093,7.909318,7.7]},"faces":{"down":{"uv":[4.875,9.25,3.75,10.125],"rotation":0,"texture":"#0","tintindex":0},"east":{"uv":[6.0,12.25,6.875,12.875],"rotation":0,"texture":"#0","tintindex":0},"north":{"uv":[11.5,3.75,12.625,4.375],"rotation":0,"texture":"#0","tintindex":0},"south":{"uv":[4.5,11.5,5.625,12.125],"rotation":0,"texture":"#0","tintindex":0},"up":{"uv":[10.375,4.375,9.25,3.5],"rotation":0,"texture":"#0","tintindex":0},"west":{"uv":[12.25,8.25,13.125,8.875],"rotation":0,"texture":"#0","tintindex":0}}},{"name":"spleef_15","from":[-9.396591,7.238068,6.9875],"to":[-6.471591,8.813068,9.0125],"rotation":{"angle":0.0,"axis":"x","origin":[7.4784093,7.909318,7.7]},"faces":{"down":{"uv":[8.25,8.5,7.0,9.375],"rotation":0,"texture":"#0","tintindex":0},"east":{"uv":[12.25,9.0,13.125,9.625],"rotation":0,"texture":"#0","tintindex":0},"north":{"uv":[8.25,10.25,9.5,10.875],"rotation":0,"texture":"#0","tintindex":0},"south":{"uv":[10.5,3.0,11.75,3.625],"rotation":0,"texture":"#0","tintindex":0},"up":{"uv":[5.0,9.125,3.75,8.25],"rotation":0,"texture":"#0","tintindex":0},"west":{"uv":[12.25,9.75,13.125,10.375],"rotation":0,"texture":"#0","tintindex":0}}},{"name":"spleef_16","from":[15.128409,6.5630684,6.9875],"to":[16.02841,8.138068,9.0125],"rotation":{"angle":0.0,"axis":"x","origin":[7.4784093,7.909318,7.7]},"faces":{"down":{"uv":[1.875,12.75,1.5,13.625],"rotation":0,"texture":"#0","tintindex":0},"east":{"uv":[12.25,11.5,13.125,12.125],"rotation":0,"texture":"#0","tintindex":0},"north":{"uv":[6.25,8.75,6.625,9.375],"rotation":0,"texture":"#0","tintindex":0},"south":{"uv":[10.75,11.75,11.125,12.375],"rotation":0,"texture":"#0","tintindex":0},"up":{"uv":[1.375,13.625,1.0,12.75],"rotation":0,"texture":"#0","tintindex":0},"west":{"uv":[12.25,12.25,13.125,12.875],"rotation":0,"texture":"#0","tintindex":0}}},{"name":"spleef_17","from":[18.95341,4.763068,6.9875],"to":[20.75341,7.238068,9.0125],"rotation":{"angle":0.0,"axis":"x","origin":[7.4784093,7.909318,7.7]},"faces":{"down":{"uv":[12.25,11.5,11.5,12.375],"rotation":0,"texture":"#0","tintindex":0},"east":{"uv":[6.25,9.5,7.125,10.5],"rotation":0,"texture":"#0","tintindex":0},"north":{"uv":[3.0,11.0,3.75,12.0],"rotation":0,"texture":"#0","tintindex":0},"south":{"uv":[3.75,11.0,4.5,12.0],"rotation":0,"texture":"#0","tintindex":0},"up":{"uv":[7.75,12.375,7.0,11.5],"rotation":0,"texture":"#0","tintindex":0},"west":{"uv":[7.25,9.5,8.125,10.5],"rotation":0,"texture":"#0","tintindex":0}}},{"name":"spleef_18","from":[20.75341,4.763068,6.9875],"to":[23.903412,6.338068,9.0125],"rotation":{"angle":0.0,"axis":"x","origin":[7.4784093,7.909318,7.7]},"faces":{"down":{"uv":[9.375,2.5,8.0,3.375],"rotation":0,"texture":"#0","tintindex":0},"east":{"uv":[7.0,12.5,7.875,13.125],"rotation":0,"texture":"#0","tintindex":0},"north":{"uv":[8.25,9.5,9.625,10.125],"rotation":0,"texture":"#0","tintindex":0},"south":{"uv":[9.5,8.5,10.875,9.125],"rotation":0,"texture":"#0","tintindex":0},"up":{"uv":[9.375,2.375,8.0,1.5],"rotation":0,"texture":"#0","tintindex":0},"west":{"uv":[8.0,12.5,8.875,13.125],"rotation":0,"texture":"#0","tintindex":0}}},{"name":"spleef_19","from":[7.703409,4.763068,6.9875],"to":[10.40341,6.338068,9.0125],"rotation":{"angle":0.0,"axis":"x","origin":[7.4784093,7.909318,7.7]},"faces":{"down":{"uv":[10.375,5.5,9.25,6.375],"rotation":0,"texture":"#0","tintindex":0},"east":{"uv":[9.0,12.5,9.875,13.125],"rotation":0,"texture":"#0","tintindex":0},"north":{"uv":[11.5,4.5,12.625,5.125],"rotation":0,"texture":"#0","tintindex":0},"south":{"uv":[11.5,5.25,12.625,5.875],"rotation":0,"texture":"#0","tintindex":0},"up":{"uv":[10.375,5.375,9.25,4.5],"rotation":0,"texture":"#0","tintindex":0},"west":{"uv":[10.0,12.5,10.875,13.125],"rotation":0,"texture":"#0","tintindex":0}}},{"name":"spleef_20","from":[2.078409,4.763068,6.9875],"to":[4.778409,6.338068,9.0125],"rotation":{"angle":0.0,"axis":"x","origin":[7.4784093,7.909318,7.7]},"faces":{"down":{"uv":[10.375,7.5,9.25,8.375],"rotation":0,"texture":"#0","tintindex":0},"east":{"uv":[11.0,12.5,11.875,13.125],"rotation":0,"texture":"#0","tintindex":0},"north":{"uv":[5.75,11.5,6.875,12.125],"rotation":0,"texture":"#0","tintindex":0},"south":{"uv":[11.5,6.0,12.625,6.625],"rotation":0,"texture":"#0","tintindex":0},"up":{"uv":[10.375,7.375,9.25,6.5],"rotation":0,"texture":"#0","tintindex":0},"west":{"uv":[0.0,12.75,0.875,13.375],"rotation":0,"texture":"#0","tintindex":0}}},{"name":"spleef_21","from":[-3.5465913,4.763068,6.9875],"to":[-0.846591,6.338068,9.0125],"rotation":{"angle":0.0,"axis":"x","origin":[7.4784093,7.909318,7.7]},"faces":{"down":{"uv":[10.625,2.0,9.5,2.875],"rotation":0,"texture":"#0","tintindex":0},"east":{"uv":[12.75,0.0,13.625,0.625],"rotation":0,"texture":"#0","tintindex":0},"north":{"uv":[11.5,6.75,12.625,7.375],"rotation":0,"texture":"#0","tintindex":0},"south":{"uv":[11.5,10.75,12.625,11.375],"rotation":0,"texture":"#0","tintindex":0},"up":{"uv":[10.625,1.875,9.5,1.0],"rotation":0,"texture":"#0","tintindex":0},"west":{"uv":[12.75,0.75,13.625,1.375],"rotation":0,"texture":"#0","tintindex":0}}}],"display":{"head":{"translation":[0.0,-6.4,0.0],"rotation":[0.0,0.0,0.0],"scale":[3.8095,3.8095,3.8095]}}}