{"textures":{"0":"modelengine:entity/dungeon_pillory"},"elements":[{"name":"cube","from":[7.4,16.400002,-0.40000033],"to":[8.6,21.2,2.6],"rotation":{"angle":0.0,"axis":"x","origin":[8.6,8.0,8.0]},"faces":{"down":{"uv":[8.5,4.75,8.0,6.0],"rotation":0,"texture":"#0","tintindex":0},"east":{"uv":[2.0,4.5,3.25,6.5],"rotation":0,"texture":"#0","tintindex":0},"north":{"uv":[6.0,6.5,6.5,8.5],"rotation":0,"texture":"#0","tintindex":0},"south":{"uv":[6.5,6.5,7.0,8.5],"rotation":0,"texture":"#0","tintindex":0},"up":{"uv":[4.0,9.0,3.5,7.75],"rotation":0,"texture":"#0","tintindex":0},"west":{"uv":[3.25,5.0,4.5,7.0],"rotation":0,"texture":"#0","tintindex":0}}},{"name":"cube","from":[6.8,9.2,14.6],"to":[9.2,20.0,15.8],"rotation":{"angle":0.0,"axis":"x","origin":[8.6,8.0,8.0]},"faces":{"down":{"uv":[9.0,6.5,8.0,7.0],"rotation":0,"texture":"#0","tintindex":0},"east":{"uv":[4.5,5.0,5.0,9.5],"rotation":0,"texture":"#0","tintindex":0},"north":{"uv":[2.0,0.0,3.0,4.5],"rotation":0,"texture":"#0","tintindex":0},"south":{"uv":[3.0,0.0,4.0,4.5],"rotation":0,"texture":"#0","tintindex":0},"up":{"uv":[9.0,6.5,8.0,6.0],"rotation":0,"texture":"#0","tintindex":0},"west":{"uv":[5.0,5.0,5.5,9.5],"rotation":0,"texture":"#0","tintindex":0}}},{"name":"cube","from":[6.8,8.0,-0.40000033],"to":[9.2,9.2,16.400002],"rotation":{"angle":0.0,"axis":"x","origin":[8.6,8.0,8.0]},"faces":{"down":{"uv":[2.0,0.0,1.0,7.0],"rotation":0,"texture":"#0","tintindex":0},"east":{"uv":[4.0,0.0,11.0,0.5],"rotation":0,"texture":"#0","tintindex":0},"north":{"uv":[7.0,8.0,8.0,8.5],"rotation":0,"texture":"#0","tintindex":0},"south":{"uv":[8.0,7.0,9.0,7.5],"rotation":0,"texture":"#0","tintindex":0},"up":{"uv":[1.0,7.0,0.0,0.0],"rotation":0,"texture":"#0","tintindex":0},"west":{"uv":[4.0,0.5,11.0,1.0],"rotation":0,"texture":"#0","tintindex":0}}},{"name":"cube","from":[8.6,11.0,14.3],"to":[13.400001,12.2,16.1],"rotation":{"angle":-45.0,"axis":"z","origin":[8.9,11.6,13.7]},"faces":{"down":{"uv":[8.5,2.75,6.5,3.5],"rotation":0,"texture":"#0","tintindex":0},"east":{"uv":[3.25,4.5,4.0,5.0],"rotation":0,"texture":"#0","tintindex":0},"north":{"uv":[6.5,3.5,8.5,4.0],"rotation":0,"texture":"#0","tintindex":0},"south":{"uv":[6.5,4.0,8.5,4.5],"rotation":0,"texture":"#0","tintindex":0},"up":{"uv":[8.5,2.75,6.5,2.0],"rotation":0,"texture":"#0","tintindex":0},"west":{"uv":[8.5,4.0,9.25,4.5],"rotation":0,"texture":"#0","tintindex":0}}},{"name":"cube","from":[7.4,16.400002,13.400001],"to":[8.6,21.2,16.400002],"rotation":{"angle":0.0,"axis":"x","origin":[8.6,8.0,8.0]},"faces":{"down":{"uv":[7.5,5.25,7.0,6.5],"rotation":0,"texture":"#0","tintindex":0},"east":{"uv":[4.0,1.0,5.25,3.0],"rotation":0,"texture":"#0","tintindex":0},"north":{"uv":[6.5,4.5,7.0,6.5],"rotation":0,"texture":"#0","tintindex":0},"south":{"uv":[5.5,6.5,6.0,8.5],"rotation":0,"texture":"#0","tintindex":0},"up":{"uv":[4.5,8.25,4.0,7.0],"rotation":0,"texture":"#0","tintindex":0},"west":{"uv":[4.0,3.0,5.25,5.0],"rotation":0,"texture":"#0","tintindex":0}}},{"name":"cube","from":[7.4,19.400002,11.0],"to":[8.6,21.2,13.400001],"rotation":{"angle":0.0,"axis":"x","origin":[8.6,8.0,8.0]},"faces":{"down":{"uv":[4.5,8.25,4.0,9.25],"rotation":0,"texture":"#0","tintindex":0},"east":{"uv":[0.0,7.0,1.0,7.75],"rotation":0,"texture":"#0","tintindex":0},"north":{"uv":[8.5,4.75,9.0,5.5],"rotation":0,"texture":"#0","tintindex":0},"south":{"uv":[5.5,8.5,6.0,9.25],"rotation":0,"texture":"#0","tintindex":0},"up":{"uv":[8.5,9.0,8.0,8.0],"rotation":0,"texture":"#0","tintindex":0},"west":{"uv":[1.0,7.0,2.0,7.75],"rotation":0,"texture":"#0","tintindex":0}}},{"name":"cube","from":[7.4,16.400002,2.6],"to":[8.6,17.6,13.400001],"rotation":{"angle":0.0,"axis":"x","origin":[8.6,8.0,8.0]},"faces":{"down":{"uv":[6.5,2.0,6.0,6.5],"rotation":0,"texture":"#0","tintindex":0},"east":{"uv":[5.25,1.0,9.75,1.5],"rotation":0,"texture":"#0","tintindex":0},"north":{"uv":[8.5,5.5,9.0,6.0],"rotation":0,"texture":"#0","tintindex":0},"south":{"uv":[7.0,8.5,7.5,9.0],"rotation":0,"texture":"#0","tintindex":0},"up":{"uv":[6.0,6.5,5.5,2.0],"rotation":0,"texture":"#0","tintindex":0},"west":{"uv":[5.25,1.5,9.75,2.0],"rotation":0,"texture":"#0","tintindex":0}}},{"name":"cube","from":[7.4,17.6,9.8],"to":[8.6,20.600002,11.0],"rotation":{"angle":0.0,"axis":"x","origin":[8.6,8.0,8.0]},"faces":{"down":{"uv":[9.0,8.0,8.5,8.5],"rotation":0,"texture":"#0","tintindex":0},"east":{"uv":[7.5,5.25,8.0,6.5],"rotation":0,"texture":"#0","tintindex":0},"north":{"uv":[7.0,6.5,7.5,7.75],"rotation":0,"texture":"#0","tintindex":0},"south":{"uv":[7.5,6.5,8.0,7.75],"rotation":0,"texture":"#0","tintindex":0},"up":{"uv":[8.0,9.0,7.5,8.5],"rotation":0,"texture":"#0","tintindex":0},"west":{"uv":[0.0,7.75,0.5,9.0],"rotation":0,"texture":"#0","tintindex":0}}},{"name":"cube","from":[7.4,20.600002,5.0],"to":[8.6,21.2,11.0],"rotation":{"angle":0.0,"axis":"x","origin":[8.6,8.0,8.0]},"faces":{"down":{"uv":[3.0,6.5,2.5,9.0],"rotation":0,"texture":"#0","tintindex":0},"east":{"uv":[7.0,7.75,9.5,8.0],"rotation":0,"texture":"#0","tintindex":0},"north":{"uv":[8.0,7.5,8.5,7.75],"rotation":0,"texture":"#0","tintindex":0},"south":{"uv":[8.5,7.5,9.0,7.75],"rotation":0,"texture":"#0","tintindex":0},"up":{"uv":[2.5,9.0,2.0,6.5],"rotation":0,"texture":"#0","tintindex":0},"west":{"uv":[8.0,4.5,10.5,4.75],"rotation":0,"texture":"#0","tintindex":0}}},{"name":"cube","from":[7.4,17.6,5.0],"to":[8.6,20.600002,6.2],"rotation":{"angle":0.0,"axis":"x","origin":[8.6,8.0,8.0]},"faces":{"down":{"uv":[0.5,9.0,0.0,9.5],"rotation":0,"texture":"#0","tintindex":0},"east":{"uv":[1.0,7.75,1.5,9.0],"rotation":0,"texture":"#0","tintindex":0},"north":{"uv":[0.5,7.75,1.0,9.0],"rotation":0,"texture":"#0","tintindex":0},"south":{"uv":[1.5,7.75,2.0,9.0],"rotation":0,"texture":"#0","tintindex":0},"up":{"uv":[9.0,9.0,8.5,8.5],"rotation":0,"texture":"#0","tintindex":0},"west":{"uv":[3.0,7.75,3.5,9.0],"rotation":0,"texture":"#0","tintindex":0}}},{"name":"cube","from":[7.4,19.400002,2.6],"to":[8.6,21.2,5.0],"rotation":{"angle":0.0,"axis":"x","origin":[8.6,8.0,8.0]},"faces":{"down":{"uv":[9.0,3.0,8.5,4.0],"rotation":0,"texture":"#0","tintindex":0},"east":{"uv":[3.0,7.0,4.0,7.75],"rotation":0,"texture":"#0","tintindex":0},"north":{"uv":[6.0,8.5,6.5,9.25],"rotation":0,"texture":"#0","tintindex":0},"south":{"uv":[6.5,8.5,7.0,9.25],"rotation":0,"texture":"#0","tintindex":0},"up":{"uv":[9.0,3.0,8.5,2.0],"rotation":0,"texture":"#0","tintindex":0},"west":{"uv":[7.0,4.5,8.0,5.25],"rotation":0,"texture":"#0","tintindex":0}}},{"name":"cube","from":[2.6,11.0,14.3],"to":[7.4,12.2,16.1],"rotation":{"angle":45.0,"axis":"z","origin":[7.1,11.6,13.7]},"faces":{"down":{"uv":[6.5,2.75,8.5,3.5],"rotation":0,"texture":"#0","tintindex":0},"east":{"uv":[9.25,4.0,8.5,4.5],"rotation":0,"texture":"#0","tintindex":0},"north":{"uv":[8.5,3.5,6.5,4.0],"rotation":0,"texture":"#0","tintindex":0},"south":{"uv":[8.5,4.0,6.5,4.5],"rotation":0,"texture":"#0","tintindex":0},"up":{"uv":[6.5,2.75,8.5,2.0],"rotation":0,"texture":"#0","tintindex":0},"west":{"uv":[4.0,4.5,3.25,5.0],"rotation":0,"texture":"#0","tintindex":0}}},{"name":"cube","from":[6.8,9.2,0.19999981],"to":[9.2,20.0,1.3999997],"rotation":{"angle":0.0,"axis":"x","origin":[8.6,8.0,8.0]},"faces":{"down":{"uv":[9.0,7.0,8.0,6.5],"rotation":0,"texture":"#0","tintindex":0},"east":{"uv":[5.0,5.0,4.5,9.5],"rotation":0,"texture":"#0","tintindex":0},"north":{"uv":[4.0,0.0,3.0,4.5],"rotation":0,"texture":"#0","tintindex":0},"south":{"uv":[3.0,0.0,2.0,4.5],"rotation":0,"texture":"#0","tintindex":0},"up":{"uv":[9.0,6.0,8.0,6.5],"rotation":0,"texture":"#0","tintindex":0},"west":{"uv":[5.5,5.0,5.0,9.5],"rotation":0,"texture":"#0","tintindex":0}}},{"name":"cube","from":[2.6,11.0,-0.10000038],"to":[7.4,12.2,1.6999998],"rotation":{"angle":45.0,"axis":"z","origin":[7.1,11.6,2.2999997]},"faces":{"down":{"uv":[6.5,3.5,8.5,2.75],"rotation":0,"texture":"#0","tintindex":0},"east":{"uv":[8.5,4.0,9.25,4.5],"rotation":0,"texture":"#0","tintindex":0},"north":{"uv":[6.5,4.0,8.5,4.5],"rotation":0,"texture":"#0","tintindex":0},"south":{"uv":[6.5,3.5,8.5,4.0],"rotation":0,"texture":"#0","tintindex":0},"up":{"uv":[6.5,2.0,8.5,2.75],"rotation":0,"texture":"#0","tintindex":0},"west":{"uv":[3.25,4.5,4.0,5.0],"rotation":0,"texture":"#0","tintindex":0}}},{"name":"cube","from":[8.6,11.0,-0.10000038],"to":[13.400001,12.2,1.6999998],"rotation":{"angle":-45.0,"axis":"z","origin":[8.9,11.6,2.2999997]},"faces":{"down":{"uv":[8.5,3.5,6.5,2.75],"rotation":0,"texture":"#0","tintindex":0},"east":{"uv":[4.0,4.5,3.25,5.0],"rotation":0,"texture":"#0","tintindex":0},"north":{"uv":[8.5,4.0,6.5,4.5],"rotation":0,"texture":"#0","tintindex":0},"south":{"uv":[8.5,3.5,6.5,4.0],"rotation":0,"texture":"#0","tintindex":0},"up":{"uv":[8.5,2.0,6.5,2.75],"rotation":0,"texture":"#0","tintindex":0},"west":{"uv":[9.25,4.0,8.5,4.5],"rotation":0,"texture":"#0","tintindex":0}}}],"display":{"head":{"translation":[0.0,-6.4,0.0],"rotation":[0.0,0.0,0.0],"scale":[3.8095,3.8095,3.8095]}}}