{"textures":{"0":"modelengine:entity/forester"},"elements":[{"name":"body","from":[5.6,8.0,6.8],"to":[10.4,11.6,9.2],"rotation":{"angle":0.0,"axis":"x","origin":[8.0,0.7999997,8.0]},"faces":{"down":{"uv":[6.0,6.5,4.0,7.5],"rotation":0,"texture":"#0","tintindex":0},"east":{"uv":[10.0,10.25,11.0,11.75],"rotation":0,"texture":"#0","tintindex":0},"north":{"uv":[2.0,5.5,4.0,7.0],"rotation":0,"texture":"#0","tintindex":0},"south":{"uv":[0.0,6.0,2.0,7.5],"rotation":0,"texture":"#0","tintindex":0},"up":{"uv":[8.0,7.0,6.0,6.0],"rotation":0,"texture":"#0","tintindex":0},"west":{"uv":[0.0,10.5,1.0,12.0],"rotation":0,"texture":"#0","tintindex":0}}}],"display":{"head":{"translation":[0.0,-6.4,0.0],"rotation":[0.0,0.0,0.0],"scale":[3.8095,3.8095,3.8095]}}}