{"textures":{"0":"modelengine:entity/forester"},"elements":[{"name":"head","from":[8.0,6.2002997,5.3599997],"to":[8.0,9.2003,8.3],"rotation":{"angle":0.0,"axis":"x","origin":[9.2,-8.499701,13.1]},"faces":{"down":{"uv":[0.0,0.0,0.0,1.25],"rotation":0,"texture":"#0","tintindex":0},"east":{"uv":[8.5,0.0,7.25,1.25],"rotation":0,"texture":"#0","tintindex":0},"north":{"uv":[0.0,0.0,0.0,1.25],"rotation":0,"texture":"#0","tintindex":0},"south":{"uv":[0.0,0.0,0.0,1.25],"rotation":0,"texture":"#0","tintindex":0},"up":{"uv":[0.0,1.25,0.0,0.0],"rotation":0,"texture":"#0","tintindex":0},"west":{"uv":[7.25,0.0,8.5,1.25],"rotation":0,"texture":"#0","tintindex":0}}},{"name":"head","from":[8.0,7.4003,7.7],"to":[8.0,9.2003,10.700001],"rotation":{"angle":0.0,"axis":"x","origin":[9.2,-8.499701,13.1]},"faces":{"down":{"uv":[0.0,0.0,0.0,1.25],"rotation":0,"texture":"#0","tintindex":0},"east":{"uv":[12.0,2.5,13.25,3.25],"rotation":0,"texture":"#0","tintindex":0},"north":{"uv":[0.0,0.0,0.0,0.75],"rotation":0,"texture":"#0","tintindex":0},"south":{"uv":[0.0,0.0,0.0,0.75],"rotation":0,"texture":"#0","tintindex":0},"up":{"uv":[0.0,1.25,0.0,0.0],"rotation":0,"texture":"#0","tintindex":0},"west":{"uv":[12.0,3.25,13.25,4.0],"rotation":0,"texture":"#0","tintindex":0}}},{"name":"head","from":[7.1,8.2997,7.7],"to":[8.9,8.2997,10.700001],"rotation":{"angle":0.0,"axis":"x","origin":[10.700001,-5.2003,13.1]},"faces":{"down":{"uv":[12.0,3.25,13.25,4.0],"rotation":270,"texture":"#0","tintindex":0},"east":{"uv":[0.0,0.0,0.0,1.25],"rotation":270,"texture":"#0","tintindex":0},"north":{"uv":[0.0,0.0,0.0,0.75],"rotation":90,"texture":"#0","tintindex":0},"south":{"uv":[0.0,0.0,0.0,0.75],"rotation":270,"texture":"#0","tintindex":0},"up":{"uv":[12.0,2.5,13.25,3.25],"rotation":270,"texture":"#0","tintindex":0},"west":{"uv":[0.0,1.25,0.0,0.0],"rotation":270,"texture":"#0","tintindex":0}}},{"name":"head","from":[6.5,7.6997004,5.3599997],"to":[9.5,7.6997004,8.3],"rotation":{"angle":0.0,"axis":"x","origin":[10.700001,-5.2003,13.1]},"faces":{"down":{"uv":[7.25,0.0,8.5,1.25],"rotation":270,"texture":"#0","tintindex":0},"east":{"uv":[0.0,0.0,0.0,1.25],"rotation":270,"texture":"#0","tintindex":0},"north":{"uv":[0.0,0.0,0.0,1.25],"rotation":90,"texture":"#0","tintindex":0},"south":{"uv":[0.0,0.0,0.0,1.25],"rotation":270,"texture":"#0","tintindex":0},"up":{"uv":[8.5,0.0,7.25,1.25],"rotation":270,"texture":"#0","tintindex":0},"west":{"uv":[0.0,1.25,0.0,0.0],"rotation":270,"texture":"#0","tintindex":0}}}],"display":{"head":{"translation":[0.0,-6.4,0.0],"rotation":[0.0,0.0,0.0],"scale":[3.8095,3.8095,3.8095]}}}