{"textures":{"0":"modelengine:entity/forester"},"elements":[{"name":"head","from":[5.6,8.0,5.6],"to":[10.4,12.8,10.4],"rotation":{"angle":0.0,"axis":"x","origin":[8.0,-6.4000006,8.0]},"faces":{"down":{"uv":[6.0,0.0,4.0,2.0],"rotation":0,"texture":"#0","tintindex":0},"east":{"uv":[0.0,2.0,2.0,4.0],"rotation":0,"texture":"#0","tintindex":0},"north":{"uv":[0.0,0.0,2.0,2.0],"rotation":0,"texture":"#0","tintindex":0},"south":{"uv":[2.0,0.0,4.0,2.0],"rotation":0,"texture":"#0","tintindex":0},"up":{"uv":[2.0,6.0,0.0,4.0],"rotation":0,"texture":"#0","tintindex":0},"west":{"uv":[2.0,2.0,4.0,4.0],"rotation":0,"texture":"#0","tintindex":0}}},{"name":"head","from":[10.4,8.0,5.6],"to":[11.6,12.8,8.6],"rotation":{"angle":0.0,"axis":"x","origin":[8.0,-6.4000006,8.0]},"faces":{"down":{"uv":[9.0,0.0,8.5,1.25],"rotation":0,"texture":"#0","tintindex":0},"east":{"uv":[6.0,0.0,7.25,2.0],"rotation":0,"texture":"#0","tintindex":0},"north":{"uv":[11.75,11.75,12.25,13.75],"rotation":0,"texture":"#0","tintindex":0},"south":{"uv":[0.0,12.0,0.5,14.0],"rotation":0,"texture":"#0","tintindex":0},"up":{"uv":[7.75,4.0,7.25,2.75],"rotation":0,"texture":"#0","tintindex":0},"west":{"uv":[6.0,2.0,7.25,4.0],"rotation":0,"texture":"#0","tintindex":0}}},{"name":"head","from":[10.4,9.2,8.6],"to":[11.6,11.0,10.4],"rotation":{"angle":0.0,"axis":"x","origin":[8.0,-6.4000006,8.0]},"faces":{"down":{"uv":[1.5,13.75,1.0,14.5],"rotation":0,"texture":"#0","tintindex":0},"east":{"uv":[9.25,1.5,10.0,2.25],"rotation":0,"texture":"#0","tintindex":0},"north":{"uv":[13.75,0.0,14.25,0.75],"rotation":0,"texture":"#0","tintindex":0},"south":{"uv":[0.5,13.75,1.0,14.5],"rotation":0,"texture":"#0","tintindex":0},"up":{"uv":[14.25,1.5,13.75,0.75],"rotation":0,"texture":"#0","tintindex":0},"west":{"uv":[12.25,0.0,13.0,0.75],"rotation":0,"texture":"#0","tintindex":0}}},{"name":"head","from":[8.0,12.8,5.6],"to":[10.4,14.0,8.6],"rotation":{"angle":0.0,"axis":"x","origin":[8.0,-6.4000006,8.0]},"faces":{"down":{"uv":[5.75,10.5,4.75,11.75],"rotation":0,"texture":"#0","tintindex":0},"east":{"uv":[13.25,2.5,14.5,3.0],"rotation":0,"texture":"#0","tintindex":0},"north":{"uv":[13.25,12.5,14.25,13.0],"rotation":0,"texture":"#0","tintindex":0},"south":{"uv":[13.25,13.0,14.25,13.5],"rotation":0,"texture":"#0","tintindex":0},"up":{"uv":[11.25,8.75,10.25,7.5],"rotation":0,"texture":"#0","tintindex":0},"west":{"uv":[13.25,3.0,14.5,3.5],"rotation":0,"texture":"#0","tintindex":0}}},{"name":"head","from":[6.2,12.8,6.8],"to":[7.4,13.400001,8.6],"rotation":{"angle":0.0,"axis":"x","origin":[8.0,-6.4000006,8.0]},"faces":{"down":{"uv":[13.75,13.5,13.25,14.25],"rotation":0,"texture":"#0","tintindex":0},"east":{"uv":[11.25,8.5,12.0,8.75],"rotation":0,"texture":"#0","tintindex":0},"north":{"uv":[12.25,14.0,12.75,14.25],"rotation":0,"texture":"#0","tintindex":0},"south":{"uv":[13.75,14.0,14.25,14.25],"rotation":0,"texture":"#0","tintindex":0},"up":{"uv":[14.0,11.0,13.5,10.25],"rotation":0,"texture":"#0","tintindex":0},"west":{"uv":[14.0,10.75,14.75,11.0],"rotation":0,"texture":"#0","tintindex":0}}},{"name":"head","from":[7.4006,12.8006,5.6006],"to":[9.7994,13.399401,9.7994],"rotation":{"angle":0.0,"axis":"x","origin":[8.0,-6.4000006,8.0]},"faces":{"down":{"uv":[4.0,7.0,3.0,8.75],"rotation":0,"texture":"#0","tintindex":0},"east":{"uv":[13.5,9.0,15.25,9.25],"rotation":0,"texture":"#0","tintindex":0},"north":{"uv":[14.0,10.25,15.0,10.5],"rotation":0,"texture":"#0","tintindex":0},"south":{"uv":[14.0,10.5,15.0,10.75],"rotation":0,"texture":"#0","tintindex":0},"up":{"uv":[3.0,8.75,2.0,7.0],"rotation":0,"texture":"#0","tintindex":0},"west":{"uv":[13.5,9.25,15.25,9.5],"rotation":0,"texture":"#0","tintindex":0}}},{"name":"head","from":[7.4,11.0,4.3999996],"to":[10.4,12.8,5.6],"rotation":{"angle":0.0,"axis":"x","origin":[8.0,-6.4000006,8.0]},"faces":{"down":{"uv":[14.5,2.0,13.25,2.5],"rotation":0,"texture":"#0","tintindex":0},"east":{"uv":[12.25,13.25,12.75,14.0],"rotation":0,"texture":"#0","tintindex":0},"north":{"uv":[12.0,1.0,13.25,1.75],"rotation":0,"texture":"#0","tintindex":0},"south":{"uv":[12.0,1.75,13.25,2.5],"rotation":0,"texture":"#0","tintindex":0},"up":{"uv":[14.5,2.0,13.25,1.5],"rotation":0,"texture":"#0","tintindex":0},"west":{"uv":[13.5,9.5,14.0,10.25],"rotation":0,"texture":"#0","tintindex":0}}},{"name":"head","from":[8.6,6.8,4.3999996],"to":[10.4,11.0,5.6],"rotation":{"angle":0.0,"axis":"x","origin":[8.0,-6.4000006,8.0]},"faces":{"down":{"uv":[12.0,1.0,11.25,1.5],"rotation":0,"texture":"#0","tintindex":0},"east":{"uv":[0.5,12.0,1.0,13.75],"rotation":0,"texture":"#0","tintindex":0},"north":{"uv":[1.0,10.5,1.75,12.25],"rotation":0,"texture":"#0","tintindex":0},"south":{"uv":[4.0,10.5,4.75,12.25],"rotation":0,"texture":"#0","tintindex":0},"up":{"uv":[10.0,2.75,9.25,2.25],"rotation":0,"texture":"#0","tintindex":0},"west":{"uv":[12.0,8.5,12.5,10.25],"rotation":0,"texture":"#0","tintindex":0}}}],"display":{"head":{"translation":[0.0,-6.4,0.0],"rotation":[0.0,0.0,0.0],"scale":[3.8095,3.8095,3.8095]}}}