{"textures":{"0":"modelengine:entity/forester"},"elements":[{"name":"rightarm","from":[7.4,5.6,6.8],"to":[9.8,9.2,9.2],"rotation":{"angle":0.0,"axis":"x","origin":[5.0,-5.200001,8.0]},"faces":{"down":{"uv":[12.25,4.5,11.25,5.5],"rotation":0,"texture":"#0","tintindex":0},"east":{"uv":[8.0,8.75,9.0,10.25],"rotation":0,"texture":"#0","tintindex":0},"north":{"uv":[3.0,8.75,4.0,10.25],"rotation":0,"texture":"#0","tintindex":0},"south":{"uv":[0.0,9.0,1.0,10.5],"rotation":0,"texture":"#0","tintindex":0},"up":{"uv":[12.25,1.0,11.25,0.0],"rotation":0,"texture":"#0","tintindex":0},"west":{"uv":[1.0,9.0,2.0,10.5],"rotation":0,"texture":"#0","tintindex":0}}}],"display":{"head":{"translation":[0.0,-6.4,0.0],"rotation":[0.0,0.0,0.0],"scale":[3.8095,3.8095,3.8095]}}}