{"textures":{"0":"modelengine:entity/forester"},"elements":[{"name":"rightleg","from":[6.8,4.3999996,6.8],"to":[9.2,8.0,9.2],"rotation":{"angle":0.0,"axis":"x","origin":[6.8599997,0.7999997,8.0]},"faces":{"down":{"uv":[6.75,11.25,5.75,12.25],"rotation":0,"texture":"#0","tintindex":0},"east":{"uv":[4.0,9.0,5.0,10.5],"rotation":0,"texture":"#0","tintindex":0},"north":{"uv":[9.0,2.75,10.0,4.25],"rotation":0,"texture":"#0","tintindex":0},"south":{"uv":[9.0,4.25,10.0,5.75],"rotation":0,"texture":"#0","tintindex":0},"up":{"uv":[12.25,6.5,11.25,5.5],"rotation":0,"texture":"#0","tintindex":0},"west":{"uv":[5.0,9.0,6.0,10.5],"rotation":0,"texture":"#0","tintindex":0}}}],"display":{"head":{"translation":[0.0,-6.4,0.0],"rotation":[0.0,0.0,0.0],"scale":[3.8095,3.8095,3.8095]}}}