{"textures":{"0":"modelengine:entity/forester"},"elements":[{"name":"rightarm","from":[6.2,5.6,6.8],"to":[8.6,9.2,9.2],"rotation":{"angle":0.0,"axis":"x","origin":[11.0,-5.200001,8.0]},"faces":{"down":{"uv":[11.75,11.75,10.75,12.75],"rotation":0,"texture":"#0","tintindex":0},"east":{"uv":[10.25,6.0,11.25,7.5],"rotation":0,"texture":"#0","tintindex":0},"north":{"uv":[10.25,4.5,11.25,6.0],"rotation":0,"texture":"#0","tintindex":0},"south":{"uv":[8.0,10.25,9.0,11.75],"rotation":0,"texture":"#0","tintindex":0},"up":{"uv":[10.75,12.75,9.75,11.75],"rotation":0,"texture":"#0","tintindex":0},"west":{"uv":[9.0,10.25,10.0,11.75],"rotation":0,"texture":"#0","tintindex":0}}}],"display":{"head":{"translation":[0.0,-6.4,0.0],"rotation":[0.0,0.0,0.0],"scale":[3.8095,3.8095,3.8095]}}}