{"textures":{"0":"modelengine:entity/forester"},"elements":[{"name":"rightleg","from":[6.8,4.3999996,6.8],"to":[9.2,8.0,9.2],"rotation":{"angle":0.0,"axis":"x","origin":[9.139999,0.7999997,8.0]},"faces":{"down":{"uv":[12.0,2.5,11.0,3.5],"rotation":0,"texture":"#0","tintindex":0},"east":{"uv":[1.0,7.5,2.0,9.0],"rotation":0,"texture":"#0","tintindex":0},"north":{"uv":[0.0,7.5,1.0,9.0],"rotation":0,"texture":"#0","tintindex":0},"south":{"uv":[4.0,7.5,5.0,9.0],"rotation":0,"texture":"#0","tintindex":0},"up":{"uv":[12.0,2.5,11.0,1.5],"rotation":0,"texture":"#0","tintindex":0},"west":{"uv":[5.0,7.5,6.0,9.0],"rotation":0,"texture":"#0","tintindex":0}}}],"display":{"head":{"translation":[0.0,-6.4,0.0],"rotation":[0.0,0.0,0.0],"scale":[3.8095,3.8095,3.8095]}}}