{"textures":{"0":"modelengine:entity/forester"},"elements":[{"name":"rightarm","from":[7.4,4.3999996,7.4],"to":[8.6,8.0,8.6],"rotation":{"angle":0.0,"axis":"x","origin":[8.0,6.2,8.0]},"faces":{"down":{"uv":[14.25,13.5,13.75,14.0],"rotation":0,"texture":"#0","tintindex":0},"east":{"uv":[4.75,12.75,5.25,14.25],"rotation":0,"texture":"#0","tintindex":0},"north":{"uv":[12.75,4.0,13.25,5.5],"rotation":0,"texture":"#0","tintindex":0},"south":{"uv":[5.25,12.75,5.75,14.25],"rotation":0,"texture":"#0","tintindex":0},"up":{"uv":[12.25,14.25,11.75,13.75],"rotation":0,"texture":"#0","tintindex":0},"west":{"uv":[12.75,5.5,13.25,7.0],"rotation":0,"texture":"#0","tintindex":0}}}],"display":{"head":{"translation":[0.0,-6.4,0.0],"rotation":[0.0,0.0,0.0],"scale":[3.8095,3.8095,3.8095]}}}