{"textures":{"0":"modelengine:entity/forester"},"elements":[{"name":"rightarm","from":[7.7,4.3999996,7.25],"to":[8.9,8.0,8.45],"rotation":{"angle":0.0,"axis":"x","origin":[4.3999996,3.7999997,7.1]},"faces":{"down":{"uv":[14.25,5.5,13.75,6.0],"rotation":0,"texture":"#0","tintindex":0},"east":{"uv":[6.25,12.25,6.75,13.75],"rotation":0,"texture":"#0","tintindex":0},"north":{"uv":[5.75,12.25,6.25,13.75],"rotation":0,"texture":"#0","tintindex":0},"south":{"uv":[12.25,7.0,12.75,8.5],"rotation":0,"texture":"#0","tintindex":0},"up":{"uv":[14.25,5.5,13.75,5.0],"rotation":0,"texture":"#0","tintindex":0},"west":{"uv":[12.25,11.75,12.75,13.25],"rotation":0,"texture":"#0","tintindex":0}}},{"name":"rightarm","from":[7.1,4.3999996,7.7],"to":[8.3,8.0,8.9],"rotation":{"angle":0.0,"axis":"x","origin":[4.3999996,3.7999997,7.1]},"faces":{"down":{"uv":[14.25,6.0,13.75,6.5],"rotation":0,"texture":"#0","tintindex":0},"east":{"uv":[7.25,12.5,7.75,14.0],"rotation":0,"texture":"#0","tintindex":0},"north":{"uv":[6.75,12.5,7.25,14.0],"rotation":0,"texture":"#0","tintindex":0},"south":{"uv":[12.5,8.5,13.0,10.0],"rotation":0,"texture":"#0","tintindex":0},"up":{"uv":[6.25,14.25,5.75,13.75],"rotation":0,"texture":"#0","tintindex":0},"west":{"uv":[12.5,10.0,13.0,11.5],"rotation":0,"texture":"#0","tintindex":0}}}],"display":{"head":{"translation":[0.0,-6.4,0.0],"rotation":[0.0,0.0,0.0],"scale":[3.8095,3.8095,3.8095]}}}