{"textures":{"0":"modelengine:entity/herobrine","1":"modelengine:entity/herobrine_alex","2":"modelengine:entity/herobrine_steve","3":"modelengine:entity/herobrine_zombie"},"elements":[{"name":"leftleg","from":[6.74,4.3999996,6.8],"to":[8.84,8.0,8.9],"rotation":{"angle":0.0,"axis":"x","origin":[9.139999,0.7999997,8.0]},"faces":{"down":{"uv":[0.0,8.5,1.0,9.5],"rotation":0,"texture":"#1","tintindex":0},"east":{"uv":[5.0,8.0,4.0,9.5],"rotation":0,"texture":"#1","tintindex":0},"north":{"uv":[3.0,8.0,2.0,9.5],"rotation":0,"texture":"#1","tintindex":0},"south":{"uv":[9.0,3.0,8.0,4.5],"rotation":0,"texture":"#1","tintindex":0},"up":{"uv":[8.0,8.5,9.0,7.5],"rotation":0,"texture":"#1","tintindex":0},"west":{"uv":[4.0,8.0,3.0,9.5],"rotation":0,"texture":"#1","tintindex":0}}}],"display":{"head":{"translation":[0.0,-6.4,0.0],"rotation":[0.0,0.0,0.0],"scale":[3.8095,3.8095,3.8095]}}}