{"textures":{"0":"modelengine:entity/dungeon_crate_large","1":"modelengine:entity/dungeon_crate_small"},"elements":[{"name":"cube","from":[3.1999998,17.0,3.1999998],"to":[12.8,17.6,12.8],"rotation":{"angle":0.0,"axis":"x","origin":[8.0,8.0,8.0]},"faces":{"down":{"uv":[4.0,4.0,0.0,8.0],"rotation":0,"texture":"#0","tintindex":0},"east":{"uv":[7.75,10.75,11.75,11.0],"rotation":0,"texture":"#0","tintindex":0},"north":{"uv":[7.75,10.5,11.75,10.75],"rotation":0,"texture":"#0","tintindex":0},"south":{"uv":[4.0,11.0,8.0,11.25],"rotation":0,"texture":"#0","tintindex":0},"up":{"uv":[4.0,4.0,0.0,0.0],"rotation":0,"texture":"#0","tintindex":0},"west":{"uv":[8.0,11.0,12.0,11.25],"rotation":0,"texture":"#0","tintindex":0}}},{"name":"cube","from":[11.6,8.6,3.1999998],"to":[12.8,17.0,4.3999996],"rotation":{"angle":0.0,"axis":"x","origin":[8.0,8.0,8.0]},"faces":{"down":{"uv":[5.0,11.25,4.5,11.75],"rotation":0,"texture":"#0","tintindex":0},"east":{"uv":[2.0,8.0,2.5,11.5],"rotation":0,"texture":"#0","tintindex":0},"north":{"uv":[1.5,8.0,2.0,11.5],"rotation":0,"texture":"#0","tintindex":0},"south":{"uv":[2.5,8.0,3.0,11.5],"rotation":0,"texture":"#0","tintindex":0},"up":{"uv":[4.5,11.75,4.0,11.25],"rotation":0,"texture":"#0","tintindex":0},"west":{"uv":[3.0,8.0,3.5,11.5],"rotation":0,"texture":"#0","tintindex":0}}},{"name":"cube","from":[6.8,7.1,3.35],"to":[8.6,18.5,3.9499998],"rotation":{"angle":45.0,"axis":"z","origin":[7.7,13.1,3.6499999]},"faces":{"down":{"uv":[5.75,11.25,6.5,11.5],"rotation":0,"texture":"#0","tintindex":0},"east":{"uv":[4.0,8.0,3.75,12.75],"rotation":0,"texture":"#0","tintindex":0},"north":{"uv":[0.75,8.0,0.0,12.75],"rotation":0,"texture":"#0","tintindex":0},"south":{"uv":[1.5,8.0,0.75,12.75],"rotation":0,"texture":"#0","tintindex":0},"up":{"uv":[5.0,11.5,5.75,11.25],"rotation":0,"texture":"#0","tintindex":0},"west":{"uv":[3.75,8.0,3.5,12.75],"rotation":0,"texture":"#0","tintindex":0}}},{"name":"cube","from":[3.4999998,8.6,3.4999998],"to":[12.5,17.0,12.5],"rotation":{"angle":0.0,"axis":"x","origin":[8.3,8.0,7.7]},"faces":{"down":{"uv":[7.75,3.75,4.0,7.5],"rotation":0,"texture":"#0","tintindex":0},"east":{"uv":[7.75,0.0,11.5,3.5],"rotation":0,"texture":"#0","tintindex":0},"north":{"uv":[4.0,7.5,7.75,11.0],"rotation":0,"texture":"#0","tintindex":0},"south":{"uv":[7.75,3.5,11.5,7.0],"rotation":0,"texture":"#0","tintindex":0},"up":{"uv":[7.75,3.75,4.0,0.0],"rotation":0,"texture":"#0","tintindex":0},"west":{"uv":[7.75,7.0,11.5,10.5],"rotation":0,"texture":"#0","tintindex":0}}},{"name":"cube","from":[3.1999998,8.6,3.1999998],"to":[4.3999996,17.0,4.3999996],"rotation":{"angle":0.0,"axis":"x","origin":[8.0,8.0,8.0]},"faces":{"down":{"uv":[4.5,11.25,5.0,11.75],"rotation":0,"texture":"#0","tintindex":0},"east":{"uv":[3.5,8.0,3.0,11.5],"rotation":0,"texture":"#0","tintindex":0},"north":{"uv":[2.0,8.0,1.5,11.5],"rotation":0,"texture":"#0","tintindex":0},"south":{"uv":[3.0,8.0,2.5,11.5],"rotation":0,"texture":"#0","tintindex":0},"up":{"uv":[4.0,11.75,4.5,11.25],"rotation":0,"texture":"#0","tintindex":0},"west":{"uv":[2.5,8.0,2.0,11.5],"rotation":0,"texture":"#0","tintindex":0}}},{"name":"cube","from":[7.4,7.1,12.05],"to":[9.2,18.5,12.650001],"rotation":{"angle":-45.0,"axis":"z","origin":[8.3,13.1,12.35]},"faces":{"down":{"uv":[6.5,11.5,5.75,11.25],"rotation":0,"texture":"#0","tintindex":0},"east":{"uv":[3.75,8.0,3.5,12.75],"rotation":0,"texture":"#0","tintindex":0},"north":{"uv":[1.5,8.0,0.75,12.75],"rotation":0,"texture":"#0","tintindex":0},"south":{"uv":[0.75,8.0,0.0,12.75],"rotation":0,"texture":"#0","tintindex":0},"up":{"uv":[5.75,11.25,5.0,11.5],"rotation":0,"texture":"#0","tintindex":0},"west":{"uv":[4.0,8.0,3.75,12.75],"rotation":0,"texture":"#0","tintindex":0}}},{"name":"cube","from":[11.6,8.6,11.6],"to":[12.8,17.0,12.8],"rotation":{"angle":0.0,"axis":"x","origin":[8.0,8.0,8.0]},"faces":{"down":{"uv":[5.0,11.75,4.5,11.25],"rotation":0,"texture":"#0","tintindex":0},"east":{"uv":[2.5,8.0,2.0,11.5],"rotation":0,"texture":"#0","tintindex":0},"north":{"uv":[3.0,8.0,2.5,11.5],"rotation":0,"texture":"#0","tintindex":0},"south":{"uv":[2.0,8.0,1.5,11.5],"rotation":0,"texture":"#0","tintindex":0},"up":{"uv":[4.5,11.25,4.0,11.75],"rotation":0,"texture":"#0","tintindex":0},"west":{"uv":[3.5,8.0,3.0,11.5],"rotation":0,"texture":"#0","tintindex":0}}},{"name":"cube","from":[3.1999998,8.6,11.6],"to":[4.3999996,17.0,12.8],"rotation":{"angle":0.0,"axis":"x","origin":[8.0,8.0,8.0]},"faces":{"down":{"uv":[4.5,11.75,5.0,11.25],"rotation":0,"texture":"#0","tintindex":0},"east":{"uv":[3.0,8.0,3.5,11.5],"rotation":0,"texture":"#0","tintindex":0},"north":{"uv":[2.5,8.0,3.0,11.5],"rotation":0,"texture":"#0","tintindex":0},"south":{"uv":[1.5,8.0,2.0,11.5],"rotation":0,"texture":"#0","tintindex":0},"up":{"uv":[4.0,11.25,4.5,11.75],"rotation":0,"texture":"#0","tintindex":0},"west":{"uv":[2.0,8.0,2.5,11.5],"rotation":0,"texture":"#0","tintindex":0}}},{"name":"cube","from":[12.05,7.1,7.4],"to":[12.650001,18.5,9.2],"rotation":{"angle":45.0,"axis":"x","origin":[12.35,13.1,8.3]},"faces":{"down":{"uv":[6.5,11.25,5.75,11.5],"rotation":270,"texture":"#0","tintindex":0},"east":{"uv":[0.0,8.0,0.75,12.75],"rotation":0,"texture":"#0","tintindex":0},"north":{"uv":[3.75,8.0,4.0,12.75],"rotation":0,"texture":"#0","tintindex":0},"south":{"uv":[3.5,8.0,3.75,12.75],"rotation":0,"texture":"#0","tintindex":0},"up":{"uv":[5.75,11.5,5.0,11.25],"rotation":90,"texture":"#0","tintindex":0},"west":{"uv":[0.75,8.0,1.5,12.75],"rotation":0,"texture":"#0","tintindex":0}}},{"name":"cube","from":[3.35,7.1,6.8],"to":[3.9499998,18.5,8.6],"rotation":{"angle":-45.0,"axis":"x","origin":[3.6499999,13.1,7.7]},"faces":{"down":{"uv":[6.5,11.25,5.75,11.5],"rotation":90,"texture":"#0","tintindex":0},"east":{"uv":[0.75,8.0,1.5,12.75],"rotation":0,"texture":"#0","tintindex":0},"north":{"uv":[3.5,8.0,3.75,12.75],"rotation":0,"texture":"#0","tintindex":0},"south":{"uv":[3.75,8.0,4.0,12.75],"rotation":0,"texture":"#0","tintindex":0},"up":{"uv":[5.75,11.5,5.0,11.25],"rotation":270,"texture":"#0","tintindex":0},"west":{"uv":[0.0,8.0,0.75,12.75],"rotation":0,"texture":"#0","tintindex":0}}},{"name":"cube","from":[3.1999998,8.0,3.1999998],"to":[12.8,8.6,12.8],"rotation":{"angle":0.0,"axis":"x","origin":[8.0,17.6,8.0]},"faces":{"down":{"uv":[4.0,0.0,0.0,4.0],"rotation":0,"texture":"#0","tintindex":0},"east":{"uv":[7.75,11.0,11.75,10.75],"rotation":0,"texture":"#0","tintindex":0},"north":{"uv":[7.75,10.75,11.75,10.5],"rotation":0,"texture":"#0","tintindex":0},"south":{"uv":[4.0,11.25,8.0,11.0],"rotation":0,"texture":"#0","tintindex":0},"up":{"uv":[4.0,8.0,0.0,4.0],"rotation":0,"texture":"#0","tintindex":0},"west":{"uv":[8.0,11.25,12.0,11.0],"rotation":0,"texture":"#0","tintindex":0}}},{"name":"cube","from":[3.1999998,18.2,5.0],"to":[12.8,22.400002,11.0],"rotation":{"angle":22.5,"axis":"y","origin":[8.0,17.6,8.0]},"faces":{"down":{"uv":[8.25,2.5,4.25,5.0],"rotation":0,"texture":"#1","tintindex":0},"east":{"uv":[4.0,6.75,6.5,8.5],"rotation":0,"texture":"#1","tintindex":0},"north":{"uv":[4.25,5.0,8.25,6.75],"rotation":0,"texture":"#1","tintindex":0},"south":{"uv":[0.0,5.5,4.0,7.25],"rotation":0,"texture":"#1","tintindex":0},"up":{"uv":[8.25,2.5,4.25,0.0],"rotation":0,"texture":"#1","tintindex":0},"west":{"uv":[6.5,6.75,9.0,8.5],"rotation":0,"texture":"#1","tintindex":0}}},{"name":"cube","from":[2.8999999,22.400002,4.7],"to":[13.1,23.0,11.3],"rotation":{"angle":22.5,"axis":"y","origin":[8.0,17.6,8.0]},"faces":{"down":{"uv":[4.25,2.75,0.0,5.5],"rotation":0,"texture":"#1","tintindex":0},"east":{"uv":[8.25,0.5,11.0,0.75],"rotation":0,"texture":"#1","tintindex":0},"north":{"uv":[8.25,0.0,12.5,0.25],"rotation":0,"texture":"#1","tintindex":0},"south":{"uv":[8.25,0.25,12.5,0.5],"rotation":0,"texture":"#1","tintindex":0},"up":{"uv":[4.25,2.75,0.0,0.0],"rotation":0,"texture":"#1","tintindex":0},"west":{"uv":[8.25,0.75,11.0,1.0],"rotation":0,"texture":"#1","tintindex":0}}},{"name":"cube","from":[11.900001,18.2,4.7],"to":[13.1,22.400002,5.8999996],"rotation":{"angle":22.5,"axis":"y","origin":[8.0,17.6,8.0]},"faces":{"down":{"uv":[3.0,7.25,2.5,7.75],"rotation":0,"texture":"#1","tintindex":0},"east":{"uv":[0.5,7.25,1.0,9.0],"rotation":0,"texture":"#1","tintindex":0},"north":{"uv":[0.0,7.25,0.5,9.0],"rotation":0,"texture":"#1","tintindex":0},"south":{"uv":[1.0,7.25,1.5,9.0],"rotation":0,"texture":"#1","tintindex":0},"up":{"uv":[2.5,7.75,2.0,7.25],"rotation":0,"texture":"#1","tintindex":0},"west":{"uv":[1.5,7.25,2.0,9.0],"rotation":0,"texture":"#1","tintindex":0}}},{"name":"cube","from":[2.8999999,18.2,4.7],"to":[4.1,22.400002,5.8999996],"rotation":{"angle":22.5,"axis":"y","origin":[8.0,17.6,8.0]},"faces":{"down":{"uv":[2.5,7.25,3.0,7.75],"rotation":0,"texture":"#1","tintindex":0},"east":{"uv":[2.0,7.25,1.5,9.0],"rotation":0,"texture":"#1","tintindex":0},"north":{"uv":[0.5,7.25,0.0,9.0],"rotation":0,"texture":"#1","tintindex":0},"south":{"uv":[1.5,7.25,1.0,9.0],"rotation":0,"texture":"#1","tintindex":0},"up":{"uv":[2.0,7.75,2.5,7.25],"rotation":0,"texture":"#1","tintindex":0},"west":{"uv":[1.0,7.25,0.5,9.0],"rotation":0,"texture":"#1","tintindex":0}}},{"name":"cube","from":[11.900001,18.2,10.1],"to":[13.1,22.400002,11.3],"rotation":{"angle":22.5,"axis":"y","origin":[8.0,17.6,8.0]},"faces":{"down":{"uv":[3.0,7.75,2.5,7.25],"rotation":0,"texture":"#1","tintindex":0},"east":{"uv":[1.0,7.25,0.5,9.0],"rotation":0,"texture":"#1","tintindex":0},"north":{"uv":[1.5,7.25,1.0,9.0],"rotation":0,"texture":"#1","tintindex":0},"south":{"uv":[0.5,7.25,0.0,9.0],"rotation":0,"texture":"#1","tintindex":0},"up":{"uv":[2.5,7.25,2.0,7.75],"rotation":0,"texture":"#1","tintindex":0},"west":{"uv":[2.0,7.25,1.5,9.0],"rotation":0,"texture":"#1","tintindex":0}}},{"name":"cube","from":[2.8999999,18.2,10.1],"to":[4.1,22.400002,11.3],"rotation":{"angle":22.5,"axis":"y","origin":[8.0,17.6,8.0]},"faces":{"down":{"uv":[2.5,7.75,3.0,7.25],"rotation":0,"texture":"#1","tintindex":0},"east":{"uv":[1.5,7.25,2.0,9.0],"rotation":0,"texture":"#1","tintindex":0},"north":{"uv":[1.0,7.25,1.5,9.0],"rotation":0,"texture":"#1","tintindex":0},"south":{"uv":[0.0,7.25,0.5,9.0],"rotation":0,"texture":"#1","tintindex":0},"up":{"uv":[2.0,7.25,2.5,7.75],"rotation":0,"texture":"#1","tintindex":0},"west":{"uv":[0.5,7.25,1.0,9.0],"rotation":0,"texture":"#1","tintindex":0}}},{"name":"cube","from":[2.8999999,17.6,4.7],"to":[13.1,18.2,11.3],"rotation":{"angle":22.5,"axis":"y","origin":[8.0,17.6,8.0]},"faces":{"down":{"uv":[4.25,0.0,0.0,2.75],"rotation":0,"texture":"#1","tintindex":0},"east":{"uv":[8.25,0.75,11.0,0.5],"rotation":0,"texture":"#1","tintindex":0},"north":{"uv":[8.25,0.25,12.5,0.0],"rotation":0,"texture":"#1","tintindex":0},"south":{"uv":[8.25,0.5,12.5,0.25],"rotation":0,"texture":"#1","tintindex":0},"up":{"uv":[4.25,5.5,0.0,2.75],"rotation":0,"texture":"#1","tintindex":0},"west":{"uv":[8.25,1.0,11.0,0.75],"rotation":0,"texture":"#1","tintindex":0}}}],"display":{"head":{"translation":[0.0,-6.4,0.0],"rotation":[0.0,0.0,0.0],"scale":[3.8095,3.8095,3.8095]}}}