{"textures":{"0":"modelengine:entity/horns","1":"modelengine:entity/teethhh","2":"modelengine:entity/x0","3":"modelengine:entity/campfire_fire","4":"modelengine:entity/houndeyes","5":"modelengine:entity/wwwolf"},"elements":[{"name":"leg4","from":[7.4,4.7599998,6.56],"to":[8.66,9.38,8.360001],"rotation":{"angle":0.0,"axis":"x","origin":[8.96,4.1,9.98]},"faces":{"down":{"uv":[12.375,8.875,13.25,9.875],"rotation":180,"texture":"#2","tintindex":0},"east":{"uv":[12.375,8.875,13.25,9.875],"rotation":180,"texture":"#2","tintindex":0},"north":{"uv":[12.375,8.875,13.25,9.875],"rotation":180,"texture":"#2","tintindex":0},"south":{"uv":[12.375,8.875,13.25,9.875],"rotation":180,"texture":"#2","tintindex":0},"up":{"uv":[12.375,8.875,13.25,9.875],"rotation":180,"texture":"#2","tintindex":0},"west":{"uv":[12.375,8.875,13.25,9.875],"rotation":180,"texture":"#2","tintindex":0}}}],"display":{"head":{"translation":[0.0,-6.4,0.0],"rotation":[0.0,0.0,0.0],"scale":[3.8095,3.8095,3.8095]}}}