{"textures":{"0":"modelengine:entity/horns","1":"modelengine:entity/teethhh","2":"modelengine:entity/x0","3":"modelengine:entity/campfire_fire","4":"modelengine:entity/houndeyes","5":"modelengine:entity/wwwolf"},"elements":[{"name":"body_rotation","from":[5.96,0.7699995,6.44],"to":[10.04,6.17,10.04],"rotation":{"angle":0.0,"axis":"x","origin":[8.0,1.9699997,4.64]},"faces":{"down":{"uv":[13.0,0.875,14.25,1.625],"rotation":180,"texture":"#2","tintindex":0},"east":{"uv":[13.0,0.875,14.25,1.625],"rotation":180,"texture":"#2","tintindex":0},"north":{"uv":[13.0,0.875,14.25,1.625],"rotation":180,"texture":"#2","tintindex":0},"south":{"uv":[13.0,0.875,14.25,1.625],"rotation":180,"texture":"#2","tintindex":0},"up":{"uv":[13.0,0.875,14.25,1.625],"rotation":180,"texture":"#2","tintindex":0},"west":{"uv":[13.0,0.875,14.25,1.625],"rotation":180,"texture":"#2","tintindex":0}}},{"name":"mane_rotation","from":[5.3599997,6.17,6.44],"to":[10.639999,9.83,10.639999],"rotation":{"angle":0.0,"axis":"x","origin":[8.0,1.9699997,4.64]},"faces":{"down":{"uv":[11.375,0.125,12.625,0.875],"rotation":180,"texture":"#2","tintindex":0},"east":{"uv":[11.375,0.125,12.625,0.875],"rotation":180,"texture":"#2","tintindex":0},"north":{"uv":[11.375,0.125,12.625,0.875],"rotation":180,"texture":"#2","tintindex":0},"south":{"uv":[11.375,0.125,12.625,0.875],"rotation":180,"texture":"#2","tintindex":0},"up":{"uv":[11.375,0.125,12.625,0.875],"rotation":180,"texture":"#2","tintindex":0},"west":{"uv":[11.375,0.125,12.625,0.875],"rotation":180,"texture":"#2","tintindex":0}}}],"display":{"head":{"translation":[0.0,-6.4,0.0],"rotation":[0.0,0.0,0.0],"scale":[3.8095,3.8095,3.8095]}}}