{"textures":{"0":"modelengine:entity/horns","1":"modelengine:entity/teethhh","2":"modelengine:entity/x0","3":"modelengine:entity/campfire_fire","4":"modelengine:entity/houndeyes","5":"modelengine:entity/wwwolf"},"elements":[{"name":"leg6","from":[7.4900002,4.5863113,7.192198],"to":[8.87,8.186312,8.752198],"rotation":{"angle":0.0,"axis":"x","origin":[9.98,3.7999997,2.1799998]},"faces":{"down":{"uv":[0.5,11.5,1.25,12.5],"rotation":0,"texture":"#5","tintindex":0},"east":{"uv":[0.5,11.5,1.25,12.5],"rotation":0,"texture":"#5","tintindex":0},"north":{"uv":[0.5,11.5,1.25,12.5],"rotation":0,"texture":"#5","tintindex":0},"south":{"uv":[0.5,11.5,1.25,12.5],"rotation":0,"texture":"#5","tintindex":0},"up":{"uv":[0.5,11.5,1.25,12.5],"rotation":0,"texture":"#5","tintindex":0},"west":{"uv":[0.5,11.5,1.25,12.5],"rotation":0,"texture":"#5","tintindex":0}}}],"display":{"head":{"translation":[0.0,-6.4,0.0],"rotation":[0.0,0.0,0.0],"scale":[3.8095,3.8095,3.8095]}}}