{"textures":{"0":"modelengine:entity/horns","1":"modelengine:entity/teethhh","2":"modelengine:entity/x0","3":"modelengine:entity/campfire_fire","4":"modelengine:entity/houndeyes","5":"modelengine:entity/wwwolf"},"elements":[{"name":"leg6","from":[7.0699997,7.4900002,6.62],"to":[8.629999,8.57,7.7],"rotation":{"angle":0.0,"axis":"x","origin":[5.72,7.4,8.06]},"faces":{"down":{"uv":[0.5,11.5,1.25,12.5],"rotation":0,"texture":"#5","tintindex":0},"east":{"uv":[0.5,11.5,1.25,12.5],"rotation":0,"texture":"#5","tintindex":0},"north":{"uv":[0.5,11.5,1.25,12.5],"rotation":0,"texture":"#5","tintindex":0},"south":{"uv":[0.5,11.5,1.25,12.5],"rotation":0,"texture":"#5","tintindex":0},"up":{"uv":[0.5,11.5,1.25,12.5],"rotation":0,"texture":"#5","tintindex":0},"west":{"uv":[0.5,11.5,1.25,12.5],"rotation":0,"texture":"#5","tintindex":0}}},{"name":"leg5","from":[6.8899994,7.4900002,5.54],"to":[8.81,8.57,6.62],"rotation":{"angle":0.0,"axis":"x","origin":[5.72,7.4,6.6800003]},"faces":{"down":{"uv":[0.75,11.5,1.5,12.5],"rotation":0,"texture":"#5","tintindex":0},"east":{"uv":[0.75,11.5,1.5,12.5],"rotation":0,"texture":"#5","tintindex":0},"north":{"uv":[0.0,11.75,2.25,13.5],"rotation":0,"texture":"#5","tintindex":0},"south":{"uv":[0.75,11.5,1.5,12.5],"rotation":0,"texture":"#5","tintindex":0},"up":{"uv":[0.75,11.5,1.5,12.5],"rotation":0,"texture":"#5","tintindex":0},"west":{"uv":[0.75,11.5,1.5,12.5],"rotation":0,"texture":"#5","tintindex":0}}}],"display":{"head":{"translation":[0.0,-6.4,0.0],"rotation":[0.0,0.0,0.0],"scale":[3.8095,3.8095,3.8095]}}}