{"textures":{"0":"modelengine:entity/horns","1":"modelengine:entity/teethhh","2":"modelengine:entity/x0","3":"modelengine:entity/campfire_fire","4":"modelengine:entity/houndeyes","5":"modelengine:entity/wwwolf"},"elements":[{"name":"leg3","from":[7.58,4.82,6.3199997],"to":[8.84,9.440001,8.12],"rotation":{"angle":0.0,"axis":"x","origin":[7.34,4.16,9.74]},"faces":{"down":{"uv":[12.375,8.875,13.25,9.5],"rotation":180,"texture":"#2","tintindex":0},"east":{"uv":[12.375,8.875,13.25,9.5],"rotation":180,"texture":"#2","tintindex":0},"north":{"uv":[12.375,8.875,13.25,9.5],"rotation":180,"texture":"#2","tintindex":0},"south":{"uv":[12.375,8.875,13.25,9.5],"rotation":180,"texture":"#2","tintindex":0},"up":{"uv":[12.375,8.875,13.25,9.5],"rotation":180,"texture":"#2","tintindex":0},"west":{"uv":[12.375,8.875,13.25,9.5],"rotation":180,"texture":"#2","tintindex":0}}}],"display":{"head":{"translation":[0.0,-6.4,0.0],"rotation":[0.0,0.0,0.0],"scale":[3.8095,3.8095,3.8095]}}}