{"textures":{"0":"modelengine:entity/horns","1":"modelengine:entity/teethhh","2":"modelengine:entity/x0","3":"modelengine:entity/campfire_fire","4":"modelengine:entity/houndeyes","5":"modelengine:entity/wwwolf"},"elements":[{"name":"leg9","from":[6.83,7.73,7.7],"to":[8.63,8.75,8.48],"rotation":{"angle":0.0,"axis":"x","origin":[5.6,7.58,8.84]},"faces":{"down":{"uv":[0.5,11.5,1.25,12.5],"rotation":0,"texture":"#5","tintindex":0},"east":{"uv":[0.5,11.5,1.25,12.5],"rotation":0,"texture":"#5","tintindex":0},"north":{"uv":[0.5,11.5,1.25,12.5],"rotation":0,"texture":"#5","tintindex":0},"south":{"uv":[0.5,11.5,1.25,12.5],"rotation":0,"texture":"#5","tintindex":0},"up":{"uv":[0.5,11.5,1.25,12.5],"rotation":0,"texture":"#5","tintindex":0},"west":{"uv":[0.5,11.5,1.25,12.5],"rotation":0,"texture":"#5","tintindex":0}}},{"name":"leg8","from":[6.6499996,7.73,6.32],"to":[8.75,8.75,7.7],"rotation":{"angle":0.0,"axis":"x","origin":[5.6,7.58,7.46]},"faces":{"down":{"uv":[0.75,11.5,1.5,12.5],"rotation":90,"texture":"#5","tintindex":0},"east":{"uv":[0.75,11.5,1.5,12.5],"rotation":90,"texture":"#5","tintindex":0},"north":{"uv":[0.0,11.75,2.25,13.5],"rotation":0,"texture":"#5","tintindex":0},"south":{"uv":[0.75,11.5,1.5,12.5],"rotation":90,"texture":"#5","tintindex":0},"up":{"uv":[0.75,11.5,1.5,12.5],"rotation":90,"texture":"#5","tintindex":0},"west":{"uv":[0.75,11.5,1.5,12.5],"rotation":90,"texture":"#5","tintindex":0}}}],"display":{"head":{"translation":[0.0,-6.4,0.0],"rotation":[0.0,0.0,0.0],"scale":[3.8095,3.8095,3.8095]}}}