{"textures":{"0":"modelengine:entity/horns","1":"modelengine:entity/teethhh","2":"modelengine:entity/x0","3":"modelengine:entity/campfire_fire","4":"modelengine:entity/houndeyes","5":"modelengine:entity/wwwolf"},"elements":[{"name":"leg4","from":[7.0699997,5.8700004,6.2],"to":[8.81,9.290001,8.6],"rotation":{"angle":0.0,"axis":"x","origin":[7.0699997,2.0299997,9.8]},"faces":{"down":{"uv":[12.5,9.375,13.0,9.875],"rotation":90,"texture":"#2","tintindex":0},"east":{"uv":[12.5,9.375,13.0,9.875],"rotation":90,"texture":"#2","tintindex":0},"north":{"uv":[12.5,9.375,13.0,9.875],"rotation":90,"texture":"#2","tintindex":0},"south":{"uv":[12.5,9.375,13.0,9.875],"rotation":90,"texture":"#2","tintindex":0},"up":{"uv":[12.5,9.375,13.0,9.875],"rotation":90,"texture":"#2","tintindex":0},"west":{"uv":[12.5,9.375,13.0,9.875],"rotation":90,"texture":"#2","tintindex":0}}}],"display":{"head":{"translation":[0.0,-6.4,0.0],"rotation":[0.0,0.0,0.0],"scale":[3.8095,3.8095,3.8095]}}}