{"textures":{"0":"modelengine:entity/horns","1":"modelengine:entity/teethhh","2":"modelengine:entity/x0","3":"modelengine:entity/campfire_fire","4":"modelengine:entity/houndeyes","5":"modelengine:entity/wwwolf"},"elements":[{"name":"head","from":[6.4268,8.030836,6.176298],"to":[9.299601,8.646437,8.227098],"rotation":{"angle":0.0,"axis":"x","origin":[8.0,-0.31000924,12.322515]},"faces":{"down":{"uv":[1.0,0.0,1.0,1.0],"rotation":0,"texture":"#1","tintindex":0},"east":{"uv":[0.7804878,0.0,14.439024,16.0],"rotation":0,"texture":"#1","tintindex":0},"north":{"uv":[0.7804878,0.0,14.439024,16.0],"rotation":0,"texture":"#1","tintindex":0},"south":{"uv":[0.7804878,0.0,14.439024,16.0],"rotation":0,"texture":"#1","tintindex":0},"up":{"uv":[1.0,0.0,1.0,1.0],"rotation":0,"texture":"#1","tintindex":0},"west":{"uv":[0.7804878,0.0,14.439024,16.0],"rotation":0,"texture":"#1","tintindex":0}}},{"name":"head","from":[6.3584,7.415236,6.1078978],"to":[9.368,8.030836,8.227098],"rotation":{"angle":0.0,"axis":"x","origin":[8.0,-0.31000924,12.322515]},"faces":{"down":{"uv":[12.375,8.875,13.25,9.5],"rotation":0,"texture":"#2","tintindex":0},"east":{"uv":[12.375,8.875,13.25,9.5],"rotation":0,"texture":"#2","tintindex":0},"north":{"uv":[12.375,8.875,13.25,9.5],"rotation":0,"texture":"#2","tintindex":0},"south":{"uv":[12.375,8.875,13.25,9.5],"rotation":0,"texture":"#2","tintindex":0},"up":{"uv":[12.375,8.875,13.25,9.5],"rotation":0,"texture":"#2","tintindex":0},"west":{"uv":[12.375,8.875,13.25,9.5],"rotation":0,"texture":"#2","tintindex":0}}},{"name":"head","from":[6.2216,7.552036,6.0394983],"to":[9.5048,7.825636,8.227098],"rotation":{"angle":0.0,"axis":"x","origin":[8.0,-0.31000924,12.322515]},"faces":{"down":{"uv":[12.375,8.875,13.25,9.5],"rotation":0,"texture":"#2","tintindex":0},"east":{"uv":[12.375,8.875,13.25,9.5],"rotation":0,"texture":"#2","tintindex":0},"north":{"uv":[12.375,8.875,13.25,9.5],"rotation":0,"texture":"#2","tintindex":0},"south":{"uv":[12.375,8.875,13.25,9.5],"rotation":0,"texture":"#2","tintindex":0},"up":{"uv":[12.375,8.875,13.25,9.5],"rotation":0,"texture":"#2","tintindex":0},"west":{"uv":[12.375,8.875,13.25,9.5],"rotation":0,"texture":"#2","tintindex":0}}}],"display":{"head":{"translation":[0.0,-6.4,0.0],"rotation":[0.0,0.0,0.0],"scale":[3.8095,3.8095,3.8095]}}}