{"textures":{"0":"modelengine:entity/horns","1":"modelengine:entity/teethhh","2":"modelengine:entity/x0","3":"modelengine:entity/campfire_fire","4":"modelengine:entity/houndeyes","5":"modelengine:entity/wwwolf"},"elements":[{"name":"2","from":[10.672117,7.120207,9.286685],"to":[11.760758,7.820047,11.191805],"rotation":{"angle":45.0,"axis":"y","origin":[12.100624,8.920139,9.889872]},"faces":{"down":{"uv":[1.0,0.0,2.5,4.5],"rotation":0,"texture":"#0","tintindex":0},"east":{"uv":[6.5,3.5,11.0,5.0],"rotation":0,"texture":"#0","tintindex":0},"north":{"uv":[2.5,0.0,3.5,1.5],"rotation":0,"texture":"#0","tintindex":0},"south":{"uv":[0.0,0.0,0.5,1.5],"rotation":0,"texture":"#0","tintindex":0},"up":{"uv":[4.0,7.0,8.0,11.5],"rotation":0,"texture":"#0","tintindex":0},"west":{"uv":[5.5,0.0,10.0,1.5],"rotation":0,"texture":"#0","tintindex":0}}},{"name":"2.2","from":[10.944279,7.604047,9.5588455],"to":[11.488598,7.876207,10.919645],"rotation":{"angle":45.0,"axis":"y","origin":[12.100624,8.920139,9.889872]},"faces":{"down":{"uv":[0.0,0.0,2.0,5.0],"rotation":0,"texture":"#0","tintindex":0},"east":{"uv":[6.0,6.0,9.5,7.0],"rotation":0,"texture":"#0","tintindex":0},"north":{"uv":[0.0,0.0,0.5,1.0],"rotation":0,"texture":"#0","tintindex":0},"south":{"uv":[0.0,0.0,1.0,1.0],"rotation":0,"texture":"#0","tintindex":0},"up":{"uv":[5.5,7.5,6.5,11.0],"rotation":0,"texture":"#0","tintindex":0},"west":{"uv":[5.5,0.0,9.0,1.0],"rotation":0,"texture":"#0","tintindex":0}}},{"name":"3","from":[11.36878,6.1469803,10.117865],"to":[12.45742,7.2356205,10.934345],"rotation":{"angle":-22.5,"axis":"x","origin":[12.100624,8.920139,9.889872]},"faces":{"down":{"uv":[0.0,0.0,3.0,3.0],"rotation":0,"texture":"#0","tintindex":0},"east":{"uv":[2.0,0.0,3.5,3.0],"rotation":0,"texture":"#0","tintindex":0},"north":{"uv":[1.0,0.0,2.5,3.0],"rotation":0,"texture":"#0","tintindex":0},"south":{"uv":[4.5,7.0,7.5,10.0],"rotation":0,"texture":"#0","tintindex":0},"up":{"uv":[4.5,7.5,7.5,11.0],"rotation":0,"texture":"#0","tintindex":0},"west":{"uv":[2.0,0.0,3.5,3.0],"rotation":0,"texture":"#0","tintindex":0}}},{"name":"4","from":[11.36878,5.9351063,11.992665],"to":[12.185261,7.7581463,12.536985],"rotation":{"angle":22.5,"axis":"x","origin":[12.100624,8.920139,9.889872]},"faces":{"down":{"uv":[3.5,8.0,5.0,10.0],"rotation":0,"texture":"#0","tintindex":0},"east":{"uv":[2.0,0.0,3.5,3.0],"rotation":0,"texture":"#0","tintindex":0},"north":{"uv":[1.0,0.0,2.5,3.0],"rotation":0,"texture":"#0","tintindex":0},"south":{"uv":[4.5,8.5,7.5,11.5],"rotation":0,"texture":"#0","tintindex":0},"up":{"uv":[0.0,0.0,3.0,2.0],"rotation":0,"texture":"#0","tintindex":0},"west":{"uv":[2.0,0.0,3.5,3.0],"rotation":0,"texture":"#0","tintindex":0}}},{"name":"5","from":[11.36878,4.86826,8.813225],"to":[11.913101,5.14042,9.901865],"rotation":{"angle":-22.5,"axis":"x","origin":[12.100624,8.1857395,9.673872]},"faces":{"down":{"uv":[0.5,0.0,3.0,4.0],"rotation":0,"texture":"#0","tintindex":0},"east":{"uv":[3.5,1.0,7.5,2.5],"rotation":0,"texture":"#0","tintindex":0},"north":{"uv":[10.0,10.0,12.0,11.0],"rotation":0,"texture":"#0","tintindex":0},"south":{"uv":[0.0,0.0,2.0,1.0],"rotation":0,"texture":"#0","tintindex":0},"up":{"uv":[4.5,7.5,7.5,11.5],"rotation":0,"texture":"#0","tintindex":0},"west":{"uv":[5.5,0.0,9.5,1.5],"rotation":0,"texture":"#0","tintindex":0}}},{"name":"6","from":[11.640941,5.390786,10.6880245],"to":[12.185261,5.6629467,11.504505],"rotation":{"angle":22.5,"axis":"x","origin":[12.100624,8.1857395,9.673872]},"faces":{"down":{"uv":[1.0,1.5,2.5,5.0],"rotation":0,"texture":"#0","tintindex":0},"east":{"uv":[4.5,3.5,7.0,4.5],"rotation":0,"texture":"#0","tintindex":0},"north":{"uv":[10.0,8.5,12.0,9.5],"rotation":0,"texture":"#0","tintindex":0},"south":{"uv":[0.0,0.0,2.0,1.0],"rotation":0,"texture":"#0","tintindex":0},"up":{"uv":[4.5,7.0,7.5,9.5],"rotation":0,"texture":"#0","tintindex":0},"west":{"uv":[5.0,0.0,7.5,1.0],"rotation":0,"texture":"#0","tintindex":0}}},{"name":"7","from":[12.185261,5.41258,8.541065],"to":[12.45742,5.9569006,8.813225],"rotation":{"angle":-22.5,"axis":"x","origin":[12.100624,8.1857395,9.673872]},"faces":{"down":{"uv":[13.5,1.5,14.5,2.5],"rotation":0,"texture":"#0","tintindex":0},"east":{"uv":[6.0,0.0,8.0,1.0],"rotation":270,"texture":"#0","tintindex":0},"north":{"uv":[11.0,10.5,12.0,12.5],"rotation":180,"texture":"#0","tintindex":0},"south":{"uv":[0.0,0.5,1.0,2.5],"rotation":0,"texture":"#0","tintindex":0},"up":{"uv":[0.0,0.0,1.0,1.0],"rotation":180,"texture":"#0","tintindex":0},"west":{"uv":[5.5,0.0,7.5,1.0],"rotation":90,"texture":"#0","tintindex":0}}}],"display":{"head":{"translation":[0.0,-6.4,0.0],"rotation":[0.0,0.0,0.0],"scale":[3.8095,3.8095,3.8095]}}}