{"textures":{"0":"modelengine:entity/horns","1":"modelengine:entity/teethhh","2":"modelengine:entity/x0","3":"modelengine:entity/campfire_fire","4":"modelengine:entity/houndeyes","5":"modelengine:entity/wwwolf"},"elements":[{"name":"1","from":[7.503242,8.991899,7.410605],"to":[8.591883,9.691738,9.315725],"rotation":{"angle":-45.0,"axis":"y","origin":[7.163377,10.791831,8.013791]},"faces":{"down":{"uv":[1.0,0.0,2.5,4.5],"rotation":0,"texture":"#0","tintindex":0},"east":{"uv":[6.5,3.5,11.0,5.0],"rotation":0,"texture":"#0","tintindex":0},"north":{"uv":[2.5,0.0,3.5,1.5],"rotation":0,"texture":"#0","tintindex":0},"south":{"uv":[0.0,0.0,0.5,1.5],"rotation":0,"texture":"#0","tintindex":0},"up":{"uv":[4.0,7.0,8.0,11.5],"rotation":0,"texture":"#0","tintindex":0},"west":{"uv":[5.5,0.0,10.0,1.5],"rotation":0,"texture":"#0","tintindex":0}}},{"name":"1.1","from":[7.775402,9.475739,7.682765],"to":[8.319722,9.747898,9.043565],"rotation":{"angle":-45.0,"axis":"y","origin":[7.163377,10.791831,8.013791]},"faces":{"down":{"uv":[0.0,0.0,2.0,5.0],"rotation":0,"texture":"#0","tintindex":0},"east":{"uv":[6.0,6.0,9.5,7.0],"rotation":0,"texture":"#0","tintindex":0},"north":{"uv":[0.0,0.0,0.5,1.0],"rotation":0,"texture":"#0","tintindex":0},"south":{"uv":[0.0,0.0,1.0,1.0],"rotation":0,"texture":"#0","tintindex":0},"up":{"uv":[5.5,7.5,6.5,11.0],"rotation":0,"texture":"#0","tintindex":0},"west":{"uv":[5.5,0.0,9.0,1.0],"rotation":0,"texture":"#0","tintindex":0}}},{"name":"2","from":[6.8065796,8.018671,8.241785],"to":[7.89522,9.107312,9.058265],"rotation":{"angle":-22.5,"axis":"x","origin":[7.163377,10.791831,8.013791]},"faces":{"down":{"uv":[0.0,0.0,3.0,3.0],"rotation":0,"texture":"#0","tintindex":0},"east":{"uv":[2.0,0.0,3.5,3.0],"rotation":0,"texture":"#0","tintindex":0},"north":{"uv":[1.0,0.0,2.5,3.0],"rotation":0,"texture":"#0","tintindex":0},"south":{"uv":[4.5,7.0,7.5,10.0],"rotation":0,"texture":"#0","tintindex":0},"up":{"uv":[4.5,7.5,7.5,11.0],"rotation":0,"texture":"#0","tintindex":0},"west":{"uv":[2.0,0.0,3.5,3.0],"rotation":0,"texture":"#0","tintindex":0}}},{"name":"3","from":[7.078739,7.806798,10.116585],"to":[7.89522,9.629838,10.660905],"rotation":{"angle":22.5,"axis":"x","origin":[7.163377,10.791831,8.013791]},"faces":{"down":{"uv":[3.5,8.0,5.0,10.0],"rotation":0,"texture":"#0","tintindex":0},"east":{"uv":[2.0,0.0,3.5,3.0],"rotation":0,"texture":"#0","tintindex":0},"north":{"uv":[1.0,0.0,2.5,3.0],"rotation":0,"texture":"#0","tintindex":0},"south":{"uv":[4.5,8.5,7.5,11.5],"rotation":0,"texture":"#0","tintindex":0},"up":{"uv":[0.0,0.0,3.0,2.0],"rotation":0,"texture":"#0","tintindex":0},"west":{"uv":[2.0,0.0,3.5,3.0],"rotation":0,"texture":"#0","tintindex":0}}},{"name":"4","from":[7.350899,6.7399516,6.9371443],"to":[7.89522,7.0121117,8.0257845],"rotation":{"angle":-22.5,"axis":"x","origin":[7.163377,10.05743,7.797791]},"faces":{"down":{"uv":[0.5,0.0,3.0,4.0],"rotation":0,"texture":"#0","tintindex":0},"east":{"uv":[3.5,1.0,7.5,2.5],"rotation":0,"texture":"#0","tintindex":0},"north":{"uv":[10.0,10.0,12.0,11.0],"rotation":0,"texture":"#0","tintindex":0},"south":{"uv":[0.0,0.0,2.0,1.0],"rotation":0,"texture":"#0","tintindex":0},"up":{"uv":[4.5,7.5,7.5,11.5],"rotation":0,"texture":"#0","tintindex":0},"west":{"uv":[5.5,0.0,9.5,1.5],"rotation":0,"texture":"#0","tintindex":0}}},{"name":"5","from":[7.078739,7.2624774,8.811945],"to":[7.6230593,7.534638,9.628425],"rotation":{"angle":22.5,"axis":"x","origin":[7.163377,10.05743,7.797791]},"faces":{"down":{"uv":[1.0,1.5,2.5,5.0],"rotation":0,"texture":"#0","tintindex":0},"east":{"uv":[4.5,3.5,7.0,4.5],"rotation":0,"texture":"#0","tintindex":0},"north":{"uv":[10.0,8.5,12.0,9.5],"rotation":0,"texture":"#0","tintindex":0},"south":{"uv":[0.0,0.0,2.0,1.0],"rotation":0,"texture":"#0","tintindex":0},"up":{"uv":[4.5,7.0,7.5,9.5],"rotation":0,"texture":"#0","tintindex":0},"west":{"uv":[5.0,0.0,7.5,1.0],"rotation":0,"texture":"#0","tintindex":0}}},{"name":"6","from":[6.8065796,7.2842717,6.6649847],"to":[7.078739,7.8285923,6.9371443],"rotation":{"angle":-22.5,"axis":"x","origin":[7.163377,10.05743,7.797791]},"faces":{"down":{"uv":[13.5,1.5,14.5,2.5],"rotation":0,"texture":"#0","tintindex":0},"east":{"uv":[6.0,0.0,8.0,1.0],"rotation":270,"texture":"#0","tintindex":0},"north":{"uv":[11.0,10.5,12.0,12.5],"rotation":180,"texture":"#0","tintindex":0},"south":{"uv":[0.0,0.5,1.0,2.5],"rotation":0,"texture":"#0","tintindex":0},"up":{"uv":[0.0,0.0,1.0,1.0],"rotation":180,"texture":"#0","tintindex":0},"west":{"uv":[5.5,0.0,7.5,1.0],"rotation":90,"texture":"#0","tintindex":0}}}],"display":{"head":{"translation":[0.0,-6.4,0.0],"rotation":[0.0,0.0,0.0],"scale":[3.8095,3.8095,3.8095]}}}