{"textures":{"0":"modelengine:entity/horns","1":"modelengine:entity/teethhh","2":"modelengine:entity/x0","3":"modelengine:entity/campfire_fire","4":"modelengine:entity/houndeyes","5":"modelengine:entity/wwwolf"},"elements":[{"name":"head","from":[8.06,4.530825,8.68974],"to":[8.12,6.3308253,9.94974],"rotation":{"angle":0.0,"axis":"x","origin":[8.06,0.6541939,1.0800064]},"faces":{"down":{"uv":[1.0,0.0,1.0,1.0],"rotation":0,"texture":"#1","tintindex":0},"east":{"uv":[0.0,0.0,16.0,16.0],"rotation":270,"texture":"#3","tintindex":0},"north":{"uv":[1.0,0.0,1.0,1.0],"rotation":0,"texture":"#1","tintindex":0},"south":{"uv":[1.0,0.0,1.0,1.0],"rotation":0,"texture":"#1","tintindex":0},"up":{"uv":[1.0,0.0,1.0,1.0],"rotation":0,"texture":"#1","tintindex":0},"west":{"uv":[0.0,0.0,16.0,16.0],"rotation":90,"texture":"#3","tintindex":0}}},{"name":"head","from":[8.06,5.7308254,8.68974],"to":[8.12,7.8908257,9.94974],"rotation":{"angle":0.0,"axis":"x","origin":[8.06,0.6541939,1.0800064]},"faces":{"down":{"uv":[1.0,0.0,1.0,1.0],"rotation":0,"texture":"#1","tintindex":0},"east":{"uv":[0.0,0.0,16.0,16.0],"rotation":270,"texture":"#3","tintindex":0},"north":{"uv":[1.0,0.0,1.0,1.0],"rotation":0,"texture":"#1","tintindex":0},"south":{"uv":[1.0,0.0,1.0,1.0],"rotation":0,"texture":"#1","tintindex":0},"up":{"uv":[1.0,0.0,1.0,1.0],"rotation":0,"texture":"#1","tintindex":0},"west":{"uv":[0.0,0.0,16.0,16.0],"rotation":90,"texture":"#3","tintindex":0}}},{"name":"tail","from":[7.28,5.6108255,7.5497403],"to":[8.9,8.010826,8.80974],"rotation":{"angle":0.0,"axis":"x","origin":[8.06,0.6541939,1.0800064]},"faces":{"down":{"uv":[12.5,9.375,13.0,9.875],"rotation":0,"texture":"#2","tintindex":0},"east":{"uv":[12.5,9.375,13.0,9.875],"rotation":0,"texture":"#2","tintindex":0},"north":{"uv":[12.5,9.375,13.0,9.875],"rotation":0,"texture":"#2","tintindex":0},"south":{"uv":[12.5,9.375,13.0,9.875],"rotation":0,"texture":"#2","tintindex":0},"up":{"uv":[12.5,9.375,13.0,9.875],"rotation":0,"texture":"#2","tintindex":0},"west":{"uv":[12.5,9.375,13.0,9.875],"rotation":0,"texture":"#2","tintindex":0}}},{"name":"tail","from":[7.52,4.4108253,7.66974],"to":[8.6,5.6108255,8.68974],"rotation":{"angle":0.0,"axis":"x","origin":[8.06,0.6541939,1.0800064]},"faces":{"down":{"uv":[12.375,9.625,13.25,9.875],"rotation":180,"texture":"#2","tintindex":0},"east":{"uv":[12.375,9.625,13.25,9.875],"rotation":180,"texture":"#2","tintindex":0},"north":{"uv":[12.375,9.625,13.25,9.875],"rotation":180,"texture":"#2","tintindex":0},"south":{"uv":[12.375,9.625,13.25,9.875],"rotation":180,"texture":"#2","tintindex":0},"up":{"uv":[12.375,9.625,13.25,9.875],"rotation":180,"texture":"#2","tintindex":0},"west":{"uv":[12.375,9.625,13.25,9.875],"rotation":180,"texture":"#2","tintindex":0}}}],"display":{"head":{"translation":[0.0,-6.4,0.0],"rotation":[0.0,0.0,0.0],"scale":[3.8095,3.8095,3.8095]}}}