{"textures":{"0":"modelengine:entity/mso_hammerhead_shark2"},"elements":[{"name":"cube","from":[6.267251,7.7,7.6537037],"to":[12.867251,8.3,10.653704],"rotation":{"angle":-22.5,"axis":"y","origin":[10.467251,8.0,8.253704]},"faces":{"down":{"uv":[3.0,5.875,1.625,6.5],"rotation":0,"texture":"#0","tintindex":0},"east":{"uv":[6.0,3.0,6.625,3.125],"rotation":0,"texture":"#0","tintindex":0},"north":{"uv":[7.125,2.25,8.5,2.375],"rotation":0,"texture":"#0","tintindex":0},"south":{"uv":[7.125,2.375,8.5,2.5],"rotation":0,"texture":"#0","tintindex":0},"up":{"uv":[4.375,6.375,3.0,5.75],"rotation":0,"texture":"#0","tintindex":0},"west":{"uv":[7.125,2.5,7.75,2.625],"rotation":0,"texture":"#0","tintindex":0}}}],"display":{"head":{"translation":[0.0,-6.4,0.0],"rotation":[0.0,0.0,0.0],"scale":[3.8095,3.8095,3.8095]}}}