{"textures":{"0":"modelengine:entity/mso_hammerhead_shark2"},"elements":[{"name":"cube","from":[5.3,4.924219,3.4567795],"to":[10.700001,12.12422,11.25678],"rotation":{"angle":-22.5,"axis":"x","origin":[8.0,6.7242193,7.95678]},"faces":{"down":{"uv":[4.5,0.0,3.375,1.625],"rotation":0,"texture":"#0","tintindex":0},"east":{"uv":[0.0,0.0,1.625,1.5],"rotation":0,"texture":"#0","tintindex":0},"north":{"uv":[3.625,3.125,4.75,4.625],"rotation":0,"texture":"#0","tintindex":0},"south":{"uv":[1.125,4.125,2.25,5.625],"rotation":0,"texture":"#0","tintindex":0},"up":{"uv":[1.125,4.625,0.0,3.0],"rotation":0,"texture":"#0","tintindex":0},"west":{"uv":[0.0,1.5,1.625,3.0],"rotation":0,"texture":"#0","tintindex":0}}},{"name":"cube","from":[7.7,10.32422,4.0567794],"to":[8.3,15.72422,7.65678],"rotation":{"angle":22.5,"axis":"x","origin":[10.4,6.7242193,7.95678]},"faces":{"down":{"uv":[3.125,7.125,3.0,7.875],"rotation":0,"texture":"#0","tintindex":0},"east":{"uv":[5.875,3.75,6.625,4.875],"rotation":0,"texture":"#0","tintindex":0},"north":{"uv":[4.0,7.0,4.125,8.125],"rotation":0,"texture":"#0","tintindex":0},"south":{"uv":[4.125,7.0,4.25,8.125],"rotation":0,"texture":"#0","tintindex":0},"up":{"uv":[4.375,7.75,4.25,7.0],"rotation":0,"texture":"#0","tintindex":0},"west":{"uv":[5.875,4.875,6.625,6.0],"rotation":0,"texture":"#0","tintindex":0}}}],"display":{"head":{"translation":[0.0,-6.4,0.0],"rotation":[0.0,0.0,0.0],"scale":[3.8095,3.8095,3.8095]}}}