{"textures":{"0":"modelengine:entity/mso_hammerhead_shark2"},"elements":[{"name":"cube","from":[5.8999996,4.9108534,4.6895266],"to":[10.1,7.9108534,9.489527],"rotation":{"angle":-22.5,"axis":"x","origin":[8.9,6.7108536,5.289527]},"faces":{"down":{"uv":[1.625,5.625,0.75,6.625],"rotation":0,"texture":"#0","tintindex":0},"east":{"uv":[6.375,0.0,7.375,0.625],"rotation":0,"texture":"#0","tintindex":0},"north":{"uv":[1.625,6.5,2.5,7.125],"rotation":0,"texture":"#0","tintindex":0},"south":{"uv":[0.0,6.625,0.875,7.375],"rotation":0,"texture":"#0","tintindex":0},"up":{"uv":[6.375,1.0,5.5,0.0],"rotation":0,"texture":"#0","tintindex":0},"west":{"uv":[3.0,6.375,4.0,7.0],"rotation":0,"texture":"#0","tintindex":0}}},{"name":"cube","from":[2.2999997,6.4108534,2.2895267],"to":[13.7,7.610853,5.889527],"rotation":{"angle":0.0,"axis":"x","origin":[5.3,6.7108536,5.289527]},"faces":{"down":{"uv":[6.0,2.375,3.625,3.125],"rotation":0,"texture":"#0","tintindex":0},"east":{"uv":[7.125,1.5,7.875,1.75],"rotation":0,"texture":"#0","tintindex":0},"north":{"uv":[6.0,2.75,8.375,3.0],"rotation":0,"texture":"#0","tintindex":0},"south":{"uv":[6.375,0.75,8.75,1.0],"rotation":0,"texture":"#0","tintindex":0},"up":{"uv":[6.0,2.375,3.625,1.625],"rotation":0,"texture":"#0","tintindex":0},"west":{"uv":[7.125,1.75,7.875,2.0],"rotation":0,"texture":"#0","tintindex":0}}}],"display":{"head":{"translation":[0.0,-6.4,0.0],"rotation":[0.0,0.0,0.0],"scale":[3.8095,3.8095,3.8095]}}}