{"textures":{"0":"modelengine:entity/dungeon_barrel"},"elements":[{"name":"cube","from":[4.3999996,8.0,4.3999996],"to":[11.6,9.8,11.6],"rotation":{"angle":0.0,"axis":"x","origin":[8.0,8.0,8.0]},"faces":{"down":{"uv":[9.0,10.0,6.0,13.0],"rotation":0,"texture":"#0","tintindex":0},"east":{"uv":[0.0,10.5,3.0,11.25],"rotation":0,"texture":"#0","tintindex":0},"north":{"uv":[10.0,9.25,13.0,10.0],"rotation":0,"texture":"#0","tintindex":0},"south":{"uv":[10.5,0.0,13.5,0.75],"rotation":0,"texture":"#0","tintindex":0},"up":{"uv":[6.0,10.5,3.0,7.5],"rotation":0,"texture":"#0","tintindex":0},"west":{"uv":[10.5,0.75,13.5,1.5],"rotation":0,"texture":"#0","tintindex":0}}},{"name":"cube","from":[4.3999996,18.8,4.3999996],"to":[11.6,20.600002,11.6],"rotation":{"angle":0.0,"axis":"x","origin":[8.0,8.0,8.0]},"faces":{"down":{"uv":[3.0,7.5,0.0,10.5],"rotation":0,"texture":"#0","tintindex":0},"east":{"uv":[10.0,7.75,13.0,8.5],"rotation":0,"texture":"#0","tintindex":0},"north":{"uv":[10.0,7.0,13.0,7.75],"rotation":0,"texture":"#0","tintindex":0},"south":{"uv":[10.0,8.5,13.0,9.25],"rotation":0,"texture":"#0","tintindex":0},"up":{"uv":[10.0,10.0,7.0,7.0],"rotation":0,"texture":"#0","tintindex":0},"west":{"uv":[9.0,10.0,12.0,10.75],"rotation":0,"texture":"#0","tintindex":0}}},{"name":"cube","from":[3.7999997,9.8,3.7999997],"to":[12.2,18.8,12.2],"rotation":{"angle":0.0,"axis":"x","origin":[8.0,8.0,8.0]},"faces":{"down":{"uv":[10.5,3.5,7.0,7.0],"rotation":0,"texture":"#0","tintindex":0},"east":{"uv":[3.5,0.0,7.0,3.75],"rotation":0,"texture":"#0","tintindex":0},"north":{"uv":[0.0,0.0,3.5,3.75],"rotation":0,"texture":"#0","tintindex":0},"south":{"uv":[0.0,3.75,3.5,7.5],"rotation":0,"texture":"#0","tintindex":0},"up":{"uv":[10.5,3.5,7.0,0.0],"rotation":0,"texture":"#0","tintindex":0},"west":{"uv":[3.5,3.75,7.0,7.5],"rotation":0,"texture":"#0","tintindex":0}}}],"display":{"head":{"translation":[0.0,-6.4,0.0],"rotation":[0.0,0.0,0.0],"scale":[3.8095,3.8095,3.8095]}}}