{"textures":{"0":"modelengine:entity/mso_pistol_shrimp"},"elements":[{"name":"cube","from":[7.7,7.7,6.2],"to":[8.3,8.3,8.6],"rotation":{"angle":0.0,"axis":"x","origin":[9.5,5.8999996,10.4]},"faces":{"down":{"uv":[6.0,7.5,5.75,8.5],"rotation":0,"texture":"#0","tintindex":0},"east":{"uv":[7.5,2.25,8.5,2.5],"rotation":0,"texture":"#0","tintindex":0},"north":{"uv":[3.75,5.25,4.0,5.5],"rotation":0,"texture":"#0","tintindex":0},"south":{"uv":[6.5,4.75,6.75,5.0],"rotation":0,"texture":"#0","tintindex":0},"up":{"uv":[7.75,5.75,7.5,4.75],"rotation":0,"texture":"#0","tintindex":0},"west":{"uv":[4.75,7.5,5.75,7.75],"rotation":0,"texture":"#0","tintindex":0}}}],"display":{"head":{"translation":[0.0,-6.4,0.0],"rotation":[0.0,0.0,0.0],"scale":[3.8095,3.8095,3.8095]}}}