{"textures":{"0":"modelengine:entity/mso_pistol_shrimp"},"elements":[{"name":"cube","from":[8.9,7.443158,5.6],"to":[10.1,9.843159,8.0],"rotation":{"angle":22.5,"axis":"z","origin":[11.3,9.243158,8.0]},"faces":{"down":{"uv":[6.0,7.0,6.5,8.0],"rotation":0,"texture":"#0","tintindex":0},"east":{"uv":[2.5,6.25,1.5,7.25],"rotation":0,"texture":"#0","tintindex":0},"north":{"uv":[7.5,3.75,7.0,4.75],"rotation":0,"texture":"#0","tintindex":0},"south":{"uv":[7.5,4.75,7.0,5.75],"rotation":0,"texture":"#0","tintindex":0},"up":{"uv":[7.0,6.75,7.5,5.75],"rotation":0,"texture":"#0","tintindex":0},"west":{"uv":[1.5,6.25,0.5,7.25],"rotation":0,"texture":"#0","tintindex":0}}},{"name":"cube","from":[5.8999996,7.443158,8.0],"to":[7.1,9.843159,10.4],"rotation":{"angle":-22.5,"axis":"z","origin":[4.7,9.243158,8.0]},"faces":{"down":{"uv":[5.5,6.5,5.0,7.5],"rotation":0,"texture":"#0","tintindex":0},"east":{"uv":[3.25,5.5,4.25,6.5],"rotation":0,"texture":"#0","tintindex":0},"north":{"uv":[6.5,3.75,7.0,4.75],"rotation":0,"texture":"#0","tintindex":0},"south":{"uv":[4.0,6.5,4.5,7.5],"rotation":0,"texture":"#0","tintindex":0},"up":{"uv":[5.0,7.5,4.5,6.5],"rotation":0,"texture":"#0","tintindex":0},"west":{"uv":[4.25,5.5,5.25,6.5],"rotation":0,"texture":"#0","tintindex":0}}},{"name":"cube inverted","from":[7.1,9.843159,10.4],"to":[5.8999996,7.443158,8.0],"rotation":{"angle":-22.5,"axis":"z","origin":[4.7,9.243158,8.0]},"faces":{"down":{"uv":[4.5,7.5,5.0,6.5],"rotation":0,"texture":"#0","tintindex":0},"east":{"uv":[4.25,6.5,5.25,5.5],"rotation":0,"texture":"#0","tintindex":0},"north":{"uv":[4.0,7.5,4.5,6.5],"rotation":0,"texture":"#0","tintindex":0},"south":{"uv":[6.5,4.75,7.0,3.75],"rotation":0,"texture":"#0","tintindex":0},"up":{"uv":[5.0,6.5,5.5,7.5],"rotation":0,"texture":"#0","tintindex":0},"west":{"uv":[3.25,6.5,4.25,5.5],"rotation":0,"texture":"#0","tintindex":0}}},{"name":"cube inverted","from":[10.1,9.843159,8.0],"to":[8.9,7.443158,5.6],"rotation":{"angle":22.5,"axis":"z","origin":[11.3,9.243158,8.0]},"faces":{"down":{"uv":[7.5,6.75,7.0,5.75],"rotation":0,"texture":"#0","tintindex":0},"east":{"uv":[1.5,7.25,0.5,6.25],"rotation":0,"texture":"#0","tintindex":0},"north":{"uv":[7.5,5.75,7.0,4.75],"rotation":0,"texture":"#0","tintindex":0},"south":{"uv":[7.5,4.75,7.0,3.75],"rotation":0,"texture":"#0","tintindex":0},"up":{"uv":[6.5,7.0,6.0,8.0],"rotation":0,"texture":"#0","tintindex":0},"west":{"uv":[2.5,7.25,1.5,6.25],"rotation":0,"texture":"#0","tintindex":0}}}],"display":{"head":{"translation":[0.0,-6.4,0.0],"rotation":[0.0,0.0,0.0],"scale":[3.8095,3.8095,3.8095]}}}