{"textures":{"0":"modelengine:entity/mso_pistol_shrimp"},"elements":[{"name":"cube","from":[6.5,6.0444927,5.6394873],"to":[9.5,8.444493,8.039488],"rotation":{"angle":-45.0,"axis":"x","origin":[8.0,7.244493,6.839487]},"faces":{"down":{"uv":[6.0,4.5,4.75,5.5],"rotation":0,"texture":"#0","tintindex":0},"east":{"uv":[5.25,5.5,6.25,6.5],"rotation":0,"texture":"#0","tintindex":0},"north":{"uv":[0.75,4.25,2.0,5.25],"rotation":0,"texture":"#0","tintindex":0},"south":{"uv":[2.0,4.25,3.25,5.25],"rotation":0,"texture":"#0","tintindex":0},"up":{"uv":[6.0,4.5,4.75,3.5],"rotation":0,"texture":"#0","tintindex":0},"west":{"uv":[6.0,2.0,7.0,3.0],"rotation":0,"texture":"#0","tintindex":0}}},{"name":"cube","from":[7.1,6.0444927,7.4394875],"to":[8.9,7.844493,12.239488],"rotation":{"angle":0.0,"axis":"x","origin":[8.0,6.644493,11.039488]},"faces":{"down":{"uv":[0.75,4.25,0.0,6.25],"rotation":0,"texture":"#0","tintindex":0},"east":{"uv":[3.5,2.0,5.5,2.75],"rotation":0,"texture":"#0","tintindex":0},"north":{"uv":[6.5,3.0,7.25,3.75],"rotation":0,"texture":"#0","tintindex":0},"south":{"uv":[3.25,6.5,4.0,7.25],"rotation":0,"texture":"#0","tintindex":0},"up":{"uv":[4.75,5.5,4.0,3.5],"rotation":0,"texture":"#0","tintindex":0},"west":{"uv":[4.0,2.75,6.0,3.5],"rotation":0,"texture":"#0","tintindex":0}}},{"name":"cube","from":[5.8999996,6.644493,11.639487],"to":[10.1,6.644493,14.039487],"rotation":{"angle":22.5,"axis":"x","origin":[8.0,6.644493,12.839487]},"faces":{"down":{"uv":[5.25,0.0,3.5,1.0],"rotation":0,"texture":"#0","tintindex":0},"east":{"uv":[0.0,0.0,1.0,0.0],"rotation":0,"texture":"#0","tintindex":0},"north":{"uv":[0.0,0.0,1.75,0.0],"rotation":0,"texture":"#0","tintindex":0},"south":{"uv":[0.0,0.0,1.75,0.0],"rotation":0,"texture":"#0","tintindex":0},"up":{"uv":[5.25,1.0,3.5,0.0],"rotation":0,"texture":"#0","tintindex":0},"west":{"uv":[0.0,0.0,1.0,0.0],"rotation":0,"texture":"#0","tintindex":0}}},{"name":"cube","from":[7.1,9.347,5.935091],"to":[8.9,11.746999,7.735091],"rotation":{"angle":-22.5,"axis":"x","origin":[8.0,8.146999,11.635091]},"faces":{"down":{"uv":[7.25,0.75,6.5,1.5],"rotation":0,"texture":"#0","tintindex":0},"east":{"uv":[2.5,6.25,3.25,7.25],"rotation":0,"texture":"#0","tintindex":0},"north":{"uv":[3.25,4.25,4.0,5.25],"rotation":0,"texture":"#0","tintindex":0},"south":{"uv":[6.25,5.0,7.0,6.0],"rotation":0,"texture":"#0","tintindex":0},"up":{"uv":[7.25,0.75,6.5,0.0],"rotation":0,"texture":"#0","tintindex":0},"west":{"uv":[6.25,6.0,7.0,7.0],"rotation":0,"texture":"#0","tintindex":0}}},{"name":"cube","from":[6.5,6.9469986,4.8850913],"to":[9.5,9.347,4.8850913],"rotation":{"angle":0.0,"axis":"x","origin":[7.4,8.146999,11.635091]},"faces":{"down":{"uv":[1.25,0.0,0.0,0.0],"rotation":0,"texture":"#0","tintindex":0},"east":{"uv":[0.0,0.0,0.0,1.0],"rotation":0,"texture":"#0","tintindex":0},"north":{"uv":[5.25,0.0,6.5,1.0],"rotation":0,"texture":"#0","tintindex":0},"south":{"uv":[5.25,0.0,6.5,1.0],"rotation":0,"texture":"#0","tintindex":0},"up":{"uv":[1.25,0.0,0.0,0.0],"rotation":0,"texture":"#0","tintindex":0},"west":{"uv":[0.0,0.0,0.0,1.0],"rotation":0,"texture":"#0","tintindex":0}}},{"name":"cube","from":[6.5,8.146999,6.085091],"to":[9.5,10.546999,6.085091],"rotation":{"angle":22.5,"axis":"x","origin":[8.0,10.546999,6.085091]},"faces":{"down":{"uv":[1.25,0.0,0.0,0.0],"rotation":0,"texture":"#0","tintindex":0},"east":{"uv":[0.0,0.0,0.0,1.0],"rotation":0,"texture":"#0","tintindex":0},"north":{"uv":[5.25,1.0,6.5,2.0],"rotation":0,"texture":"#0","tintindex":0},"south":{"uv":[5.25,1.0,6.5,2.0],"rotation":0,"texture":"#0","tintindex":0},"up":{"uv":[1.25,0.0,0.0,0.0],"rotation":0,"texture":"#0","tintindex":0},"west":{"uv":[0.0,0.0,0.0,1.0],"rotation":0,"texture":"#0","tintindex":0}}},{"name":"cube","from":[5.8999996,9.627775,5.9027267],"to":[10.1,9.627775,13.702727],"rotation":{"angle":22.5,"axis":"x","origin":[7.4,9.627775,8.302727]},"faces":{"down":{"uv":[1.75,0.0,0.0,3.25],"rotation":0,"texture":"#0","tintindex":0},"east":{"uv":[0.0,0.0,3.25,0.0],"rotation":0,"texture":"#0","tintindex":0},"north":{"uv":[0.0,0.0,1.75,0.0],"rotation":0,"texture":"#0","tintindex":0},"south":{"uv":[0.0,0.0,1.75,0.0],"rotation":0,"texture":"#0","tintindex":0},"up":{"uv":[1.75,3.25,0.0,0.0],"rotation":0,"texture":"#0","tintindex":0},"west":{"uv":[0.0,0.0,3.25,0.0],"rotation":0,"texture":"#0","tintindex":0}}}],"display":{"head":{"translation":[0.0,-6.4,0.0],"rotation":[0.0,0.0,0.0],"scale":[3.8095,3.8095,3.8095]}}}