{"textures":{"0":"modelengine:entity/mso_pistol_shrimp"},"elements":[{"name":"cube","from":[7.7,7.4,5.8999996],"to":[8.3,8.6,8.3],"rotation":{"angle":0.0,"axis":"x","origin":[7.1,5.8999996,12.5]},"faces":{"down":{"uv":[4.25,7.5,4.0,8.5],"rotation":0,"texture":"#0","tintindex":0},"east":{"uv":[1.0,7.25,2.0,7.75],"rotation":0,"texture":"#0","tintindex":0},"north":{"uv":[6.0,5.0,6.25,5.5],"rotation":0,"texture":"#0","tintindex":0},"south":{"uv":[6.0,6.5,6.25,7.0],"rotation":0,"texture":"#0","tintindex":0},"up":{"uv":[7.75,4.75,7.5,3.75],"rotation":0,"texture":"#0","tintindex":0},"west":{"uv":[7.25,1.0,8.25,1.5],"rotation":0,"texture":"#0","tintindex":0}}}],"display":{"head":{"translation":[0.0,-6.4,0.0],"rotation":[0.0,0.0,0.0],"scale":[3.8095,3.8095,3.8095]}}}