{"textures":{"0":"modelengine:entity/mso_pistol_shrimp"},"elements":[{"name":"cube","from":[7.7,7.7,5.8999996],"to":[8.3,8.3,8.3],"rotation":{"angle":0.0,"axis":"x","origin":[6.5,5.8999996,10.1]},"faces":{"down":{"uv":[4.0,7.25,3.75,8.25],"rotation":0,"texture":"#0","tintindex":0},"east":{"uv":[7.0,6.75,8.0,7.0],"rotation":0,"texture":"#0","tintindex":0},"north":{"uv":[3.25,5.25,3.5,5.5],"rotation":0,"texture":"#0","tintindex":0},"south":{"uv":[3.5,5.25,3.75,5.5],"rotation":0,"texture":"#0","tintindex":0},"up":{"uv":[3.75,8.25,3.5,7.25],"rotation":0,"texture":"#0","tintindex":0},"west":{"uv":[7.5,1.5,8.5,1.75],"rotation":0,"texture":"#0","tintindex":0}}}],"display":{"head":{"translation":[0.0,-6.4,0.0],"rotation":[0.0,0.0,0.0],"scale":[3.8095,3.8095,3.8095]}}}