{"textures":{"0":"modelengine:entity/2022_05_04_blockbench-prototype-20277430"},"elements":[{"name":"leftleg","from":[6.7939997,4.3999996,8.0],"to":[8.894,8.0,10.1],"rotation":{"angle":0.0,"axis":"x","origin":[6.8,4.3999996,9.2]},"faces":{"down":{"uv":[3.0,4.0,2.0,5.0],"rotation":0,"texture":"#0","tintindex":0},"east":{"uv":[0.0,6.5,1.0,8.0],"rotation":0,"texture":"#0","tintindex":0},"north":{"uv":[1.0,6.5,2.0,8.0],"rotation":0,"texture":"#0","tintindex":0},"south":{"uv":[4.0,6.5,3.0,8.0],"rotation":0,"texture":"#0","tintindex":0},"up":{"uv":[2.0,5.0,1.0,4.0],"rotation":0,"texture":"#0","tintindex":0},"west":{"uv":[2.0,6.5,3.0,8.0],"rotation":0,"texture":"#0","tintindex":0}}},{"name":"leftleg","from":[6.644,4.25,7.85],"to":[9.044,8.0,10.25],"rotation":{"angle":0.0,"axis":"x","origin":[6.8,4.3999996,9.2]},"faces":{"down":{"uv":[3.0,8.0,2.0,9.0],"rotation":0,"texture":"#0","tintindex":0},"east":{"uv":[0.0,10.5,1.0,12.0],"rotation":0,"texture":"#0","tintindex":0},"north":{"uv":[1.0,10.5,2.0,12.0],"rotation":0,"texture":"#0","tintindex":0},"south":{"uv":[3.0,10.5,4.0,12.0],"rotation":0,"texture":"#0","tintindex":0},"up":{"uv":[16.0,16.0,16.0,16.0],"rotation":0,"texture":"#0","tintindex":0},"west":{"uv":[2.0,10.5,3.0,12.0],"rotation":0,"texture":"#0","tintindex":0}}}],"display":{"head":{"translation":[0.0,-6.4,0.0],"rotation":[0.0,0.0,0.0],"scale":[3.8095,3.8095,3.8095]}}}