{"textures":{"0":"modelengine:entity/2022_05_04_blockbench-prototype-20277430"},"elements":[{"name":"leftarm","from":[8.0,5.0,6.5],"to":[9.8,8.6,8.9],"rotation":{"angle":0.0,"axis":"x","origin":[5.6,-5.8,8.0]},"faces":{"down":{"uv":[16.0,16.0,16.0,16.0],"rotation":0,"texture":"#0","tintindex":0},"east":{"uv":[10.0,5.0,11.0,6.5],"rotation":0,"texture":"#0","tintindex":0},"north":{"uv":[11.0,5.0,12.0,6.5],"rotation":0,"texture":"#0","tintindex":0},"south":{"uv":[13.0,5.0,14.0,6.5],"rotation":0,"texture":"#0","tintindex":0},"up":{"uv":[11.75,5.0,11.0,4.0],"rotation":0,"texture":"#0","tintindex":0},"west":{"uv":[12.0,5.0,13.0,6.5],"rotation":0,"texture":"#0","tintindex":0}}},{"name":"leftarmlayer2","from":[7.85,5.0,6.35],"to":[9.950001,8.75,9.05],"rotation":{"angle":0.0,"axis":"x","origin":[5.6,-5.8,8.0]},"faces":{"down":{"uv":[16.0,16.0,16.0,16.0],"rotation":0,"texture":"#0","tintindex":0},"east":{"uv":[10.0,9.0,11.0,10.5],"rotation":0,"texture":"#0","tintindex":0},"north":{"uv":[11.0,9.0,12.0,10.5],"rotation":0,"texture":"#0","tintindex":0},"south":{"uv":[13.0,9.0,14.0,10.5],"rotation":0,"texture":"#0","tintindex":0},"up":{"uv":[11.75,9.0,11.0,8.0],"rotation":0,"texture":"#0","tintindex":0},"west":{"uv":[12.0,9.0,13.0,10.5],"rotation":0,"texture":"#0","tintindex":0}}}],"display":{"head":{"translation":[0.0,-6.4,0.0],"rotation":[0.0,0.0,0.0],"scale":[3.8095,3.8095,3.8095]}}}