{"textures":{"0":"modelengine:entity/2022_05_04_blockbench-prototype-20277430"},"elements":[{"name":"leftleg","from":[6.71,4.3999996,6.6499996],"to":[9.110001,8.15,9.05],"rotation":{"angle":0.0,"axis":"x","origin":[6.8599997,0.7999997,8.0]},"faces":{"down":{"uv":[16.0,16.0,16.0,16.0],"rotation":0,"texture":"#0","tintindex":0},"east":{"uv":[0.0,9.0,1.0,10.5],"rotation":0,"texture":"#0","tintindex":0},"north":{"uv":[1.0,9.0,2.0,10.5],"rotation":0,"texture":"#0","tintindex":0},"south":{"uv":[3.0,9.0,4.0,10.5],"rotation":0,"texture":"#0","tintindex":0},"up":{"uv":[2.0,9.0,1.0,8.0],"rotation":0,"texture":"#0","tintindex":0},"west":{"uv":[2.0,9.0,3.0,10.5],"rotation":0,"texture":"#0","tintindex":0}}},{"name":"leftleglayer2","from":[6.8599997,4.3999996,6.8],"to":[8.96,8.0,8.9],"rotation":{"angle":0.0,"axis":"x","origin":[6.8599997,0.7999997,8.0]},"faces":{"down":{"uv":[16.0,16.0,16.0,16.0],"rotation":0,"texture":"#0","tintindex":0},"east":{"uv":[0.0,5.0,1.0,6.5],"rotation":0,"texture":"#0","tintindex":0},"north":{"uv":[1.0,5.0,2.0,6.5],"rotation":0,"texture":"#0","tintindex":0},"south":{"uv":[4.0,5.0,3.0,6.5],"rotation":0,"texture":"#0","tintindex":0},"up":{"uv":[2.0,5.0,1.0,4.0],"rotation":0,"texture":"#0","tintindex":0},"west":{"uv":[2.0,5.0,3.0,6.5],"rotation":0,"texture":"#0","tintindex":0}}}],"display":{"head":{"translation":[0.0,-6.4,0.0],"rotation":[0.0,0.0,0.0],"scale":[3.8095,3.8095,3.8095]}}}