{"textures":{"0":"modelengine:entity/nocsy_skeleton_brute_skin"},"elements":[{"name":"cube","from":[5.9284735,11.099955,9.841356],"to":[8.153446,11.637017,10.301696],"rotation":{"angle":22.5,"axis":"z","origin":[6.734067,11.368487,10.071527]},"faces":{"down":{"uv":[14.0,10.375,13.5,10.5],"rotation":0,"texture":"#0","tintindex":0},"east":{"uv":[9.125,14.25,9.25,14.375],"rotation":0,"texture":"#0","tintindex":0},"north":{"uv":[10.0,13.5,10.5,13.625],"rotation":0,"texture":"#0","tintindex":0},"south":{"uv":[13.5,10.125,14.0,10.25],"rotation":0,"texture":"#0","tintindex":0},"up":{"uv":[14.0,10.375,13.5,10.25],"rotation":0,"texture":"#0","tintindex":0},"west":{"uv":[14.25,9.125,14.375,9.25],"rotation":0,"texture":"#0","tintindex":0}}},{"name":"cube","from":[4.547456,10.793062,10.455143],"to":[6.3888125,11.330126,10.915482],"rotation":{"angle":-45.0,"axis":"y","origin":[6.734067,11.368487,10.071527]},"faces":{"down":{"uv":[14.125,0.625,13.75,0.75],"rotation":0,"texture":"#0","tintindex":0},"east":{"uv":[9.25,14.25,9.375,14.375],"rotation":0,"texture":"#0","tintindex":0},"north":{"uv":[13.625,12.375,14.0,12.5],"rotation":0,"texture":"#0","tintindex":0},"south":{"uv":[13.625,12.5,14.0,12.625],"rotation":0,"texture":"#0","tintindex":0},"up":{"uv":[14.125,0.625,13.75,0.5],"rotation":0,"texture":"#0","tintindex":0},"west":{"uv":[14.25,9.25,14.375,9.375],"rotation":0,"texture":"#0","tintindex":0}}},{"name":"cube","from":[4.624179,10.812244,7.693107],"to":[5.0845184,11.368486,9.150848],"rotation":{"angle":0.0,"axis":"x","origin":[6.734067,11.368487,10.071527]},"faces":{"down":{"uv":[3.0,13.75,2.875,14.125],"rotation":0,"texture":"#0","tintindex":0},"east":{"uv":[13.75,1.25,14.125,1.375],"rotation":0,"texture":"#0","tintindex":0},"north":{"uv":[9.375,14.25,9.5,14.375],"rotation":0,"texture":"#0","tintindex":0},"south":{"uv":[14.25,9.375,14.375,9.5],"rotation":0,"texture":"#0","tintindex":0},"up":{"uv":[2.875,14.125,2.75,13.75],"rotation":0,"texture":"#0","tintindex":0},"west":{"uv":[13.75,1.375,14.125,1.5],"rotation":0,"texture":"#0","tintindex":0}}},{"name":"cube","from":[4.16384,10.850605,6.0819197],"to":[4.624179,11.330126,7.76983],"rotation":{"angle":-45.0,"axis":"y","origin":[4.4707327,11.061594,8.268531]},"faces":{"down":{"uv":[4.5,13.75,4.375,14.125],"rotation":0,"texture":"#0","tintindex":0},"east":{"uv":[13.75,3.0,14.125,3.125],"rotation":0,"texture":"#0","tintindex":0},"north":{"uv":[9.5,14.25,9.625,14.375],"rotation":0,"texture":"#0","tintindex":0},"south":{"uv":[14.25,9.5,14.375,9.625],"rotation":0,"texture":"#0","tintindex":0},"up":{"uv":[13.875,4.125,13.75,3.75],"rotation":0,"texture":"#0","tintindex":0},"west":{"uv":[13.75,3.125,14.125,3.25],"rotation":0,"texture":"#0","tintindex":0}}},{"name":"cube","from":[5.9284735,10.8889675,6.465536],"to":[6.925875,11.291762,6.925875],"rotation":{"angle":0.0,"axis":"x","origin":[4.4707327,11.061594,9.112486]},"faces":{"down":{"uv":[14.375,0.875,14.125,1.0],"rotation":0,"texture":"#0","tintindex":0},"east":{"uv":[9.625,14.25,9.75,14.375],"rotation":0,"texture":"#0","tintindex":0},"north":{"uv":[14.125,0.5,14.375,0.625],"rotation":0,"texture":"#0","tintindex":0},"south":{"uv":[14.125,0.625,14.375,0.75],"rotation":0,"texture":"#0","tintindex":0},"up":{"uv":[14.375,0.875,14.125,0.75],"rotation":0,"texture":"#0","tintindex":0},"west":{"uv":[14.25,9.625,14.375,9.75],"rotation":0,"texture":"#0","tintindex":0}}},{"name":"cube","from":[6.7729874,11.327315,6.542259],"to":[7.616943,11.634209,6.925875],"rotation":{"angle":22.5,"axis":"z","origin":[7.847112,11.327316,6.734067]},"faces":{"down":{"uv":[14.375,1.25,14.125,1.375],"rotation":0,"texture":"#0","tintindex":0},"east":{"uv":[9.75,14.25,9.875,14.375],"rotation":0,"texture":"#0","tintindex":0},"north":{"uv":[1.0,14.125,1.25,14.25],"rotation":0,"texture":"#0","tintindex":0},"south":{"uv":[14.125,1.0,14.375,1.125],"rotation":0,"texture":"#0","tintindex":0},"up":{"uv":[1.5,14.25,1.25,14.125],"rotation":0,"texture":"#0","tintindex":0},"west":{"uv":[14.25,9.75,14.375,9.875],"rotation":0,"texture":"#0","tintindex":0}}},{"name":"cube","from":[5.429773,11.963092,5.966835],"to":[6.4271746,12.480973,6.5038977],"rotation":{"angle":0.0,"axis":"x","origin":[4.0871167,12.212441,8.268531]},"faces":{"down":{"uv":[14.375,1.875,14.125,2.0],"rotation":0,"texture":"#0","tintindex":0},"east":{"uv":[9.875,14.25,10.0,14.375],"rotation":0,"texture":"#0","tintindex":0},"north":{"uv":[14.125,1.375,14.375,1.5],"rotation":0,"texture":"#0","tintindex":0},"south":{"uv":[1.5,14.125,1.75,14.25],"rotation":0,"texture":"#0","tintindex":0},"up":{"uv":[2.0,14.25,1.75,14.125],"rotation":0,"texture":"#0","tintindex":0},"west":{"uv":[14.25,9.875,14.375,10.0],"rotation":0,"texture":"#0","tintindex":0}}},{"name":"cube","from":[3.4349694,11.905551,5.6599426],"to":[3.972032,12.519334,7.5780225],"rotation":{"angle":-45.0,"axis":"y","origin":[4.0871167,12.212441,8.268531]},"faces":{"down":{"uv":[5.875,13.75,5.75,14.125],"rotation":0,"texture":"#0","tintindex":0},"east":{"uv":[13.75,3.25,14.125,3.375],"rotation":0,"texture":"#0","tintindex":0},"north":{"uv":[10.0,14.25,10.125,14.375],"rotation":0,"texture":"#0","tintindex":0},"south":{"uv":[14.25,10.0,14.375,10.125],"rotation":0,"texture":"#0","tintindex":0},"up":{"uv":[13.875,5.875,13.75,5.5],"rotation":0,"texture":"#0","tintindex":0},"west":{"uv":[13.75,3.375,14.125,3.5],"rotation":0,"texture":"#0","tintindex":0}}},{"name":"cube","from":[4.1254783,11.8671875,7.3478527],"to":[4.662541,12.557696,9.035763],"rotation":{"angle":0.0,"axis":"x","origin":[6.3504515,12.519335,10.071527]},"faces":{"down":{"uv":[6.25,13.75,6.125,14.125],"rotation":0,"texture":"#0","tintindex":0},"east":{"uv":[13.75,4.125,14.125,4.25],"rotation":0,"texture":"#0","tintindex":0},"north":{"uv":[10.125,14.25,10.25,14.375],"rotation":0,"texture":"#0","tintindex":0},"south":{"uv":[14.25,10.125,14.375,10.25],"rotation":0,"texture":"#0","tintindex":0},"up":{"uv":[13.875,6.25,13.75,5.875],"rotation":0,"texture":"#0","tintindex":0},"west":{"uv":[13.75,4.375,14.125,4.5],"rotation":0,"texture":"#0","tintindex":0}}},{"name":"cube","from":[4.0487547,11.905551,10.41678],"to":[5.966835,12.519334,10.953843],"rotation":{"angle":-45.0,"axis":"y","origin":[6.3504515,12.519335,10.071527]},"faces":{"down":{"uv":[14.125,6.5,13.75,6.625],"rotation":0,"texture":"#0","tintindex":0},"east":{"uv":[10.25,14.25,10.375,14.375],"rotation":0,"texture":"#0","tintindex":0},"north":{"uv":[13.75,4.5,14.125,4.625],"rotation":0,"texture":"#0","tintindex":0},"south":{"uv":[13.75,4.875,14.125,5.0],"rotation":0,"texture":"#0","tintindex":0},"up":{"uv":[14.125,5.125,13.75,5.0],"rotation":0,"texture":"#0","tintindex":0},"west":{"uv":[14.25,10.25,14.375,10.375],"rotation":0,"texture":"#0","tintindex":0}}},{"name":"cube","from":[5.506496,12.212442,9.802996],"to":[8.191809,12.826228,10.340057],"rotation":{"angle":22.5,"axis":"z","origin":[6.3504515,12.519335,10.071527]},"faces":{"down":{"uv":[14.0,11.25,13.375,11.375],"rotation":0,"texture":"#0","tintindex":0},"east":{"uv":[10.375,14.25,10.5,14.375],"rotation":0,"texture":"#0","tintindex":0},"north":{"uv":[13.375,10.5,14.0,10.625],"rotation":0,"texture":"#0","tintindex":0},"south":{"uv":[10.625,13.375,11.25,13.5],"rotation":0,"texture":"#0","tintindex":0},"up":{"uv":[14.0,10.75,13.375,10.625],"rotation":0,"texture":"#0","tintindex":0},"west":{"uv":[14.25,10.375,14.375,10.5],"rotation":0,"texture":"#0","tintindex":0}}},{"name":"cube","from":[6.6189823,12.979674,5.7750273],"to":[7.76983,13.40165,6.31209],"rotation":{"angle":22.5,"axis":"z","origin":[6.120281,13.440012,5.8517504]},"faces":{"down":{"uv":[2.5,14.125,2.25,14.25],"rotation":0,"texture":"#0","tintindex":0},"east":{"uv":[10.5,14.25,10.625,14.375],"rotation":0,"texture":"#0","tintindex":0},"north":{"uv":[2.0,14.125,2.25,14.25],"rotation":0,"texture":"#0","tintindex":0},"south":{"uv":[14.125,2.0,14.375,2.125],"rotation":0,"texture":"#0","tintindex":0},"up":{"uv":[14.375,2.25,14.125,2.125],"rotation":0,"texture":"#0","tintindex":0},"west":{"uv":[10.625,14.25,10.75,14.375],"rotation":0,"texture":"#0","tintindex":0}}},{"name":"cube","from":[5.3914113,13.171482,5.698304],"to":[6.7724285,13.708545,6.31209],"rotation":{"angle":0.0,"axis":"x","origin":[4.0871167,13.440012,8.268531]},"faces":{"down":{"uv":[14.375,2.75,14.125,2.875],"rotation":0,"texture":"#0","tintindex":0},"east":{"uv":[10.75,14.25,10.875,14.375],"rotation":0,"texture":"#0","tintindex":0},"north":{"uv":[2.5,14.125,2.75,14.25],"rotation":0,"texture":"#0","tintindex":0},"south":{"uv":[14.125,2.625,14.375,2.75],"rotation":0,"texture":"#0","tintindex":0},"up":{"uv":[3.0,14.25,2.75,14.125],"rotation":0,"texture":"#0","tintindex":0},"west":{"uv":[14.25,10.75,14.375,10.875],"rotation":0,"texture":"#0","tintindex":0}}},{"name":"cube","from":[3.012992,13.113941,5.6215806],"to":[3.6267772,13.785268,7.462938],"rotation":{"angle":-45.0,"axis":"y","origin":[4.0871167,13.440012,8.268531]},"faces":{"down":{"uv":[7.25,13.75,7.125,14.125],"rotation":0,"texture":"#0","tintindex":0},"east":{"uv":[13.75,6.625,14.125,6.75],"rotation":0,"texture":"#0","tintindex":0},"north":{"uv":[10.875,14.25,11.0,14.375],"rotation":0,"texture":"#0","tintindex":0},"south":{"uv":[14.25,10.875,14.375,11.0],"rotation":0,"texture":"#0","tintindex":0},"up":{"uv":[7.125,14.125,7.0,13.75],"rotation":0,"texture":"#0","tintindex":0},"west":{"uv":[13.75,6.75,14.125,6.875],"rotation":0,"texture":"#0","tintindex":0}}},{"name":"cube","from":[3.856947,13.075579,7.002599],"to":[4.4707327,13.823628,8.920678],"rotation":{"angle":0.0,"axis":"x","origin":[6.3504515,13.746906,10.071527]},"faces":{"down":{"uv":[8.0,13.75,7.875,14.125],"rotation":0,"texture":"#0","tintindex":0},"east":{"uv":[13.75,7.0,14.125,7.125],"rotation":0,"texture":"#0","tintindex":0},"north":{"uv":[11.0,14.25,11.125,14.375],"rotation":0,"texture":"#0","tintindex":0},"south":{"uv":[14.25,11.0,14.375,11.125],"rotation":0,"texture":"#0","tintindex":0},"up":{"uv":[7.875,14.125,7.75,13.75],"rotation":0,"texture":"#0","tintindex":0},"west":{"uv":[13.75,7.125,14.125,7.25],"rotation":0,"texture":"#0","tintindex":0}}},{"name":"cube","from":[3.856947,13.094759,10.37842],"to":[5.9284735,13.785268,10.992205],"rotation":{"angle":-45.0,"axis":"y","origin":[6.3504515,13.746906,10.071527]},"faces":{"down":{"uv":[12.375,13.5,11.875,13.625],"rotation":0,"texture":"#0","tintindex":0},"east":{"uv":[11.125,14.25,11.25,14.375],"rotation":0,"texture":"#0","tintindex":0},"north":{"uv":[10.5,13.5,11.0,13.625],"rotation":0,"texture":"#0","tintindex":0},"south":{"uv":[13.5,10.75,14.0,10.875],"rotation":0,"texture":"#0","tintindex":0},"up":{"uv":[11.875,13.625,11.375,13.5],"rotation":0,"texture":"#0","tintindex":0},"west":{"uv":[14.25,11.125,14.375,11.25],"rotation":0,"texture":"#0","tintindex":0}}},{"name":"cube","from":[5.4681344,13.401652,9.764633],"to":[8.230169,14.092159,10.37842],"rotation":{"angle":22.5,"axis":"z","origin":[6.3504515,13.746906,10.071527]},"faces":{"down":{"uv":[14.0,11.75,13.375,11.875],"rotation":0,"texture":"#0","tintindex":0},"east":{"uv":[11.25,14.25,11.375,14.375],"rotation":0,"texture":"#0","tintindex":0},"north":{"uv":[13.375,11.375,14.0,11.5],"rotation":0,"texture":"#0","tintindex":0},"south":{"uv":[13.375,11.5,14.0,11.625],"rotation":0,"texture":"#0","tintindex":0},"up":{"uv":[14.0,11.75,13.375,11.625],"rotation":0,"texture":"#0","tintindex":0},"west":{"uv":[11.375,14.25,11.5,14.375],"rotation":0,"texture":"#0","tintindex":0}}},{"name":"cube","from":[6.6579027,14.741498,6.094707],"to":[7.5785813,15.201838,6.7084928],"rotation":{"angle":22.5,"axis":"z","origin":[7.54022,14.933306,6.4016]},"faces":{"down":{"uv":[3.5,14.125,3.25,14.25],"rotation":0,"texture":"#0","tintindex":0},"east":{"uv":[11.5,14.25,11.625,14.375],"rotation":0,"texture":"#0","tintindex":0},"north":{"uv":[14.125,2.875,14.375,3.0],"rotation":0,"texture":"#0","tintindex":0},"south":{"uv":[14.125,3.0,14.375,3.125],"rotation":0,"texture":"#0","tintindex":0},"up":{"uv":[14.375,3.25,14.125,3.125],"rotation":0,"texture":"#0","tintindex":0},"west":{"uv":[11.625,14.25,11.75,14.375],"rotation":0,"texture":"#0","tintindex":0}}},{"name":"cube","from":[5.429773,14.360692,6.017984],"to":[6.81079,14.974477,6.7084928],"rotation":{"angle":0.0,"axis":"x","origin":[4.16384,14.667585,8.780019]},"faces":{"down":{"uv":[4.625,14.125,4.375,14.25],"rotation":0,"texture":"#0","tintindex":0},"east":{"uv":[11.75,14.25,11.875,14.375],"rotation":0,"texture":"#0","tintindex":0},"north":{"uv":[14.125,3.25,14.375,3.375],"rotation":0,"texture":"#0","tintindex":0},"south":{"uv":[14.125,3.375,14.375,3.5],"rotation":0,"texture":"#0","tintindex":0},"up":{"uv":[14.375,4.25,14.125,4.125],"rotation":0,"texture":"#0","tintindex":0},"west":{"uv":[14.25,11.75,14.375,11.875],"rotation":0,"texture":"#0","tintindex":0}}},{"name":"cube","from":[3.0513537,14.322331,5.941261],"to":[3.741862,15.051201,8.012787],"rotation":{"angle":-45.0,"axis":"y","origin":[4.16384,14.667585,8.780019]},"faces":{"down":{"uv":[8.25,13.75,8.125,14.125],"rotation":0,"texture":"#0","tintindex":0},"east":{"uv":[13.75,7.625,14.125,7.75],"rotation":0,"texture":"#0","tintindex":0},"north":{"uv":[11.875,14.25,12.0,14.375],"rotation":0,"texture":"#0","tintindex":0},"south":{"uv":[14.25,11.875,14.375,12.0],"rotation":0,"texture":"#0","tintindex":0},"up":{"uv":[8.125,14.125,8.0,13.75],"rotation":0,"texture":"#0","tintindex":0},"west":{"uv":[8.75,13.75,9.125,13.875],"rotation":0,"texture":"#0","tintindex":0}}},{"name":"cube","from":[3.8953085,14.283968,7.4757247],"to":[4.5858173,15.089561,9.317081],"rotation":{"angle":0.0,"axis":"x","origin":[6.4271746,14.974477,10.5830145]},"faces":{"down":{"uv":[10.0,13.75,9.875,14.125],"rotation":0,"texture":"#0","tintindex":0},"east":{"uv":[13.75,8.875,14.125,9.0],"rotation":0,"texture":"#0","tintindex":0},"north":{"uv":[12.0,14.25,12.125,14.375],"rotation":0,"texture":"#0","tintindex":0},"south":{"uv":[14.25,12.0,14.375,12.125],"rotation":0,"texture":"#0","tintindex":0},"up":{"uv":[9.875,14.125,9.75,13.75],"rotation":0,"texture":"#0","tintindex":0},"west":{"uv":[13.75,9.0,14.125,9.125],"rotation":0,"texture":"#0","tintindex":0}}},{"name":"cube","from":[3.8953085,15.003968,6.275725],"to":[4.5858173,15.809562,9.917082],"rotation":{"angle":-22.5,"axis":"y","origin":[4.240563,15.406767,8.396403]},"faces":{"down":{"uv":[3.875,10.875,3.75,11.625],"rotation":0,"texture":"#0","tintindex":0},"east":{"uv":[13.125,4.25,13.875,4.375],"rotation":0,"texture":"#0","tintindex":0},"north":{"uv":[12.125,14.25,12.25,14.375],"rotation":0,"texture":"#0","tintindex":0},"south":{"uv":[14.25,12.125,14.375,12.25],"rotation":0,"texture":"#0","tintindex":0},"up":{"uv":[1.875,9.625,1.75,8.875],"rotation":0,"texture":"#0","tintindex":0},"west":{"uv":[13.125,5.25,13.875,5.375],"rotation":0,"texture":"#0","tintindex":0}}},{"name":"cube","from":[4.7353086,15.003968,6.275725],"to":[6.6258173,15.809562,6.917082],"rotation":{"angle":0.0,"axis":"x","origin":[4.240563,15.406767,8.396403]},"faces":{"down":{"uv":[12.75,13.75,12.375,13.875],"rotation":0,"texture":"#0","tintindex":0},"east":{"uv":[12.25,14.25,12.375,14.375],"rotation":0,"texture":"#0","tintindex":0},"north":{"uv":[10.0,13.75,10.375,13.875],"rotation":0,"texture":"#0","tintindex":0},"south":{"uv":[10.375,13.75,10.75,13.875],"rotation":0,"texture":"#0","tintindex":0},"up":{"uv":[11.75,13.875,11.375,13.75],"rotation":0,"texture":"#0","tintindex":0},"west":{"uv":[14.25,12.25,14.375,12.375],"rotation":0,"texture":"#0","tintindex":0}}},{"name":"cube","from":[6.415309,15.24397,6.275725],"to":[7.7058177,16.049562,6.917082],"rotation":{"angle":-22.5,"axis":"z","origin":[5.980563,15.406767,6.596403]},"faces":{"down":{"uv":[5.125,14.125,4.875,14.25],"rotation":0,"texture":"#0","tintindex":0},"east":{"uv":[12.375,14.25,12.5,14.375],"rotation":0,"texture":"#0","tintindex":0},"north":{"uv":[14.125,4.375,14.375,4.5],"rotation":0,"texture":"#0","tintindex":0},"south":{"uv":[14.125,4.5,14.375,4.625],"rotation":0,"texture":"#0","tintindex":0},"up":{"uv":[4.875,14.25,4.625,14.125],"rotation":0,"texture":"#0","tintindex":0},"west":{"uv":[14.25,12.375,14.375,12.5],"rotation":0,"texture":"#0","tintindex":0}}},{"name":"cube","from":[9.374183,15.003968,6.275725],"to":[11.264691,15.809562,6.917082],"rotation":{"angle":0.0,"axis":"x","origin":[11.759437,15.406767,8.396403]},"faces":{"down":{"uv":[14.125,13.625,13.75,13.75],"rotation":0,"texture":"#0","tintindex":0},"east":{"uv":[12.5,14.25,12.625,14.375],"rotation":0,"texture":"#0","tintindex":0},"north":{"uv":[12.75,13.75,13.125,13.875],"rotation":0,"texture":"#0","tintindex":0},"south":{"uv":[13.125,13.75,13.5,13.875],"rotation":0,"texture":"#0","tintindex":0},"up":{"uv":[14.125,13.625,13.75,13.5],"rotation":0,"texture":"#0","tintindex":0},"west":{"uv":[14.25,12.5,14.375,12.625],"rotation":0,"texture":"#0","tintindex":0}}},{"name":"cube","from":[11.414183,15.003968,6.275725],"to":[12.1046915,15.809562,9.917082],"rotation":{"angle":22.5,"axis":"y","origin":[11.759437,15.406767,8.396403]},"faces":{"down":{"uv":[5.75,13.125,5.625,13.875],"rotation":0,"texture":"#0","tintindex":0},"east":{"uv":[13.125,7.5,13.875,7.625],"rotation":0,"texture":"#0","tintindex":0},"north":{"uv":[12.625,14.25,12.75,14.375],"rotation":0,"texture":"#0","tintindex":0},"south":{"uv":[14.25,12.625,14.375,12.75],"rotation":0,"texture":"#0","tintindex":0},"up":{"uv":[8.875,13.75,8.75,13.0],"rotation":0,"texture":"#0","tintindex":0},"west":{"uv":[13.125,8.25,13.875,8.375],"rotation":0,"texture":"#0","tintindex":0}}},{"name":"cube","from":[8.294182,15.24397,6.275725],"to":[9.584691,16.049562,6.917082],"rotation":{"angle":22.5,"axis":"z","origin":[10.019438,15.406767,6.596403]},"faces":{"down":{"uv":[6.375,14.125,6.125,14.25],"rotation":0,"texture":"#0","tintindex":0},"east":{"uv":[12.75,14.25,12.875,14.375],"rotation":0,"texture":"#0","tintindex":0},"north":{"uv":[14.125,4.875,14.375,5.0],"rotation":0,"texture":"#0","tintindex":0},"south":{"uv":[14.125,5.0,14.375,5.125],"rotation":0,"texture":"#0","tintindex":0},"up":{"uv":[5.625,14.25,5.375,14.125],"rotation":0,"texture":"#0","tintindex":0},"west":{"uv":[14.25,12.75,14.375,12.875],"rotation":0,"texture":"#0","tintindex":0}}},{"name":"cube","from":[3.8185854,14.283968,10.851545],"to":[5.199603,15.051201,11.542054],"rotation":{"angle":-45.0,"axis":"y","origin":[6.4271746,14.974477,10.5830145]},"faces":{"down":{"uv":[7.5,14.125,7.25,14.25],"rotation":0,"texture":"#0","tintindex":0},"east":{"uv":[13.0,14.25,13.125,14.375],"rotation":0,"texture":"#0","tintindex":0},"north":{"uv":[7.0,14.125,7.25,14.25],"rotation":0,"texture":"#0","tintindex":0},"south":{"uv":[14.125,7.0,14.375,7.125],"rotation":0,"texture":"#0","tintindex":0},"up":{"uv":[14.375,7.25,14.125,7.125],"rotation":0,"texture":"#0","tintindex":0},"west":{"uv":[14.25,13.0,14.375,13.125],"rotation":0,"texture":"#0","tintindex":0}}},{"name":"cube","from":[4.9097595,14.761356,9.641024],"to":[8.004263,15.443342,10.331533],"rotation":{"angle":22.5,"axis":"z","origin":[6.4271746,14.974477,10.5830145]},"faces":{"down":{"uv":[13.375,13.375,12.75,13.5],"rotation":0,"texture":"#0","tintindex":0},"east":{"uv":[13.125,14.25,13.25,14.375],"rotation":0,"texture":"#0","tintindex":0},"north":{"uv":[13.375,11.875,14.0,12.0],"rotation":0,"texture":"#0","tintindex":0},"south":{"uv":[12.125,13.375,12.75,13.5],"rotation":0,"texture":"#0","tintindex":0},"up":{"uv":[14.0,12.75,13.375,12.625],"rotation":0,"texture":"#0","tintindex":0},"west":{"uv":[14.25,13.125,14.375,13.25],"rotation":0,"texture":"#0","tintindex":0}}},{"name":"cube","from":[7.9957376,14.761356,9.641024],"to":[11.0902405,15.443342,10.331533],"rotation":{"angle":-22.5,"axis":"z","origin":[9.572826,14.974477,10.5830145]},"faces":{"down":{"uv":[14.0,13.125,13.375,13.25],"rotation":0,"texture":"#0","tintindex":0},"east":{"uv":[13.25,14.25,13.375,14.375],"rotation":0,"texture":"#0","tintindex":0},"north":{"uv":[13.375,12.75,14.0,12.875],"rotation":0,"texture":"#0","tintindex":0},"south":{"uv":[13.375,12.875,14.0,13.0],"rotation":0,"texture":"#0","tintindex":0},"up":{"uv":[14.0,13.125,13.375,13.0],"rotation":0,"texture":"#0","tintindex":0},"west":{"uv":[13.375,14.25,13.5,14.375],"rotation":0,"texture":"#0","tintindex":0}}},{"name":"cube","from":[7.846554,11.099955,9.841356],"to":[10.071527,11.637017,10.301696],"rotation":{"angle":-22.5,"axis":"z","origin":[9.265933,11.368487,10.071527]},"faces":{"down":{"uv":[14.125,2.125,13.625,2.25],"rotation":0,"texture":"#0","tintindex":0},"east":{"uv":[13.5,14.25,13.625,14.375],"rotation":0,"texture":"#0","tintindex":0},"north":{"uv":[13.5,12.25,14.0,12.375],"rotation":0,"texture":"#0","tintindex":0},"south":{"uv":[13.625,1.875,14.125,2.0],"rotation":0,"texture":"#0","tintindex":0},"up":{"uv":[14.125,2.125,13.625,2.0],"rotation":0,"texture":"#0","tintindex":0},"west":{"uv":[13.625,14.25,13.75,14.375],"rotation":0,"texture":"#0","tintindex":0}}},{"name":"cube","from":[9.611187,10.793062,10.455143],"to":[11.452544,11.330126,10.915482],"rotation":{"angle":45.0,"axis":"y","origin":[9.265933,11.368487,10.071527]},"faces":{"down":{"uv":[14.25,1.5,13.875,1.625],"rotation":0,"texture":"#0","tintindex":0},"east":{"uv":[13.75,14.25,13.875,14.375],"rotation":0,"texture":"#0","tintindex":0},"north":{"uv":[0.375,13.875,0.75,14.0],"rotation":0,"texture":"#0","tintindex":0},"south":{"uv":[13.875,0.375,14.25,0.5],"rotation":0,"texture":"#0","tintindex":0},"up":{"uv":[14.25,1.25,13.875,1.125],"rotation":0,"texture":"#0","tintindex":0},"west":{"uv":[13.875,14.25,14.0,14.375],"rotation":0,"texture":"#0","tintindex":0}}},{"name":"cube","from":[10.915482,10.812244,7.693107],"to":[11.375821,11.368486,9.150848],"rotation":{"angle":0.0,"axis":"x","origin":[9.265933,11.368487,10.071527]},"faces":{"down":{"uv":[11.25,13.75,11.125,14.125],"rotation":0,"texture":"#0","tintindex":0},"east":{"uv":[13.875,1.625,14.25,1.75],"rotation":0,"texture":"#0","tintindex":0},"north":{"uv":[14.25,13.875,14.375,14.0],"rotation":0,"texture":"#0","tintindex":0},"south":{"uv":[14.0,14.25,14.125,14.375],"rotation":0,"texture":"#0","tintindex":0},"up":{"uv":[11.125,14.125,11.0,13.75],"rotation":0,"texture":"#0","tintindex":0},"west":{"uv":[13.875,1.75,14.25,1.875],"rotation":0,"texture":"#0","tintindex":0}}},{"name":"cube","from":[11.375821,10.850605,6.0819197],"to":[11.836161,11.330126,7.76983],"rotation":{"angle":45.0,"axis":"y","origin":[11.529267,11.061594,8.268531]},"faces":{"down":{"uv":[0.875,13.875,0.75,14.25],"rotation":0,"texture":"#0","tintindex":0},"east":{"uv":[3.375,13.875,3.75,14.0],"rotation":0,"texture":"#0","tintindex":0},"north":{"uv":[14.125,14.25,14.25,14.375],"rotation":0,"texture":"#0","tintindex":0},"south":{"uv":[14.25,14.125,14.375,14.25],"rotation":0,"texture":"#0","tintindex":0},"up":{"uv":[13.625,14.125,13.5,13.75],"rotation":0,"texture":"#0","tintindex":0},"west":{"uv":[3.75,13.875,4.125,14.0],"rotation":0,"texture":"#0","tintindex":0}}},{"name":"cube","from":[9.074125,10.8889675,6.465536],"to":[10.071527,11.291762,6.925875],"rotation":{"angle":0.0,"axis":"x","origin":[11.529267,11.061594,9.112486]},"faces":{"down":{"uv":[8.5,14.125,8.25,14.25],"rotation":0,"texture":"#0","tintindex":0},"east":{"uv":[14.25,14.25,14.375,14.375],"rotation":0,"texture":"#0","tintindex":0},"north":{"uv":[14.125,7.625,14.375,7.75],"rotation":0,"texture":"#0","tintindex":0},"south":{"uv":[7.75,14.125,8.0,14.25],"rotation":0,"texture":"#0","tintindex":0},"up":{"uv":[8.25,14.25,8.0,14.125],"rotation":0,"texture":"#0","tintindex":0},"west":{"uv":[0.0,14.375,0.125,14.5],"rotation":0,"texture":"#0","tintindex":0}}},{"name":"cube","from":[8.383057,11.327315,6.542259],"to":[9.227013,11.634209,6.925875],"rotation":{"angle":-22.5,"axis":"z","origin":[8.152887,11.327316,6.734067]},"faces":{"down":{"uv":[9.25,14.125,9.0,14.25],"rotation":0,"texture":"#0","tintindex":0},"east":{"uv":[0.125,14.375,0.25,14.5],"rotation":0,"texture":"#0","tintindex":0},"north":{"uv":[8.5,14.125,8.75,14.25],"rotation":0,"texture":"#0","tintindex":0},"south":{"uv":[8.75,14.125,9.0,14.25],"rotation":0,"texture":"#0","tintindex":0},"up":{"uv":[14.375,9.0,14.125,8.875],"rotation":0,"texture":"#0","tintindex":0},"west":{"uv":[0.25,14.375,0.375,14.5],"rotation":0,"texture":"#0","tintindex":0}}},{"name":"cube","from":[7.1620884,10.021383,7.043233],"to":[7.9216485,10.297588,7.388488],"rotation":{"angle":22.5,"axis":"z","origin":[8.128801,10.021383,7.2158604]},"faces":{"down":{"uv":[10.0,14.125,9.75,14.25],"rotation":0,"texture":"#0","tintindex":0},"east":{"uv":[14.375,0.25,14.5,0.375],"rotation":0,"texture":"#0","tintindex":0},"north":{"uv":[14.125,9.0,14.375,9.125],"rotation":0,"texture":"#0","tintindex":0},"south":{"uv":[9.25,14.125,9.5,14.25],"rotation":0,"texture":"#0","tintindex":0},"up":{"uv":[9.75,14.25,9.5,14.125],"rotation":0,"texture":"#0","tintindex":0},"west":{"uv":[0.375,14.375,0.5,14.5],"rotation":0,"texture":"#0","tintindex":0}}},{"name":"cube","from":[6.402026,9.626869,6.974182],"to":[7.299688,9.9893875,7.388488],"rotation":{"angle":0.0,"axis":"x","origin":[5.0900593,9.782234,9.356438]},"faces":{"down":{"uv":[14.375,10.5,14.125,10.625],"rotation":0,"texture":"#0","tintindex":0},"east":{"uv":[0.5,14.375,0.625,14.5],"rotation":0,"texture":"#0","tintindex":0},"north":{"uv":[10.0,14.125,10.25,14.25],"rotation":0,"texture":"#0","tintindex":0},"south":{"uv":[10.25,14.125,10.5,14.25],"rotation":0,"texture":"#0","tintindex":0},"up":{"uv":[10.75,14.25,10.5,14.125],"rotation":0,"texture":"#0","tintindex":0},"west":{"uv":[14.375,0.5,14.5,0.625],"rotation":0,"texture":"#0","tintindex":0}}},{"name":"cube","from":[5.080256,9.592344,6.4513283],"to":[5.494561,10.023912,7.8816476],"rotation":{"angle":-45.0,"axis":"y","origin":[5.0900593,9.782234,8.241678]},"faces":{"down":{"uv":[3.125,13.875,3.0,14.25],"rotation":0,"texture":"#0","tintindex":0},"east":{"uv":[13.875,3.75,14.25,3.875],"rotation":0,"texture":"#0","tintindex":0},"north":{"uv":[0.625,14.375,0.75,14.5],"rotation":0,"texture":"#0","tintindex":0},"south":{"uv":[14.375,0.625,14.5,0.75],"rotation":0,"texture":"#0","tintindex":0},"up":{"uv":[1.0,14.25,0.875,13.875],"rotation":0,"texture":"#0","tintindex":0},"west":{"uv":[13.875,3.875,14.25,4.0],"rotation":0,"texture":"#0","tintindex":0}}},{"name":"cube","from":[5.3169613,9.557819,7.990196],"to":[5.7312665,10.058439,9.124563],"rotation":{"angle":0.0,"axis":"x","origin":[7.1270604,10.058439,9.864374]},"faces":{"down":{"uv":[3.625,14.125,3.5,14.375],"rotation":0,"texture":"#0","tintindex":0},"east":{"uv":[14.125,10.625,14.375,10.75],"rotation":0,"texture":"#0","tintindex":0},"north":{"uv":[0.75,14.375,0.875,14.5],"rotation":0,"texture":"#0","tintindex":0},"south":{"uv":[14.375,0.75,14.5,0.875],"rotation":0,"texture":"#0","tintindex":0},"up":{"uv":[0.75,14.375,0.625,14.125],"rotation":0,"texture":"#0","tintindex":0},"west":{"uv":[10.75,14.125,11.0,14.25],"rotation":0,"texture":"#0","tintindex":0}}},{"name":"cube","from":[5.33671,9.540557,10.209628],"to":[6.816332,10.023912,10.623934],"rotation":{"angle":-45.0,"axis":"y","origin":[7.1270604,10.058439,9.864374]},"faces":{"down":{"uv":[14.25,4.75,13.875,4.875],"rotation":0,"texture":"#0","tintindex":0},"east":{"uv":[0.875,14.375,1.0,14.5],"rotation":0,"texture":"#0","tintindex":0},"north":{"uv":[13.875,4.0,14.25,4.125],"rotation":0,"texture":"#0","tintindex":0},"south":{"uv":[13.875,4.25,14.25,4.375],"rotation":0,"texture":"#0","tintindex":0},"up":{"uv":[14.25,4.75,13.875,4.625],"rotation":0,"texture":"#0","tintindex":0},"west":{"uv":[14.375,0.875,14.5,1.0],"rotation":0,"texture":"#0","tintindex":0}}},{"name":"cube","from":[6.402026,9.81676,9.657221],"to":[7.8717017,10.300116,10.071527],"rotation":{"angle":22.5,"axis":"z","origin":[7.1270604,10.058439,9.864374]},"faces":{"down":{"uv":[14.25,5.75,13.875,5.875],"rotation":0,"texture":"#0","tintindex":0},"east":{"uv":[1.0,14.375,1.125,14.5],"rotation":0,"texture":"#0","tintindex":0},"north":{"uv":[13.875,5.25,14.25,5.375],"rotation":0,"texture":"#0","tintindex":0},"south":{"uv":[13.875,5.5,14.25,5.625],"rotation":0,"texture":"#0","tintindex":0},"up":{"uv":[14.25,5.75,13.875,5.625],"rotation":0,"texture":"#0","tintindex":0},"west":{"uv":[14.375,1.0,14.5,1.125],"rotation":0,"texture":"#0","tintindex":0}}},{"name":"cube","from":[8.700312,9.626869,6.974182],"to":[9.597975,9.9893875,7.388488],"rotation":{"angle":0.0,"axis":"x","origin":[10.909941,9.782234,9.356438]},"faces":{"down":{"uv":[14.375,11.375,14.125,11.5],"rotation":0,"texture":"#0","tintindex":0},"east":{"uv":[1.125,14.375,1.25,14.5],"rotation":0,"texture":"#0","tintindex":0},"north":{"uv":[11.0,14.125,11.25,14.25],"rotation":0,"texture":"#0","tintindex":0},"south":{"uv":[11.25,14.125,11.5,14.25],"rotation":0,"texture":"#0","tintindex":0},"up":{"uv":[14.375,11.375,14.125,11.25],"rotation":0,"texture":"#0","tintindex":0},"west":{"uv":[1.25,14.375,1.375,14.5],"rotation":0,"texture":"#0","tintindex":0}}},{"name":"cube","from":[8.078352,10.021383,7.043233],"to":[8.837912,10.297588,7.388488],"rotation":{"angle":-22.5,"axis":"z","origin":[7.8711987,10.021383,7.2158604]},"faces":{"down":{"uv":[12.375,14.125,12.125,14.25],"rotation":0,"texture":"#0","tintindex":0},"east":{"uv":[14.375,1.25,14.5,1.375],"rotation":0,"texture":"#0","tintindex":0},"north":{"uv":[14.125,11.5,14.375,11.625],"rotation":0,"texture":"#0","tintindex":0},"south":{"uv":[14.125,11.625,14.375,11.75],"rotation":0,"texture":"#0","tintindex":0},"up":{"uv":[12.125,14.25,11.875,14.125],"rotation":0,"texture":"#0","tintindex":0},"west":{"uv":[1.375,14.375,1.5,14.5],"rotation":0,"texture":"#0","tintindex":0}}},{"name":"cube","from":[10.50544,9.592344,6.4513283],"to":[10.9197445,10.023912,7.8816476],"rotation":{"angle":45.0,"axis":"y","origin":[10.909941,9.782234,8.241678]},"faces":{"down":{"uv":[4.25,13.875,4.125,14.25],"rotation":0,"texture":"#0","tintindex":0},"east":{"uv":[13.875,5.875,14.25,6.0],"rotation":0,"texture":"#0","tintindex":0},"north":{"uv":[14.375,1.375,14.5,1.5],"rotation":0,"texture":"#0","tintindex":0},"south":{"uv":[1.5,14.375,1.625,14.5],"rotation":0,"texture":"#0","tintindex":0},"up":{"uv":[3.25,14.25,3.125,13.875],"rotation":0,"texture":"#0","tintindex":0},"west":{"uv":[13.875,6.0,14.25,6.125],"rotation":0,"texture":"#0","tintindex":0}}},{"name":"cube","from":[10.268734,9.557819,7.990196],"to":[10.683039,10.058439,9.124563],"rotation":{"angle":0.0,"axis":"x","origin":[8.872939,10.058439,9.864374]},"faces":{"down":{"uv":[7.625,14.125,7.5,14.375],"rotation":0,"texture":"#0","tintindex":0},"east":{"uv":[12.375,14.125,12.625,14.25],"rotation":0,"texture":"#0","tintindex":0},"north":{"uv":[1.625,14.375,1.75,14.5],"rotation":0,"texture":"#0","tintindex":0},"south":{"uv":[1.75,14.375,1.875,14.5],"rotation":0,"texture":"#0","tintindex":0},"up":{"uv":[5.875,14.375,5.75,14.125],"rotation":0,"texture":"#0","tintindex":0},"west":{"uv":[12.625,14.125,12.875,14.25],"rotation":0,"texture":"#0","tintindex":0}}},{"name":"cube","from":[9.183668,9.540557,10.209628],"to":[10.66329,10.023912,10.623934],"rotation":{"angle":45.0,"axis":"y","origin":[8.872939,10.058439,9.864374]},"faces":{"down":{"uv":[14.25,8.25,13.875,8.375],"rotation":0,"texture":"#0","tintindex":0},"east":{"uv":[1.875,14.375,2.0,14.5],"rotation":0,"texture":"#0","tintindex":0},"north":{"uv":[13.875,6.125,14.25,6.25],"rotation":0,"texture":"#0","tintindex":0},"south":{"uv":[6.25,13.875,6.625,14.0],"rotation":0,"texture":"#0","tintindex":0},"up":{"uv":[14.25,7.625,13.875,7.5],"rotation":0,"texture":"#0","tintindex":0},"west":{"uv":[14.375,1.875,14.5,2.0],"rotation":0,"texture":"#0","tintindex":0}}},{"name":"cube","from":[8.128298,9.81676,9.657221],"to":[9.597975,10.300116,10.071527],"rotation":{"angle":-22.5,"axis":"z","origin":[8.872939,10.058439,9.864374]},"faces":{"down":{"uv":[14.25,10.875,13.875,11.0],"rotation":0,"texture":"#0","tintindex":0},"east":{"uv":[2.0,14.375,2.125,14.5],"rotation":0,"texture":"#0","tintindex":0},"north":{"uv":[8.75,13.875,9.125,14.0],"rotation":0,"texture":"#0","tintindex":0},"south":{"uv":[10.0,13.875,10.375,14.0],"rotation":0,"texture":"#0","tintindex":0},"up":{"uv":[10.75,14.0,10.375,13.875],"rotation":0,"texture":"#0","tintindex":0},"west":{"uv":[14.375,2.0,14.5,2.125],"rotation":0,"texture":"#0","tintindex":0}}},{"name":"cube","from":[8.468941,12.292999,6.043558],"to":[9.7299595,12.676615,6.5038977],"rotation":{"angle":-22.5,"axis":"z","origin":[8.890919,12.331361,5.890112]},"faces":{"down":{"uv":[14.375,13.375,14.125,13.5],"rotation":0,"texture":"#0","tintindex":0},"east":{"uv":[2.125,14.375,2.25,14.5],"rotation":0,"texture":"#0","tintindex":0},"north":{"uv":[12.875,14.125,13.125,14.25],"rotation":0,"texture":"#0","tintindex":0},"south":{"uv":[13.125,14.125,13.375,14.25],"rotation":0,"texture":"#0","tintindex":0},"up":{"uv":[14.375,13.375,14.125,13.25],"rotation":0,"texture":"#0","tintindex":0},"west":{"uv":[14.375,2.125,14.5,2.25],"rotation":0,"texture":"#0","tintindex":0}}},{"name":"cube","from":[6.2700415,12.292999,6.043558],"to":[7.5310593,12.676615,6.5038977],"rotation":{"angle":22.5,"axis":"z","origin":[7.1090813,12.331361,5.890112]},"faces":{"down":{"uv":[14.0,14.125,13.75,14.25],"rotation":0,"texture":"#0","tintindex":0},"east":{"uv":[2.25,14.375,2.375,14.5],"rotation":0,"texture":"#0","tintindex":0},"north":{"uv":[13.5,14.125,13.75,14.25],"rotation":0,"texture":"#0","tintindex":0},"south":{"uv":[14.125,13.5,14.375,13.625],"rotation":0,"texture":"#0","tintindex":0},"up":{"uv":[14.375,13.75,14.125,13.625],"rotation":0,"texture":"#0","tintindex":0},"west":{"uv":[14.375,2.25,14.5,2.375],"rotation":0,"texture":"#0","tintindex":0}}},{"name":"cube","from":[9.572826,11.963092,5.966835],"to":[10.570228,12.480973,6.5038977],"rotation":{"angle":0.0,"axis":"x","origin":[11.912884,12.212441,8.268531]},"faces":{"down":{"uv":[14.5,0.0,14.25,0.125],"rotation":0,"texture":"#0","tintindex":0},"east":{"uv":[2.375,14.375,2.5,14.5],"rotation":0,"texture":"#0","tintindex":0},"north":{"uv":[14.125,13.75,14.375,13.875],"rotation":0,"texture":"#0","tintindex":0},"south":{"uv":[14.0,14.125,14.25,14.25],"rotation":0,"texture":"#0","tintindex":0},"up":{"uv":[14.375,14.125,14.125,14.0],"rotation":0,"texture":"#0","tintindex":0},"west":{"uv":[14.375,2.375,14.5,2.5],"rotation":0,"texture":"#0","tintindex":0}}},{"name":"cube","from":[12.027968,11.905551,5.6599426],"to":[12.565031,12.519334,7.5780225],"rotation":{"angle":45.0,"axis":"y","origin":[11.912884,12.212441,8.268531]},"faces":{"down":{"uv":[5.25,13.875,5.125,14.25],"rotation":0,"texture":"#0","tintindex":0},"east":{"uv":[13.875,11.0,14.25,11.125],"rotation":0,"texture":"#0","tintindex":0},"north":{"uv":[2.5,14.375,2.625,14.5],"rotation":0,"texture":"#0","tintindex":0},"south":{"uv":[14.375,2.5,14.5,2.625],"rotation":0,"texture":"#0","tintindex":0},"up":{"uv":[4.375,14.25,4.25,13.875],"rotation":0,"texture":"#0","tintindex":0},"west":{"uv":[11.25,13.875,11.625,14.0],"rotation":0,"texture":"#0","tintindex":0}}},{"name":"cube","from":[11.337459,11.8671875,7.3478527],"to":[11.874522,12.557696,9.035763],"rotation":{"angle":0.0,"axis":"x","origin":[9.6495495,12.519335,10.071527]},"faces":{"down":{"uv":[5.75,13.875,5.625,14.25],"rotation":0,"texture":"#0","tintindex":0},"east":{"uv":[13.875,12.0,14.25,12.125],"rotation":0,"texture":"#0","tintindex":0},"north":{"uv":[2.625,14.375,2.75,14.5],"rotation":0,"texture":"#0","tintindex":0},"south":{"uv":[14.375,2.625,14.5,2.75],"rotation":0,"texture":"#0","tintindex":0},"up":{"uv":[5.375,14.25,5.25,13.875],"rotation":0,"texture":"#0","tintindex":0},"west":{"uv":[13.875,12.125,14.25,12.25],"rotation":0,"texture":"#0","tintindex":0}}},{"name":"cube","from":[10.033165,11.905551,10.41678],"to":[11.951245,12.519334,10.953843],"rotation":{"angle":45.0,"axis":"y","origin":[9.6495495,12.519335,10.071527]},"faces":{"down":{"uv":[14.0,13.875,13.625,14.0],"rotation":0,"texture":"#0","tintindex":0},"east":{"uv":[2.75,14.375,2.875,14.5],"rotation":0,"texture":"#0","tintindex":0},"north":{"uv":[12.375,13.875,12.75,14.0],"rotation":0,"texture":"#0","tintindex":0},"south":{"uv":[12.75,13.875,13.125,14.0],"rotation":0,"texture":"#0","tintindex":0},"up":{"uv":[13.5,14.0,13.125,13.875],"rotation":0,"texture":"#0","tintindex":0},"west":{"uv":[14.375,2.75,14.5,2.875],"rotation":0,"texture":"#0","tintindex":0}}},{"name":"cube","from":[7.808192,12.212442,9.802996],"to":[10.493504,12.826228,10.340057],"rotation":{"angle":-22.5,"axis":"z","origin":[9.6495495,12.519335,10.071527]},"faces":{"down":{"uv":[14.125,0.125,13.5,0.25],"rotation":0,"texture":"#0","tintindex":0},"east":{"uv":[2.875,14.375,3.0,14.5],"rotation":0,"texture":"#0","tintindex":0},"north":{"uv":[13.375,13.25,14.0,13.375],"rotation":0,"texture":"#0","tintindex":0},"south":{"uv":[13.375,13.375,14.0,13.5],"rotation":0,"texture":"#0","tintindex":0},"up":{"uv":[14.125,0.125,13.5,0.0],"rotation":0,"texture":"#0","tintindex":0},"west":{"uv":[14.375,2.875,14.5,3.0],"rotation":0,"texture":"#0","tintindex":0}}},{"name":"cube","from":[8.230169,12.979674,5.7750273],"to":[9.381018,13.40165,6.31209],"rotation":{"angle":-22.5,"axis":"z","origin":[9.879719,13.440012,5.8517504]},"faces":{"down":{"uv":[14.5,0.375,14.25,0.5],"rotation":0,"texture":"#0","tintindex":0},"east":{"uv":[3.0,14.375,3.125,14.5],"rotation":0,"texture":"#0","tintindex":0},"north":{"uv":[0.125,14.25,0.375,14.375],"rotation":0,"texture":"#0","tintindex":0},"south":{"uv":[14.25,0.125,14.5,0.25],"rotation":0,"texture":"#0","tintindex":0},"up":{"uv":[0.625,14.375,0.375,14.25],"rotation":0,"texture":"#0","tintindex":0},"west":{"uv":[14.375,3.0,14.5,3.125],"rotation":0,"texture":"#0","tintindex":0}}},{"name":"cube","from":[9.2275715,13.171482,5.698304],"to":[10.608589,13.708545,6.31209],"rotation":{"angle":0.0,"axis":"x","origin":[11.912884,13.440012,8.268531]},"faces":{"down":{"uv":[1.5,14.25,1.25,14.375],"rotation":0,"texture":"#0","tintindex":0},"east":{"uv":[3.125,14.375,3.25,14.5],"rotation":0,"texture":"#0","tintindex":0},"north":{"uv":[0.75,14.25,1.0,14.375],"rotation":0,"texture":"#0","tintindex":0},"south":{"uv":[1.0,14.25,1.25,14.375],"rotation":0,"texture":"#0","tintindex":0},"up":{"uv":[14.5,1.25,14.25,1.125],"rotation":0,"texture":"#0","tintindex":0},"west":{"uv":[14.375,3.125,14.5,3.25],"rotation":0,"texture":"#0","tintindex":0}}},{"name":"cube","from":[11.529267,13.075579,7.002599],"to":[12.143053,13.823628,8.920678],"rotation":{"angle":0.0,"axis":"x","origin":[9.6495495,13.746906,10.071527]},"faces":{"down":{"uv":[6.125,13.875,6.0,14.25],"rotation":0,"texture":"#0","tintindex":0},"east":{"uv":[0.0,14.0,0.375,14.125],"rotation":0,"texture":"#0","tintindex":0},"north":{"uv":[3.25,14.375,3.375,14.5],"rotation":0,"texture":"#0","tintindex":0},"south":{"uv":[14.375,3.25,14.5,3.375],"rotation":0,"texture":"#0","tintindex":0},"up":{"uv":[6.0,14.25,5.875,13.875],"rotation":0,"texture":"#0","tintindex":0},"west":{"uv":[0.375,14.0,0.75,14.125],"rotation":0,"texture":"#0","tintindex":0}}},{"name":"cube","from":[10.071527,13.094759,10.37842],"to":[12.143053,13.785268,10.992205],"rotation":{"angle":45.0,"axis":"y","origin":[9.6495495,13.746906,10.071527]},"faces":{"down":{"uv":[14.125,2.875,13.625,3.0],"rotation":0,"texture":"#0","tintindex":0},"east":{"uv":[3.375,14.375,3.5,14.5],"rotation":0,"texture":"#0","tintindex":0},"north":{"uv":[2.5,13.625,3.0,13.75],"rotation":0,"texture":"#0","tintindex":0},"south":{"uv":[13.625,2.625,14.125,2.75],"rotation":0,"texture":"#0","tintindex":0},"up":{"uv":[14.125,2.875,13.625,2.75],"rotation":0,"texture":"#0","tintindex":0},"west":{"uv":[14.375,3.375,14.5,3.5],"rotation":0,"texture":"#0","tintindex":0}}},{"name":"cube","from":[7.76983,13.401652,9.764633],"to":[10.531866,14.092159,10.37842],"rotation":{"angle":-22.5,"axis":"z","origin":[9.6495495,13.746906,10.071527]},"faces":{"down":{"uv":[14.125,1.0,13.5,1.125],"rotation":0,"texture":"#0","tintindex":0},"east":{"uv":[3.5,14.375,3.625,14.5],"rotation":0,"texture":"#0","tintindex":0},"north":{"uv":[13.5,0.25,14.125,0.375],"rotation":0,"texture":"#0","tintindex":0},"south":{"uv":[13.5,0.75,14.125,0.875],"rotation":0,"texture":"#0","tintindex":0},"up":{"uv":[14.125,1.0,13.5,0.875],"rotation":0,"texture":"#0","tintindex":0},"west":{"uv":[14.375,3.5,14.5,3.625],"rotation":0,"texture":"#0","tintindex":0}}},{"name":"cube","from":[8.421419,14.741498,6.094707],"to":[9.342097,15.201838,6.7084928],"rotation":{"angle":-22.5,"axis":"z","origin":[8.45978,14.933306,6.4016]},"faces":{"down":{"uv":[2.0,14.25,1.75,14.375],"rotation":0,"texture":"#0","tintindex":0},"east":{"uv":[3.625,14.375,3.75,14.5],"rotation":0,"texture":"#0","tintindex":0},"north":{"uv":[1.5,14.25,1.75,14.375],"rotation":0,"texture":"#0","tintindex":0},"south":{"uv":[14.25,1.5,14.5,1.625],"rotation":0,"texture":"#0","tintindex":0},"up":{"uv":[14.5,1.75,14.25,1.625],"rotation":0,"texture":"#0","tintindex":0},"west":{"uv":[14.375,3.625,14.5,3.75],"rotation":0,"texture":"#0","tintindex":0}}},{"name":"cube","from":[9.189209,14.360692,6.017984],"to":[10.570228,14.974477,6.7084928],"rotation":{"angle":0.0,"axis":"x","origin":[11.836161,14.667585,8.780019]},"faces":{"down":{"uv":[2.75,14.25,2.5,14.375],"rotation":0,"texture":"#0","tintindex":0},"east":{"uv":[3.75,14.375,3.875,14.5],"rotation":0,"texture":"#0","tintindex":0},"north":{"uv":[14.25,1.75,14.5,1.875],"rotation":0,"texture":"#0","tintindex":0},"south":{"uv":[2.0,14.25,2.25,14.375],"rotation":0,"texture":"#0","tintindex":0},"up":{"uv":[2.5,14.375,2.25,14.25],"rotation":0,"texture":"#0","tintindex":0},"west":{"uv":[3.875,14.375,4.0,14.5],"rotation":0,"texture":"#0","tintindex":0}}},{"name":"cube","from":[12.258138,14.322331,5.941261],"to":[12.948647,15.051201,8.012787],"rotation":{"angle":45.0,"axis":"y","origin":[11.836161,14.667585,8.780019]},"faces":{"down":{"uv":[7.0,13.875,6.875,14.25],"rotation":0,"texture":"#0","tintindex":0},"east":{"uv":[14.0,2.25,14.375,2.375],"rotation":0,"texture":"#0","tintindex":0},"north":{"uv":[4.0,14.375,4.125,14.5],"rotation":0,"texture":"#0","tintindex":0},"south":{"uv":[4.125,14.375,4.25,14.5],"rotation":0,"texture":"#0","tintindex":0},"up":{"uv":[6.75,14.25,6.625,13.875],"rotation":0,"texture":"#0","tintindex":0},"west":{"uv":[14.0,2.375,14.375,2.5],"rotation":0,"texture":"#0","tintindex":0}}},{"name":"cube","from":[11.414183,14.283968,7.4757247],"to":[12.1046915,15.089561,9.317081],"rotation":{"angle":0.0,"axis":"x","origin":[9.572826,14.974477,10.5830145]},"faces":{"down":{"uv":[3.75,14.0,3.625,14.375],"rotation":0,"texture":"#0","tintindex":0},"east":{"uv":[14.0,2.5,14.375,2.625],"rotation":0,"texture":"#0","tintindex":0},"north":{"uv":[14.375,4.125,14.5,4.25],"rotation":0,"texture":"#0","tintindex":0},"south":{"uv":[4.25,14.375,4.375,14.5],"rotation":0,"texture":"#0","tintindex":0},"up":{"uv":[11.75,14.25,11.625,13.875],"rotation":0,"texture":"#0","tintindex":0},"west":{"uv":[3.25,14.0,3.625,14.125],"rotation":0,"texture":"#0","tintindex":0}}},{"name":"cube","from":[10.800397,14.283968,10.851545],"to":[12.181415,15.051201,11.542054],"rotation":{"angle":45.0,"axis":"y","origin":[9.572826,14.974477,10.5830145]},"faces":{"down":{"uv":[14.5,3.75,14.25,3.875],"rotation":0,"texture":"#0","tintindex":0},"east":{"uv":[4.375,14.375,4.5,14.5],"rotation":0,"texture":"#0","tintindex":0},"north":{"uv":[2.75,14.25,3.0,14.375],"rotation":0,"texture":"#0","tintindex":0},"south":{"uv":[3.0,14.25,3.25,14.375],"rotation":0,"texture":"#0","tintindex":0},"up":{"uv":[3.5,14.375,3.25,14.25],"rotation":0,"texture":"#0","tintindex":0},"west":{"uv":[14.375,4.375,14.5,4.5],"rotation":0,"texture":"#0","tintindex":0}}},{"name":"cube","from":[12.373222,13.113941,5.6215806],"to":[12.987008,13.785268,7.462938],"rotation":{"angle":45.0,"axis":"y","origin":[11.912884,13.440012,8.268531]},"faces":{"down":{"uv":[4.0,14.0,3.875,14.375],"rotation":0,"texture":"#0","tintindex":0},"east":{"uv":[14.0,3.5,14.375,3.625],"rotation":0,"texture":"#0","tintindex":0},"north":{"uv":[4.5,14.375,4.625,14.5],"rotation":0,"texture":"#0","tintindex":0},"south":{"uv":[14.375,4.5,14.5,4.625],"rotation":0,"texture":"#0","tintindex":0},"up":{"uv":[3.875,14.375,3.75,14.0],"rotation":0,"texture":"#0","tintindex":0},"west":{"uv":[14.0,3.625,14.375,3.75],"rotation":0,"texture":"#0","tintindex":0}}},{"name":"cube","from":[8.11988,15.948081,9.4385605],"to":[9.15884,16.8272,10.3976],"rotation":{"angle":0.0,"axis":"x","origin":[10.797201,15.46856,9.95804]},"faces":{"down":{"uv":[13.875,4.625,13.625,4.875],"rotation":0,"texture":"#0","tintindex":0},"east":{"uv":[4.0,14.25,4.25,14.375],"rotation":0,"texture":"#0","tintindex":0},"north":{"uv":[14.25,3.875,14.5,4.0],"rotation":0,"texture":"#0","tintindex":0},"south":{"uv":[14.25,4.0,14.5,4.125],"rotation":0,"texture":"#0","tintindex":0},"up":{"uv":[3.25,13.875,3.0,13.625],"rotation":0,"texture":"#0","tintindex":0},"west":{"uv":[4.25,14.25,4.5,14.375],"rotation":0,"texture":"#0","tintindex":0}}},{"name":"cube","from":[8.75924,10.911921,10.55744],"to":[14.035161,16.107922,10.55744],"rotation":{"angle":-22.5,"axis":"z","origin":[10.797201,15.46856,9.95804]},"faces":{"down":{"uv":[1.125,0.0,0.0,0.0],"rotation":0,"texture":"#0","tintindex":0},"east":{"uv":[0.0,0.0,0.0,1.125],"rotation":0,"texture":"#0","tintindex":0},"north":{"uv":[3.0,5.0,4.125,6.125],"rotation":0,"texture":"#0","tintindex":0},"south":{"uv":[5.375,2.0,6.5,3.125],"rotation":0,"texture":"#0","tintindex":0},"up":{"uv":[1.125,0.0,0.0,0.0],"rotation":0,"texture":"#0","tintindex":0},"west":{"uv":[0.0,0.0,0.0,1.125],"rotation":0,"texture":"#0","tintindex":0}}},{"name":"cube","from":[1.9648395,10.911921,10.55744],"to":[7.24076,16.107922,10.55744],"rotation":{"angle":22.5,"axis":"z","origin":[5.2028,15.46856,9.95804]},"faces":{"down":{"uv":[1.125,0.0,0.0,0.0],"rotation":0,"texture":"#0","tintindex":0},"east":{"uv":[0.0,0.0,0.0,1.125],"rotation":0,"texture":"#0","tintindex":0},"north":{"uv":[5.375,3.125,6.5,4.25],"rotation":0,"texture":"#0","tintindex":0},"south":{"uv":[5.875,4.25,7.0,5.375],"rotation":0,"texture":"#0","tintindex":0},"up":{"uv":[1.125,0.0,0.0,0.0],"rotation":0,"texture":"#0","tintindex":0},"west":{"uv":[0.0,0.0,0.0,1.125],"rotation":0,"texture":"#0","tintindex":0}}},{"name":"cube","from":[6.84116,15.948081,9.4385605],"to":[7.88012,16.8272,10.3976],"rotation":{"angle":0.0,"axis":"x","origin":[5.2028,15.46856,9.95804]},"faces":{"down":{"uv":[6.125,13.625,5.875,13.875],"rotation":0,"texture":"#0","tintindex":0},"east":{"uv":[4.5,14.25,4.75,14.375],"rotation":0,"texture":"#0","tintindex":0},"north":{"uv":[14.25,4.25,14.5,4.375],"rotation":0,"texture":"#0","tintindex":0},"south":{"uv":[14.25,4.625,14.5,4.75],"rotation":0,"texture":"#0","tintindex":0},"up":{"uv":[5.375,13.875,5.125,13.625],"rotation":0,"texture":"#0","tintindex":0},"west":{"uv":[4.75,14.25,5.0,14.375],"rotation":0,"texture":"#0","tintindex":0}}},{"name":"cube","from":[1.9648395,15.308721,9.27872],"to":[7.24076,16.107922,10.47752],"rotation":{"angle":22.5,"axis":"z","origin":[5.2028,15.46856,9.95804]},"faces":{"down":{"uv":[12.625,0.25,11.5,0.5],"rotation":0,"texture":"#0","tintindex":0},"east":{"uv":[14.25,4.75,14.5,4.875],"rotation":0,"texture":"#0","tintindex":0},"north":{"uv":[12.125,3.75,13.25,3.875],"rotation":0,"texture":"#0","tintindex":0},"south":{"uv":[12.5,5.375,13.625,5.5],"rotation":0,"texture":"#0","tintindex":0},"up":{"uv":[12.625,0.25,11.5,0.0],"rotation":0,"texture":"#0","tintindex":0},"west":{"uv":[5.0,14.25,5.25,14.375],"rotation":0,"texture":"#0","tintindex":0}}},{"name":"cube","from":[2.4448402,15.488721,9.33872],"to":[5.8007603,16.167921,10.4175205],"rotation":{"angle":0.0,"axis":"x","origin":[5.2028,15.46856,9.95804]},"faces":{"down":{"uv":[12.875,12.375,12.125,12.625],"rotation":0,"texture":"#0","tintindex":0},"east":{"uv":[5.25,14.25,5.5,14.375],"rotation":0,"texture":"#0","tintindex":0},"north":{"uv":[13.125,10.875,13.875,11.0],"rotation":0,"texture":"#0","tintindex":0},"south":{"uv":[13.125,11.0,13.875,11.125],"rotation":0,"texture":"#0","tintindex":0},"up":{"uv":[8.375,12.625,7.625,12.375],"rotation":0,"texture":"#0","tintindex":0},"west":{"uv":[14.25,5.25,14.5,5.375],"rotation":0,"texture":"#0","tintindex":0}}},{"name":"cube","from":[10.19924,15.488721,9.33872],"to":[13.55516,16.167921,10.4175205],"rotation":{"angle":0.0,"axis":"x","origin":[10.797201,15.46856,9.95804]},"faces":{"down":{"uv":[13.25,4.625,12.5,4.875],"rotation":0,"texture":"#0","tintindex":0},"east":{"uv":[5.5,14.25,5.75,14.375],"rotation":0,"texture":"#0","tintindex":0},"north":{"uv":[13.125,12.0,13.875,12.125],"rotation":0,"texture":"#0","tintindex":0},"south":{"uv":[13.125,12.125,13.875,12.25],"rotation":0,"texture":"#0","tintindex":0},"up":{"uv":[2.5,12.75,1.75,12.5],"rotation":0,"texture":"#0","tintindex":0},"west":{"uv":[14.25,5.5,14.5,5.625],"rotation":0,"texture":"#0","tintindex":0}}},{"name":"cube","from":[8.75924,15.308721,9.27872],"to":[14.035161,16.107922,10.47752],"rotation":{"angle":-22.5,"axis":"z","origin":[10.797201,15.46856,9.95804]},"faces":{"down":{"uv":[12.625,1.0,11.5,1.25],"rotation":0,"texture":"#0","tintindex":0},"east":{"uv":[14.25,5.625,14.5,5.75],"rotation":0,"texture":"#0","tintindex":0},"north":{"uv":[12.5,8.375,13.625,8.5],"rotation":0,"texture":"#0","tintindex":0},"south":{"uv":[12.5,11.125,13.625,11.25],"rotation":0,"texture":"#0","tintindex":0},"up":{"uv":[12.625,1.0,11.5,0.75],"rotation":0,"texture":"#0","tintindex":0},"west":{"uv":[14.25,5.75,14.5,5.875],"rotation":0,"texture":"#0","tintindex":0}}},{"name":"cube","from":[7.252748,6.033272,9.406592],"to":[8.747252,6.9123926,10.373624],"rotation":{"angle":0.0,"axis":"x","origin":[7.4285717,11.642938,8.0]},"faces":{"down":{"uv":[6.75,13.625,6.5,13.875],"rotation":0,"texture":"#0","tintindex":0},"east":{"uv":[14.25,5.875,14.5,6.0],"rotation":0,"texture":"#0","tintindex":0},"north":{"uv":[5.875,14.25,6.125,14.375],"rotation":0,"texture":"#0","tintindex":0},"south":{"uv":[14.25,6.0,14.5,6.125],"rotation":0,"texture":"#0","tintindex":0},"up":{"uv":[6.5,13.875,6.25,13.625],"rotation":0,"texture":"#0","tintindex":0},"west":{"uv":[6.125,14.25,6.375,14.375],"rotation":0,"texture":"#0","tintindex":0}}},{"name":"cube","from":[7.0769243,8.14316,9.142857],"to":[8.923076,9.02228,10.373624],"rotation":{"angle":0.0,"axis":"x","origin":[7.604396,11.642938,8.0]},"faces":{"down":{"uv":[13.75,3.0,13.375,3.25],"rotation":0,"texture":"#0","tintindex":0},"east":{"uv":[14.25,6.125,14.5,6.25],"rotation":0,"texture":"#0","tintindex":0},"north":{"uv":[4.5,14.0,4.875,14.125],"rotation":0,"texture":"#0","tintindex":0},"south":{"uv":[14.0,5.125,14.375,5.25],"rotation":0,"texture":"#0","tintindex":0},"up":{"uv":[13.625,4.875,13.25,4.625],"rotation":0,"texture":"#0","tintindex":0},"west":{"uv":[6.375,14.25,6.625,14.375],"rotation":0,"texture":"#0","tintindex":0}}},{"name":"cube","from":[7.0769243,10.7805195,9.142857],"to":[8.923076,11.659641,10.373624],"rotation":{"angle":0.0,"axis":"x","origin":[7.604396,11.642938,8.0]},"faces":{"down":{"uv":[13.75,3.75,13.375,4.0],"rotation":0,"texture":"#0","tintindex":0},"east":{"uv":[6.625,14.25,6.875,14.375],"rotation":0,"texture":"#0","tintindex":0},"north":{"uv":[14.0,5.375,14.375,5.5],"rotation":0,"texture":"#0","tintindex":0},"south":{"uv":[6.25,14.0,6.625,14.125],"rotation":0,"texture":"#0","tintindex":0},"up":{"uv":[13.75,3.5,13.375,3.25],"rotation":0,"texture":"#0","tintindex":0},"west":{"uv":[6.875,14.25,7.125,14.375],"rotation":0,"texture":"#0","tintindex":0}}},{"name":"cube","from":[7.0769243,13.417879,9.142857],"to":[8.923076,14.297001,10.373624],"rotation":{"angle":0.0,"axis":"x","origin":[7.604396,11.642938,8.0]},"faces":{"down":{"uv":[13.75,4.875,13.375,5.125],"rotation":0,"texture":"#0","tintindex":0},"east":{"uv":[7.125,14.25,7.375,14.375],"rotation":0,"texture":"#0","tintindex":0},"north":{"uv":[14.0,6.25,14.375,6.375],"rotation":0,"texture":"#0","tintindex":0},"south":{"uv":[14.0,6.375,14.375,6.5],"rotation":0,"texture":"#0","tintindex":0},"up":{"uv":[13.75,4.25,13.375,4.0],"rotation":0,"texture":"#0","tintindex":0},"west":{"uv":[14.25,7.5,14.5,7.625],"rotation":0,"texture":"#0","tintindex":0}}},{"name":"cube","from":[7.0769243,18.340952,9.142857],"to":[8.923076,19.220074,10.461536],"rotation":{"angle":0.0,"axis":"x","origin":[7.604396,11.642938,8.0]},"faces":{"down":{"uv":[13.75,5.75,13.375,6.0],"rotation":0,"texture":"#0","tintindex":0},"east":{"uv":[7.625,14.25,7.875,14.375],"rotation":0,"texture":"#0","tintindex":0},"north":{"uv":[14.0,6.875,14.375,7.0],"rotation":0,"texture":"#0","tintindex":0},"south":{"uv":[7.25,14.0,7.625,14.125],"rotation":0,"texture":"#0","tintindex":0},"up":{"uv":[13.75,5.75,13.375,5.5],"rotation":0,"texture":"#0","tintindex":0},"west":{"uv":[14.25,7.75,14.5,7.875],"rotation":0,"texture":"#0","tintindex":0}}},{"name":"cube","from":[7.0769243,16.05524,9.142857],"to":[8.923076,16.93436,10.461536],"rotation":{"angle":0.0,"axis":"x","origin":[7.604396,11.642938,8.0]},"faces":{"down":{"uv":[13.75,7.0,13.375,7.25],"rotation":0,"texture":"#0","tintindex":0},"east":{"uv":[7.875,14.25,8.125,14.375],"rotation":0,"texture":"#0","tintindex":0},"north":{"uv":[14.0,7.25,14.375,7.375],"rotation":0,"texture":"#0","tintindex":0},"south":{"uv":[14.0,7.375,14.375,7.5],"rotation":0,"texture":"#0","tintindex":0},"up":{"uv":[13.75,6.25,13.375,6.0],"rotation":0,"texture":"#0","tintindex":0},"west":{"uv":[14.25,7.875,14.5,8.0],"rotation":0,"texture":"#0","tintindex":0}}},{"name":"cube","from":[7.570208,5.427656,9.504272],"to":[8.429792,8.133392,10.188032],"rotation":{"angle":0.0,"axis":"x","origin":[7.208792,11.642938,8.0]},"faces":{"down":{"uv":[4.875,14.375,4.75,14.5],"rotation":0,"texture":"#0","tintindex":0},"east":{"uv":[11.25,13.25,11.375,13.875],"rotation":0,"texture":"#0","tintindex":0},"north":{"uv":[3.375,13.25,3.5,13.875],"rotation":0,"texture":"#0","tintindex":0},"south":{"uv":[5.0,13.375,5.125,14.0],"rotation":0,"texture":"#0","tintindex":0},"up":{"uv":[4.75,14.5,4.625,14.375],"rotation":0,"texture":"#0","tintindex":0},"west":{"uv":[6.75,13.375,6.875,14.0],"rotation":0,"texture":"#0","tintindex":0}}},{"name":"cube","from":[7.384616,7.439864,9.31868],"to":[8.615384,19.220074,10.1978],"rotation":{"angle":0.0,"axis":"x","origin":[7.384616,11.642938,8.0]},"faces":{"down":{"uv":[8.375,14.25,8.125,14.375],"rotation":0,"texture":"#0","tintindex":0},"east":{"uv":[9.25,10.375,9.375,12.875],"rotation":0,"texture":"#0","tintindex":0},"north":{"uv":[1.25,8.875,1.5,11.375],"rotation":0,"texture":"#0","tintindex":0},"south":{"uv":[1.5,8.875,1.75,11.375],"rotation":0,"texture":"#0","tintindex":0},"up":{"uv":[14.5,8.125,14.25,8.0],"rotation":0,"texture":"#0","tintindex":0},"west":{"uv":[0.875,10.5,1.0,13.0],"rotation":0,"texture":"#0","tintindex":0}}}],"display":{"head":{"translation":[0.0,-6.4,0.0],"rotation":[0.0,0.0,0.0],"scale":[3.8095,3.8095,3.8095]}}}