{"textures":{"0":"modelengine:entity/nocsy_skeleton_brute_skin"},"elements":[{"name":"cube","from":[4.71369,8.896107,4.180322],"to":[10.48711,13.54905,9.953743],"rotation":{"angle":0.0,"axis":"x","origin":[9.725273,3.7384489,6.287033]},"faces":{"down":{"uv":[6.625,0.75,5.375,2.0],"rotation":0,"texture":"#0","tintindex":0},"east":{"uv":[4.625,6.25,5.875,7.25],"rotation":0,"texture":"#0","tintindex":0},"north":{"uv":[5.875,5.375,7.125,6.375],"rotation":0,"texture":"#0","tintindex":0},"south":{"uv":[5.875,6.375,7.125,7.375],"rotation":0,"texture":"#0","tintindex":0},"up":{"uv":[5.875,6.25,4.625,5.0],"rotation":0,"texture":"#0","tintindex":0},"west":{"uv":[6.5,2.0,7.75,3.0],"rotation":0,"texture":"#0","tintindex":0}}},{"name":"cube","from":[5.0130897,12.548377,4.378948],"to":[10.18771,14.2025175,7.1535697],"rotation":{"angle":-22.5,"axis":"x","origin":[7.6004,13.795446,6.0662594]},"faces":{"down":{"uv":[8.375,6.0,7.125,6.75],"rotation":0,"texture":"#0","tintindex":0},"east":{"uv":[10.5,6.5,11.25,7.0],"rotation":0,"texture":"#0","tintindex":0},"north":{"uv":[8.375,7.625,9.625,8.125],"rotation":0,"texture":"#0","tintindex":0},"south":{"uv":[8.375,8.75,9.625,9.25],"rotation":0,"texture":"#0","tintindex":0},"up":{"uv":[8.375,6.0,7.125,5.25],"rotation":0,"texture":"#0","tintindex":0},"west":{"uv":[10.5,7.0,11.25,7.5],"rotation":0,"texture":"#0","tintindex":0}}},{"name":"cube","from":[5.0130897,13.208376,6.538949],"to":[10.18771,14.862518,9.31357],"rotation":{"angle":22.5,"axis":"x","origin":[7.6004,13.795446,6.0662594]},"faces":{"down":{"uv":[5.875,7.25,4.625,8.0],"rotation":0,"texture":"#0","tintindex":0},"east":{"uv":[10.5,7.5,11.25,8.0],"rotation":0,"texture":"#0","tintindex":0},"north":{"uv":[0.0,8.875,1.25,9.375],"rotation":0,"texture":"#0","tintindex":0},"south":{"uv":[5.75,8.875,7.0,9.375],"rotation":0,"texture":"#0","tintindex":0},"up":{"uv":[8.375,7.5,7.125,6.75],"rotation":0,"texture":"#0","tintindex":0},"west":{"uv":[10.375,10.5,11.125,11.0],"rotation":0,"texture":"#0","tintindex":0}}},{"name":"cube","from":[5.6130896,8.295507,3.4597223],"to":[9.58771,10.54965,4.434343],"rotation":{"angle":0.0,"axis":"x","origin":[10.625274,3.7384489,6.287033]},"faces":{"down":{"uv":[12.625,2.5,11.75,2.75],"rotation":0,"texture":"#0","tintindex":0},"east":{"uv":[7.5,1.5,7.75,2.0],"rotation":0,"texture":"#0","tintindex":0},"north":{"uv":[6.625,1.5,7.5,2.0],"rotation":0,"texture":"#0","tintindex":0},"south":{"uv":[3.75,7.5,4.625,8.0],"rotation":0,"texture":"#0","tintindex":0},"up":{"uv":[12.625,2.5,11.75,2.25],"rotation":0,"texture":"#0","tintindex":0},"west":{"uv":[12.625,11.25,12.875,11.75],"rotation":0,"texture":"#0","tintindex":0}}},{"name":"cube","from":[4.1130896,9.615507,5.319722],"to":[11.08771,11.869651,8.694344],"rotation":{"angle":-22.5,"axis":"x","origin":[9.1004,9.422579,3.9470325]},"faces":{"down":{"uv":[8.125,0.75,6.625,1.5],"rotation":0,"texture":"#0","tintindex":0},"east":{"uv":[10.625,3.5,11.375,4.0],"rotation":0,"texture":"#0","tintindex":0},"north":{"uv":[7.5,8.25,9.0,8.75],"rotation":0,"texture":"#0","tintindex":0},"south":{"uv":[8.375,5.25,9.875,5.75],"rotation":0,"texture":"#0","tintindex":0},"up":{"uv":[8.0,3.75,6.5,3.0],"rotation":0,"texture":"#0","tintindex":0},"west":{"uv":[10.625,5.0,11.375,5.5],"rotation":0,"texture":"#0","tintindex":0}}},{"name":"cube","from":[4.1430893,10.035508,3.939722],"to":[11.057711,12.289649,7.3143435],"rotation":{"angle":0.0,"axis":"x","origin":[9.0704,9.422579,3.9470325]},"faces":{"down":{"uv":[8.5,4.5,7.0,5.25],"rotation":0,"texture":"#0","tintindex":0},"east":{"uv":[10.75,0.0,11.5,0.5],"rotation":0,"texture":"#0","tintindex":0},"north":{"uv":[8.375,5.75,9.875,6.25],"rotation":0,"texture":"#0","tintindex":0},"south":{"uv":[8.375,6.25,9.875,6.75],"rotation":0,"texture":"#0","tintindex":0},"up":{"uv":[8.5,4.5,7.0,3.75],"rotation":0,"texture":"#0","tintindex":0},"west":{"uv":[10.875,1.375,11.625,1.875],"rotation":0,"texture":"#0","tintindex":0}}},{"name":"cube","from":[4.7130895,8.055506,7.4797225],"to":[10.487711,11.509649,10.254343],"rotation":{"angle":0.0,"axis":"x","origin":[9.725273,3.7384489,6.287033]},"faces":{"down":{"uv":[6.25,8.125,5.0,8.75],"rotation":0,"texture":"#0","tintindex":0},"east":{"uv":[2.375,7.125,3.0,7.875],"rotation":0,"texture":"#0","tintindex":0},"north":{"uv":[5.875,7.375,7.125,8.125],"rotation":0,"texture":"#0","tintindex":0},"south":{"uv":[7.125,7.5,8.375,8.25],"rotation":0,"texture":"#0","tintindex":0},"up":{"uv":[5.0,8.625,3.75,8.0],"rotation":0,"texture":"#0","tintindex":0},"west":{"uv":[9.625,1.625,10.25,2.375],"rotation":0,"texture":"#0","tintindex":0}}},{"name":"cube","from":[4.71369,7.5761065,7.7203226],"to":[10.48711,8.629049,9.8937435],"rotation":{"angle":0.0,"axis":"x","origin":[9.725273,3.7384489,6.287033]},"faces":{"down":{"uv":[10.375,1.125,9.125,1.625],"rotation":0,"texture":"#0","tintindex":0},"east":{"uv":[10.375,1.375,10.875,1.625],"rotation":0,"texture":"#0","tintindex":0},"north":{"uv":[10.75,0.5,12.0,0.75],"rotation":0,"texture":"#0","tintindex":0},"south":{"uv":[10.875,2.75,12.125,3.0],"rotation":0,"texture":"#0","tintindex":0},"up":{"uv":[10.25,8.625,9.0,8.125],"rotation":0,"texture":"#0","tintindex":0},"west":{"uv":[12.625,11.75,13.125,12.0],"rotation":0,"texture":"#0","tintindex":0}}},{"name":"cube","from":[7.9062195,11.277284,3.6757221],"to":[10.92084,12.0314245,4.470343],"rotation":{"angle":22.5,"axis":"z","origin":[8.84353,11.222354,4.0730324]},"faces":{"down":{"uv":[10.25,8.0,9.625,8.125],"rotation":0,"texture":"#0","tintindex":0},"east":{"uv":[7.0,5.25,7.125,5.375],"rotation":0,"texture":"#0","tintindex":0},"north":{"uv":[8.375,8.125,9.0,8.25],"rotation":0,"texture":"#0","tintindex":0},"south":{"uv":[3.125,8.5,3.75,8.625],"rotation":0,"texture":"#0","tintindex":0},"up":{"uv":[9.625,8.75,9.0,8.625],"rotation":0,"texture":"#0","tintindex":0},"west":{"uv":[4.875,8.625,5.0,8.75],"rotation":0,"texture":"#0","tintindex":0}}},{"name":"cube","from":[4.2799597,11.277284,3.6757221],"to":[7.2945805,12.0314245,4.470343],"rotation":{"angle":-22.5,"axis":"z","origin":[6.3572702,11.222354,4.0730324]},"faces":{"down":{"uv":[7.875,13.375,7.25,13.5],"rotation":0,"texture":"#0","tintindex":0},"east":{"uv":[4.75,9.375,4.875,9.5],"rotation":0,"texture":"#0","tintindex":0},"north":{"uv":[13.25,0.375,13.875,0.5],"rotation":0,"texture":"#0","tintindex":0},"south":{"uv":[13.25,1.125,13.875,1.25],"rotation":0,"texture":"#0","tintindex":0},"up":{"uv":[14.0,5.25,13.375,5.125],"rotation":0,"texture":"#0","tintindex":0},"west":{"uv":[4.625,10.875,4.75,11.0],"rotation":0,"texture":"#0","tintindex":0}}},{"name":"cube","from":[5.9204817,8.12446,8.403315],"to":[9.280319,12.042137,9.005911],"rotation":{"angle":0.0,"axis":"x","origin":[9.724674,3.7384489,6.287033]},"faces":{"down":{"uv":[13.625,12.375,12.875,12.5],"rotation":0,"texture":"#0","tintindex":0},"east":{"uv":[2.25,9.625,2.375,10.5],"rotation":0,"texture":"#0","tintindex":0},"north":{"uv":[8.375,6.75,9.125,7.625],"rotation":0,"texture":"#0","tintindex":0},"south":{"uv":[2.375,8.5,3.125,9.375],"rotation":0,"texture":"#0","tintindex":0},"up":{"uv":[13.625,7.875,12.875,7.75],"rotation":0,"texture":"#0","tintindex":0},"west":{"uv":[3.25,12.75,3.375,13.625],"rotation":0,"texture":"#0","tintindex":0}}},{"name":"cube","from":[5.5208817,8.321063,7.0143046],"to":[9.679918,9.067515,8.566351],"rotation":{"angle":0.0,"axis":"x","origin":[9.005394,3.7384489,6.287033]},"faces":{"down":{"uv":[11.5,4.0,10.625,4.375],"rotation":0,"texture":"#0","tintindex":0},"east":{"uv":[12.125,4.625,12.5,4.75],"rotation":0,"texture":"#0","tintindex":0},"north":{"uv":[5.0,8.0,5.875,8.125],"rotation":0,"texture":"#0","tintindex":0},"south":{"uv":[6.25,8.125,7.125,8.25],"rotation":0,"texture":"#0","tintindex":0},"up":{"uv":[9.0,1.5,8.125,1.125],"rotation":0,"texture":"#0","tintindex":0},"west":{"uv":[12.125,10.875,12.5,11.0],"rotation":0,"texture":"#0","tintindex":0}}},{"name":"cube","from":[5.5128894,7.6737094,7.4858327],"to":[9.687911,8.995586,8.494423],"rotation":{"angle":0.0,"axis":"x","origin":[9.005394,3.7384489,6.287033]},"faces":{"down":{"uv":[12.875,3.0,12.0,3.25],"rotation":0,"texture":"#0","tintindex":0},"east":{"uv":[7.75,2.75,8.0,3.0],"rotation":0,"texture":"#0","tintindex":0},"north":{"uv":[11.875,6.625,12.75,6.875],"rotation":0,"texture":"#0","tintindex":0},"south":{"uv":[11.875,6.875,12.75,7.125],"rotation":0,"texture":"#0","tintindex":0},"up":{"uv":[12.875,0.75,12.0,0.5],"rotation":0,"texture":"#0","tintindex":0},"west":{"uv":[10.0,4.375,10.25,4.625],"rotation":0,"texture":"#0","tintindex":0}}},{"name":"cube","from":[5.825217,11.937584,4.4386845],"to":[9.375584,13.082358,7.1834574],"rotation":{"angle":-22.5,"axis":"x","origin":[7.24076,12.14058,5.8110704]},"faces":{"down":{"uv":[10.5,6.75,9.75,7.375],"rotation":0,"texture":"#0","tintindex":0},"east":{"uv":[12.5,4.875,13.125,5.125],"rotation":0,"texture":"#0","tintindex":0},"north":{"uv":[12.0,8.5,12.75,8.75],"rotation":0,"texture":"#0","tintindex":0},"south":{"uv":[12.0,8.75,12.75,9.0],"rotation":0,"texture":"#0","tintindex":0},"up":{"uv":[10.375,9.25,9.625,8.625],"rotation":0,"texture":"#0","tintindex":0},"west":{"uv":[12.5,5.125,13.125,5.375],"rotation":0,"texture":"#0","tintindex":0}}},{"name":"cube","from":[5.9032984,12.254946,6.1558456],"to":[9.297502,13.723076,8.212747],"rotation":{"angle":22.5,"axis":"x","origin":[7.2008,12.14058,5.8110704]},"faces":{"down":{"uv":[11.625,1.875,10.875,2.375],"rotation":0,"texture":"#0","tintindex":0},"east":{"uv":[7.625,12.0,8.125,12.375],"rotation":0,"texture":"#0","tintindex":0},"north":{"uv":[11.25,7.625,12.0,8.0],"rotation":0,"texture":"#0","tintindex":0},"south":{"uv":[1.25,11.375,2.0,11.75],"rotation":0,"texture":"#0","tintindex":0},"up":{"uv":[2.5,11.375,1.75,10.875],"rotation":0,"texture":"#0","tintindex":0},"west":{"uv":[12.0,9.0,12.5,9.375],"rotation":0,"texture":"#0","tintindex":0}}},{"name":"cube","from":[6.0631385,11.924143,7.894453],"to":[9.137661,13.190077,8.664242],"rotation":{"angle":45.0,"axis":"x","origin":[8.15984,12.190996,7.482465]},"faces":{"down":{"uv":[12.875,1.5,12.125,1.75],"rotation":0,"texture":"#0","tintindex":0},"east":{"uv":[11.625,6.0,11.875,6.375],"rotation":0,"texture":"#0","tintindex":0},"north":{"uv":[11.375,3.5,12.125,3.875],"rotation":0,"texture":"#0","tintindex":0},"south":{"uv":[11.375,4.375,12.125,4.75],"rotation":0,"texture":"#0","tintindex":0},"up":{"uv":[12.875,1.5,12.125,1.25],"rotation":0,"texture":"#0","tintindex":0},"west":{"uv":[7.25,13.0,7.5,13.375],"rotation":0,"texture":"#0","tintindex":0}}}],"display":{"head":{"translation":[0.0,-6.4,0.0],"rotation":[0.0,0.0,0.0],"scale":[3.8095,3.8095,3.8095]}}}