{"textures":{"0":"modelengine:entity/nocsy_skeleton_brute_skin"},"elements":[{"name":"cube","from":[7.454,7.094,-7.606002],"to":[8.666,8.906,24.206001],"rotation":{"angle":0.0,"axis":"x","origin":[4.059655,26.010498,16.116772]},"faces":{"down":{"uv":[4.625,0.75,4.375,7.375],"rotation":0,"texture":"#0","tintindex":0},"east":{"uv":[4.125,0.0,10.75,0.375],"rotation":0,"texture":"#0","tintindex":0},"north":{"uv":[11.625,13.125,11.875,13.5],"rotation":0,"texture":"#0","tintindex":0},"south":{"uv":[13.125,11.625,13.375,12.0],"rotation":0,"texture":"#0","tintindex":0},"up":{"uv":[4.375,7.375,4.125,0.75],"rotation":0,"texture":"#0","tintindex":0},"west":{"uv":[4.125,0.375,10.75,0.75],"rotation":0,"texture":"#0","tintindex":0}}},{"name":"cube","from":[7.16,6.8,-13.9000025],"to":[8.96,9.2,-2.500001],"rotation":{"angle":0.0,"axis":"x","origin":[4.059655,26.010498,16.116772]},"faces":{"down":{"uv":[4.125,9.375,3.875,11.625],"rotation":0,"texture":"#0","tintindex":0},"east":{"uv":[8.0,3.375,10.25,3.75],"rotation":0,"texture":"#0","tintindex":0},"north":{"uv":[11.875,13.125,12.125,13.5],"rotation":0,"texture":"#0","tintindex":0},"south":{"uv":[13.125,12.625,13.375,13.0],"rotation":0,"texture":"#0","tintindex":0},"up":{"uv":[1.25,11.625,1.0,9.375],"rotation":0,"texture":"#0","tintindex":0},"west":{"uv":[8.125,0.75,10.375,1.125],"rotation":0,"texture":"#0","tintindex":0}}},{"name":"cube","from":[7.8199997,-3.1000004,-14.200002],"to":[7.8199997,8.9,5.5999994],"rotation":{"angle":0.0,"axis":"x","origin":[4.059655,26.010498,16.116772]},"faces":{"down":{"uv":[0.0,0.0,0.0,4.125],"rotation":0,"texture":"#0","tintindex":0},"east":{"uv":[0.0,0.0,4.125,2.5],"rotation":0,"texture":"#0","tintindex":0},"north":{"uv":[0.0,0.0,0.0,2.5],"rotation":0,"texture":"#0","tintindex":0},"south":{"uv":[0.0,0.0,0.0,2.5],"rotation":0,"texture":"#0","tintindex":0},"up":{"uv":[0.0,4.125,0.0,0.0],"rotation":0,"texture":"#0","tintindex":0},"west":{"uv":[0.0,2.5,4.125,5.0],"rotation":0,"texture":"#0","tintindex":0}}},{"name":"cube","from":[6.8599997,6.5,-14.200002],"to":[9.26,9.5,-12.400002],"rotation":{"angle":0.0,"axis":"x","origin":[4.059655,26.010498,16.116772]},"faces":{"down":{"uv":[10.75,12.25,10.25,12.625],"rotation":0,"texture":"#0","tintindex":0},"east":{"uv":[11.875,6.0,12.25,6.625],"rotation":0,"texture":"#0","tintindex":0},"north":{"uv":[0.0,11.125,0.5,11.75],"rotation":0,"texture":"#0","tintindex":0},"south":{"uv":[11.125,10.375,11.625,11.0],"rotation":0,"texture":"#0","tintindex":0},"up":{"uv":[10.25,12.625,9.75,12.25],"rotation":0,"texture":"#0","tintindex":0},"west":{"uv":[11.75,11.875,12.125,12.5],"rotation":0,"texture":"#0","tintindex":0}}},{"name":"cube","from":[7.3399997,7.9400005,-13.600001],"to":[8.780001,11.780001,-11.56],"rotation":{"angle":0.0,"axis":"x","origin":[8.06,8.0,-9.640002]},"faces":{"down":{"uv":[13.5,0.0,13.25,0.375],"rotation":0,"texture":"#0","tintindex":0},"east":{"uv":[5.875,11.375,6.25,12.125],"rotation":0,"texture":"#0","tintindex":0},"north":{"uv":[8.125,9.5,8.375,10.25],"rotation":0,"texture":"#0","tintindex":0},"south":{"uv":[1.75,11.75,2.0,12.5],"rotation":0,"texture":"#0","tintindex":0},"up":{"uv":[13.375,13.375,13.125,13.0],"rotation":0,"texture":"#0","tintindex":0},"west":{"uv":[11.375,11.25,11.75,12.0],"rotation":0,"texture":"#0","tintindex":0}}},{"name":"cube","from":[7.4,8.0,-12.160001],"to":[8.719999,11.72,-10.240002],"rotation":{"angle":-22.5,"axis":"x","origin":[8.06,8.0,-9.640002]},"faces":{"down":{"uv":[1.0,13.25,0.75,13.625],"rotation":0,"texture":"#0","tintindex":0},"east":{"uv":[3.0,11.5,3.375,12.25],"rotation":0,"texture":"#0","tintindex":0},"north":{"uv":[0.625,12.0,0.875,12.75],"rotation":0,"texture":"#0","tintindex":0},"south":{"uv":[6.75,12.125,7.0,12.875],"rotation":0,"texture":"#0","tintindex":0},"up":{"uv":[0.75,13.625,0.5,13.25],"rotation":0,"texture":"#0","tintindex":0},"west":{"uv":[4.125,11.5,4.5,12.25],"rotation":0,"texture":"#0","tintindex":0}}},{"name":"cube","from":[7.46,9.98,-14.620002],"to":[8.66,13.58,-12.820003],"rotation":{"angle":22.5,"axis":"x","origin":[8.06,7.88,-9.640002]},"faces":{"down":{"uv":[2.5,13.25,2.25,13.625],"rotation":0,"texture":"#0","tintindex":0},"east":{"uv":[6.25,11.5,6.625,12.25],"rotation":0,"texture":"#0","tintindex":0},"north":{"uv":[8.875,12.125,9.125,12.875],"rotation":0,"texture":"#0","tintindex":0},"south":{"uv":[7.375,12.25,7.625,13.0],"rotation":0,"texture":"#0","tintindex":0},"up":{"uv":[13.5,1.125,13.25,0.75],"rotation":0,"texture":"#0","tintindex":0},"west":{"uv":[11.5,6.375,11.875,7.125],"rotation":0,"texture":"#0","tintindex":0}}},{"name":"cube","from":[7.58,11.18,-16.0],"to":[8.54,13.340001,-15.040002],"rotation":{"angle":45.0,"axis":"x","origin":[8.06,7.88,-9.640002]},"faces":{"down":{"uv":[8.25,13.5,8.0,13.75],"rotation":0,"texture":"#0","tintindex":0},"east":{"uv":[12.875,3.25,13.125,3.75],"rotation":0,"texture":"#0","tintindex":0},"north":{"uv":[12.875,2.75,13.125,3.25],"rotation":0,"texture":"#0","tintindex":0},"south":{"uv":[12.875,3.875,13.125,4.375],"rotation":0,"texture":"#0","tintindex":0},"up":{"uv":[8.0,13.75,7.75,13.5],"rotation":0,"texture":"#0","tintindex":0},"west":{"uv":[12.875,5.5,13.125,6.0],"rotation":0,"texture":"#0","tintindex":0}}},{"name":"cube","from":[7.28,6.3199997,19.82],"to":[8.84,9.68,26.18],"rotation":{"angle":0.0,"axis":"x","origin":[4.059655,26.010498,16.116772]},"faces":{"down":{"uv":[11.5,6.375,11.25,7.625],"rotation":0,"texture":"#0","tintindex":0},"east":{"uv":[0.625,8.25,1.875,8.875],"rotation":0,"texture":"#0","tintindex":0},"north":{"uv":[5.875,12.625,6.125,13.25],"rotation":0,"texture":"#0","tintindex":0},"south":{"uv":[12.625,6.0,12.875,6.625],"rotation":0,"texture":"#0","tintindex":0},"up":{"uv":[7.25,12.375,7.0,11.125],"rotation":0,"texture":"#0","tintindex":0},"west":{"uv":[6.25,8.25,7.5,8.875],"rotation":0,"texture":"#0","tintindex":0}}},{"name":"cube","from":[7.28,6.92,26.119999],"to":[8.84,9.08,27.079998],"rotation":{"angle":0.0,"axis":"x","origin":[4.059655,26.010498,16.116772]},"faces":{"down":{"uv":[12.125,14.0,11.875,14.125],"rotation":0,"texture":"#0","tintindex":0},"east":{"uv":[12.0,13.625,12.125,14.0],"rotation":0,"texture":"#0","tintindex":0},"north":{"uv":[13.25,2.25,13.5,2.625],"rotation":0,"texture":"#0","tintindex":0},"south":{"uv":[3.0,13.25,3.25,13.625],"rotation":0,"texture":"#0","tintindex":0},"up":{"uv":[14.25,11.875,14.0,11.75],"rotation":0,"texture":"#0","tintindex":0},"west":{"uv":[12.125,13.625,12.25,14.0],"rotation":0,"texture":"#0","tintindex":0}}}],"display":{"head":{"translation":[0.0,-6.4,-1.1199971],"rotation":[0.0,0.0,0.0],"scale":[3.8095,3.8095,3.8095]}}}