{"textures":{"0":"modelengine:entity/plains_creeper_halloween","1":"modelengine:entity/plains_creeper_e","2":"modelengine:entity/creeper_armor_1"},"elements":[{"name":"leg2","from":[5.6,3.1999998,5.6],"to":[10.4,9.2,10.4],"rotation":{"angle":0.0,"axis":"x","origin":[6.8,4.3999996,5.6]},"faces":{"down":{"uv":[3.0,4.0,2.0,5.0],"rotation":0,"texture":"#2","tintindex":0},"east":{"uv":[0.0,5.0,1.0,6.5],"rotation":0,"texture":"#2","tintindex":0},"north":{"uv":[1.0,5.0,2.0,6.5],"rotation":0,"texture":"#2","tintindex":0},"south":{"uv":[3.0,5.0,4.0,6.5],"rotation":0,"texture":"#2","tintindex":0},"up":{"uv":[2.0,5.0,1.0,4.0],"rotation":0,"texture":"#2","tintindex":0},"west":{"uv":[2.0,5.0,3.0,6.5],"rotation":0,"texture":"#2","tintindex":0}}},{"name":"leg2 inverted","from":[10.4,9.2,10.4],"to":[5.6,3.1999998,5.6],"rotation":{"angle":0.0,"axis":"x","origin":[6.8,4.3999996,5.6]},"faces":{"down":{"uv":[1.0,5.0,2.0,4.0],"rotation":0,"texture":"#2","tintindex":0},"east":{"uv":[2.0,6.5,3.0,5.0],"rotation":0,"texture":"#2","tintindex":0},"north":{"uv":[3.0,6.5,4.0,5.0],"rotation":0,"texture":"#2","tintindex":0},"south":{"uv":[1.0,6.5,2.0,5.0],"rotation":0,"texture":"#2","tintindex":0},"up":{"uv":[2.0,4.0,3.0,5.0],"rotation":0,"texture":"#2","tintindex":0},"west":{"uv":[0.0,6.5,1.0,5.0],"rotation":0,"texture":"#2","tintindex":0}}}],"display":{"head":{"translation":[0.0,-6.4,0.0],"rotation":[0.0,0.0,0.0],"scale":[3.8095,3.8095,3.8095]}}}