{"textures":{"0":"modelengine:entity/plains_creeper_halloween","1":"modelengine:entity/plains_creeper_e","2":"modelengine:entity/creeper_armor_1"},"elements":[{"name":"leg4","from":[6.8,4.3999996,6.8],"to":[9.2,8.0,9.2],"rotation":{"angle":0.0,"axis":"x","origin":[9.2,4.3999996,10.4]},"faces":{"down":{"uv":[13.0,5.5,12.0,6.5],"rotation":0,"texture":"#0","tintindex":0},"east":{"uv":[10.0,6.5,11.0,8.0],"rotation":0,"texture":"#0","tintindex":0},"north":{"uv":[11.0,6.5,12.0,8.0],"rotation":0,"texture":"#0","tintindex":0},"south":{"uv":[13.0,6.5,14.0,8.0],"rotation":0,"texture":"#0","tintindex":0},"up":{"uv":[12.0,6.5,11.0,5.5],"rotation":0,"texture":"#0","tintindex":0},"west":{"uv":[12.0,6.5,13.0,8.0],"rotation":0,"texture":"#0","tintindex":0}}}],"display":{"head":{"translation":[0.0,-6.4,0.0],"rotation":[0.0,0.0,0.0],"scale":[3.8095,3.8095,3.8095]}}}