{"textures":{"0":"modelengine:entity/2022_05_04_blockbench-prototype-20277430"},"elements":[{"name":"leftarm","from":[7.094,4.3999996,5.3],"to":[8.894,8.0,7.7],"rotation":{"angle":0.0,"axis":"x","origin":[11.6,-2.8000002,6.8]},"faces":{"down":{"uv":[9.75,12.0,10.5,13.0],"rotation":0,"texture":"#0","tintindex":0},"east":{"uv":[9.0,14.5,8.0,16.0],"rotation":0,"texture":"#0","tintindex":0},"north":{"uv":[9.75,14.5,9.0,16.0],"rotation":0,"texture":"#0","tintindex":0},"south":{"uv":[11.5,14.5,10.75,16.0],"rotation":0,"texture":"#0","tintindex":0},"up":{"uv":[9.0,13.0,9.75,12.0],"rotation":0,"texture":"#0","tintindex":0},"west":{"uv":[10.75,14.5,9.75,16.0],"rotation":0,"texture":"#0","tintindex":0}}},{"name":"leftarmlayer2","from":[6.944,4.25,5.1499996],"to":[9.044,8.0,7.85],"rotation":{"angle":0.0,"axis":"x","origin":[11.6,-2.8000002,6.8]},"faces":{"down":{"uv":[13.75,12.0,14.5,13.0],"rotation":0,"texture":"#0","tintindex":0},"east":{"uv":[13.0,14.5,12.0,16.0],"rotation":0,"texture":"#0","tintindex":0},"north":{"uv":[13.75,14.5,13.0,16.0],"rotation":0,"texture":"#0","tintindex":0},"south":{"uv":[15.5,14.5,14.75,16.0],"rotation":0,"texture":"#0","tintindex":0},"up":{"uv":[13.0,13.0,13.75,12.0],"rotation":0,"texture":"#0","tintindex":0},"west":{"uv":[14.75,14.5,13.75,16.0],"rotation":0,"texture":"#0","tintindex":0}}}],"display":{"head":{"translation":[0.0,-6.4,0.0],"rotation":[0.0,0.0,0.0],"scale":[3.8095,3.8095,3.8095]}}}