{"textures":{"0":"modelengine:entity/2022_05_04_blockbench-prototype-20277430"},"elements":[{"name":"leftarm","from":[5.8999996,5.0,6.5],"to":[7.7,8.6,8.9],"rotation":{"angle":0.0,"axis":"x","origin":[10.4,-5.8,8.0]},"faces":{"down":{"uv":[9.75,12.0,10.5,13.0],"rotation":0,"texture":"#0","tintindex":0},"east":{"uv":[9.0,13.0,8.0,14.5],"rotation":0,"texture":"#0","tintindex":0},"north":{"uv":[9.75,13.0,9.0,14.5],"rotation":0,"texture":"#0","tintindex":0},"south":{"uv":[11.5,13.0,10.75,14.5],"rotation":0,"texture":"#0","tintindex":0},"up":{"uv":[9.0,13.0,9.75,12.0],"rotation":0,"texture":"#0","tintindex":0},"west":{"uv":[10.75,13.0,9.75,14.5],"rotation":0,"texture":"#0","tintindex":0}}},{"name":"leftarmlayer2","from":[5.75,5.0,6.35],"to":[7.85,8.75,9.05],"rotation":{"angle":0.0,"axis":"x","origin":[10.4,-5.8,8.0]},"faces":{"down":{"uv":[16.0,16.0,16.0,16.0],"rotation":0,"texture":"#0","tintindex":0},"east":{"uv":[13.0,13.0,12.0,14.5],"rotation":0,"texture":"#0","tintindex":0},"north":{"uv":[13.75,13.0,13.0,14.5],"rotation":0,"texture":"#0","tintindex":0},"south":{"uv":[15.5,13.0,14.75,14.5],"rotation":0,"texture":"#0","tintindex":0},"up":{"uv":[13.0,13.0,13.75,12.0],"rotation":0,"texture":"#0","tintindex":0},"west":{"uv":[14.75,13.0,13.75,14.5],"rotation":0,"texture":"#0","tintindex":0}}}],"display":{"head":{"translation":[0.0,-6.4,0.0],"rotation":[0.0,0.0,0.0],"scale":[3.8095,3.8095,3.8095]}}}