{"textures":{"0":"modelengine:entity/fallenwardenlance","1":"modelengine:entity/fallenwarden1","2":"modelengine:entity/boneshadin1","3":"modelengine:entity/reditexture","4":"modelengine:entity/boneshadin1xd"},"elements":[{"name":"1_0","from":[7.7935996,9.905838,-12.855683],"to":[8.3564,11.1442375,-11.204485],"rotation":{"angle":-45.0,"axis":"x","origin":[8.0,8.3,-2.2000003]},"faces":{"down":{"uv":[10.0075,1.0075,10.2425,1.9925],"rotation":180,"texture":"#0","tintindex":0},"east":{"uv":[10.0075,1.9925,10.7425,1.0075],"rotation":270,"texture":"#0","tintindex":0},"north":{"uv":[10.7425,1.0075,10.0075,1.2425],"rotation":90,"texture":"#0","tintindex":0},"south":{"uv":[12.004,7.254,12.246,7.496],"rotation":0,"texture":"#0","tintindex":0},"up":{"uv":[12.004,7.254,12.246,7.496],"rotation":0,"texture":"#0","tintindex":0},"west":{"uv":[10.0075,1.0075,10.7425,1.9925],"rotation":270,"texture":"#0","tintindex":0}}},{"name":"1_1","from":[7.7935996,16.923437,-12.855683],"to":[8.3564,18.574638,-11.204485],"rotation":{"angle":-45.0,"axis":"x","origin":[8.0,8.3,-2.2000003]},"faces":{"down":{"uv":[14.2575,1.0075,14.4925,1.9925],"rotation":180,"texture":"#0","tintindex":0},"east":{"uv":[14.2575,1.9925,15.2425,1.0075],"rotation":270,"texture":"#0","tintindex":0},"north":{"uv":[15.2425,1.0075,14.2575,1.2425],"rotation":90,"texture":"#0","tintindex":0},"south":{"uv":[14.2575,1.7575,15.2425,1.9925],"rotation":270,"texture":"#0","tintindex":0},"up":{"uv":[15.0075,1.0075,15.2425,1.9925],"rotation":0,"texture":"#0","tintindex":0},"west":{"uv":[14.2575,1.0075,15.2425,1.9925],"rotation":270,"texture":"#0","tintindex":0}}},{"name":"1_2","from":[7.7935996,9.493038,-12.442884],"to":[8.3564,9.905838,-6.663684],"rotation":{"angle":-45.0,"axis":"x","origin":[8.0,8.3,-2.2000003]},"faces":{"down":{"uv":[9.7575,1.2575,9.9925,4.7425],"rotation":180,"texture":"#0","tintindex":0},"east":{"uv":[9.7575,4.7425,9.9925,1.2575],"rotation":270,"texture":"#0","tintindex":0},"north":{"uv":[9.9925,1.2575,9.7575,1.4925],"rotation":90,"texture":"#0","tintindex":0},"south":{"uv":[9.7575,4.5075,9.9925,4.7425],"rotation":270,"texture":"#0","tintindex":0},"up":{"uv":[12.004,7.254,12.246,7.496],"rotation":0,"texture":"#0","tintindex":0},"west":{"uv":[9.7575,1.2575,9.9925,4.7425],"rotation":270,"texture":"#0","tintindex":0}}},{"name":"1_3","from":[7.7935996,11.1442375,-12.442884],"to":[8.3564,11.557037,-10.791685],"rotation":{"angle":-45.0,"axis":"x","origin":[8.0,8.3,-2.2000003]},"faces":{"down":{"uv":[10.7575,1.2575,10.9925,2.2425],"rotation":180,"texture":"#0","tintindex":0},"east":{"uv":[10.7575,2.2425,10.9925,1.2575],"rotation":270,"texture":"#0","tintindex":0},"north":{"uv":[10.9925,1.2575,10.7575,1.4925],"rotation":90,"texture":"#0","tintindex":0},"south":{"uv":[10.7575,2.0075,10.9925,2.2425],"rotation":270,"texture":"#0","tintindex":0},"up":{"uv":[10.7575,1.2575,10.9925,2.2425],"rotation":0,"texture":"#0","tintindex":0},"west":{"uv":[10.7575,1.2575,10.9925,2.2425],"rotation":270,"texture":"#0","tintindex":0}}},{"name":"1_4","from":[7.7935996,16.097837,-12.442884],"to":[8.3564,16.923437,-9.140484],"rotation":{"angle":-45.0,"axis":"x","origin":[8.0,8.3,-2.2000003]},"faces":{"down":{"uv":[13.7575,1.2575,13.9925,3.2425],"rotation":180,"texture":"#0","tintindex":0},"east":{"uv":[13.7575,3.2425,14.2425,1.2575],"rotation":270,"texture":"#0","tintindex":0},"north":{"uv":[14.2425,1.2575,13.7575,1.4925],"rotation":90,"texture":"#0","tintindex":0},"south":{"uv":[13.7575,3.0075,14.2425,3.2425],"rotation":270,"texture":"#0","tintindex":0},"up":{"uv":[14.0075,1.2575,14.2425,3.2425],"rotation":0,"texture":"#0","tintindex":0},"west":{"uv":[13.7575,1.2575,14.2425,3.2425],"rotation":270,"texture":"#0","tintindex":0}}},{"name":"1_5","from":[7.7935996,8.667438,-12.030085],"to":[8.3564,9.493038,-7.0764837],"rotation":{"angle":-45.0,"axis":"x","origin":[8.0,8.3,-2.2000003]},"faces":{"down":{"uv":[9.2575,1.5075,9.4925,4.4925],"rotation":180,"texture":"#0","tintindex":0},"east":{"uv":[9.2575,4.4925,9.7425,1.5075],"rotation":270,"texture":"#0","tintindex":0},"north":{"uv":[9.7425,1.5075,9.2575,1.7425],"rotation":90,"texture":"#0","tintindex":0},"south":{"uv":[9.2575,4.2575,9.7425,4.4925],"rotation":270,"texture":"#0","tintindex":0},"up":{"uv":[9.5075,1.5075,9.7425,4.4925],"rotation":0,"texture":"#0","tintindex":0},"west":{"uv":[9.2575,1.5075,9.7425,4.4925],"rotation":270,"texture":"#0","tintindex":0}}},{"name":"1_6","from":[7.7935996,11.557037,-12.030085],"to":[8.3564,11.969837,-10.791685],"rotation":{"angle":-45.0,"axis":"x","origin":[8.0,8.3,-2.2000003]},"faces":{"down":{"uv":[11.0075,1.5075,11.2425,2.2425],"rotation":180,"texture":"#0","tintindex":0},"east":{"uv":[11.0075,2.2425,11.2425,1.5075],"rotation":270,"texture":"#0","tintindex":0},"north":{"uv":[11.2425,1.5075,11.0075,1.7425],"rotation":90,"texture":"#0","tintindex":0},"south":{"uv":[11.0075,2.0075,11.2425,2.2425],"rotation":270,"texture":"#0","tintindex":0},"up":{"uv":[11.0075,1.5075,11.2425,2.2425],"rotation":0,"texture":"#0","tintindex":0},"west":{"uv":[11.0075,1.5075,11.2425,2.2425],"rotation":270,"texture":"#0","tintindex":0}}},{"name":"1_7","from":[7.7935996,15.685038,-12.030085],"to":[8.3564,16.097837,-8.314884],"rotation":{"angle":-45.0,"axis":"x","origin":[8.0,8.3,-2.2000003]},"faces":{"down":{"uv":[13.5075,1.5075,13.7425,3.7425],"rotation":180,"texture":"#0","tintindex":0},"east":{"uv":[13.5075,3.7425,13.7425,1.5075],"rotation":270,"texture":"#0","tintindex":0},"north":{"uv":[13.7425,1.5075,13.5075,1.7425],"rotation":90,"texture":"#0","tintindex":0},"south":{"uv":[13.5075,3.5075,13.7425,3.7425],"rotation":270,"texture":"#0","tintindex":0},"up":{"uv":[13.5075,1.5075,13.7425,3.7425],"rotation":0,"texture":"#0","tintindex":0},"west":{"uv":[13.5075,1.5075,13.7425,3.7425],"rotation":270,"texture":"#0","tintindex":0}}},{"name":"1_8","from":[7.7935996,7.8418374,-11.617285],"to":[8.3564,8.667438,-7.4892845],"rotation":{"angle":-45.0,"axis":"x","origin":[8.0,8.3,-2.2000003]},"faces":{"down":{"uv":[8.7575,1.7575,8.9925,4.2425],"rotation":180,"texture":"#0","tintindex":0},"east":{"uv":[8.7575,4.2425,9.2425,1.7575],"rotation":270,"texture":"#0","tintindex":0},"north":{"uv":[9.2425,1.7575,8.7575,1.9925],"rotation":90,"texture":"#0","tintindex":0},"south":{"uv":[8.7575,4.0075,9.2425,4.2425],"rotation":270,"texture":"#0","tintindex":0},"up":{"uv":[9.0075,1.7575,9.2425,4.2425],"rotation":0,"texture":"#0","tintindex":0},"west":{"uv":[8.7575,1.7575,9.2425,4.2425],"rotation":270,"texture":"#0","tintindex":0}}},{"name":"1_9","from":[7.7935996,15.272238,-11.617285],"to":[8.3564,15.685038,-7.9020844],"rotation":{"angle":-45.0,"axis":"x","origin":[8.0,8.3,-2.2000003]},"faces":{"down":{"uv":[13.2575,1.7575,13.4925,3.9925],"rotation":180,"texture":"#0","tintindex":0},"east":{"uv":[13.2575,3.9925,13.4925,1.7575],"rotation":270,"texture":"#0","tintindex":0},"north":{"uv":[13.4925,1.7575,13.2575,1.9925],"rotation":90,"texture":"#0","tintindex":0},"south":{"uv":[13.2575,3.7575,13.4925,3.9925],"rotation":270,"texture":"#0","tintindex":0},"up":{"uv":[13.2575,1.7575,13.4925,3.9925],"rotation":0,"texture":"#0","tintindex":0},"west":{"uv":[13.2575,1.7575,13.4925,3.9925],"rotation":270,"texture":"#0","tintindex":0}}},{"name":"1_10","from":[7.7935996,7.4290376,-11.204485],"to":[8.3564,7.8418374,-7.9020844],"rotation":{"angle":-45.0,"axis":"x","origin":[8.0,8.3,-2.2000003]},"faces":{"down":{"uv":[8.5075,2.0075,8.7425,3.9925],"rotation":180,"texture":"#0","tintindex":0},"east":{"uv":[8.5075,3.9925,8.7425,2.0075],"rotation":270,"texture":"#0","tintindex":0},"north":{"uv":[8.7425,2.0075,8.5075,2.2425],"rotation":90,"texture":"#0","tintindex":0},"south":{"uv":[8.5075,3.7575,8.7425,3.9925],"rotation":270,"texture":"#0","tintindex":0},"up":{"uv":[8.5075,2.0075,8.7425,3.9925],"rotation":0,"texture":"#0","tintindex":0},"west":{"uv":[8.5075,2.0075,8.7425,3.9925],"rotation":270,"texture":"#0","tintindex":0}}},{"name":"1_11","from":[7.7935996,9.905838,-11.204485],"to":[8.3564,10.731438,-10.791685],"rotation":{"angle":-45.0,"axis":"x","origin":[8.0,8.3,-2.2000003]},"faces":{"down":{"uv":[10.0075,2.0075,10.2425,2.2425],"rotation":180,"texture":"#0","tintindex":0},"east":{"uv":[10.0075,2.2425,10.4925,2.0075],"rotation":270,"texture":"#0","tintindex":0},"north":{"uv":[10.4925,2.0075,10.0075,2.2425],"rotation":90,"texture":"#0","tintindex":0},"south":{"uv":[10.0075,2.0075,10.4925,2.2425],"rotation":270,"texture":"#0","tintindex":0},"up":{"uv":[10.2575,2.0075,10.4925,2.2425],"rotation":0,"texture":"#0","tintindex":0},"west":{"uv":[10.0075,2.0075,10.4925,2.2425],"rotation":270,"texture":"#0","tintindex":0}}},{"name":"1_12","from":[7.7935996,14.859438,-11.204485],"to":[8.3564,15.272238,-7.4892845],"rotation":{"angle":-45.0,"axis":"x","origin":[8.0,8.3,-2.2000003]},"faces":{"down":{"uv":[13.0075,2.0075,13.2425,4.2425],"rotation":180,"texture":"#0","tintindex":0},"east":{"uv":[13.0075,4.2425,13.2425,2.0075],"rotation":270,"texture":"#0","tintindex":0},"north":{"uv":[13.2425,2.0075,13.0075,2.2425],"rotation":90,"texture":"#0","tintindex":0},"south":{"uv":[13.0075,4.0075,13.2425,4.2425],"rotation":270,"texture":"#0","tintindex":0},"up":{"uv":[13.0075,2.0075,13.2425,4.2425],"rotation":0,"texture":"#0","tintindex":0},"west":{"uv":[13.0075,2.0075,13.2425,4.2425],"rotation":270,"texture":"#0","tintindex":0}}},{"name":"1_13","from":[7.7935996,16.923437,-11.204485],"to":[8.3564,18.161839,-10.378885],"rotation":{"angle":-45.0,"axis":"x","origin":[8.0,8.3,-2.2000003]},"faces":{"down":{"uv":[14.2575,2.0075,14.4925,2.4925],"rotation":180,"texture":"#0","tintindex":0},"east":{"uv":[14.2575,2.4925,14.9925,2.0075],"rotation":270,"texture":"#0","tintindex":0},"north":{"uv":[14.9925,2.0075,14.2575,2.2425],"rotation":90,"texture":"#0","tintindex":0},"south":{"uv":[14.2575,2.2575,14.9925,2.4925],"rotation":270,"texture":"#0","tintindex":0},"up":{"uv":[14.7575,2.0075,14.9925,2.4925],"rotation":0,"texture":"#0","tintindex":0},"west":{"uv":[14.2575,2.0075,14.9925,2.4925],"rotation":270,"texture":"#0","tintindex":0}}},{"name":"1_14","from":[7.7935996,7.0162377,-10.791685],"to":[8.3564,7.4290376,-7.9020844],"rotation":{"angle":-45.0,"axis":"x","origin":[8.0,8.3,-2.2000003]},"faces":{"down":{"uv":[8.2575,2.2575,8.4925,3.9925],"rotation":180,"texture":"#0","tintindex":0},"east":{"uv":[8.2575,3.9925,8.4925,2.2575],"rotation":270,"texture":"#0","tintindex":0},"north":{"uv":[8.4925,2.2575,8.2575,2.4925],"rotation":90,"texture":"#0","tintindex":0},"south":{"uv":[12.004,7.254,12.246,7.496],"rotation":0,"texture":"#0","tintindex":0},"up":{"uv":[8.2575,2.2575,8.4925,3.9925],"rotation":0,"texture":"#0","tintindex":0},"west":{"uv":[8.2575,2.2575,8.4925,3.9925],"rotation":270,"texture":"#0","tintindex":0}}},{"name":"1_15","from":[7.7935996,14.446638,-10.791685],"to":[8.3564,14.859438,-7.4892845],"rotation":{"angle":-45.0,"axis":"x","origin":[8.0,8.3,-2.2000003]},"faces":{"down":{"uv":[12.7575,2.2575,12.9925,4.2425],"rotation":180,"texture":"#0","tintindex":0},"east":{"uv":[12.7575,4.2425,12.9925,2.2575],"rotation":270,"texture":"#0","tintindex":0},"north":{"uv":[12.9925,2.2575,12.7575,2.4925],"rotation":90,"texture":"#0","tintindex":0},"south":{"uv":[12.7575,4.0075,12.9925,4.2425],"rotation":270,"texture":"#0","tintindex":0},"up":{"uv":[12.7575,2.2575,12.9925,4.2425],"rotation":0,"texture":"#0","tintindex":0},"west":{"uv":[12.7575,2.2575,12.9925,4.2425],"rotation":270,"texture":"#0","tintindex":0}}},{"name":"1_16","from":[7.7935996,6.6034374,-10.378885],"to":[8.3564,7.0162377,-7.4892845],"rotation":{"angle":-45.0,"axis":"x","origin":[8.0,8.3,-2.2000003]},"faces":{"down":{"uv":[8.0075,2.5075,8.2425,4.2425],"rotation":180,"texture":"#0","tintindex":0},"east":{"uv":[8.0075,4.2425,8.2425,2.5075],"rotation":270,"texture":"#0","tintindex":0},"north":{"uv":[8.2425,2.5075,8.0075,2.7425],"rotation":90,"texture":"#0","tintindex":0},"south":{"uv":[8.0075,4.0075,8.2425,4.2425],"rotation":270,"texture":"#0","tintindex":0},"up":{"uv":[12.004,7.254,12.246,7.496],"rotation":0,"texture":"#0","tintindex":0},"west":{"uv":[8.0075,2.5075,8.2425,4.2425],"rotation":270,"texture":"#0","tintindex":0}}},{"name":"1_17","from":[7.7935996,14.033838,-10.378885],"to":[8.3564,14.446638,-7.0764837],"rotation":{"angle":-45.0,"axis":"x","origin":[8.0,8.3,-2.2000003]},"faces":{"down":{"uv":[12.5075,2.5075,12.7425,4.4925],"rotation":180,"texture":"#0","tintindex":0},"east":{"uv":[12.5075,4.4925,12.7425,2.5075],"rotation":270,"texture":"#0","tintindex":0},"north":{"uv":[12.7425,2.5075,12.5075,2.7425],"rotation":90,"texture":"#0","tintindex":0},"south":{"uv":[12.5075,4.2575,12.7425,4.4925],"rotation":270,"texture":"#0","tintindex":0},"up":{"uv":[12.5075,2.5075,12.7425,4.4925],"rotation":0,"texture":"#0","tintindex":0},"west":{"uv":[12.5075,2.5075,12.7425,4.4925],"rotation":270,"texture":"#0","tintindex":0}}},{"name":"1_18","from":[7.7935996,16.923437,-10.378885],"to":[8.3564,17.749037,-9.966084],"rotation":{"angle":-45.0,"axis":"x","origin":[8.0,8.3,-2.2000003]},"faces":{"down":{"uv":[14.2575,2.5075,14.4925,2.7425],"rotation":180,"texture":"#0","tintindex":0},"east":{"uv":[14.2575,2.7425,14.7425,2.5075],"rotation":270,"texture":"#0","tintindex":0},"north":{"uv":[14.7425,2.5075,14.2575,2.7425],"rotation":90,"texture":"#0","tintindex":0},"south":{"uv":[14.2575,2.5075,14.7425,2.7425],"rotation":270,"texture":"#0","tintindex":0},"up":{"uv":[14.5075,2.5075,14.7425,2.7425],"rotation":0,"texture":"#0","tintindex":0},"west":{"uv":[14.2575,2.5075,14.7425,2.7425],"rotation":270,"texture":"#0","tintindex":0}}},{"name":"1_19","from":[7.7935996,9.905838,-9.966084],"to":[8.3564,10.318638,-9.140484],"rotation":{"angle":-45.0,"axis":"x","origin":[8.0,8.3,-2.2000003]},"faces":{"down":{"uv":[10.0075,2.7575,10.2425,3.2425],"rotation":180,"texture":"#0","tintindex":0},"east":{"uv":[10.0075,3.2425,10.2425,2.7575],"rotation":270,"texture":"#0","tintindex":0},"north":{"uv":[10.2425,2.7575,10.0075,2.9925],"rotation":90,"texture":"#0","tintindex":0},"south":{"uv":[10.0075,3.0075,10.2425,3.2425],"rotation":270,"texture":"#0","tintindex":0},"up":{"uv":[10.0075,2.7575,10.2425,3.2425],"rotation":0,"texture":"#0","tintindex":0},"west":{"uv":[10.0075,2.7575,10.2425,3.2425],"rotation":270,"texture":"#0","tintindex":0}}},{"name":"1_20","from":[7.7935996,13.621038,-9.966084],"to":[8.3564,14.033838,-7.0764837],"rotation":{"angle":-45.0,"axis":"x","origin":[8.0,8.3,-2.2000003]},"faces":{"down":{"uv":[12.2575,2.7575,12.4925,4.4925],"rotation":180,"texture":"#0","tintindex":0},"east":{"uv":[12.2575,4.4925,12.4925,2.7575],"rotation":270,"texture":"#0","tintindex":0},"north":{"uv":[12.4925,2.7575,12.2575,2.9925],"rotation":90,"texture":"#0","tintindex":0},"south":{"uv":[12.2575,4.2575,12.4925,4.4925],"rotation":270,"texture":"#0","tintindex":0},"up":{"uv":[12.2575,2.7575,12.4925,4.4925],"rotation":0,"texture":"#0","tintindex":0},"west":{"uv":[12.2575,2.7575,12.4925,4.4925],"rotation":270,"texture":"#0","tintindex":0}}},{"name":"1_21","from":[7.7935996,16.923437,-9.966084],"to":[8.3564,17.336237,-9.553284],"rotation":{"angle":-45.0,"axis":"x","origin":[8.0,8.3,-2.2000003]},"faces":{"down":{"uv":[14.2575,2.7575,14.4925,2.9925],"rotation":180,"texture":"#0","tintindex":0},"east":{"uv":[14.2575,2.9925,14.4925,2.7575],"rotation":270,"texture":"#0","tintindex":0},"north":{"uv":[14.4925,2.7575,14.2575,2.9925],"rotation":90,"texture":"#0","tintindex":0},"south":{"uv":[14.2575,2.7575,14.4925,2.9925],"rotation":270,"texture":"#0","tintindex":0},"up":{"uv":[14.2575,2.7575,14.4925,2.9925],"rotation":0,"texture":"#0","tintindex":0},"west":{"uv":[14.2575,2.7575,14.4925,2.9925],"rotation":270,"texture":"#0","tintindex":0}}},{"name":"1_22","from":[7.7935996,6.1906376,-9.553284],"to":[8.3564,6.6034374,-7.0764837],"rotation":{"angle":-45.0,"axis":"x","origin":[8.0,8.3,-2.2000003]},"faces":{"down":{"uv":[7.7575,3.0075,7.9925,4.4925],"rotation":180,"texture":"#0","tintindex":0},"east":{"uv":[7.7575,4.4925,7.9925,3.0075],"rotation":270,"texture":"#0","tintindex":0},"north":{"uv":[7.9925,3.0075,7.7575,3.2425],"rotation":90,"texture":"#0","tintindex":0},"south":{"uv":[7.7575,4.2575,7.9925,4.4925],"rotation":270,"texture":"#0","tintindex":0},"up":{"uv":[12.004,7.254,12.246,7.496],"rotation":0,"texture":"#0","tintindex":0},"west":{"uv":[7.7575,3.0075,7.9925,4.4925],"rotation":270,"texture":"#0","tintindex":0}}},{"name":"1_23","from":[7.7935996,13.208239,-9.553284],"to":[8.3564,13.621038,-6.663684],"rotation":{"angle":-45.0,"axis":"x","origin":[8.0,8.3,-2.2000003]},"faces":{"down":{"uv":[12.0075,3.0075,12.2425,4.7425],"rotation":180,"texture":"#0","tintindex":0},"east":{"uv":[12.0075,4.7425,12.2425,3.0075],"rotation":270,"texture":"#0","tintindex":0},"north":{"uv":[12.2425,3.0075,12.0075,3.2425],"rotation":90,"texture":"#0","tintindex":0},"south":{"uv":[12.0075,4.5075,12.2425,4.7425],"rotation":270,"texture":"#0","tintindex":0},"up":{"uv":[12.0075,3.0075,12.2425,4.7425],"rotation":0,"texture":"#0","tintindex":0},"west":{"uv":[12.0075,3.0075,12.2425,4.7425],"rotation":270,"texture":"#0","tintindex":0}}},{"name":"1_24","from":[7.7935996,16.097837,-9.140484],"to":[8.3564,16.510637,-8.727684],"rotation":{"angle":-45.0,"axis":"x","origin":[8.0,8.3,-2.2000003]},"faces":{"down":{"uv":[13.7575,3.2575,13.9925,3.4925],"rotation":180,"texture":"#0","tintindex":0},"east":{"uv":[13.7575,3.4925,13.9925,3.2575],"rotation":270,"texture":"#0","tintindex":0},"north":{"uv":[13.9925,3.2575,13.7575,3.4925],"rotation":90,"texture":"#0","tintindex":0},"south":{"uv":[13.7575,3.2575,13.9925,3.4925],"rotation":270,"texture":"#0","tintindex":0},"up":{"uv":[13.7575,3.2575,13.9925,3.4925],"rotation":0,"texture":"#0","tintindex":0},"west":{"uv":[13.7575,3.2575,13.9925,3.4925],"rotation":270,"texture":"#0","tintindex":0}}},{"name":"1_25","from":[7.7935996,9.905838,-8.727684],"to":[8.3564,10.318638,-5.838084],"rotation":{"angle":-45.0,"axis":"x","origin":[8.0,8.3,-2.2000003]},"faces":{"down":{"uv":[10.0075,3.5075,10.2425,5.2425],"rotation":180,"texture":"#0","tintindex":0},"east":{"uv":[10.0075,5.2425,10.2425,3.5075],"rotation":270,"texture":"#0","tintindex":0},"north":{"uv":[10.2425,3.5075,10.0075,3.7425],"rotation":90,"texture":"#0","tintindex":0},"south":{"uv":[10.0075,5.0075,10.2425,5.2425],"rotation":270,"texture":"#0","tintindex":0},"up":{"uv":[12.004,7.254,12.246,7.496],"rotation":0,"texture":"#0","tintindex":0},"west":{"uv":[10.0075,3.5075,10.2425,5.2425],"rotation":270,"texture":"#0","tintindex":0}}},{"name":"1_26","from":[7.7935996,12.795438,-8.727684],"to":[8.3564,13.208239,-2.948484],"rotation":{"angle":-45.0,"axis":"x","origin":[8.0,8.3,-2.2000003]},"faces":{"down":{"uv":[11.7575,3.5075,11.9925,6.9925],"rotation":180,"texture":"#0","tintindex":0},"east":{"uv":[11.7575,6.9925,11.9925,3.5075],"rotation":270,"texture":"#0","tintindex":0},"north":{"uv":[11.9925,3.5075,11.7575,3.7425],"rotation":90,"texture":"#0","tintindex":0},"south":{"uv":[11.7575,6.7575,11.9925,6.9925],"rotation":270,"texture":"#0","tintindex":0},"up":{"uv":[12.004,7.254,12.246,7.496],"rotation":0,"texture":"#0","tintindex":0},"west":{"uv":[11.7575,3.5075,11.9925,6.9925],"rotation":270,"texture":"#0","tintindex":0}}},{"name":"1_27","from":[7.7935996,5.7778378,-8.314884],"to":[8.3564,6.1906376,-6.663684],"rotation":{"angle":-45.0,"axis":"x","origin":[8.0,8.3,-2.2000003]},"faces":{"down":{"uv":[7.5075,3.7575,7.7425,4.7425],"rotation":180,"texture":"#0","tintindex":0},"east":{"uv":[7.5075,4.7425,7.7425,3.7575],"rotation":270,"texture":"#0","tintindex":0},"north":{"uv":[7.7425,3.7575,7.5075,3.9925],"rotation":90,"texture":"#0","tintindex":0},"south":{"uv":[7.5075,4.5075,7.7425,4.7425],"rotation":270,"texture":"#0","tintindex":0},"up":{"uv":[7.5075,3.7575,7.7425,4.7425],"rotation":0,"texture":"#0","tintindex":0},"west":{"uv":[7.5075,3.7575,7.7425,4.7425],"rotation":270,"texture":"#0","tintindex":0}}},{"name":"1_28","from":[7.7935996,10.318638,-7.9020844],"to":[8.3564,10.731438,-4.186885],"rotation":{"angle":-45.0,"axis":"x","origin":[8.0,8.3,-2.2000003]},"faces":{"down":{"uv":[10.2575,4.0075,10.4925,6.2425],"rotation":180,"texture":"#0","tintindex":0},"east":{"uv":[10.2575,6.2425,10.4925,4.0075],"rotation":270,"texture":"#0","tintindex":0},"north":{"uv":[10.4925,4.0075,10.2575,4.2425],"rotation":90,"texture":"#0","tintindex":0},"south":{"uv":[10.2575,6.0075,10.4925,6.2425],"rotation":270,"texture":"#0","tintindex":0},"up":{"uv":[12.004,7.254,12.246,7.496],"rotation":0,"texture":"#0","tintindex":0},"west":{"uv":[10.2575,4.0075,10.4925,6.2425],"rotation":270,"texture":"#0","tintindex":0}}},{"name":"1_29","from":[7.7935996,12.382638,-7.9020844],"to":[8.3564,12.795438,-3.3612838],"rotation":{"angle":-45.0,"axis":"x","origin":[8.0,8.3,-2.2000003]},"faces":{"down":{"uv":[11.5075,4.0075,11.7425,6.7425],"rotation":180,"texture":"#0","tintindex":0},"east":{"uv":[11.5075,6.7425,11.7425,4.0075],"rotation":270,"texture":"#0","tintindex":0},"north":{"uv":[11.7425,4.0075,11.5075,4.2425],"rotation":90,"texture":"#0","tintindex":0},"south":{"uv":[11.5075,6.5075,11.7425,6.7425],"rotation":270,"texture":"#0","tintindex":0},"up":{"uv":[11.5075,4.0075,11.7425,6.7425],"rotation":0,"texture":"#0","tintindex":0},"west":{"uv":[11.5075,4.0075,11.7425,6.7425],"rotation":270,"texture":"#0","tintindex":0}}},{"name":"1_30","from":[7.7935996,10.731438,-7.4892845],"to":[8.3564,11.557037,-4.5996847],"rotation":{"angle":-45.0,"axis":"x","origin":[8.0,8.3,-2.2000003]},"faces":{"down":{"uv":[10.5075,4.2575,10.7425,5.9925],"rotation":180,"texture":"#0","tintindex":0},"east":{"uv":[10.5075,5.9925,10.9925,4.2575],"rotation":270,"texture":"#0","tintindex":0},"north":{"uv":[10.9925,4.2575,10.5075,4.4925],"rotation":90,"texture":"#0","tintindex":0},"south":{"uv":[10.5075,5.7575,10.9925,5.9925],"rotation":270,"texture":"#0","tintindex":0},"up":{"uv":[10.7575,4.2575,10.9925,5.9925],"rotation":0,"texture":"#0","tintindex":0},"west":{"uv":[10.5075,4.2575,10.9925,5.9925],"rotation":270,"texture":"#0","tintindex":0}}},{"name":"1_31","from":[7.7935996,11.969837,-7.4892845],"to":[8.3564,12.382638,-4.186885],"rotation":{"angle":-45.0,"axis":"x","origin":[8.0,8.3,-2.2000003]},"faces":{"down":{"uv":[11.2575,4.2575,11.4925,6.2425],"rotation":180,"texture":"#0","tintindex":0},"east":{"uv":[11.2575,6.2425,11.4925,4.2575],"rotation":270,"texture":"#0","tintindex":0},"north":{"uv":[11.4925,4.2575,11.2575,4.4925],"rotation":90,"texture":"#0","tintindex":0},"south":{"uv":[11.2575,6.0075,11.4925,6.2425],"rotation":270,"texture":"#0","tintindex":0},"up":{"uv":[11.2575,4.2575,11.4925,6.2425],"rotation":0,"texture":"#0","tintindex":0},"west":{"uv":[11.2575,4.2575,11.4925,6.2425],"rotation":270,"texture":"#0","tintindex":0}}},{"name":"1_32","from":[7.7935996,9.080237,-7.0764837],"to":[8.3564,9.493038,-6.663684],"rotation":{"angle":-45.0,"axis":"x","origin":[8.0,8.3,-2.2000003]},"faces":{"down":{"uv":[9.5075,4.5075,9.7425,4.7425],"rotation":180,"texture":"#0","tintindex":0},"east":{"uv":[9.5075,4.7425,9.7425,4.5075],"rotation":270,"texture":"#0","tintindex":0},"north":{"uv":[9.7425,4.5075,9.5075,4.7425],"rotation":90,"texture":"#0","tintindex":0},"south":{"uv":[9.5075,4.5075,9.7425,4.7425],"rotation":270,"texture":"#0","tintindex":0},"up":{"uv":[9.5075,4.5075,9.7425,4.7425],"rotation":0,"texture":"#0","tintindex":0},"west":{"uv":[9.5075,4.5075,9.7425,4.7425],"rotation":270,"texture":"#0","tintindex":0}}},{"name":"1_33","from":[7.7935996,11.557037,-7.0764837],"to":[8.3564,11.969837,-4.186885],"rotation":{"angle":-45.0,"axis":"x","origin":[8.0,8.3,-2.2000003]},"faces":{"down":{"uv":[11.0075,4.5075,11.2425,6.2425],"rotation":180,"texture":"#0","tintindex":0},"east":{"uv":[11.0075,6.2425,11.2425,4.5075],"rotation":270,"texture":"#0","tintindex":0},"north":{"uv":[11.2425,4.5075,11.0075,4.7425],"rotation":90,"texture":"#0","tintindex":0},"south":{"uv":[11.0075,6.0075,11.2425,6.2425],"rotation":270,"texture":"#0","tintindex":0},"up":{"uv":[11.0075,4.5075,11.2425,6.2425],"rotation":0,"texture":"#0","tintindex":0},"west":{"uv":[11.0075,4.5075,11.2425,6.2425],"rotation":270,"texture":"#0","tintindex":0}}},{"name":"1_34","from":[7.7935996,16.510637,-6.250884],"to":[8.3564,17.749037,-5.4252844],"rotation":{"angle":-45.0,"axis":"x","origin":[8.0,8.3,-2.2000003]},"faces":{"down":{"uv":[14.0075,5.0075,14.2425,5.4925],"rotation":180,"texture":"#0","tintindex":0},"east":{"uv":[14.0075,5.4925,14.7425,5.0075],"rotation":270,"texture":"#0","tintindex":0},"north":{"uv":[14.7425,5.0075,14.0075,5.2425],"rotation":90,"texture":"#0","tintindex":0},"south":{"uv":[14.0075,5.2575,14.7425,5.4925],"rotation":270,"texture":"#0","tintindex":0},"up":{"uv":[14.5075,5.0075,14.7425,5.4925],"rotation":0,"texture":"#0","tintindex":0},"west":{"uv":[14.0075,5.0075,14.7425,5.4925],"rotation":270,"texture":"#0","tintindex":0}}},{"name":"1_35","from":[7.7935996,17.749037,-5.838084],"to":[8.3564,18.161839,-3.774085],"rotation":{"angle":-45.0,"axis":"x","origin":[8.0,8.3,-2.2000003]},"faces":{"down":{"uv":[14.7575,5.2575,14.9925,6.4925],"rotation":180,"texture":"#0","tintindex":0},"east":{"uv":[14.7575,6.4925,14.9925,5.2575],"rotation":270,"texture":"#0","tintindex":0},"north":{"uv":[14.9925,5.2575,14.7575,5.4925],"rotation":90,"texture":"#0","tintindex":0},"south":{"uv":[12.004,7.254,12.246,7.496],"rotation":0,"texture":"#0","tintindex":0},"up":{"uv":[12.004,7.254,12.246,7.496],"rotation":0,"texture":"#0","tintindex":0},"west":{"uv":[14.7575,5.2575,14.9925,6.4925],"rotation":270,"texture":"#0","tintindex":0}}},{"name":"1_36","from":[7.7935996,16.923437,-5.4252844],"to":[8.3564,17.749037,-2.948484],"rotation":{"angle":-45.0,"axis":"x","origin":[8.0,8.3,-2.2000003]},"faces":{"down":{"uv":[14.2575,5.5075,14.4925,6.9925],"rotation":180,"texture":"#0","tintindex":0},"east":{"uv":[14.2575,6.9925,14.7425,5.5075],"rotation":270,"texture":"#0","tintindex":0},"north":{"uv":[14.7425,5.5075,14.2575,5.7425],"rotation":90,"texture":"#0","tintindex":0},"south":{"uv":[12.004,7.254,12.246,7.496],"rotation":0,"texture":"#0","tintindex":0},"up":{"uv":[12.004,7.254,12.246,7.496],"rotation":0,"texture":"#0","tintindex":0},"west":{"uv":[14.2575,5.5075,14.7425,6.9925],"rotation":270,"texture":"#0","tintindex":0}}},{"name":"1_37","from":[7.7935996,18.161839,-5.4252844],"to":[8.3564,18.574638,-4.186885],"rotation":{"angle":-45.0,"axis":"x","origin":[8.0,8.3,-2.2000003]},"faces":{"down":{"uv":[15.0075,5.5075,15.2425,6.2425],"rotation":180,"texture":"#0","tintindex":0},"east":{"uv":[15.0075,6.2425,15.2425,5.5075],"rotation":270,"texture":"#0","tintindex":0},"north":{"uv":[15.2425,5.5075,15.0075,5.7425],"rotation":90,"texture":"#0","tintindex":0},"south":{"uv":[15.0075,6.0075,15.2425,6.2425],"rotation":270,"texture":"#0","tintindex":0},"up":{"uv":[15.0075,5.5075,15.2425,6.2425],"rotation":0,"texture":"#0","tintindex":0},"west":{"uv":[15.0075,5.5075,15.2425,6.2425],"rotation":270,"texture":"#0","tintindex":0}}},{"name":"1_38","from":[7.7935996,9.905838,-5.0124846],"to":[8.3564,10.318638,-3.774085],"rotation":{"angle":-45.0,"axis":"x","origin":[8.0,8.3,-2.2000003]},"faces":{"down":{"uv":[10.0075,5.7575,10.2425,6.4925],"rotation":180,"texture":"#0","tintindex":0},"east":{"uv":[10.0075,6.4925,10.2425,5.7575],"rotation":270,"texture":"#0","tintindex":0},"north":{"uv":[10.2425,5.7575,10.0075,5.9925],"rotation":90,"texture":"#0","tintindex":0},"south":{"uv":[10.0075,6.2575,10.2425,6.4925],"rotation":270,"texture":"#0","tintindex":0},"up":{"uv":[10.0075,5.7575,10.2425,6.4925],"rotation":0,"texture":"#0","tintindex":0},"west":{"uv":[10.0075,5.7575,10.2425,6.4925],"rotation":270,"texture":"#0","tintindex":0}}},{"name":"1_39","from":[7.7935996,13.208239,-5.0124846],"to":[8.3564,13.621038,-2.1228833],"rotation":{"angle":-45.0,"axis":"x","origin":[8.0,8.3,-2.2000003]},"faces":{"down":{"uv":[12.0075,5.7575,12.2425,7.4925],"rotation":180,"texture":"#0","tintindex":0},"east":{"uv":[12.0075,7.4925,12.2425,5.7575],"rotation":270,"texture":"#0","tintindex":0},"north":{"uv":[12.2425,5.7575,12.0075,5.9925],"rotation":90,"texture":"#0","tintindex":0},"south":{"uv":[12.0075,7.2575,12.2425,7.4925],"rotation":270,"texture":"#0","tintindex":0},"up":{"uv":[12.004,7.254,12.246,7.496],"rotation":0,"texture":"#0","tintindex":0},"west":{"uv":[12.0075,5.7575,12.2425,7.4925],"rotation":270,"texture":"#0","tintindex":0}}},{"name":"1_40","from":[7.7935996,16.510637,-5.0124846],"to":[8.3564,16.923437,-1.7100835],"rotation":{"angle":-45.0,"axis":"x","origin":[8.0,8.3,-2.2000003]},"faces":{"down":{"uv":[14.0075,5.7575,14.2425,7.7425],"rotation":180,"texture":"#0","tintindex":0},"east":{"uv":[14.0075,7.7425,14.2425,5.7575],"rotation":270,"texture":"#0","tintindex":0},"north":{"uv":[14.2425,5.7575,14.0075,5.9925],"rotation":90,"texture":"#0","tintindex":0},"south":{"uv":[12.004,7.254,12.246,7.496],"rotation":0,"texture":"#0","tintindex":0},"up":{"uv":[12.004,7.254,12.246,7.496],"rotation":0,"texture":"#0","tintindex":0},"west":{"uv":[14.0075,5.7575,14.2425,7.7425],"rotation":270,"texture":"#0","tintindex":0}}},{"name":"1_41","from":[7.7935996,9.493038,-4.5996847],"to":[8.3564,9.905838,-3.3612838],"rotation":{"angle":-45.0,"axis":"x","origin":[8.0,8.3,-2.2000003]},"faces":{"down":{"uv":[9.7575,6.0075,9.9925,6.7425],"rotation":180,"texture":"#0","tintindex":0},"east":{"uv":[9.7575,6.7425,9.9925,6.0075],"rotation":270,"texture":"#0","tintindex":0},"north":{"uv":[9.9925,6.0075,9.7575,6.2425],"rotation":90,"texture":"#0","tintindex":0},"south":{"uv":[9.7575,6.5075,9.9925,6.7425],"rotation":270,"texture":"#0","tintindex":0},"up":{"uv":[9.7575,6.0075,9.9925,6.7425],"rotation":0,"texture":"#0","tintindex":0},"west":{"uv":[9.7575,6.0075,9.9925,6.7425],"rotation":270,"texture":"#0","tintindex":0}}},{"name":"1_42","from":[7.7935996,13.621038,-4.5996847],"to":[8.3564,14.446638,-0.47168374],"rotation":{"angle":-45.0,"axis":"x","origin":[8.0,8.3,-2.2000003]},"faces":{"down":{"uv":[12.2575,6.0075,12.4925,8.4925],"rotation":180,"texture":"#0","tintindex":0},"east":{"uv":[12.2575,8.4925,12.7425,6.0075],"rotation":270,"texture":"#0","tintindex":0},"north":{"uv":[12.7425,6.0075,12.2575,6.2425],"rotation":90,"texture":"#0","tintindex":0},"south":{"uv":[12.004,7.254,12.246,7.496],"rotation":0,"texture":"#0","tintindex":0},"up":{"uv":[12.004,7.254,12.246,7.496],"rotation":0,"texture":"#0","tintindex":0},"west":{"uv":[12.2575,6.0075,12.7425,8.4925],"rotation":270,"texture":"#0","tintindex":0}}},{"name":"1_43","from":[7.7935996,14.859438,-4.5996847],"to":[8.3564,15.685038,-0.8844838],"rotation":{"angle":-45.0,"axis":"x","origin":[8.0,8.3,-2.2000003]},"faces":{"down":{"uv":[13.0075,6.0075,13.2425,8.2425],"rotation":180,"texture":"#0","tintindex":0},"east":{"uv":[13.0075,8.2425,13.4925,6.0075],"rotation":270,"texture":"#0","tintindex":0},"north":{"uv":[13.4925,6.0075,13.0075,6.2425],"rotation":90,"texture":"#0","tintindex":0},"south":{"uv":[12.004,7.254,12.246,7.496],"rotation":0,"texture":"#0","tintindex":0},"up":{"uv":[12.004,7.254,12.246,7.496],"rotation":0,"texture":"#0","tintindex":0},"west":{"uv":[13.0075,6.0075,13.4925,8.2425],"rotation":270,"texture":"#0","tintindex":0}}},{"name":"1_44","from":[7.7935996,9.080237,-4.186885],"to":[8.3564,9.493038,-2.948484],"rotation":{"angle":-45.0,"axis":"x","origin":[8.0,8.3,-2.2000003]},"faces":{"down":{"uv":[9.5075,6.2575,9.7425,6.9925],"rotation":180,"texture":"#0","tintindex":0},"east":{"uv":[9.5075,6.9925,9.7425,6.2575],"rotation":270,"texture":"#0","tintindex":0},"north":{"uv":[9.7425,6.2575,9.5075,6.4925],"rotation":90,"texture":"#0","tintindex":0},"south":{"uv":[9.5075,6.7575,9.7425,6.9925],"rotation":270,"texture":"#0","tintindex":0},"up":{"uv":[9.5075,6.2575,9.7425,6.9925],"rotation":0,"texture":"#0","tintindex":0},"west":{"uv":[9.5075,6.2575,9.7425,6.9925],"rotation":270,"texture":"#0","tintindex":0}}},{"name":"1_45","from":[7.7935996,14.446638,-4.186885],"to":[8.3564,14.859438,-0.47168374],"rotation":{"angle":-45.0,"axis":"x","origin":[8.0,8.3,-2.2000003]},"faces":{"down":{"uv":[12.7575,6.2575,12.9925,8.4925],"rotation":180,"texture":"#0","tintindex":0},"east":{"uv":[12.7575,8.4925,12.9925,6.2575],"rotation":270,"texture":"#0","tintindex":0},"north":{"uv":[12.9925,6.2575,12.7575,6.4925],"rotation":90,"texture":"#0","tintindex":0},"south":{"uv":[12.7575,8.2575,12.9925,8.4925],"rotation":270,"texture":"#0","tintindex":0},"up":{"uv":[12.7575,6.2575,12.9925,8.4925],"rotation":0,"texture":"#0","tintindex":0},"west":{"uv":[12.7575,6.2575,12.9925,8.4925],"rotation":270,"texture":"#0","tintindex":0}}},{"name":"1_46","from":[7.7935996,15.685038,-4.186885],"to":[8.3564,16.510637,-1.2972841],"rotation":{"angle":-45.0,"axis":"x","origin":[8.0,8.3,-2.2000003]},"faces":{"down":{"uv":[13.5075,6.2575,13.7425,7.9925],"rotation":180,"texture":"#0","tintindex":0},"east":{"uv":[13.5075,7.9925,13.9925,6.2575],"rotation":270,"texture":"#0","tintindex":0},"north":{"uv":[13.9925,6.2575,13.5075,6.4925],"rotation":90,"texture":"#0","tintindex":0},"south":{"uv":[12.004,7.254,12.246,7.496],"rotation":0,"texture":"#0","tintindex":0},"up":{"uv":[12.004,7.254,12.246,7.496],"rotation":0,"texture":"#0","tintindex":0},"west":{"uv":[13.5075,6.2575,13.9925,7.9925],"rotation":270,"texture":"#0","tintindex":0}}},{"name":"1_47","from":[7.7935996,8.667438,-3.774085],"to":[8.3564,9.080237,-2.535684],"rotation":{"angle":-45.0,"axis":"x","origin":[8.0,8.3,-2.2000003]},"faces":{"down":{"uv":[9.2575,6.5075,9.4925,7.2425],"rotation":180,"texture":"#0","tintindex":0},"east":{"uv":[9.2575,7.2425,9.4925,6.5075],"rotation":270,"texture":"#0","tintindex":0},"north":{"uv":[9.4925,6.5075,9.2575,6.7425],"rotation":90,"texture":"#0","tintindex":0},"south":{"uv":[9.2575,7.0075,9.4925,7.2425],"rotation":270,"texture":"#0","tintindex":0},"up":{"uv":[9.2575,6.5075,9.4925,7.2425],"rotation":0,"texture":"#0","tintindex":0},"west":{"uv":[9.2575,6.5075,9.4925,7.2425],"rotation":270,"texture":"#0","tintindex":0}}},{"name":"1_48","from":[7.7935996,8.254637,-3.3612838],"to":[8.3564,8.667438,-2.1228833],"rotation":{"angle":-45.0,"axis":"x","origin":[8.0,8.3,-2.2000003]},"faces":{"down":{"uv":[9.0075,6.7575,9.2425,7.4925],"rotation":180,"texture":"#0","tintindex":0},"east":{"uv":[9.0075,7.4925,9.2425,6.7575],"rotation":270,"texture":"#0","tintindex":0},"north":{"uv":[9.2425,6.7575,9.0075,6.9925],"rotation":90,"texture":"#0","tintindex":0},"south":{"uv":[9.0075,7.2575,9.2425,7.4925],"rotation":270,"texture":"#0","tintindex":0},"up":{"uv":[9.0075,6.7575,9.2425,7.4925],"rotation":0,"texture":"#0","tintindex":0},"west":{"uv":[9.0075,6.7575,9.2425,7.4925],"rotation":270,"texture":"#0","tintindex":0}}},{"name":"1_49","from":[7.7935996,7.8418374,-2.948484],"to":[8.3564,8.254637,-1.7100835],"rotation":{"angle":-45.0,"axis":"x","origin":[8.0,8.3,-2.2000003]},"faces":{"down":{"uv":[8.7575,7.0075,8.9925,7.7425],"rotation":180,"texture":"#0","tintindex":0},"east":{"uv":[8.7575,7.7425,8.9925,7.0075],"rotation":270,"texture":"#0","tintindex":0},"north":{"uv":[8.9925,7.0075,8.7575,7.2425],"rotation":90,"texture":"#0","tintindex":0},"south":{"uv":[8.7575,7.5075,8.9925,7.7425],"rotation":270,"texture":"#0","tintindex":0},"up":{"uv":[8.7575,7.0075,8.9925,7.7425],"rotation":0,"texture":"#0","tintindex":0},"west":{"uv":[8.7575,7.0075,8.9925,7.7425],"rotation":270,"texture":"#0","tintindex":0}}},{"name":"1_50","from":[7.7935996,16.923437,-2.948484],"to":[8.3564,17.336237,-2.1228833],"rotation":{"angle":-45.0,"axis":"x","origin":[8.0,8.3,-2.2000003]},"faces":{"down":{"uv":[14.2575,7.0075,14.4925,7.4925],"rotation":180,"texture":"#0","tintindex":0},"east":{"uv":[14.2575,7.4925,14.4925,7.0075],"rotation":270,"texture":"#0","tintindex":0},"north":{"uv":[14.4925,7.0075,14.2575,7.2425],"rotation":90,"texture":"#0","tintindex":0},"south":{"uv":[12.004,7.254,12.246,7.496],"rotation":0,"texture":"#0","tintindex":0},"up":{"uv":[14.2575,7.0075,14.4925,7.4925],"rotation":0,"texture":"#0","tintindex":0},"west":{"uv":[14.2575,7.0075,14.4925,7.4925],"rotation":270,"texture":"#0","tintindex":0}}},{"name":"1_51","from":[7.7935996,7.4290376,-2.535684],"to":[8.3564,7.8418374,-1.2972841],"rotation":{"angle":-45.0,"axis":"x","origin":[8.0,8.3,-2.2000003]},"faces":{"down":{"uv":[8.5075,7.2575,8.7425,7.9925],"rotation":180,"texture":"#0","tintindex":0},"east":{"uv":[8.5075,7.9925,8.7425,7.2575],"rotation":270,"texture":"#0","tintindex":0},"north":{"uv":[8.7425,7.2575,8.5075,7.4925],"rotation":90,"texture":"#0","tintindex":0},"south":{"uv":[8.5075,7.7575,8.7425,7.9925],"rotation":270,"texture":"#0","tintindex":0},"up":{"uv":[8.5075,7.2575,8.7425,7.9925],"rotation":0,"texture":"#0","tintindex":0},"west":{"uv":[8.5075,7.2575,8.7425,7.9925],"rotation":270,"texture":"#0","tintindex":0}}},{"name":"1_52","from":[7.7935996,7.0162377,-2.1228833],"to":[8.3564,7.4290376,-0.8844838],"rotation":{"angle":-45.0,"axis":"x","origin":[8.0,8.3,-2.2000003]},"faces":{"down":{"uv":[8.2575,7.5075,8.4925,8.2425],"rotation":180,"texture":"#0","tintindex":0},"east":{"uv":[8.2575,8.2425,8.4925,7.5075],"rotation":270,"texture":"#0","tintindex":0},"north":{"uv":[8.4925,7.5075,8.2575,7.7425],"rotation":90,"texture":"#0","tintindex":0},"south":{"uv":[8.2575,8.0075,8.4925,8.2425],"rotation":270,"texture":"#0","tintindex":0},"up":{"uv":[8.2575,7.5075,8.4925,8.2425],"rotation":0,"texture":"#0","tintindex":0},"west":{"uv":[8.2575,7.5075,8.4925,8.2425],"rotation":270,"texture":"#0","tintindex":0}}},{"name":"1_53","from":[7.7935996,6.6034374,-1.7100835],"to":[8.3564,7.0162377,-0.47168374],"rotation":{"angle":-45.0,"axis":"x","origin":[8.0,8.3,-2.2000003]},"faces":{"down":{"uv":[8.0075,7.7575,8.2425,8.4925],"rotation":180,"texture":"#0","tintindex":0},"east":{"uv":[8.0075,8.4925,8.2425,7.7575],"rotation":270,"texture":"#0","tintindex":0},"north":{"uv":[8.2425,7.7575,8.0075,7.9925],"rotation":90,"texture":"#0","tintindex":0},"south":{"uv":[8.0075,8.2575,8.2425,8.4925],"rotation":270,"texture":"#0","tintindex":0},"up":{"uv":[8.0075,7.7575,8.2425,8.4925],"rotation":0,"texture":"#0","tintindex":0},"west":{"uv":[8.0075,7.7575,8.2425,8.4925],"rotation":270,"texture":"#0","tintindex":0}}},{"name":"1_54","from":[7.7935996,6.1906376,-1.2972841],"to":[8.3564,6.6034374,-0.058883905],"rotation":{"angle":-45.0,"axis":"x","origin":[8.0,8.3,-2.2000003]},"faces":{"down":{"uv":[7.7575,8.0075,7.9925,8.7425],"rotation":180,"texture":"#0","tintindex":0},"east":{"uv":[7.7575,8.7425,7.9925,8.0075],"rotation":270,"texture":"#0","tintindex":0},"north":{"uv":[7.9925,8.0075,7.7575,8.2425],"rotation":90,"texture":"#0","tintindex":0},"south":{"uv":[7.7575,8.5075,7.9925,8.7425],"rotation":270,"texture":"#0","tintindex":0},"up":{"uv":[7.7575,8.0075,7.9925,8.7425],"rotation":0,"texture":"#0","tintindex":0},"west":{"uv":[7.7575,8.0075,7.9925,8.7425],"rotation":270,"texture":"#0","tintindex":0}}},{"name":"1_55","from":[7.7935996,13.208239,-1.2972841],"to":[8.3564,13.621038,-0.058883905],"rotation":{"angle":-45.0,"axis":"x","origin":[8.0,8.3,-2.2000003]},"faces":{"down":{"uv":[12.0075,8.0075,12.2425,8.7425],"rotation":180,"texture":"#0","tintindex":0},"east":{"uv":[12.0075,8.7425,12.2425,8.0075],"rotation":270,"texture":"#0","tintindex":0},"north":{"uv":[12.2425,8.0075,12.0075,8.2425],"rotation":90,"texture":"#0","tintindex":0},"south":{"uv":[12.0075,8.5075,12.2425,8.7425],"rotation":270,"texture":"#0","tintindex":0},"up":{"uv":[12.0075,8.0075,12.2425,8.7425],"rotation":0,"texture":"#0","tintindex":0},"west":{"uv":[12.0075,8.0075,12.2425,8.7425],"rotation":270,"texture":"#0","tintindex":0}}},{"name":"1_56","from":[7.7935996,15.685038,-1.2972841],"to":[8.3564,16.097837,-0.8844838],"rotation":{"angle":-45.0,"axis":"x","origin":[8.0,8.3,-2.2000003]},"faces":{"down":{"uv":[13.5075,8.0075,13.7425,8.2425],"rotation":180,"texture":"#0","tintindex":0},"east":{"uv":[13.5075,8.2425,13.7425,8.0075],"rotation":270,"texture":"#0","tintindex":0},"north":{"uv":[13.7425,8.0075,13.5075,8.2425],"rotation":90,"texture":"#0","tintindex":0},"south":{"uv":[13.5075,8.0075,13.7425,8.2425],"rotation":270,"texture":"#0","tintindex":0},"up":{"uv":[12.004,7.254,12.246,7.496],"rotation":0,"texture":"#0","tintindex":0},"west":{"uv":[13.5075,8.0075,13.7425,8.2425],"rotation":270,"texture":"#0","tintindex":0}}},{"name":"1_57","from":[7.7935996,5.7778378,-0.8844838],"to":[8.3564,6.1906376,0.35391593],"rotation":{"angle":-45.0,"axis":"x","origin":[8.0,8.3,-2.2000003]},"faces":{"down":{"uv":[7.5075,8.2575,7.7425,8.9925],"rotation":180,"texture":"#0","tintindex":0},"east":{"uv":[7.5075,8.9925,7.7425,8.2575],"rotation":270,"texture":"#0","tintindex":0},"north":{"uv":[7.7425,8.2575,7.5075,8.4925],"rotation":90,"texture":"#0","tintindex":0},"south":{"uv":[7.5075,8.7575,7.7425,8.9925],"rotation":270,"texture":"#0","tintindex":0},"up":{"uv":[7.5075,8.2575,7.7425,8.9925],"rotation":0,"texture":"#0","tintindex":0},"west":{"uv":[7.5075,8.2575,7.7425,8.9925],"rotation":270,"texture":"#0","tintindex":0}}},{"name":"1_58","from":[7.7935996,12.795438,-0.8844838],"to":[8.3564,13.208239,-0.058883905],"rotation":{"angle":-45.0,"axis":"x","origin":[8.0,8.3,-2.2000003]},"faces":{"down":{"uv":[11.7575,8.2575,11.9925,8.7425],"rotation":180,"texture":"#0","tintindex":0},"east":{"uv":[11.7575,8.7425,11.9925,8.2575],"rotation":270,"texture":"#0","tintindex":0},"north":{"uv":[11.9925,8.2575,11.7575,8.4925],"rotation":90,"texture":"#0","tintindex":0},"south":{"uv":[11.7575,8.5075,11.9925,8.7425],"rotation":270,"texture":"#0","tintindex":0},"up":{"uv":[11.7575,8.2575,11.9925,8.7425],"rotation":0,"texture":"#0","tintindex":0},"west":{"uv":[11.7575,8.2575,11.9925,8.7425],"rotation":270,"texture":"#0","tintindex":0}}},{"name":"1_59","from":[7.7935996,14.859438,-0.8844838],"to":[8.3564,15.272238,-0.47168374],"rotation":{"angle":-45.0,"axis":"x","origin":[8.0,8.3,-2.2000003]},"faces":{"down":{"uv":[13.0075,8.2575,13.2425,8.4925],"rotation":180,"texture":"#0","tintindex":0},"east":{"uv":[13.0075,8.4925,13.2425,8.2575],"rotation":270,"texture":"#0","tintindex":0},"north":{"uv":[13.2425,8.2575,13.0075,8.4925],"rotation":90,"texture":"#0","tintindex":0},"south":{"uv":[13.0075,8.2575,13.2425,8.4925],"rotation":270,"texture":"#0","tintindex":0},"up":{"uv":[12.004,7.254,12.246,7.496],"rotation":0,"texture":"#0","tintindex":0},"west":{"uv":[13.0075,8.2575,13.2425,8.4925],"rotation":270,"texture":"#0","tintindex":0}}},{"name":"1_60","from":[7.7935996,5.365037,-0.47168374],"to":[8.3564,5.7778378,0.76671576],"rotation":{"angle":-45.0,"axis":"x","origin":[8.0,8.3,-2.2000003]},"faces":{"down":{"uv":[7.2575,8.5075,7.4925,9.2425],"rotation":180,"texture":"#0","tintindex":0},"east":{"uv":[7.2575,9.2425,7.4925,8.5075],"rotation":270,"texture":"#0","tintindex":0},"north":{"uv":[7.4925,8.5075,7.2575,8.7425],"rotation":90,"texture":"#0","tintindex":0},"south":{"uv":[7.2575,9.0075,7.4925,9.2425],"rotation":270,"texture":"#0","tintindex":0},"up":{"uv":[7.2575,8.5075,7.4925,9.2425],"rotation":0,"texture":"#0","tintindex":0},"west":{"uv":[7.2575,8.5075,7.4925,9.2425],"rotation":270,"texture":"#0","tintindex":0}}},{"name":"1_61","from":[7.7935996,12.382638,-0.47168374],"to":[8.3564,12.795438,-0.058883905],"rotation":{"angle":-45.0,"axis":"x","origin":[8.0,8.3,-2.2000003]},"faces":{"down":{"uv":[11.5075,8.5075,11.7425,8.7425],"rotation":180,"texture":"#0","tintindex":0},"east":{"uv":[11.5075,8.7425,11.7425,8.5075],"rotation":270,"texture":"#0","tintindex":0},"north":{"uv":[11.7425,8.5075,11.5075,8.7425],"rotation":90,"texture":"#0","tintindex":0},"south":{"uv":[11.5075,8.5075,11.7425,8.7425],"rotation":270,"texture":"#0","tintindex":0},"up":{"uv":[11.5075,8.5075,11.7425,8.7425],"rotation":0,"texture":"#0","tintindex":0},"west":{"uv":[11.5075,8.5075,11.7425,8.7425],"rotation":270,"texture":"#0","tintindex":0}}},{"name":"1_62","from":[7.7935996,13.621038,-0.47168374],"to":[8.3564,14.033838,-0.058883905],"rotation":{"angle":-45.0,"axis":"x","origin":[8.0,8.3,-2.2000003]},"faces":{"down":{"uv":[12.2575,8.5075,12.4925,8.7425],"rotation":180,"texture":"#0","tintindex":0},"east":{"uv":[12.2575,8.7425,12.4925,8.5075],"rotation":270,"texture":"#0","tintindex":0},"north":{"uv":[12.4925,8.5075,12.2575,8.7425],"rotation":90,"texture":"#0","tintindex":0},"south":{"uv":[12.2575,8.5075,12.4925,8.7425],"rotation":270,"texture":"#0","tintindex":0},"up":{"uv":[12.004,7.254,12.246,7.496],"rotation":0,"texture":"#0","tintindex":0},"west":{"uv":[12.2575,8.5075,12.4925,8.7425],"rotation":270,"texture":"#0","tintindex":0}}},{"name":"1_63","from":[7.7935996,4.952237,-0.058883905],"to":[8.3564,5.365037,1.1795161],"rotation":{"angle":-45.0,"axis":"x","origin":[8.0,8.3,-2.2000003]},"faces":{"down":{"uv":[7.0075,8.7575,7.2425,9.4925],"rotation":180,"texture":"#0","tintindex":0},"east":{"uv":[7.0075,9.4925,7.2425,8.7575],"rotation":270,"texture":"#0","tintindex":0},"north":{"uv":[7.2425,8.7575,7.0075,8.9925],"rotation":90,"texture":"#0","tintindex":0},"south":{"uv":[7.0075,9.2575,7.2425,9.4925],"rotation":270,"texture":"#0","tintindex":0},"up":{"uv":[7.0075,8.7575,7.2425,9.4925],"rotation":0,"texture":"#0","tintindex":0},"west":{"uv":[7.0075,8.7575,7.2425,9.4925],"rotation":270,"texture":"#0","tintindex":0}}},{"name":"1_64","from":[7.7935996,4.5394373,0.35391593],"to":[8.3564,4.952237,1.592316],"rotation":{"angle":-45.0,"axis":"x","origin":[8.0,8.3,-2.2000003]},"faces":{"down":{"uv":[6.7575,9.0075,6.9925,9.7425],"rotation":180,"texture":"#0","tintindex":0},"east":{"uv":[6.7575,9.7425,6.9925,9.0075],"rotation":270,"texture":"#0","tintindex":0},"north":{"uv":[6.9925,9.0075,6.7575,9.2425],"rotation":90,"texture":"#0","tintindex":0},"south":{"uv":[6.7575,9.5075,6.9925,9.7425],"rotation":270,"texture":"#0","tintindex":0},"up":{"uv":[6.7575,9.0075,6.9925,9.7425],"rotation":0,"texture":"#0","tintindex":0},"west":{"uv":[6.7575,9.0075,6.9925,9.7425],"rotation":270,"texture":"#0","tintindex":0}}},{"name":"1_65","from":[7.7935996,4.1266375,0.76671576],"to":[8.3564,4.5394373,2.0051165],"rotation":{"angle":-45.0,"axis":"x","origin":[8.0,8.3,-2.2000003]},"faces":{"down":{"uv":[6.5075,9.2575,6.7425,9.9925],"rotation":180,"texture":"#0","tintindex":0},"east":{"uv":[6.5075,9.9925,6.7425,9.2575],"rotation":270,"texture":"#0","tintindex":0},"north":{"uv":[6.7425,9.2575,6.5075,9.4925],"rotation":90,"texture":"#0","tintindex":0},"south":{"uv":[6.5075,9.7575,6.7425,9.9925],"rotation":270,"texture":"#0","tintindex":0},"up":{"uv":[6.5075,9.2575,6.7425,9.9925],"rotation":0,"texture":"#0","tintindex":0},"west":{"uv":[6.5075,9.2575,6.7425,9.9925],"rotation":270,"texture":"#0","tintindex":0}}},{"name":"1_66","from":[7.7935996,3.7138371,1.1795161],"to":[8.3564,4.1266375,2.4179163],"rotation":{"angle":-45.0,"axis":"x","origin":[8.0,8.3,-2.2000003]},"faces":{"down":{"uv":[6.2575,9.5075,6.4925,10.2425],"rotation":180,"texture":"#0","tintindex":0},"east":{"uv":[6.2575,10.2425,6.4925,9.5075],"rotation":270,"texture":"#0","tintindex":0},"north":{"uv":[6.4925,9.5075,6.2575,9.7425],"rotation":90,"texture":"#0","tintindex":0},"south":{"uv":[6.2575,10.0075,6.4925,10.2425],"rotation":270,"texture":"#0","tintindex":0},"up":{"uv":[6.2575,9.5075,6.4925,10.2425],"rotation":0,"texture":"#0","tintindex":0},"west":{"uv":[6.2575,9.5075,6.4925,10.2425],"rotation":270,"texture":"#0","tintindex":0}}},{"name":"1_67","from":[7.7935996,3.3010373,1.592316],"to":[8.3564,3.7138371,2.8307161],"rotation":{"angle":-45.0,"axis":"x","origin":[8.0,8.3,-2.2000003]},"faces":{"down":{"uv":[6.0075,9.7575,6.2425,10.4925],"rotation":180,"texture":"#0","tintindex":0},"east":{"uv":[6.0075,10.4925,6.2425,9.7575],"rotation":270,"texture":"#0","tintindex":0},"north":{"uv":[6.2425,9.7575,6.0075,9.9925],"rotation":90,"texture":"#0","tintindex":0},"south":{"uv":[6.0075,10.2575,6.2425,10.4925],"rotation":270,"texture":"#0","tintindex":0},"up":{"uv":[6.0075,9.7575,6.2425,10.4925],"rotation":0,"texture":"#0","tintindex":0},"west":{"uv":[6.0075,9.7575,6.2425,10.4925],"rotation":270,"texture":"#0","tintindex":0}}},{"name":"1_68","from":[7.7935996,2.8882375,2.0051165],"to":[8.3564,3.3010373,3.2435162],"rotation":{"angle":-45.0,"axis":"x","origin":[8.0,8.3,-2.2000003]},"faces":{"down":{"uv":[5.7575,10.0075,5.9925,10.7425],"rotation":180,"texture":"#0","tintindex":0},"east":{"uv":[5.7575,10.7425,5.9925,10.0075],"rotation":270,"texture":"#0","tintindex":0},"north":{"uv":[5.9925,10.0075,5.7575,10.2425],"rotation":90,"texture":"#0","tintindex":0},"south":{"uv":[5.7575,10.5075,5.9925,10.7425],"rotation":270,"texture":"#0","tintindex":0},"up":{"uv":[5.7575,10.0075,5.9925,10.7425],"rotation":0,"texture":"#0","tintindex":0},"west":{"uv":[5.7575,10.0075,5.9925,10.7425],"rotation":270,"texture":"#0","tintindex":0}}},{"name":"1_69","from":[7.7935996,2.4754372,2.4179163],"to":[8.3564,2.8882375,3.6563163],"rotation":{"angle":-45.0,"axis":"x","origin":[8.0,8.3,-2.2000003]},"faces":{"down":{"uv":[5.5075,10.2575,5.7425,10.9925],"rotation":180,"texture":"#0","tintindex":0},"east":{"uv":[5.5075,10.9925,5.7425,10.2575],"rotation":270,"texture":"#0","tintindex":0},"north":{"uv":[5.7425,10.2575,5.5075,10.4925],"rotation":90,"texture":"#0","tintindex":0},"south":{"uv":[5.5075,10.7575,5.7425,10.9925],"rotation":270,"texture":"#0","tintindex":0},"up":{"uv":[5.5075,10.2575,5.7425,10.9925],"rotation":0,"texture":"#0","tintindex":0},"west":{"uv":[5.5075,10.2575,5.7425,10.9925],"rotation":270,"texture":"#0","tintindex":0}}},{"name":"1_70","from":[7.7935996,2.0626373,2.8307161],"to":[8.3564,2.4754372,4.069116],"rotation":{"angle":-45.0,"axis":"x","origin":[8.0,8.3,-2.2000003]},"faces":{"down":{"uv":[5.2575,10.5075,5.4925,11.2425],"rotation":180,"texture":"#0","tintindex":0},"east":{"uv":[5.2575,11.2425,5.4925,10.5075],"rotation":270,"texture":"#0","tintindex":0},"north":{"uv":[5.4925,10.5075,5.2575,10.7425],"rotation":90,"texture":"#0","tintindex":0},"south":{"uv":[5.2575,11.0075,5.4925,11.2425],"rotation":270,"texture":"#0","tintindex":0},"up":{"uv":[5.2575,10.5075,5.4925,11.2425],"rotation":0,"texture":"#0","tintindex":0},"west":{"uv":[5.2575,10.5075,5.4925,11.2425],"rotation":270,"texture":"#0","tintindex":0}}},{"name":"1_71","from":[7.7935996,1.6498374,3.2435162],"to":[8.3564,2.0626373,4.481916],"rotation":{"angle":-45.0,"axis":"x","origin":[8.0,8.3,-2.2000003]},"faces":{"down":{"uv":[5.0075,10.7575,5.2425,11.4925],"rotation":180,"texture":"#0","tintindex":0},"east":{"uv":[5.0075,11.4925,5.2425,10.7575],"rotation":270,"texture":"#0","tintindex":0},"north":{"uv":[5.2425,10.7575,5.0075,10.9925],"rotation":90,"texture":"#0","tintindex":0},"south":{"uv":[5.0075,11.2575,5.2425,11.4925],"rotation":270,"texture":"#0","tintindex":0},"up":{"uv":[5.0075,10.7575,5.2425,11.4925],"rotation":0,"texture":"#0","tintindex":0},"west":{"uv":[5.0075,10.7575,5.2425,11.4925],"rotation":270,"texture":"#0","tintindex":0}}},{"name":"1_72","from":[7.7935996,1.2370371,3.6563163],"to":[8.3564,1.6498374,4.8947163],"rotation":{"angle":-45.0,"axis":"x","origin":[8.0,8.3,-2.2000003]},"faces":{"down":{"uv":[4.7575,11.0075,4.9925,11.7425],"rotation":180,"texture":"#0","tintindex":0},"east":{"uv":[4.7575,11.7425,4.9925,11.0075],"rotation":270,"texture":"#0","tintindex":0},"north":{"uv":[4.9925,11.0075,4.7575,11.2425],"rotation":90,"texture":"#0","tintindex":0},"south":{"uv":[4.7575,11.5075,4.9925,11.7425],"rotation":270,"texture":"#0","tintindex":0},"up":{"uv":[4.7575,11.0075,4.9925,11.7425],"rotation":0,"texture":"#0","tintindex":0},"west":{"uv":[4.7575,11.0075,4.9925,11.7425],"rotation":270,"texture":"#0","tintindex":0}}},{"name":"1_73","from":[7.7935996,0.8242371,4.069116],"to":[8.3564,1.2370371,5.307516],"rotation":{"angle":-45.0,"axis":"x","origin":[8.0,8.3,-2.2000003]},"faces":{"down":{"uv":[4.5075,11.2575,4.7425,11.9925],"rotation":180,"texture":"#0","tintindex":0},"east":{"uv":[4.5075,11.9925,4.7425,11.2575],"rotation":270,"texture":"#0","tintindex":0},"north":{"uv":[4.7425,11.2575,4.5075,11.4925],"rotation":90,"texture":"#0","tintindex":0},"south":{"uv":[4.5075,11.7575,4.7425,11.9925],"rotation":270,"texture":"#0","tintindex":0},"up":{"uv":[4.5075,11.2575,4.7425,11.9925],"rotation":0,"texture":"#0","tintindex":0},"west":{"uv":[4.5075,11.2575,4.7425,11.9925],"rotation":270,"texture":"#0","tintindex":0}}},{"name":"1_74","from":[7.7935996,0.41143727,4.481916],"to":[8.3564,0.8242371,5.720316],"rotation":{"angle":-45.0,"axis":"x","origin":[8.0,8.3,-2.2000003]},"faces":{"down":{"uv":[4.2575,11.5075,4.4925,12.2425],"rotation":180,"texture":"#0","tintindex":0},"east":{"uv":[4.2575,12.2425,4.4925,11.5075],"rotation":270,"texture":"#0","tintindex":0},"north":{"uv":[4.4925,11.5075,4.2575,11.7425],"rotation":90,"texture":"#0","tintindex":0},"south":{"uv":[4.2575,12.0075,4.4925,12.2425],"rotation":270,"texture":"#0","tintindex":0},"up":{"uv":[4.2575,11.5075,4.4925,12.2425],"rotation":0,"texture":"#0","tintindex":0},"west":{"uv":[4.2575,11.5075,4.4925,12.2425],"rotation":270,"texture":"#0","tintindex":0}}},{"name":"1_75","from":[7.7935996,-0.0013625622,4.8947163],"to":[8.3564,0.41143727,6.1331162],"rotation":{"angle":-45.0,"axis":"x","origin":[8.0,8.3,-2.2000003]},"faces":{"down":{"uv":[4.0075,11.7575,4.2425,12.4925],"rotation":180,"texture":"#0","tintindex":0},"east":{"uv":[4.0075,12.4925,4.2425,11.7575],"rotation":270,"texture":"#0","tintindex":0},"north":{"uv":[4.2425,11.7575,4.0075,11.9925],"rotation":90,"texture":"#0","tintindex":0},"south":{"uv":[4.0075,12.2575,4.2425,12.4925],"rotation":270,"texture":"#0","tintindex":0},"up":{"uv":[4.0075,11.7575,4.2425,12.4925],"rotation":0,"texture":"#0","tintindex":0},"west":{"uv":[4.0075,11.7575,4.2425,12.4925],"rotation":270,"texture":"#0","tintindex":0}}},{"name":"1_76","from":[7.7935996,-0.41416287,5.307516],"to":[8.3564,-0.0013625622,6.5459166],"rotation":{"angle":-45.0,"axis":"x","origin":[8.0,8.3,-2.2000003]},"faces":{"down":{"uv":[3.7575,12.0075,3.9925,12.7425],"rotation":180,"texture":"#0","tintindex":0},"east":{"uv":[3.7575,12.7425,3.9925,12.0075],"rotation":270,"texture":"#0","tintindex":0},"north":{"uv":[3.9925,12.0075,3.7575,12.2425],"rotation":90,"texture":"#0","tintindex":0},"south":{"uv":[3.7575,12.5075,3.9925,12.7425],"rotation":270,"texture":"#0","tintindex":0},"up":{"uv":[3.7575,12.0075,3.9925,12.7425],"rotation":0,"texture":"#0","tintindex":0},"west":{"uv":[3.7575,12.0075,3.9925,12.7425],"rotation":270,"texture":"#0","tintindex":0}}},{"name":"1_77","from":[7.7935996,-0.82696295,5.720316],"to":[8.3564,-0.41416287,6.9587164],"rotation":{"angle":-45.0,"axis":"x","origin":[8.0,8.3,-2.2000003]},"faces":{"down":{"uv":[3.5075,12.2575,3.7425,12.9925],"rotation":180,"texture":"#0","tintindex":0},"east":{"uv":[3.5075,12.9925,3.7425,12.2575],"rotation":270,"texture":"#0","tintindex":0},"north":{"uv":[3.7425,12.2575,3.5075,12.4925],"rotation":90,"texture":"#0","tintindex":0},"south":{"uv":[3.5075,12.7575,3.7425,12.9925],"rotation":270,"texture":"#0","tintindex":0},"up":{"uv":[3.5075,12.2575,3.7425,12.9925],"rotation":0,"texture":"#0","tintindex":0},"west":{"uv":[3.5075,12.2575,3.7425,12.9925],"rotation":270,"texture":"#0","tintindex":0}}},{"name":"1_78","from":[7.7935996,-1.2397628,6.1331162],"to":[8.3564,-0.82696295,7.371516],"rotation":{"angle":-45.0,"axis":"x","origin":[8.0,8.3,-2.2000003]},"faces":{"down":{"uv":[3.2575,12.5075,3.4925,13.2425],"rotation":180,"texture":"#0","tintindex":0},"east":{"uv":[3.2575,13.2425,3.4925,12.5075],"rotation":270,"texture":"#0","tintindex":0},"north":{"uv":[3.4925,12.5075,3.2575,12.7425],"rotation":90,"texture":"#0","tintindex":0},"south":{"uv":[3.2575,13.0075,3.4925,13.2425],"rotation":270,"texture":"#0","tintindex":0},"up":{"uv":[3.2575,12.5075,3.4925,13.2425],"rotation":0,"texture":"#0","tintindex":0},"west":{"uv":[3.2575,12.5075,3.4925,13.2425],"rotation":270,"texture":"#0","tintindex":0}}},{"name":"1_79","from":[7.7935996,-1.6525631,6.5459166],"to":[8.3564,-1.2397628,7.7843165],"rotation":{"angle":-45.0,"axis":"x","origin":[8.0,8.3,-2.2000003]},"faces":{"down":{"uv":[3.0075,12.7575,3.2425,13.4925],"rotation":180,"texture":"#0","tintindex":0},"east":{"uv":[3.0075,13.4925,3.2425,12.7575],"rotation":270,"texture":"#0","tintindex":0},"north":{"uv":[3.2425,12.7575,3.0075,12.9925],"rotation":90,"texture":"#0","tintindex":0},"south":{"uv":[3.0075,13.2575,3.2425,13.4925],"rotation":270,"texture":"#0","tintindex":0},"up":{"uv":[3.0075,12.7575,3.2425,13.4925],"rotation":0,"texture":"#0","tintindex":0},"west":{"uv":[3.0075,12.7575,3.2425,13.4925],"rotation":270,"texture":"#0","tintindex":0}}},{"name":"1_80","from":[7.7935996,-2.065363,6.9587164],"to":[8.3564,-1.6525631,8.197117],"rotation":{"angle":-45.0,"axis":"x","origin":[8.0,8.3,-2.2000003]},"faces":{"down":{"uv":[2.7575,13.0075,2.9925,13.7425],"rotation":180,"texture":"#0","tintindex":0},"east":{"uv":[2.7575,13.7425,2.9925,13.0075],"rotation":270,"texture":"#0","tintindex":0},"north":{"uv":[2.9925,13.0075,2.7575,13.2425],"rotation":90,"texture":"#0","tintindex":0},"south":{"uv":[2.7575,13.5075,2.9925,13.7425],"rotation":270,"texture":"#0","tintindex":0},"up":{"uv":[2.7575,13.0075,2.9925,13.7425],"rotation":0,"texture":"#0","tintindex":0},"west":{"uv":[2.7575,13.0075,2.9925,13.7425],"rotation":270,"texture":"#0","tintindex":0}}},{"name":"1_81","from":[7.7935996,-2.4781628,7.371516],"to":[8.3564,-2.065363,8.609917],"rotation":{"angle":-45.0,"axis":"x","origin":[8.0,8.3,-2.2000003]},"faces":{"down":{"uv":[2.5075,13.2575,2.7425,13.9925],"rotation":180,"texture":"#0","tintindex":0},"east":{"uv":[2.5075,13.9925,2.7425,13.2575],"rotation":270,"texture":"#0","tintindex":0},"north":{"uv":[2.7425,13.2575,2.5075,13.4925],"rotation":90,"texture":"#0","tintindex":0},"south":{"uv":[2.5075,13.7575,2.7425,13.9925],"rotation":270,"texture":"#0","tintindex":0},"up":{"uv":[2.5075,13.2575,2.7425,13.9925],"rotation":0,"texture":"#0","tintindex":0},"west":{"uv":[2.5075,13.2575,2.7425,13.9925],"rotation":270,"texture":"#0","tintindex":0}}},{"name":"1_82","from":[7.7935996,-2.8909626,7.7843165],"to":[8.3564,-2.4781628,9.0227165],"rotation":{"angle":-45.0,"axis":"x","origin":[8.0,8.3,-2.2000003]},"faces":{"down":{"uv":[2.2575,13.5075,2.4925,14.2425],"rotation":180,"texture":"#0","tintindex":0},"east":{"uv":[2.2575,14.2425,2.4925,13.5075],"rotation":270,"texture":"#0","tintindex":0},"north":{"uv":[2.4925,13.5075,2.2575,13.7425],"rotation":90,"texture":"#0","tintindex":0},"south":{"uv":[2.2575,14.0075,2.4925,14.2425],"rotation":270,"texture":"#0","tintindex":0},"up":{"uv":[2.2575,13.5075,2.4925,14.2425],"rotation":0,"texture":"#0","tintindex":0},"west":{"uv":[2.2575,13.5075,2.4925,14.2425],"rotation":270,"texture":"#0","tintindex":0}}},{"name":"1_83","from":[7.7935996,-3.3037624,8.197117],"to":[8.3564,-2.8909626,9.435516],"rotation":{"angle":-45.0,"axis":"x","origin":[8.0,8.3,-2.2000003]},"faces":{"down":{"uv":[2.0075,13.7575,2.2425,14.4925],"rotation":180,"texture":"#0","tintindex":0},"east":{"uv":[2.0075,14.4925,2.2425,13.7575],"rotation":270,"texture":"#0","tintindex":0},"north":{"uv":[2.2425,13.7575,2.0075,13.9925],"rotation":90,"texture":"#0","tintindex":0},"south":{"uv":[2.0075,14.2575,2.2425,14.4925],"rotation":270,"texture":"#0","tintindex":0},"up":{"uv":[2.0075,13.7575,2.2425,14.4925],"rotation":0,"texture":"#0","tintindex":0},"west":{"uv":[2.0075,13.7575,2.2425,14.4925],"rotation":270,"texture":"#0","tintindex":0}}},{"name":"1_84","from":[7.7935996,-3.7165623,8.609917],"to":[8.3564,-3.3037624,9.848316],"rotation":{"angle":-45.0,"axis":"x","origin":[8.0,8.3,-2.2000003]},"faces":{"down":{"uv":[1.7575,14.0075,1.9925,14.7425],"rotation":180,"texture":"#0","tintindex":0},"east":{"uv":[1.7575,14.7425,1.9925,14.0075],"rotation":270,"texture":"#0","tintindex":0},"north":{"uv":[1.9925,14.0075,1.7575,14.2425],"rotation":90,"texture":"#0","tintindex":0},"south":{"uv":[1.7575,14.5075,1.9925,14.7425],"rotation":270,"texture":"#0","tintindex":0},"up":{"uv":[1.7575,14.0075,1.9925,14.7425],"rotation":0,"texture":"#0","tintindex":0},"west":{"uv":[1.7575,14.0075,1.9925,14.7425],"rotation":270,"texture":"#0","tintindex":0}}},{"name":"1_85","from":[7.7935996,-4.1293635,9.0227165],"to":[8.3564,-3.7165623,10.261116],"rotation":{"angle":-45.0,"axis":"x","origin":[8.0,8.3,-2.2000003]},"faces":{"down":{"uv":[1.5075,14.2575,1.7425,14.9925],"rotation":180,"texture":"#0","tintindex":0},"east":{"uv":[1.5075,14.9925,1.7425,14.2575],"rotation":270,"texture":"#0","tintindex":0},"north":{"uv":[1.7425,14.2575,1.5075,14.4925],"rotation":90,"texture":"#0","tintindex":0},"south":{"uv":[1.5075,14.7575,1.7425,14.9925],"rotation":270,"texture":"#0","tintindex":0},"up":{"uv":[1.5075,14.2575,1.7425,14.9925],"rotation":0,"texture":"#0","tintindex":0},"west":{"uv":[1.5075,14.2575,1.7425,14.9925],"rotation":270,"texture":"#0","tintindex":0}}},{"name":"1_86","from":[7.7935996,-4.5421634,9.435516],"to":[8.3564,-4.1293635,10.673917],"rotation":{"angle":-45.0,"axis":"x","origin":[8.0,8.3,-2.2000003]},"faces":{"down":{"uv":[1.2575,14.5075,1.4925,15.2425],"rotation":180,"texture":"#0","tintindex":0},"east":{"uv":[1.2575,15.2425,1.4925,14.5075],"rotation":270,"texture":"#0","tintindex":0},"north":{"uv":[1.4925,14.5075,1.2575,14.7425],"rotation":90,"texture":"#0","tintindex":0},"south":{"uv":[1.2575,15.0075,1.4925,15.2425],"rotation":270,"texture":"#0","tintindex":0},"up":{"uv":[1.2575,14.5075,1.4925,15.2425],"rotation":0,"texture":"#0","tintindex":0},"west":{"uv":[1.2575,14.5075,1.4925,15.2425],"rotation":270,"texture":"#0","tintindex":0}}},{"name":"1_87","from":[7.7935996,-4.9549627,9.848316],"to":[8.3564,-4.5421634,11.086717],"rotation":{"angle":-45.0,"axis":"x","origin":[8.0,8.3,-2.2000003]},"faces":{"down":{"uv":[1.0075,14.7575,1.2425,15.4925],"rotation":180,"texture":"#0","tintindex":0},"east":{"uv":[1.0075,15.4925,1.2425,14.7575],"rotation":270,"texture":"#0","tintindex":0},"north":{"uv":[1.2425,14.7575,1.0075,14.9925],"rotation":90,"texture":"#0","tintindex":0},"south":{"uv":[1.0075,15.2575,1.2425,15.4925],"rotation":270,"texture":"#0","tintindex":0},"up":{"uv":[1.0075,14.7575,1.2425,15.4925],"rotation":0,"texture":"#0","tintindex":0},"west":{"uv":[1.0075,14.7575,1.2425,15.4925],"rotation":270,"texture":"#0","tintindex":0}}},{"name":"1_88","from":[7.7935996,-5.3677626,10.261116],"to":[8.3564,-4.9549627,11.4995165],"rotation":{"angle":-45.0,"axis":"x","origin":[8.0,8.3,-2.2000003]},"faces":{"down":{"uv":[0.7575,15.0075,0.9925,15.7425],"rotation":180,"texture":"#0","tintindex":0},"east":{"uv":[0.7575,15.7425,0.9925,15.0075],"rotation":270,"texture":"#0","tintindex":0},"north":{"uv":[0.9925,15.0075,0.7575,15.2425],"rotation":90,"texture":"#0","tintindex":0},"south":{"uv":[0.7575,15.5075,0.9925,15.7425],"rotation":270,"texture":"#0","tintindex":0},"up":{"uv":[0.7575,15.0075,0.9925,15.7425],"rotation":0,"texture":"#0","tintindex":0},"west":{"uv":[0.7575,15.0075,0.9925,15.7425],"rotation":270,"texture":"#0","tintindex":0}}},{"name":"1_89","from":[7.7935996,-5.7805624,10.673917],"to":[8.3564,-5.3677626,11.912316],"rotation":{"angle":-45.0,"axis":"x","origin":[8.0,8.3,-2.2000003]},"faces":{"down":{"uv":[0.5075,15.2575,0.7425,15.9925],"rotation":180,"texture":"#0","tintindex":0},"east":{"uv":[0.5075,15.9925,0.7425,15.2575],"rotation":270,"texture":"#0","tintindex":0},"north":{"uv":[0.7425,15.2575,0.5075,15.4925],"rotation":90,"texture":"#0","tintindex":0},"south":{"uv":[0.5075,15.7575,0.7425,15.9925],"rotation":270,"texture":"#0","tintindex":0},"up":{"uv":[0.5075,15.2575,0.7425,15.9925],"rotation":0,"texture":"#0","tintindex":0},"west":{"uv":[0.5075,15.2575,0.7425,15.9925],"rotation":270,"texture":"#0","tintindex":0}}},{"name":"1_90","from":[7.7935996,-6.193364,11.086717],"to":[8.3564,-5.7805624,11.912316],"rotation":{"angle":-45.0,"axis":"x","origin":[8.0,8.3,-2.2000003]},"faces":{"down":{"uv":[0.2575,15.5075,0.4925,15.9925],"rotation":180,"texture":"#0","tintindex":0},"east":{"uv":[0.2575,15.9925,0.4925,15.5075],"rotation":270,"texture":"#0","tintindex":0},"north":{"uv":[0.4925,15.5075,0.2575,15.7425],"rotation":90,"texture":"#0","tintindex":0},"south":{"uv":[0.2575,15.7575,0.4925,15.9925],"rotation":270,"texture":"#0","tintindex":0},"up":{"uv":[0.2575,15.5075,0.4925,15.9925],"rotation":0,"texture":"#0","tintindex":0},"west":{"uv":[0.2575,15.5075,0.4925,15.9925],"rotation":270,"texture":"#0","tintindex":0}}}],"display":{"head":{"translation":[0.0,-6.4,0.0],"rotation":[0.0,0.0,0.0],"scale":[3.8095,3.8095,3.8095]}}}