{"textures":{"0":"modelengine:entity/fallenwardenlance","1":"modelengine:entity/fallenwarden1","2":"modelengine:entity/boneshadin1","3":"modelengine:entity/reditexture","4":"modelengine:entity/boneshadin1xd"},"elements":[{"name":"left arm","from":[5.8999996,5.6,6.8],"to":[8.3,8.0,9.2],"rotation":{"angle":0.0,"axis":"x","origin":[10.700001,-5.8,8.0]},"faces":{"down":{"uv":[6.871,6.754,6.379,7.246],"rotation":0,"texture":"#1","tintindex":0},"east":{"uv":[6.504,2.254,6.996,2.746],"rotation":0,"texture":"#1","tintindex":0},"north":{"uv":[1.879,6.504,2.371,6.996],"rotation":0,"texture":"#1","tintindex":0},"south":{"uv":[6.629,4.629,7.121,5.121],"rotation":0,"texture":"#1","tintindex":0},"up":{"uv":[7.246,4.371,6.754,3.879],"rotation":0,"texture":"#1","tintindex":0},"west":{"uv":[6.754,0.004,7.246,0.496],"rotation":0,"texture":"#1","tintindex":0}}},{"name":"left arm","from":[7.55,5.0,6.8],"to":[8.15,5.6,9.2],"rotation":{"angle":0.0,"axis":"x","origin":[10.55,-6.4000006,8.0]},"faces":{"down":{"uv":[6.871,6.754,6.379,7.246],"rotation":0,"texture":"#1","tintindex":0},"east":{"uv":[6.504,2.254,6.996,2.371],"rotation":0,"texture":"#1","tintindex":0},"north":{"uv":[1.879,6.754,1.996,6.871],"rotation":0,"texture":"#1","tintindex":0},"south":{"uv":[6.629,4.629,6.746,4.746],"rotation":0,"texture":"#1","tintindex":0},"up":{"uv":[7.246,4.371,6.754,3.879],"rotation":0,"texture":"#1","tintindex":0},"west":{"uv":[6.754,0.004,7.246,0.496],"rotation":0,"texture":"#1","tintindex":0}}},{"name":"left arm","from":[6.05,5.0,6.8],"to":[6.6499996,5.6,9.2],"rotation":{"angle":0.0,"axis":"x","origin":[9.05,-6.4000006,8.0]},"faces":{"down":{"uv":[6.871,6.754,6.379,7.246],"rotation":0,"texture":"#1","tintindex":0},"east":{"uv":[6.504,2.254,6.996,2.746],"rotation":0,"texture":"#1","tintindex":0},"north":{"uv":[1.879,6.754,1.996,6.871],"rotation":0,"texture":"#1","tintindex":0},"south":{"uv":[6.629,4.629,6.746,4.746],"rotation":0,"texture":"#1","tintindex":0},"up":{"uv":[7.246,4.371,6.754,3.879],"rotation":0,"texture":"#1","tintindex":0},"west":{"uv":[6.754,0.004,7.246,0.121],"rotation":0,"texture":"#1","tintindex":0}}},{"name":"left arm","from":[7.1,5.6,6.6499996],"to":[7.7,9.2,6.8],"rotation":{"angle":0.0,"axis":"x","origin":[10.700001,-5.8,8.0]},"faces":{"down":{"uv":[12.996,1.504,12.879,1.621],"rotation":0,"texture":"#1","tintindex":0},"east":{"uv":[7.379,10.379,7.496,11.121],"rotation":0,"texture":"#1","tintindex":0},"north":{"uv":[4.879,10.254,4.996,10.996],"rotation":0,"texture":"#1","tintindex":0},"south":{"uv":[7.629,10.379,7.746,11.121],"rotation":0,"texture":"#1","tintindex":0},"up":{"uv":[1.496,12.996,1.379,12.879],"rotation":0,"texture":"#1","tintindex":0},"west":{"uv":[10.504,0.254,10.621,0.996],"rotation":0,"texture":"#1","tintindex":0}}},{"name":"left arm","from":[6.5,8.0,6.8],"to":[8.3,9.2,9.2],"rotation":{"angle":0.0,"axis":"x","origin":[10.700001,-5.8,8.0]},"faces":{"down":{"uv":[8.621,5.629,8.254,6.121],"rotation":0,"texture":"#1","tintindex":0},"east":{"uv":[9.129,4.004,9.621,4.246],"rotation":0,"texture":"#1","tintindex":0},"north":{"uv":[10.254,10.254,10.621,10.496],"rotation":0,"texture":"#1","tintindex":0},"south":{"uv":[10.379,3.379,10.746,3.621],"rotation":0,"texture":"#1","tintindex":0},"up":{"uv":[4.996,6.746,4.629,6.254],"rotation":0,"texture":"#1","tintindex":0},"west":{"uv":[4.254,9.129,4.746,9.371],"rotation":0,"texture":"#1","tintindex":0}}},{"name":"left arm","from":[6.2018814,7.5512576,6.803],"to":[6.8018813,8.9012575,9.1970005],"rotation":{"angle":-22.5,"axis":"z","origin":[7.101881,8.301258,8.0]},"faces":{"down":{"uv":[0.621,11.254,0.504,11.746],"rotation":0,"texture":"#1","tintindex":0},"east":{"uv":[4.879,9.129,5.371,9.371],"rotation":0,"texture":"#1","tintindex":0},"north":{"uv":[7.379,12.379,7.496,12.621],"rotation":0,"texture":"#1","tintindex":0},"south":{"uv":[7.629,12.379,7.746,12.621],"rotation":0,"texture":"#1","tintindex":0},"up":{"uv":[11.371,0.746,11.254,0.254],"rotation":0,"texture":"#1","tintindex":0},"west":{"uv":[5.504,9.129,5.996,9.371],"rotation":0,"texture":"#1","tintindex":0}}},{"name":"left arm","from":[6.2,4.3999996,7.1],"to":[8.0,5.6,8.9],"rotation":{"angle":0.0,"axis":"x","origin":[10.700001,-5.8,8.0]},"faces":{"down":{"uv":[9.121,5.379,8.754,5.746],"rotation":0,"texture":"#1","tintindex":0},"east":{"uv":[9.121,7.621,8.754,7.254],"rotation":0,"texture":"#1","tintindex":0},"north":{"uv":[9.121,7.621,8.754,7.254],"rotation":0,"texture":"#1","tintindex":0},"south":{"uv":[9.121,7.621,8.754,7.254],"rotation":0,"texture":"#1","tintindex":0},"up":{"uv":[6.246,7.246,5.879,6.879],"rotation":0,"texture":"#1","tintindex":0},"west":{"uv":[9.121,7.621,8.754,7.254],"rotation":0,"texture":"#1","tintindex":0}}}],"display":{"head":{"translation":[0.0,-6.4,0.0],"rotation":[0.0,0.0,0.0],"scale":[3.8095,3.8095,3.8095]}}}