{"textures":{"0":"modelengine:entity/fallenwardenlance","1":"modelengine:entity/fallenwarden1","2":"modelengine:entity/boneshadin1","3":"modelengine:entity/reditexture","4":"modelengine:entity/boneshadin1xd"},"elements":[{"name":"left leg","from":[6.8,5.6,6.8],"to":[9.2,8.6,9.2],"rotation":{"angle":0.0,"axis":"x","origin":[6.8599997,0.19999981,8.0]},"faces":{"down":{"uv":[1.121,7.879,0.629,8.371],"rotation":0,"texture":"#1","tintindex":0},"east":{"uv":[0.629,6.504,1.121,7.121],"rotation":0,"texture":"#1","tintindex":0},"north":{"uv":[6.379,6.004,6.871,6.621],"rotation":0,"texture":"#1","tintindex":0},"south":{"uv":[1.254,6.504,1.746,7.121],"rotation":0,"texture":"#1","tintindex":0},"up":{"uv":[6.996,8.246,6.504,7.754],"rotation":0,"texture":"#1","tintindex":0},"west":{"uv":[6.504,1.504,6.996,2.121],"rotation":0,"texture":"#1","tintindex":0}}},{"name":"left leg","from":[6.95,4.3999996,7.1],"to":[8.75,5.6,8.9],"rotation":{"angle":0.0,"axis":"x","origin":[6.8599997,0.19999981,8.0]},"faces":{"down":{"uv":[0.0,4.0,6.0,8.0],"rotation":0,"texture":"#2","tintindex":0},"east":{"uv":[9.121,7.621,8.754,7.254],"rotation":0,"texture":"#1","tintindex":0},"north":{"uv":[9.121,7.621,8.754,7.254],"rotation":0,"texture":"#1","tintindex":0},"south":{"uv":[9.121,7.621,8.754,7.254],"rotation":0,"texture":"#1","tintindex":0},"up":{"uv":[1.871,9.371,1.504,9.004],"rotation":0,"texture":"#1","tintindex":0},"west":{"uv":[9.121,7.621,8.754,7.254],"rotation":0,"texture":"#1","tintindex":0}}}],"display":{"head":{"translation":[0.0,-6.4,0.0],"rotation":[0.0,0.0,0.0],"scale":[3.8095,3.8095,3.8095]}}}