{"textures":{"0":"modelengine:entity/mso_angler_fish"},"elements":[{"name":"cube","from":[6.8,6.6335616,1.7580351],"to":[9.2,12.033562,8.358035],"rotation":{"angle":22.5,"axis":"x","origin":[9.8,7.2335615,0.8580351]},"faces":{"down":{"uv":[8.0,11.0,7.0,13.75],"rotation":0,"texture":"#0","tintindex":0},"east":{"uv":[0.0,4.5,2.75,6.75],"rotation":0,"texture":"#0","tintindex":0},"north":{"uv":[11.0,2.25,12.0,4.5],"rotation":0,"texture":"#0","tintindex":0},"south":{"uv":[8.0,11.0,9.0,13.25],"rotation":0,"texture":"#0","tintindex":0},"up":{"uv":[7.0,13.75,6.0,11.0],"rotation":0,"texture":"#0","tintindex":0},"west":{"uv":[2.75,4.5,5.5,6.75],"rotation":0,"texture":"#0","tintindex":0}}},{"name":"cube","from":[8.0,3.0335615,5.358035],"to":[8.0,13.833562,15.558036],"rotation":{"angle":0.0,"axis":"x","origin":[11.0,7.2335615,0.8580351]},"faces":{"down":{"uv":[0.0,0.0,0.0,4.25],"rotation":0,"texture":"#0","tintindex":0},"east":{"uv":[0.0,0.0,4.25,4.5],"rotation":0,"texture":"#0","tintindex":0},"north":{"uv":[0.0,0.0,0.0,4.5],"rotation":0,"texture":"#0","tintindex":0},"south":{"uv":[0.0,0.0,0.0,4.5],"rotation":0,"texture":"#0","tintindex":0},"up":{"uv":[0.0,4.25,0.0,0.0],"rotation":0,"texture":"#0","tintindex":0},"west":{"uv":[4.25,0.0,8.5,4.5],"rotation":0,"texture":"#0","tintindex":0}}}],"display":{"head":{"translation":[0.0,-6.4,0.0],"rotation":[0.0,0.0,0.0],"scale":[3.8095,3.8095,3.8095]}}}