{"textures":{"0":"modelengine:entity/mso_angler_fish"},"elements":[{"name":"cube","from":[5.6,5.3,2.6],"to":[10.4,10.700001,8.6],"rotation":{"angle":45.0,"axis":"x","origin":[8.6,5.8999996,3.7999997]},"faces":{"down":{"uv":[2.0,9.0,0.0,11.5],"rotation":0,"texture":"#0","tintindex":0},"east":{"uv":[5.5,4.5,8.0,6.75],"rotation":0,"texture":"#0","tintindex":0},"north":{"uv":[10.5,0.0,12.5,2.25],"rotation":0,"texture":"#0","tintindex":0},"south":{"uv":[10.5,4.5,12.5,6.75],"rotation":0,"texture":"#0","tintindex":0},"up":{"uv":[10.5,2.5,8.5,0.0],"rotation":0,"texture":"#0","tintindex":0},"west":{"uv":[0.0,6.75,2.5,9.0],"rotation":0,"texture":"#0","tintindex":0}}},{"name":"cube","from":[5.6,4.1,2.6],"to":[10.4,5.3,8.6],"rotation":{"angle":45.0,"axis":"x","origin":[8.6,5.8999996,3.7999997]},"faces":{"down":{"uv":[6.0,9.0,4.0,11.5],"rotation":0,"texture":"#0","tintindex":0},"east":{"uv":[9.0,11.75,11.5,12.25],"rotation":0,"texture":"#0","tintindex":0},"north":{"uv":[12.0,2.25,14.0,2.75],"rotation":0,"texture":"#0","tintindex":0},"south":{"uv":[12.0,2.75,14.0,3.25],"rotation":0,"texture":"#0","tintindex":0},"up":{"uv":[4.0,11.5,2.0,9.0],"rotation":0,"texture":"#0","tintindex":0},"west":{"uv":[11.5,11.75,14.0,12.25],"rotation":0,"texture":"#0","tintindex":0}}},{"name":"cube","from":[3.1999998,4.1,8.6],"to":[3.1999998,9.5,14.6],"rotation":{"angle":-45.0,"axis":"y","origin":[5.6,8.0,11.0]},"faces":{"down":{"uv":[0.0,0.0,0.0,2.5],"rotation":0,"texture":"#0","tintindex":0},"east":{"uv":[7.5,6.75,5.0,9.0],"rotation":0,"texture":"#0","tintindex":0},"north":{"uv":[0.0,0.0,0.0,2.25],"rotation":0,"texture":"#0","tintindex":0},"south":{"uv":[0.0,0.0,0.0,2.25],"rotation":0,"texture":"#0","tintindex":0},"up":{"uv":[0.0,2.5,0.0,0.0],"rotation":0,"texture":"#0","tintindex":0},"west":{"uv":[5.0,6.75,7.5,9.0],"rotation":0,"texture":"#0","tintindex":0}}},{"name":"cube","from":[12.8,4.1,8.6],"to":[12.8,9.5,14.6],"rotation":{"angle":45.0,"axis":"y","origin":[10.4,8.0,11.0]},"faces":{"down":{"uv":[0.0,0.0,0.0,2.5],"rotation":0,"texture":"#0","tintindex":0},"east":{"uv":[7.5,6.75,10.0,9.0],"rotation":0,"texture":"#0","tintindex":0},"north":{"uv":[0.0,0.0,0.0,2.25],"rotation":0,"texture":"#0","tintindex":0},"south":{"uv":[0.0,0.0,0.0,2.25],"rotation":0,"texture":"#0","tintindex":0},"up":{"uv":[0.0,2.5,0.0,0.0],"rotation":0,"texture":"#0","tintindex":0},"west":{"uv":[5.0,6.75,7.5,9.0],"rotation":0,"texture":"#0","tintindex":0}}},{"name":"cube","from":[5.3,6.95,3.2],"to":[10.700001,9.950001,3.2],"rotation":{"angle":0.0,"axis":"x","origin":[8.3,8.0,11.0]},"faces":{"down":{"uv":[2.25,0.0,0.0,0.0],"rotation":0,"texture":"#0","tintindex":0},"east":{"uv":[0.0,0.0,0.0,1.25],"rotation":0,"texture":"#0","tintindex":0},"north":{"uv":[9.0,12.25,11.25,13.5],"rotation":0,"texture":"#0","tintindex":0},"south":{"uv":[11.25,12.25,9.0,13.5],"rotation":0,"texture":"#0","tintindex":0},"up":{"uv":[2.25,0.0,0.0,0.0],"rotation":0,"texture":"#0","tintindex":0},"west":{"uv":[0.0,0.0,0.0,1.25],"rotation":0,"texture":"#0","tintindex":0}}},{"name":"cube","from":[5.3,8.75,5.0],"to":[10.700001,11.75,5.0],"rotation":{"angle":0.0,"axis":"x","origin":[8.3,8.0,11.0]},"faces":{"down":{"uv":[2.25,0.0,0.0,0.0],"rotation":0,"texture":"#0","tintindex":0},"east":{"uv":[0.0,0.0,0.0,1.25],"rotation":0,"texture":"#0","tintindex":0},"north":{"uv":[2.5,6.75,4.75,8.0],"rotation":0,"texture":"#0","tintindex":0},"south":{"uv":[4.75,6.75,2.5,8.0],"rotation":0,"texture":"#0","tintindex":0},"up":{"uv":[2.25,0.0,0.0,0.0],"rotation":0,"texture":"#0","tintindex":0},"west":{"uv":[0.0,0.0,0.0,1.25],"rotation":0,"texture":"#0","tintindex":0}}},{"name":"cube inverted","from":[10.4,5.3,8.6],"to":[5.6,4.1,2.6],"rotation":{"angle":45.0,"axis":"x","origin":[8.6,5.8999996,3.7999997]},"faces":{"down":{"uv":[2.0,11.5,4.0,9.0],"rotation":0,"texture":"#0","tintindex":0},"east":{"uv":[11.5,12.25,14.0,11.75],"rotation":0,"texture":"#0","tintindex":0},"north":{"uv":[12.0,3.25,14.0,2.75],"rotation":0,"texture":"#0","tintindex":0},"south":{"uv":[12.0,2.75,14.0,2.25],"rotation":0,"texture":"#0","tintindex":0},"up":{"uv":[4.0,9.0,6.0,11.5],"rotation":0,"texture":"#0","tintindex":0},"west":{"uv":[9.0,12.25,11.5,11.75],"rotation":0,"texture":"#0","tintindex":0}}}],"display":{"head":{"translation":[0.0,-6.4,0.0],"rotation":[0.0,0.0,0.0],"scale":[3.8095,3.8095,3.8095]}}}