{"textures":{"0":"modelengine:entity/nautilus"},"elements":[{"name":"cube","from":[6.8,6.2,6.8],"to":[9.2,9.8,11.6],"rotation":{"angle":0.0,"axis":"x","origin":[7.1,9.8,4.7]},"faces":{"down":{"uv":[2.75,7.5,3.75,5.5],"rotation":0,"texture":"#0","tintindex":0},"east":{"uv":[5.25,1.5,7.25,3.0],"rotation":0,"texture":"#0","tintindex":0},"north":{"uv":[7.25,1.5,8.25,3.0],"rotation":0,"texture":"#0","tintindex":0},"south":{"uv":[7.25,0.0,8.25,1.5],"rotation":0,"texture":"#0","tintindex":0},"up":{"uv":[1.75,5.5,2.75,7.5],"rotation":0,"texture":"#0","tintindex":0},"west":{"uv":[5.25,0.0,7.25,1.5],"rotation":0,"texture":"#0","tintindex":0}}},{"name":"cube inverted","from":[9.2,9.8,11.6],"to":[6.8,6.2,6.8],"rotation":{"angle":0.0,"axis":"x","origin":[7.1,9.8,4.7]},"faces":{"down":{"uv":[2.75,5.5,1.75,7.5],"rotation":0,"texture":"#0","tintindex":0},"east":{"uv":[5.25,1.5,7.25,0.0],"rotation":0,"texture":"#0","tintindex":0},"north":{"uv":[7.25,1.5,8.25,0.0],"rotation":0,"texture":"#0","tintindex":0},"south":{"uv":[7.25,3.0,8.25,1.5],"rotation":0,"texture":"#0","tintindex":0},"up":{"uv":[3.75,7.5,2.75,5.5],"rotation":0,"texture":"#0","tintindex":0},"west":{"uv":[5.25,3.0,7.25,1.5],"rotation":0,"texture":"#0","tintindex":0}}}],"display":{"head":{"translation":[0.0,-6.4,0.0],"rotation":[0.0,0.0,0.0],"scale":[3.8095,3.8095,3.8095]}}}