{"textures":{"0":"modelengine:entity/nautilus"},"elements":[{"name":"cube","from":[7.4,6.8,5.8999996],"to":[8.6,9.2,13.7],"rotation":{"angle":0.0,"axis":"x","origin":[6.5,9.8,5.0]},"faces":{"down":{"uv":[4.25,8.75,4.75,5.5],"rotation":0,"texture":"#0","tintindex":0},"east":{"uv":[3.25,4.5,6.5,5.5],"rotation":0,"texture":"#0","tintindex":0},"north":{"uv":[5.25,8.0,5.75,9.0],"rotation":0,"texture":"#0","tintindex":0},"south":{"uv":[4.75,8.0,5.25,9.0],"rotation":0,"texture":"#0","tintindex":0},"up":{"uv":[3.75,5.5,4.25,8.75],"rotation":0,"texture":"#0","tintindex":0},"west":{"uv":[0.0,4.5,3.25,5.5],"rotation":0,"texture":"#0","tintindex":0}}},{"name":"cube inverted","from":[8.6,9.2,13.7],"to":[7.4,6.8,5.8999996],"rotation":{"angle":0.0,"axis":"x","origin":[6.5,9.8,5.0]},"faces":{"down":{"uv":[4.25,5.5,3.75,8.75],"rotation":0,"texture":"#0","tintindex":0},"east":{"uv":[0.0,5.5,3.25,4.5],"rotation":0,"texture":"#0","tintindex":0},"north":{"uv":[4.75,9.0,5.25,8.0],"rotation":0,"texture":"#0","tintindex":0},"south":{"uv":[5.25,9.0,5.75,8.0],"rotation":0,"texture":"#0","tintindex":0},"up":{"uv":[4.75,8.75,4.25,5.5],"rotation":0,"texture":"#0","tintindex":0},"west":{"uv":[3.25,5.5,6.5,4.5],"rotation":0,"texture":"#0","tintindex":0}}}],"display":{"head":{"translation":[0.0,-6.4,0.0],"rotation":[0.0,0.0,0.0],"scale":[3.8095,3.8095,3.8095]}}}