{"textures":{"0":"modelengine:entity/boneshadingreaper","1":"modelengine:entity/boneshadin2reeaperxd","2":"modelengine:entity/reapercloak","3":"modelengine:entity/osdeculo","4":"modelengine:entity/reaperfald","5":"modelengine:entity/fallenreapervoid"},"elements":[{"name":"left leg","from":[6.8,5.6,6.8],"to":[9.2,8.6,9.2],"rotation":{"angle":0.0,"axis":"x","origin":[9.139999,0.19999981,8.0]},"faces":{"down":{"uv":[8.9875,6.3875,8.5125,6.8625],"rotation":0,"texture":"#5","tintindex":0},"east":{"uv":[7.5125,8.0125,7.9875,8.6125],"rotation":0,"texture":"#5","tintindex":0},"north":{"uv":[3.1375,7.8875,3.6125,8.4875],"rotation":0,"texture":"#5","tintindex":0},"south":{"uv":[1.2625,8.1375,1.7375,8.7375],"rotation":0,"texture":"#5","tintindex":0},"up":{"uv":[8.9875,1.7375,8.5125,1.2625],"rotation":0,"texture":"#5","tintindex":0},"west":{"uv":[1.8875,8.1375,2.3625,8.7375],"rotation":0,"texture":"#5","tintindex":0}}}],"display":{"head":{"translation":[0.0,-6.4,0.0],"rotation":[0.0,0.0,0.0],"scale":[3.8095,3.8095,3.8095]}}}