{"textures":{"0":"modelengine:entity/boneshadingreaper","1":"modelengine:entity/boneshadin2reeaperxd","2":"modelengine:entity/reapercloak","3":"modelengine:entity/osdeculo","4":"modelengine:entity/reaperfald","5":"modelengine:entity/fallenreapervoid"},"elements":[{"name":"layer","from":[6.7699995,4.37,6.7699995],"to":[9.23,8.63,9.23],"rotation":{"angle":0.0,"axis":"x","origin":[6.8599997,0.19999981,8.0]},"faces":{"down":{"uv":[3.6125,9.8875,3.1375,10.3625],"rotation":0,"texture":"#5","tintindex":0},"east":{"uv":[7.2625,0.0125,7.7375,0.8625],"rotation":0,"texture":"#5","tintindex":0},"north":{"uv":[7.1375,5.5125,7.6125,6.3625],"rotation":0,"texture":"#5","tintindex":0},"south":{"uv":[0.6375,7.2625,1.1125,8.1125],"rotation":0,"texture":"#5","tintindex":0},"up":{"uv":[10.3625,2.3625,9.8875,1.8875],"rotation":0,"texture":"#5","tintindex":0},"west":{"uv":[4.2625,7.2625,4.7375,8.1125],"rotation":0,"texture":"#5","tintindex":0}}}],"display":{"head":{"translation":[0.0,-6.4,0.0],"rotation":[0.0,0.0,0.0],"scale":[3.8095,3.8095,3.8095]}}}