{"textures":{"0":"modelengine:entity/boneshadingreaper","1":"modelengine:entity/boneshadin2reeaperxd","2":"modelengine:entity/reapercloak","3":"modelengine:entity/osdeculo","4":"modelengine:entity/reaperfald","5":"modelengine:entity/fallenreapervoid"},"elements":[{"name":"left leg","from":[7.1,6.8,6.8],"to":[8.9,8.0,7.4],"rotation":{"angle":0.0,"axis":"x","origin":[7.01,3.1999998,8.3]},"faces":{"down":{"uv":[9.3625,14.1375,9.0125,14.2375],"rotation":0,"texture":"#5","tintindex":0},"east":{"uv":[14.5125,0.6375,14.6125,0.8625],"rotation":0,"texture":"#5","tintindex":0},"north":{"uv":[11.7625,10.7625,12.1125,10.9875],"rotation":0,"texture":"#5","tintindex":0},"south":{"uv":[11.7625,11.1375,12.1125,11.3625],"rotation":0,"texture":"#5","tintindex":0},"up":{"uv":[14.4875,8.9875,14.1375,8.8875],"rotation":0,"texture":"#5","tintindex":0},"west":{"uv":[14.5125,1.0125,14.6125,1.2375],"rotation":0,"texture":"#5","tintindex":0}}},{"name":"left leg","from":[6.95,6.8,7.4],"to":[9.05,7.4,9.35],"rotation":{"angle":0.0,"axis":"x","origin":[7.01,3.1999998,8.3]},"faces":{"down":{"uv":[10.8625,5.3875,10.3875,5.7375],"rotation":0,"texture":"#5","tintindex":0},"east":{"uv":[14.1375,9.1375,14.4875,9.2375],"rotation":0,"texture":"#5","tintindex":0},"north":{"uv":[12.8875,10.6375,13.3625,10.7375],"rotation":0,"texture":"#5","tintindex":0},"south":{"uv":[13.0125,0.2625,13.4875,0.3625],"rotation":0,"texture":"#5","tintindex":0},"up":{"uv":[10.8625,1.3625,10.3875,1.0125],"rotation":0,"texture":"#5","tintindex":0},"west":{"uv":[9.7625,14.1375,10.1125,14.2375],"rotation":0,"texture":"#5","tintindex":0}}},{"name":"left leg","from":[7.1,4.3999996,7.1],"to":[9.2,6.8,9.5],"rotation":{"angle":0.0,"axis":"x","origin":[8.15,10.700001,8.3]},"faces":{"down":{"uv":[9.7375,3.7625,9.2625,4.2375],"rotation":0,"texture":"#5","tintindex":0},"east":{"uv":[9.1375,6.5125,9.6125,6.9875],"rotation":0,"texture":"#5","tintindex":0},"north":{"uv":[9.1375,5.8875,9.6125,6.3625],"rotation":0,"texture":"#5","tintindex":0},"south":{"uv":[9.2625,1.8875,9.7375,2.3625],"rotation":0,"texture":"#5","tintindex":0},"up":{"uv":[9.7375,3.6125,9.2625,3.1375],"rotation":0,"texture":"#5","tintindex":0},"west":{"uv":[3.1375,9.2625,3.6125,9.7375],"rotation":0,"texture":"#5","tintindex":0}}},{"name":"left leg","from":[6.9049997,3.7999997,7.1],"to":[9.365,4.3999996,9.514999],"rotation":{"angle":0.0,"axis":"x","origin":[8.15,8.3,8.3]},"faces":{"down":{"uv":[9.8625,7.1375,9.3875,7.6125],"rotation":0,"texture":"#5","tintindex":0},"east":{"uv":[5.1375,13.2625,5.6125,13.3625],"rotation":0,"texture":"#5","tintindex":0},"north":{"uv":[13.2625,4.5125,13.7375,4.6125],"rotation":0,"texture":"#5","tintindex":0},"south":{"uv":[8.6375,13.2625,9.1125,13.3625],"rotation":0,"texture":"#5","tintindex":0},"up":{"uv":[9.8625,5.4875,9.3875,5.0125],"rotation":0,"texture":"#5","tintindex":0},"west":{"uv":[13.2625,10.8875,13.7375,10.9875],"rotation":0,"texture":"#5","tintindex":0}}},{"name":"left leg","from":[6.9049997,6.2,7.085],"to":[9.395,6.8599997,9.514999],"rotation":{"angle":0.0,"axis":"x","origin":[8.15,10.700001,8.3]},"faces":{"down":{"uv":[6.1125,9.6375,5.6375,10.1125],"rotation":0,"texture":"#5","tintindex":0},"east":{"uv":[2.3875,13.7625,2.8625,13.8625],"rotation":0,"texture":"#5","tintindex":0},"north":{"uv":[0.2625,13.7625,0.7375,13.8625],"rotation":0,"texture":"#5","tintindex":0},"south":{"uv":[13.7625,4.7625,14.2375,4.8625],"rotation":0,"texture":"#5","tintindex":0},"up":{"uv":[5.4875,10.1125,5.0125,9.6375],"rotation":0,"texture":"#5","tintindex":0},"west":{"uv":[13.7625,5.0125,14.2375,5.1125],"rotation":0,"texture":"#5","tintindex":0}}}],"display":{"head":{"translation":[0.0,-6.4,0.0],"rotation":[0.0,0.0,0.0],"scale":[3.8095,3.8095,3.8095]}}}