{"textures":{"0":"modelengine:entity/mso_giant_squid"},"elements":[{"name":"cube","from":[7.4,7.4,8.0],"to":[8.6,8.6,16.400002],"rotation":{"angle":0.0,"axis":"x","origin":[7.4,6.8,-30.400002]},"faces":{"down":{"uv":[4.125,8.25,3.875,10.0],"rotation":0,"texture":"#0","tintindex":0},"east":{"uv":[8.375,0.5,10.125,0.75],"rotation":0,"texture":"#0","tintindex":0},"north":{"uv":[4.875,9.125,5.125,9.375],"rotation":0,"texture":"#0","tintindex":0},"south":{"uv":[9.125,7.5,9.375,7.75],"rotation":0,"texture":"#0","tintindex":0},"up":{"uv":[3.875,10.0,3.625,8.25],"rotation":0,"texture":"#0","tintindex":0},"west":{"uv":[8.375,0.75,10.125,1.0],"rotation":0,"texture":"#0","tintindex":0}}}],"display":{"head":{"translation":[0.0,-6.4,0.0],"rotation":[0.0,0.0,0.0],"scale":[3.8095,3.8095,3.8095]}}}