{"textures":{"0":"modelengine:entity/mso_giant_squid"},"elements":[{"name":"cube","from":[7.4,7.4,8.3],"to":[8.6,8.6,19.7],"rotation":{"angle":0.0,"axis":"x","origin":[7.4,6.8,-18.7]},"faces":{"down":{"uv":[1.5,7.75,1.25,10.125],"rotation":0,"texture":"#0","tintindex":0},"east":{"uv":[7.25,7.0,9.625,7.25],"rotation":0,"texture":"#0","tintindex":0},"north":{"uv":[9.0,9.0,9.25,9.25],"rotation":0,"texture":"#0","tintindex":0},"south":{"uv":[4.625,9.125,4.875,9.375],"rotation":0,"texture":"#0","tintindex":0},"up":{"uv":[1.25,10.125,1.0,7.75],"rotation":0,"texture":"#0","tintindex":0},"west":{"uv":[6.25,7.5,8.625,7.75],"rotation":0,"texture":"#0","tintindex":0}}}],"display":{"head":{"translation":[0.0,-6.4,0.0],"rotation":[0.0,0.0,0.0],"scale":[3.8095,3.8095,3.8095]}}}