{"textures":{"0":"modelengine:entity/mso_giant_squid"},"elements":[{"name":"cube","from":[7.4,7.4,8.3],"to":[8.6,8.6,22.7],"rotation":{"angle":0.0,"axis":"x","origin":[7.4,6.8,-18.7]},"faces":{"down":{"uv":[0.5,6.375,0.25,9.375],"rotation":0,"texture":"#0","tintindex":0},"east":{"uv":[4.25,6.75,7.25,7.0],"rotation":0,"texture":"#0","tintindex":0},"north":{"uv":[0.0,9.375,0.25,9.625],"rotation":0,"texture":"#0","tintindex":0},"south":{"uv":[0.25,9.375,0.5,9.625],"rotation":0,"texture":"#0","tintindex":0},"up":{"uv":[0.25,9.375,0.0,6.375],"rotation":0,"texture":"#0","tintindex":0},"west":{"uv":[7.0,4.0,10.0,4.25],"rotation":0,"texture":"#0","tintindex":0}}}],"display":{"head":{"translation":[0.0,-6.4,0.0],"rotation":[0.0,0.0,0.0],"scale":[3.8095,3.8095,3.8095]}}}