{"textures":{"0":"modelengine:entity/mso_giant_squid"},"elements":[{"name":"cube","from":[7.4,7.4,8.3],"to":[8.6,8.6,19.7],"rotation":{"angle":0.0,"axis":"x","origin":[8.6,6.8,-18.7]},"faces":{"down":{"uv":[5.75,7.5,5.5,9.875],"rotation":0,"texture":"#0","tintindex":0},"east":{"uv":[5.25,7.25,7.625,7.5],"rotation":0,"texture":"#0","tintindex":0},"north":{"uv":[5.625,4.875,5.875,5.125],"rotation":0,"texture":"#0","tintindex":0},"south":{"uv":[8.625,7.5,8.875,7.75],"rotation":0,"texture":"#0","tintindex":0},"up":{"uv":[5.5,9.875,5.25,7.5],"rotation":0,"texture":"#0","tintindex":0},"west":{"uv":[7.25,5.25,9.625,5.5],"rotation":0,"texture":"#0","tintindex":0}}}],"display":{"head":{"translation":[0.0,-6.4,0.0],"rotation":[0.0,0.0,0.0],"scale":[3.8095,3.8095,3.8095]}}}