{"textures":{"0":"modelengine:entity/mso_giant_squid"},"elements":[{"name":"cube","from":[7.4,7.4,8.0],"to":[8.6,8.6,17.0],"rotation":{"angle":0.0,"axis":"x","origin":[8.6,6.8,-30.400002]},"faces":{"down":{"uv":[3.125,8.25,2.875,10.125],"rotation":0,"texture":"#0","tintindex":0},"east":{"uv":[8.25,8.0,10.125,8.25],"rotation":0,"texture":"#0","tintindex":0},"north":{"uv":[4.625,9.375,4.875,9.625],"rotation":0,"texture":"#0","tintindex":0},"south":{"uv":[4.875,9.375,5.125,9.625],"rotation":0,"texture":"#0","tintindex":0},"up":{"uv":[2.875,10.125,2.625,8.25],"rotation":0,"texture":"#0","tintindex":0},"west":{"uv":[8.25,8.25,10.125,8.5],"rotation":0,"texture":"#0","tintindex":0}}}],"display":{"head":{"translation":[0.0,-6.4,0.0],"rotation":[0.0,0.0,0.0],"scale":[3.8095,3.8095,3.8095]}}}