{"textures":{"0":"modelengine:entity/mso_giant_squid"},"elements":[{"name":"cube","from":[7.4,7.4,8.0],"to":[8.6,8.6,16.400002],"rotation":{"angle":0.0,"axis":"x","origin":[7.4,6.8,-26.800003]},"faces":{"down":{"uv":[8.75,8.5,8.5,10.25],"rotation":0,"texture":"#0","tintindex":0},"east":{"uv":[8.375,1.0,10.125,1.25],"rotation":0,"texture":"#0","tintindex":0},"north":{"uv":[9.25,8.75,9.5,9.0],"rotation":0,"texture":"#0","tintindex":0},"south":{"uv":[9.0,9.25,9.25,9.5],"rotation":0,"texture":"#0","tintindex":0},"up":{"uv":[8.5,10.25,8.25,8.5],"rotation":0,"texture":"#0","tintindex":0},"west":{"uv":[8.375,1.25,10.125,1.5],"rotation":0,"texture":"#0","tintindex":0}}}],"display":{"head":{"translation":[0.0,-6.4,0.0],"rotation":[0.0,0.0,0.0],"scale":[3.8095,3.8095,3.8095]}}}