{"textures":{"0":"modelengine:entity/dungeon_candleabra"},"elements":[{"name":"cube","from":[7.7,9.2,5.6],"to":[8.3,9.8,10.4],"rotation":{"angle":0.0,"axis":"x","origin":[7.7,9.2,8.0]},"faces":{"down":{"uv":[4.0,2.0,3.5,6.0],"rotation":0,"texture":"#0","tintindex":0},"east":{"uv":[3.0,1.0,7.0,1.5],"rotation":0,"texture":"#0","tintindex":0},"north":{"uv":[6.0,4.5,6.5,5.0],"rotation":0,"texture":"#0","tintindex":0},"south":{"uv":[5.0,6.0,5.5,6.5],"rotation":0,"texture":"#0","tintindex":0},"up":{"uv":[3.5,6.0,3.0,2.0],"rotation":0,"texture":"#0","tintindex":0},"west":{"uv":[3.0,1.5,7.0,2.0],"rotation":0,"texture":"#0","tintindex":0}}},{"name":"cube","from":[7.7,9.8,7.7],"to":[8.3,20.600002,8.3],"rotation":{"angle":0.0,"axis":"x","origin":[7.7,9.2,7.7]},"faces":{"down":{"uv":[6.0,6.0,5.5,6.5],"rotation":0,"texture":"#0","tintindex":0},"east":{"uv":[0.5,0.0,1.0,9.0],"rotation":0,"texture":"#0","tintindex":0},"north":{"uv":[0.0,0.0,0.5,9.0],"rotation":0,"texture":"#0","tintindex":0},"south":{"uv":[1.0,0.0,1.5,9.0],"rotation":0,"texture":"#0","tintindex":0},"up":{"uv":[6.5,5.5,6.0,5.0],"rotation":0,"texture":"#0","tintindex":0},"west":{"uv":[1.5,0.0,2.0,9.0],"rotation":0,"texture":"#0","tintindex":0}}},{"name":"cube","from":[7.7,20.600002,4.1],"to":[8.3,21.2,11.900001],"rotation":{"angle":0.0,"axis":"x","origin":[8.0,20.900002,8.0]},"faces":{"down":{"uv":[3.0,1.0,2.5,7.5],"rotation":0,"texture":"#0","tintindex":0},"east":{"uv":[2.0,0.0,8.5,0.5],"rotation":0,"texture":"#0","tintindex":0},"north":{"uv":[6.0,5.5,6.5,6.0],"rotation":0,"texture":"#0","tintindex":0},"south":{"uv":[6.0,6.0,6.5,6.5],"rotation":0,"texture":"#0","tintindex":0},"up":{"uv":[2.5,7.5,2.0,1.0],"rotation":0,"texture":"#0","tintindex":0},"west":{"uv":[2.0,0.5,8.5,1.0],"rotation":0,"texture":"#0","tintindex":0}}},{"name":"cube","from":[7.7,21.2,11.3],"to":[8.3,24.8,11.900001],"rotation":{"angle":0.0,"axis":"x","origin":[7.7,9.2,7.7]},"faces":{"down":{"uv":[7.0,2.5,6.5,3.0],"rotation":0,"texture":"#0","tintindex":0},"east":{"uv":[4.5,2.0,5.0,5.0],"rotation":0,"texture":"#0","tintindex":0},"north":{"uv":[4.0,2.0,4.5,5.0],"rotation":0,"texture":"#0","tintindex":0},"south":{"uv":[5.0,2.0,5.5,5.0],"rotation":0,"texture":"#0","tintindex":0},"up":{"uv":[7.0,2.5,6.5,2.0],"rotation":0,"texture":"#0","tintindex":0},"west":{"uv":[4.0,5.0,4.5,8.0],"rotation":0,"texture":"#0","tintindex":0}}},{"name":"cube","from":[7.4,22.400002,11.0],"to":[8.6,22.400002,12.2],"rotation":{"angle":0.0,"axis":"x","origin":[7.4,9.2,7.4]},"faces":{"down":{"uv":[6.5,2.0,5.5,3.0],"rotation":0,"texture":"#0","tintindex":0},"east":{"uv":[0.0,0.0,1.0,0.0],"rotation":0,"texture":"#0","tintindex":0},"north":{"uv":[0.0,0.0,1.0,0.0],"rotation":0,"texture":"#0","tintindex":0},"south":{"uv":[0.0,0.0,1.0,0.0],"rotation":0,"texture":"#0","tintindex":0},"up":{"uv":[5.5,6.0,4.5,5.0],"rotation":0,"texture":"#0","tintindex":0},"west":{"uv":[0.0,0.0,1.0,0.0],"rotation":0,"texture":"#0","tintindex":0}}},{"name":"cube","from":[7.7,8.0,5.0],"to":[8.3,9.8,5.6],"rotation":{"angle":0.0,"axis":"x","origin":[7.7,9.2,8.0]},"faces":{"down":{"uv":[5.0,6.0,4.5,6.5],"rotation":0,"texture":"#0","tintindex":0},"east":{"uv":[5.5,4.5,6.0,6.0],"rotation":0,"texture":"#0","tintindex":0},"north":{"uv":[5.5,3.0,6.0,4.5],"rotation":0,"texture":"#0","tintindex":0},"south":{"uv":[3.0,6.0,3.5,7.5],"rotation":0,"texture":"#0","tintindex":0},"up":{"uv":[4.0,6.5,3.5,6.0],"rotation":0,"texture":"#0","tintindex":0},"west":{"uv":[6.0,3.0,6.5,4.5],"rotation":0,"texture":"#0","tintindex":0}}},{"name":"cube","from":[7.7,8.0,10.4],"to":[8.3,9.8,11.0],"rotation":{"angle":0.0,"axis":"x","origin":[7.7,9.2,8.0]},"faces":{"down":{"uv":[5.0,6.5,4.5,6.0],"rotation":0,"texture":"#0","tintindex":0},"east":{"uv":[6.0,4.5,5.5,6.0],"rotation":0,"texture":"#0","tintindex":0},"north":{"uv":[3.5,6.0,3.0,7.5],"rotation":0,"texture":"#0","tintindex":0},"south":{"uv":[6.0,3.0,5.5,4.5],"rotation":0,"texture":"#0","tintindex":0},"up":{"uv":[4.0,6.0,3.5,6.5],"rotation":0,"texture":"#0","tintindex":0},"west":{"uv":[6.5,3.0,6.0,4.5],"rotation":0,"texture":"#0","tintindex":0}}},{"name":"cube","from":[10.4,8.0,7.7],"to":[11.0,9.8,8.3],"rotation":{"angle":0.0,"axis":"x","origin":[8.0,9.2,7.7]},"faces":{"down":{"uv":[5.0,6.0,4.5,6.5],"rotation":270,"texture":"#0","tintindex":0},"east":{"uv":[5.5,3.0,6.0,4.5],"rotation":0,"texture":"#0","tintindex":0},"north":{"uv":[6.0,3.0,6.5,4.5],"rotation":0,"texture":"#0","tintindex":0},"south":{"uv":[5.5,4.5,6.0,6.0],"rotation":0,"texture":"#0","tintindex":0},"up":{"uv":[4.0,6.5,3.5,6.0],"rotation":90,"texture":"#0","tintindex":0},"west":{"uv":[3.0,6.0,3.5,7.5],"rotation":0,"texture":"#0","tintindex":0}}},{"name":"cube","from":[5.6,9.2,7.7],"to":[10.4,9.8,8.3],"rotation":{"angle":0.0,"axis":"x","origin":[8.0,9.2,7.7]},"faces":{"down":{"uv":[4.0,2.0,3.5,6.0],"rotation":270,"texture":"#0","tintindex":0},"east":{"uv":[6.0,4.5,6.5,5.0],"rotation":0,"texture":"#0","tintindex":0},"north":{"uv":[3.0,1.5,7.0,2.0],"rotation":0,"texture":"#0","tintindex":0},"south":{"uv":[3.0,1.0,7.0,1.5],"rotation":0,"texture":"#0","tintindex":0},"up":{"uv":[3.5,6.0,3.0,2.0],"rotation":90,"texture":"#0","tintindex":0},"west":{"uv":[5.0,6.0,5.5,6.5],"rotation":0,"texture":"#0","tintindex":0}}},{"name":"cube","from":[5.0,8.0,7.7],"to":[5.6,9.8,8.3],"rotation":{"angle":0.0,"axis":"x","origin":[8.0,9.2,7.7]},"faces":{"down":{"uv":[5.0,6.5,4.5,6.0],"rotation":270,"texture":"#0","tintindex":0},"east":{"uv":[3.5,6.0,3.0,7.5],"rotation":0,"texture":"#0","tintindex":0},"north":{"uv":[6.5,3.0,6.0,4.5],"rotation":0,"texture":"#0","tintindex":0},"south":{"uv":[6.0,4.5,5.5,6.0],"rotation":0,"texture":"#0","tintindex":0},"up":{"uv":[4.0,6.0,3.5,6.5],"rotation":90,"texture":"#0","tintindex":0},"west":{"uv":[6.0,3.0,5.5,4.5],"rotation":0,"texture":"#0","tintindex":0}}},{"name":"cube","from":[7.7,21.8,9.5],"to":[8.3,25.400002,10.1],"rotation":{"angle":0.0,"axis":"x","origin":[7.7,9.8,5.8999996]},"faces":{"down":{"uv":[7.0,2.5,6.5,3.0],"rotation":0,"texture":"#0","tintindex":0},"east":{"uv":[4.5,2.0,5.0,5.0],"rotation":0,"texture":"#0","tintindex":0},"north":{"uv":[4.0,2.0,4.5,5.0],"rotation":0,"texture":"#0","tintindex":0},"south":{"uv":[5.0,2.0,5.5,5.0],"rotation":0,"texture":"#0","tintindex":0},"up":{"uv":[7.0,2.5,6.5,2.0],"rotation":0,"texture":"#0","tintindex":0},"west":{"uv":[4.0,5.0,4.5,8.0],"rotation":0,"texture":"#0","tintindex":0}}},{"name":"cube","from":[7.4,23.0,9.2],"to":[8.6,23.0,10.4],"rotation":{"angle":0.0,"axis":"x","origin":[7.4,9.8,5.6]},"faces":{"down":{"uv":[6.5,2.0,5.5,3.0],"rotation":0,"texture":"#0","tintindex":0},"east":{"uv":[0.0,0.0,1.0,0.0],"rotation":0,"texture":"#0","tintindex":0},"north":{"uv":[0.0,0.0,1.0,0.0],"rotation":0,"texture":"#0","tintindex":0},"south":{"uv":[0.0,0.0,1.0,0.0],"rotation":0,"texture":"#0","tintindex":0},"up":{"uv":[5.5,6.0,4.5,5.0],"rotation":0,"texture":"#0","tintindex":0},"west":{"uv":[0.0,0.0,1.0,0.0],"rotation":0,"texture":"#0","tintindex":0}}},{"name":"cube","from":[7.7,22.400002,7.7],"to":[8.3,26.0,8.3],"rotation":{"angle":0.0,"axis":"x","origin":[7.7,10.4,4.1]},"faces":{"down":{"uv":[7.0,2.5,6.5,3.0],"rotation":0,"texture":"#0","tintindex":0},"east":{"uv":[4.5,2.0,5.0,5.0],"rotation":0,"texture":"#0","tintindex":0},"north":{"uv":[4.0,2.0,4.5,5.0],"rotation":0,"texture":"#0","tintindex":0},"south":{"uv":[5.0,2.0,5.5,5.0],"rotation":0,"texture":"#0","tintindex":0},"up":{"uv":[7.0,2.5,6.5,2.0],"rotation":0,"texture":"#0","tintindex":0},"west":{"uv":[4.0,5.0,4.5,8.0],"rotation":0,"texture":"#0","tintindex":0}}},{"name":"cube","from":[7.4,23.600002,7.4],"to":[8.6,23.600002,8.6],"rotation":{"angle":0.0,"axis":"x","origin":[7.4,10.4,3.7999997]},"faces":{"down":{"uv":[6.5,2.0,5.5,3.0],"rotation":0,"texture":"#0","tintindex":0},"east":{"uv":[0.0,0.0,1.0,0.0],"rotation":0,"texture":"#0","tintindex":0},"north":{"uv":[0.0,0.0,1.0,0.0],"rotation":0,"texture":"#0","tintindex":0},"south":{"uv":[0.0,0.0,1.0,0.0],"rotation":0,"texture":"#0","tintindex":0},"up":{"uv":[5.5,6.0,4.5,5.0],"rotation":0,"texture":"#0","tintindex":0},"west":{"uv":[0.0,0.0,1.0,0.0],"rotation":0,"texture":"#0","tintindex":0}}},{"name":"cube","from":[7.7,21.8,5.8999996],"to":[8.3,25.400002,6.5],"rotation":{"angle":0.0,"axis":"x","origin":[7.7,9.8,2.2999997]},"faces":{"down":{"uv":[7.0,2.5,6.5,3.0],"rotation":0,"texture":"#0","tintindex":0},"east":{"uv":[4.5,2.0,5.0,5.0],"rotation":0,"texture":"#0","tintindex":0},"north":{"uv":[4.0,2.0,4.5,5.0],"rotation":0,"texture":"#0","tintindex":0},"south":{"uv":[5.0,2.0,5.5,5.0],"rotation":0,"texture":"#0","tintindex":0},"up":{"uv":[7.0,2.5,6.5,2.0],"rotation":0,"texture":"#0","tintindex":0},"west":{"uv":[4.0,5.0,4.5,8.0],"rotation":0,"texture":"#0","tintindex":0}}},{"name":"cube","from":[7.4,23.0,5.6],"to":[8.6,23.0,6.8],"rotation":{"angle":0.0,"axis":"x","origin":[7.4,9.8,1.9999998]},"faces":{"down":{"uv":[6.5,2.0,5.5,3.0],"rotation":0,"texture":"#0","tintindex":0},"east":{"uv":[0.0,0.0,1.0,0.0],"rotation":0,"texture":"#0","tintindex":0},"north":{"uv":[0.0,0.0,1.0,0.0],"rotation":0,"texture":"#0","tintindex":0},"south":{"uv":[0.0,0.0,1.0,0.0],"rotation":0,"texture":"#0","tintindex":0},"up":{"uv":[5.5,6.0,4.5,5.0],"rotation":0,"texture":"#0","tintindex":0},"west":{"uv":[0.0,0.0,1.0,0.0],"rotation":0,"texture":"#0","tintindex":0}}},{"name":"cube","from":[7.7,21.2,4.1],"to":[8.3,24.8,4.7],"rotation":{"angle":0.0,"axis":"x","origin":[7.7,9.2,0.49999976]},"faces":{"down":{"uv":[7.0,2.5,6.5,3.0],"rotation":0,"texture":"#0","tintindex":0},"east":{"uv":[4.5,2.0,5.0,5.0],"rotation":0,"texture":"#0","tintindex":0},"north":{"uv":[4.0,2.0,4.5,5.0],"rotation":0,"texture":"#0","tintindex":0},"south":{"uv":[5.0,2.0,5.5,5.0],"rotation":0,"texture":"#0","tintindex":0},"up":{"uv":[7.0,2.5,6.5,2.0],"rotation":0,"texture":"#0","tintindex":0},"west":{"uv":[4.0,5.0,4.5,8.0],"rotation":0,"texture":"#0","tintindex":0}}},{"name":"cube","from":[7.4,22.400002,3.7999997],"to":[8.6,22.400002,5.0],"rotation":{"angle":0.0,"axis":"x","origin":[7.4,9.2,0.19999981]},"faces":{"down":{"uv":[6.5,2.0,5.5,3.0],"rotation":0,"texture":"#0","tintindex":0},"east":{"uv":[0.0,0.0,1.0,0.0],"rotation":0,"texture":"#0","tintindex":0},"north":{"uv":[0.0,0.0,1.0,0.0],"rotation":0,"texture":"#0","tintindex":0},"south":{"uv":[0.0,0.0,1.0,0.0],"rotation":0,"texture":"#0","tintindex":0},"up":{"uv":[5.5,6.0,4.5,5.0],"rotation":0,"texture":"#0","tintindex":0},"west":{"uv":[0.0,0.0,1.0,0.0],"rotation":0,"texture":"#0","tintindex":0}}},{"name":"cube","from":[7.7,21.2,9.5],"to":[8.3,21.8,10.1],"rotation":{"angle":0.0,"axis":"x","origin":[8.0,20.900002,8.0]},"faces":{"down":{"uv":[3.0,1.0,2.5,1.5],"rotation":0,"texture":"#0","tintindex":0},"east":{"uv":[2.0,0.0,2.5,0.5],"rotation":0,"texture":"#0","tintindex":0},"north":{"uv":[6.0,5.5,6.5,6.0],"rotation":0,"texture":"#0","tintindex":0},"south":{"uv":[6.0,6.0,6.5,6.5],"rotation":0,"texture":"#0","tintindex":0},"up":{"uv":[2.5,1.5,2.0,1.0],"rotation":0,"texture":"#0","tintindex":0},"west":{"uv":[2.0,0.5,2.5,1.0],"rotation":0,"texture":"#0","tintindex":0}}},{"name":"cube","from":[7.7,21.2,5.8999996],"to":[8.3,21.8,6.5],"rotation":{"angle":0.0,"axis":"x","origin":[8.0,20.900002,4.3999996]},"faces":{"down":{"uv":[3.0,1.0,2.5,1.5],"rotation":0,"texture":"#0","tintindex":0},"east":{"uv":[2.0,0.0,2.5,0.5],"rotation":0,"texture":"#0","tintindex":0},"north":{"uv":[6.0,5.5,6.5,6.0],"rotation":0,"texture":"#0","tintindex":0},"south":{"uv":[6.0,6.0,6.5,6.5],"rotation":0,"texture":"#0","tintindex":0},"up":{"uv":[2.5,1.5,2.0,1.0],"rotation":0,"texture":"#0","tintindex":0},"west":{"uv":[2.0,0.5,2.5,1.0],"rotation":0,"texture":"#0","tintindex":0}}},{"name":"cube","from":[7.7,21.2,7.7],"to":[8.3,22.400002,8.3],"rotation":{"angle":0.0,"axis":"x","origin":[7.7,9.2,4.1]},"faces":{"down":{"uv":[7.0,2.5,6.5,3.0],"rotation":0,"texture":"#0","tintindex":0},"east":{"uv":[6.0,2.5,6.5,3.5],"rotation":0,"texture":"#0","tintindex":0},"north":{"uv":[4.0,1.0,4.5,2.0],"rotation":0,"texture":"#0","tintindex":0},"south":{"uv":[5.0,0.5,5.5,1.5],"rotation":0,"texture":"#0","tintindex":0},"up":{"uv":[7.0,2.5,6.5,2.0],"rotation":0,"texture":"#0","tintindex":0},"west":{"uv":[3.5,3.5,4.0,4.5],"rotation":0,"texture":"#0","tintindex":0}}},{"name":"cube","from":[7.85,24.8,4.3999996],"to":[8.15,25.25,4.3999996],"rotation":{"angle":0.0,"axis":"x","origin":[7.7,9.2,0.49999976]},"faces":{"down":{"uv":[5.5,1.5,5.25,1.5],"rotation":0,"texture":"#0","tintindex":0},"east":{"uv":[3.5,1.5,3.5,1.875],"rotation":0,"texture":"#0","tintindex":0},"north":{"uv":[3.5,1.5,3.75,1.875],"rotation":0,"texture":"#0","tintindex":0},"south":{"uv":[3.5,2.0,3.75,2.375],"rotation":0,"texture":"#0","tintindex":0},"up":{"uv":[6.0,1.5,5.75,1.5],"rotation":0,"texture":"#0","tintindex":0},"west":{"uv":[3.5,2.0,3.5,2.375],"rotation":0,"texture":"#0","tintindex":0}}},{"name":"cube","from":[7.85,25.400002,6.2],"to":[8.15,25.850002,6.2],"rotation":{"angle":0.0,"axis":"x","origin":[7.7,9.8,2.2999997]},"faces":{"down":{"uv":[5.5,1.5,5.25,1.5],"rotation":0,"texture":"#0","tintindex":0},"east":{"uv":[3.5,1.5,3.5,1.875],"rotation":0,"texture":"#0","tintindex":0},"north":{"uv":[3.5,1.5,3.75,1.875],"rotation":0,"texture":"#0","tintindex":0},"south":{"uv":[3.5,2.0,3.75,2.375],"rotation":0,"texture":"#0","tintindex":0},"up":{"uv":[6.0,1.5,5.75,1.5],"rotation":0,"texture":"#0","tintindex":0},"west":{"uv":[3.5,2.0,3.5,2.375],"rotation":0,"texture":"#0","tintindex":0}}},{"name":"cube","from":[7.85,26.0,8.0],"to":[8.15,26.45,8.0],"rotation":{"angle":0.0,"axis":"x","origin":[7.7,10.4,4.1]},"faces":{"down":{"uv":[5.5,1.5,5.25,1.5],"rotation":0,"texture":"#0","tintindex":0},"east":{"uv":[3.5,1.5,3.5,1.875],"rotation":0,"texture":"#0","tintindex":0},"north":{"uv":[3.5,1.5,3.75,1.875],"rotation":0,"texture":"#0","tintindex":0},"south":{"uv":[3.5,2.0,3.75,2.375],"rotation":0,"texture":"#0","tintindex":0},"up":{"uv":[6.0,1.5,5.75,1.5],"rotation":0,"texture":"#0","tintindex":0},"west":{"uv":[3.5,2.0,3.5,2.375],"rotation":0,"texture":"#0","tintindex":0}}},{"name":"cube","from":[7.85,24.8,11.6],"to":[8.15,25.25,11.6],"rotation":{"angle":0.0,"axis":"x","origin":[7.7,9.2,15.5]},"faces":{"down":{"uv":[5.5,1.5,5.25,1.5],"rotation":0,"texture":"#0","tintindex":0},"east":{"uv":[3.5,1.5,3.5,1.875],"rotation":0,"texture":"#0","tintindex":0},"north":{"uv":[3.75,2.0,3.5,2.375],"rotation":0,"texture":"#0","tintindex":0},"south":{"uv":[3.75,1.5,3.5,1.875],"rotation":0,"texture":"#0","tintindex":0},"up":{"uv":[6.0,1.5,5.75,1.5],"rotation":0,"texture":"#0","tintindex":0},"west":{"uv":[3.5,2.0,3.5,2.375],"rotation":0,"texture":"#0","tintindex":0}}},{"name":"cube","from":[7.85,25.400002,9.8],"to":[8.15,25.850002,9.8],"rotation":{"angle":0.0,"axis":"x","origin":[7.7,9.8,13.7]},"faces":{"down":{"uv":[5.5,1.5,5.25,1.5],"rotation":0,"texture":"#0","tintindex":0},"east":{"uv":[3.5,1.5,3.5,1.875],"rotation":0,"texture":"#0","tintindex":0},"north":{"uv":[3.75,2.0,3.5,2.375],"rotation":0,"texture":"#0","tintindex":0},"south":{"uv":[3.75,1.5,3.5,1.875],"rotation":0,"texture":"#0","tintindex":0},"up":{"uv":[6.0,1.5,5.75,1.5],"rotation":0,"texture":"#0","tintindex":0},"west":{"uv":[3.5,2.0,3.5,2.375],"rotation":0,"texture":"#0","tintindex":0}}}],"display":{"head":{"translation":[0.0,-6.4,0.0],"rotation":[0.0,0.0,0.0],"scale":[3.8095,3.8095,3.8095]}}}