{"textures":{"0":"modelengine:entity/nocsy_skeleton_archer_end"},"elements":[{"name":"cube","from":[6.60032,5.93024,9.24416],"to":[8.10368,6.2931204,9.555201],"rotation":{"angle":22.5,"axis":"z","origin":[7.14464,6.11168,9.39968]},"faces":{"down":{"uv":[5.25,7.0,4.875,7.125],"rotation":0,"texture":"#0","tintindex":0},"east":{"uv":[3.25,8.375,3.375,8.5],"rotation":0,"texture":"#0","tintindex":0},"north":{"uv":[7.0,4.5,7.375,4.625],"rotation":0,"texture":"#0","tintindex":0},"south":{"uv":[7.0,4.625,7.375,4.75],"rotation":0,"texture":"#0","tintindex":0},"up":{"uv":[7.375,4.875,7.0,4.75],"rotation":0,"texture":"#0","tintindex":0},"west":{"uv":[3.375,8.375,3.5,8.5],"rotation":0,"texture":"#0","tintindex":0}}},{"name":"cube","from":[5.6672,5.72288,9.65888],"to":[6.91136,6.08576,9.969919],"rotation":{"angle":-45.0,"axis":"y","origin":[7.14464,6.11168,9.39968]},"faces":{"down":{"uv":[7.6875,1.25,7.375,1.375],"rotation":0,"texture":"#0","tintindex":0},"east":{"uv":[8.375,3.375,8.5,3.5],"rotation":0,"texture":"#0","tintindex":0},"north":{"uv":[7.375,0.875,7.6875,1.0],"rotation":0,"texture":"#0","tintindex":0},"south":{"uv":[7.375,1.0,7.6875,1.125],"rotation":0,"texture":"#0","tintindex":0},"up":{"uv":[7.6875,1.25,7.375,1.125],"rotation":0,"texture":"#0","tintindex":0},"west":{"uv":[3.5,8.375,3.625,8.5],"rotation":0,"texture":"#0","tintindex":0}}},{"name":"cube","from":[5.71904,5.7358403,7.7926397],"to":[6.03008,6.11168,8.777599],"rotation":{"angle":0.0,"axis":"x","origin":[7.14464,6.11168,9.39968]},"faces":{"down":{"uv":[4.875,7.875,4.75,8.125],"rotation":0,"texture":"#0","tintindex":0},"east":{"uv":[7.875,2.375,8.125,2.5],"rotation":0,"texture":"#0","tintindex":0},"north":{"uv":[8.375,3.5,8.5,3.625],"rotation":0,"texture":"#0","tintindex":0},"south":{"uv":[3.625,8.375,3.75,8.5],"rotation":0,"texture":"#0","tintindex":0},"up":{"uv":[4.75,8.125,4.625,7.875],"rotation":0,"texture":"#0","tintindex":0},"west":{"uv":[7.875,3.875,8.125,4.0],"rotation":0,"texture":"#0","tintindex":0}}},{"name":"cube","from":[5.408,5.76176,6.704],"to":[5.71904,6.08576,7.84448],"rotation":{"angle":-45.0,"axis":"y","origin":[5.61536,5.90432,8.18144]},"faces":{"down":{"uv":[5.375,7.875,5.25,8.125],"rotation":0,"texture":"#0","tintindex":0},"east":{"uv":[7.875,4.0,8.125,4.125],"rotation":0,"texture":"#0","tintindex":0},"north":{"uv":[3.75,8.375,3.875,8.5],"rotation":0,"texture":"#0","tintindex":0},"south":{"uv":[3.875,8.375,4.0,8.5],"rotation":0,"texture":"#0","tintindex":0},"up":{"uv":[8.0,5.125,7.875,4.875],"rotation":0,"texture":"#0","tintindex":0},"west":{"uv":[4.875,7.875,5.125,8.0],"rotation":0,"texture":"#0","tintindex":0}}},{"name":"cube","from":[6.60032,5.7876797,6.9631996],"to":[7.27424,6.05984,7.27424],"rotation":{"angle":0.0,"axis":"x","origin":[5.61536,5.90432,8.75168]},"faces":{"down":{"uv":[8.3125,5.125,8.125,5.25],"rotation":0,"texture":"#0","tintindex":0},"east":{"uv":[4.0,8.375,4.125,8.5],"rotation":0,"texture":"#0","tintindex":0},"north":{"uv":[8.125,4.75,8.3125,4.875],"rotation":0,"texture":"#0","tintindex":0},"south":{"uv":[4.875,8.125,5.0625,8.25],"rotation":0,"texture":"#0","tintindex":0},"up":{"uv":[8.3125,5.0,8.125,4.875],"rotation":0,"texture":"#0","tintindex":0},"west":{"uv":[4.125,8.375,4.25,8.5],"rotation":0,"texture":"#0","tintindex":0}}},{"name":"cube","from":[7.1709375,6.0838623,7.01504],"to":[7.7411776,6.2912216,7.27424],"rotation":{"angle":22.5,"axis":"z","origin":[7.8966975,6.083862,7.14464]},"faces":{"down":{"uv":[8.6875,6.75,8.5,6.8125],"rotation":0,"texture":"#0","tintindex":0},"east":{"uv":[2.625,8.75,2.6875,8.8125],"rotation":0,"texture":"#0","tintindex":0},"north":{"uv":[6.5,8.5,6.6875,8.5625],"rotation":0,"texture":"#0","tintindex":0},"south":{"uv":[8.5,6.625,8.6875,6.6875],"rotation":0,"texture":"#0","tintindex":0},"up":{"uv":[6.9375,8.5625,6.75,8.5],"rotation":0,"texture":"#0","tintindex":0},"west":{"uv":[8.75,2.625,8.8125,2.6875],"rotation":0,"texture":"#0","tintindex":0}}},{"name":"cube","from":[6.7500277,6.73635,6.6780796],"to":[7.683148,6.99555,6.9891195],"rotation":{"angle":22.5,"axis":"z","origin":[7.3980284,6.76227,6.5744]},"faces":{"down":{"uv":[8.625,4.5,8.375,4.5625],"rotation":0,"texture":"#0","tintindex":0},"east":{"uv":[2.75,8.75,2.8125,8.8125],"rotation":0,"texture":"#0","tintindex":0},"north":{"uv":[4.25,8.375,4.5,8.4375],"rotation":0,"texture":"#0","tintindex":0},"south":{"uv":[8.375,4.375,8.625,4.4375],"rotation":0,"texture":"#0","tintindex":0},"up":{"uv":[4.75,8.4375,4.5,8.375],"rotation":0,"texture":"#0","tintindex":0},"west":{"uv":[8.75,2.75,8.8125,2.8125],"rotation":0,"texture":"#0","tintindex":0}}},{"name":"cube","from":[6.26336,6.5134397,6.62624],"to":[6.9372797,6.8633604,6.9891195],"rotation":{"angle":0.0,"axis":"x","origin":[5.3561597,6.68192,8.18144]},"faces":{"down":{"uv":[8.3125,5.5,8.125,5.625],"rotation":0,"texture":"#0","tintindex":0},"east":{"uv":[4.75,8.375,4.875,8.5],"rotation":0,"texture":"#0","tintindex":0},"north":{"uv":[5.25,8.125,5.4375,8.25],"rotation":0,"texture":"#0","tintindex":0},"south":{"uv":[8.125,5.25,8.3125,5.375],"rotation":0,"texture":"#0","tintindex":0},"up":{"uv":[5.6875,8.25,5.5,8.125],"rotation":0,"texture":"#0","tintindex":0},"west":{"uv":[8.375,4.75,8.5,4.875],"rotation":0,"texture":"#0","tintindex":0}}},{"name":"cube","from":[4.9155197,6.4745607,6.41888],"to":[5.2784,6.8892803,7.71488],"rotation":{"angle":-45.0,"axis":"y","origin":[5.3561597,6.68192,8.18144]},"faces":{"down":{"uv":[3.75,7.25,3.625,7.5625],"rotation":0,"texture":"#0","tintindex":0},"east":{"uv":[7.375,1.5,7.6875,1.625],"rotation":0,"texture":"#0","tintindex":0},"north":{"uv":[4.875,8.375,5.0,8.5],"rotation":0,"texture":"#0","tintindex":0},"south":{"uv":[8.375,4.875,8.5,5.0],"rotation":0,"texture":"#0","tintindex":0},"up":{"uv":[3.625,7.5625,3.5,7.25],"rotation":0,"texture":"#0","tintindex":0},"west":{"uv":[7.375,1.625,7.6875,1.75],"rotation":0,"texture":"#0","tintindex":0}}},{"name":"cube","from":[5.38208,6.44864,7.55936],"to":[5.74496,6.9152,8.699841],"rotation":{"angle":0.0,"axis":"x","origin":[6.88544,6.88928,9.39968]},"faces":{"down":{"uv":[6.0,7.875,5.875,8.125],"rotation":0,"texture":"#0","tintindex":0},"east":{"uv":[7.875,5.5,8.125,5.625],"rotation":0,"texture":"#0","tintindex":0},"north":{"uv":[5.0,8.375,5.125,8.5],"rotation":0,"texture":"#0","tintindex":0},"south":{"uv":[8.375,5.0,8.5,5.125],"rotation":0,"texture":"#0","tintindex":0},"up":{"uv":[5.5,8.125,5.375,7.875],"rotation":0,"texture":"#0","tintindex":0},"west":{"uv":[7.875,5.625,8.125,5.75],"rotation":0,"texture":"#0","tintindex":0}}},{"name":"cube","from":[5.33024,6.4745607,9.632959],"to":[6.62624,6.8892803,9.99584],"rotation":{"angle":-45.0,"axis":"y","origin":[6.88544,6.88928,9.39968]},"faces":{"down":{"uv":[7.6875,2.5,7.375,2.625],"rotation":0,"texture":"#0","tintindex":0},"east":{"uv":[8.375,5.125,8.5,5.25],"rotation":0,"texture":"#0","tintindex":0},"north":{"uv":[7.375,1.75,7.6875,1.875],"rotation":0,"texture":"#0","tintindex":0},"south":{"uv":[7.375,1.875,7.6875,2.0],"rotation":0,"texture":"#0","tintindex":0},"up":{"uv":[7.6875,2.375,7.375,2.25],"rotation":0,"texture":"#0","tintindex":0},"west":{"uv":[8.375,5.25,8.5,5.375],"rotation":0,"texture":"#0","tintindex":0}}},{"name":"cube","from":[6.3152,6.681921,9.218241],"to":[8.1296,7.0966406,9.5811205],"rotation":{"angle":22.5,"axis":"z","origin":[6.88544,6.88928,9.39968]},"faces":{"down":{"uv":[7.5,2.375,7.125,2.5],"rotation":0,"texture":"#0","tintindex":0},"east":{"uv":[5.375,8.375,5.5,8.5],"rotation":0,"texture":"#0","tintindex":0},"north":{"uv":[7.0,4.875,7.375,5.0],"rotation":0,"texture":"#0","tintindex":0},"south":{"uv":[7.125,0.5,7.5,0.625],"rotation":0,"texture":"#0","tintindex":0},"up":{"uv":[7.5,0.75,7.125,0.625],"rotation":0,"texture":"#0","tintindex":0},"west":{"uv":[5.5,8.375,5.625,8.5],"rotation":0,"texture":"#0","tintindex":0}}},{"name":"cube","from":[7.06688,7.2003207,6.49664],"to":[7.84448,7.48544,6.85952],"rotation":{"angle":22.5,"axis":"z","origin":[6.7299194,7.51136,6.54848]},"faces":{"down":{"uv":[8.6875,7.125,8.5,7.1875],"rotation":0,"texture":"#0","tintindex":0},"east":{"uv":[2.875,8.75,2.9375,8.8125],"rotation":0,"texture":"#0","tintindex":0},"north":{"uv":[8.5,6.875,8.6875,6.9375],"rotation":0,"texture":"#0","tintindex":0},"south":{"uv":[7.0,8.5,7.1875,8.5625],"rotation":0,"texture":"#0","tintindex":0},"up":{"uv":[8.6875,7.0625,8.5,7.0],"rotation":0,"texture":"#0","tintindex":0},"west":{"uv":[8.75,2.875,8.8125,2.9375],"rotation":0,"texture":"#0","tintindex":0}}},{"name":"cube","from":[6.23744,7.3299203,6.4448],"to":[7.17056,7.6928,6.85952],"rotation":{"angle":0.0,"axis":"x","origin":[5.3561597,7.51136,8.18144]},"faces":{"down":{"uv":[8.3125,6.0,8.125,6.125],"rotation":0,"texture":"#0","tintindex":0},"east":{"uv":[7.875,8.625,8.0,8.6875],"rotation":0,"texture":"#0","tintindex":0},"north":{"uv":[7.25,8.5,7.4375,8.5625],"rotation":0,"texture":"#0","tintindex":0},"south":{"uv":[8.5,7.25,8.6875,7.3125],"rotation":0,"texture":"#0","tintindex":0},"up":{"uv":[8.3125,5.75,8.125,5.625],"rotation":0,"texture":"#0","tintindex":0},"west":{"uv":[8.625,7.875,8.75,7.9375],"rotation":0,"texture":"#0","tintindex":0}}},{"name":"cube","from":[4.6304,7.2910404,6.3929596],"to":[5.04512,7.7446404,7.63712],"rotation":{"angle":-45.0,"axis":"y","origin":[5.3561597,7.51136,8.18144]},"faces":{"down":{"uv":[6.5,7.875,6.375,8.125],"rotation":0,"texture":"#0","tintindex":0},"east":{"uv":[6.0,7.875,6.25,8.0],"rotation":0,"texture":"#0","tintindex":0},"north":{"uv":[8.375,5.5,8.5,5.625],"rotation":0,"texture":"#0","tintindex":0},"south":{"uv":[5.625,8.375,5.75,8.5],"rotation":0,"texture":"#0","tintindex":0},"up":{"uv":[6.375,8.125,6.25,7.875],"rotation":0,"texture":"#0","tintindex":0},"west":{"uv":[7.875,6.0,8.125,6.125],"rotation":0,"texture":"#0","tintindex":0}}},{"name":"cube","from":[5.2006397,7.2651205,7.32608],"to":[5.61536,7.7705603,8.62208],"rotation":{"angle":0.0,"axis":"x","origin":[6.88544,7.7187204,9.39968]},"faces":{"down":{"uv":[0.875,7.375,0.75,7.6875],"rotation":0,"texture":"#0","tintindex":0},"east":{"uv":[7.375,2.875,7.6875,3.0],"rotation":0,"texture":"#0","tintindex":0},"north":{"uv":[8.375,5.625,8.5,5.75],"rotation":0,"texture":"#0","tintindex":0},"south":{"uv":[8.375,5.75,8.5,5.875],"rotation":0,"texture":"#0","tintindex":0},"up":{"uv":[6.5,7.5625,6.375,7.25],"rotation":0,"texture":"#0","tintindex":0},"west":{"uv":[7.375,3.0,7.6875,3.125],"rotation":0,"texture":"#0","tintindex":0}}},{"name":"cube","from":[5.2006397,7.27808,9.60704],"to":[6.60032,7.7446404,10.021761],"rotation":{"angle":-45.0,"axis":"y","origin":[6.88544,7.7187204,9.39968]},"faces":{"down":{"uv":[7.6875,3.375,7.375,3.5],"rotation":0,"texture":"#0","tintindex":0},"east":{"uv":[8.375,5.875,8.5,6.0],"rotation":0,"texture":"#0","tintindex":0},"north":{"uv":[3.125,7.375,3.4375,7.5],"rotation":0,"texture":"#0","tintindex":0},"south":{"uv":[7.375,3.125,7.6875,3.25],"rotation":0,"texture":"#0","tintindex":0},"up":{"uv":[7.6875,3.375,7.375,3.25],"rotation":0,"texture":"#0","tintindex":0},"west":{"uv":[6.0,8.375,6.125,8.5],"rotation":0,"texture":"#0","tintindex":0}}},{"name":"cube","from":[6.28928,7.48544,9.19232],"to":[8.1555195,7.9520006,9.60704],"rotation":{"angle":22.5,"axis":"z","origin":[6.88544,7.7187204,9.39968]},"faces":{"down":{"uv":[7.5,4.25,7.125,4.375],"rotation":0,"texture":"#0","tintindex":0},"east":{"uv":[8.375,6.0,8.5,6.125],"rotation":0,"texture":"#0","tintindex":0},"north":{"uv":[7.125,3.625,7.5,3.75],"rotation":0,"texture":"#0","tintindex":0},"south":{"uv":[7.125,3.75,7.5,3.875],"rotation":0,"texture":"#0","tintindex":0},"up":{"uv":[7.5,4.25,7.125,4.125],"rotation":0,"texture":"#0","tintindex":0},"west":{"uv":[6.125,8.375,6.25,8.5],"rotation":0,"texture":"#0","tintindex":0}}},{"name":"cube","from":[7.093178,8.390742,6.71264],"to":[7.7152576,8.701781,7.12736],"rotation":{"angle":22.5,"axis":"z","origin":[7.6893377,8.520342,6.92]},"faces":{"down":{"uv":[8.5,8.625,8.375,8.6875],"rotation":0,"texture":"#0","tintindex":0},"east":{"uv":[3.0,8.75,3.0625,8.8125],"rotation":0,"texture":"#0","tintindex":0},"north":{"uv":[8.0,8.625,8.125,8.6875],"rotation":0,"texture":"#0","tintindex":0},"south":{"uv":[8.125,8.625,8.25,8.6875],"rotation":0,"texture":"#0","tintindex":0},"up":{"uv":[8.375,8.6875,8.25,8.625],"rotation":0,"texture":"#0","tintindex":0},"west":{"uv":[8.75,3.0,8.8125,3.0625],"rotation":0,"texture":"#0","tintindex":0}}},{"name":"cube","from":[6.26336,8.13344,6.6608],"to":[7.19648,8.548161,7.12736],"rotation":{"angle":0.0,"axis":"x","origin":[5.408,8.3408,8.5270405]},"faces":{"down":{"uv":[8.3125,6.375,8.125,6.5],"rotation":0,"texture":"#0","tintindex":0},"east":{"uv":[8.5,8.625,8.625,8.6875],"rotation":0,"texture":"#0","tintindex":0},"north":{"uv":[8.5,7.375,8.6875,7.4375],"rotation":0,"texture":"#0","tintindex":0},"south":{"uv":[7.5,8.5,7.6875,8.5625],"rotation":0,"texture":"#0","tintindex":0},"up":{"uv":[6.4375,8.25,6.25,8.125],"rotation":0,"texture":"#0","tintindex":0},"west":{"uv":[8.625,8.625,8.75,8.6875],"rotation":0,"texture":"#0","tintindex":0}}},{"name":"cube","from":[4.6563196,8.107521,6.60896],"to":[5.12288,8.6,8.00864],"rotation":{"angle":-45.0,"axis":"y","origin":[5.408,8.3408,8.5270405]},"faces":{"down":{"uv":[1.375,7.375,1.25,7.6875],"rotation":0,"texture":"#0","tintindex":0},"east":{"uv":[3.75,7.375,4.0625,7.5],"rotation":0,"texture":"#0","tintindex":0},"north":{"uv":[6.25,8.375,6.375,8.5],"rotation":0,"texture":"#0","tintindex":0},"south":{"uv":[8.375,6.25,8.5,6.375],"rotation":0,"texture":"#0","tintindex":0},"up":{"uv":[1.25,7.6875,1.125,7.375],"rotation":0,"texture":"#0","tintindex":0},"west":{"uv":[7.375,4.5,7.6875,4.625],"rotation":0,"texture":"#0","tintindex":0}}},{"name":"cube","from":[5.22656,8.0816,7.64576],"to":[5.69312,8.625919,8.88992],"rotation":{"angle":0.0,"axis":"x","origin":[6.9372797,8.548161,9.74528]},"faces":{"down":{"uv":[6.875,7.875,6.75,8.125],"rotation":0,"texture":"#0","tintindex":0},"east":{"uv":[7.875,6.375,8.125,6.5],"rotation":0,"texture":"#0","tintindex":0},"north":{"uv":[6.375,8.375,6.5,8.5],"rotation":0,"texture":"#0","tintindex":0},"south":{"uv":[8.375,6.375,8.5,6.5],"rotation":0,"texture":"#0","tintindex":0},"up":{"uv":[6.75,8.125,6.625,7.875],"rotation":0,"texture":"#0","tintindex":0},"west":{"uv":[7.875,6.5,8.125,6.625],"rotation":0,"texture":"#0","tintindex":0}}},{"name":"cube","from":[5.17472,8.0816,9.92672],"to":[6.10784,8.6,10.39328],"rotation":{"angle":-45.0,"axis":"y","origin":[6.9372797,8.548161,9.74528]},"faces":{"down":{"uv":[8.3125,6.875,8.125,7.0],"rotation":0,"texture":"#0","tintindex":0},"east":{"uv":[8.375,6.5,8.5,6.625],"rotation":0,"texture":"#0","tintindex":0},"north":{"uv":[8.125,6.5,8.3125,6.625],"rotation":0,"texture":"#0","tintindex":0},"south":{"uv":[6.625,8.125,6.8125,8.25],"rotation":0,"texture":"#0","tintindex":0},"up":{"uv":[7.0625,8.25,6.875,8.125],"rotation":0,"texture":"#0","tintindex":0},"west":{"uv":[8.375,6.625,8.5,6.75],"rotation":0,"texture":"#0","tintindex":0}}},{"name":"cube","from":[5.9119997,8.4041605,9.1088],"to":[8.00288,8.864961,9.575359],"rotation":{"angle":22.5,"axis":"z","origin":[6.9372797,8.548161,9.74528]},"faces":{"down":{"uv":[7.3125,0.875,6.875,1.0],"rotation":0,"texture":"#0","tintindex":0},"east":{"uv":[6.75,8.375,6.875,8.5],"rotation":0,"texture":"#0","tintindex":0},"north":{"uv":[6.625,3.75,7.0625,3.875],"rotation":0,"texture":"#0","tintindex":0},"south":{"uv":[6.75,3.0,7.1875,3.125],"rotation":0,"texture":"#0","tintindex":0},"up":{"uv":[7.3125,0.875,6.875,0.75],"rotation":0,"texture":"#0","tintindex":0},"west":{"uv":[8.375,6.75,8.5,6.875],"rotation":0,"texture":"#0","tintindex":0}}},{"name":"cube","from":[7.99712,8.4041605,9.1088],"to":[10.087999,8.864961,9.575359],"rotation":{"angle":-22.5,"axis":"z","origin":[9.06272,8.548161,9.74528]},"faces":{"down":{"uv":[7.3125,2.5,6.875,2.625],"rotation":0,"texture":"#0","tintindex":0},"east":{"uv":[6.875,8.375,7.0,8.5],"rotation":0,"texture":"#0","tintindex":0},"north":{"uv":[1.875,6.875,2.3125,7.0],"rotation":0,"texture":"#0","tintindex":0},"south":{"uv":[6.875,1.875,7.3125,2.0],"rotation":0,"texture":"#0","tintindex":0},"up":{"uv":[2.8125,7.0,2.375,6.875],"rotation":0,"texture":"#0","tintindex":0},"west":{"uv":[8.375,6.875,8.5,7.0],"rotation":0,"texture":"#0","tintindex":0}}},{"name":"cube","from":[7.89632,5.93024,9.24416],"to":[9.39968,6.2931204,9.555201],"rotation":{"angle":-22.5,"axis":"z","origin":[8.85536,6.11168,9.39968]},"faces":{"down":{"uv":[7.5,5.125,7.125,5.25],"rotation":0,"texture":"#0","tintindex":0},"east":{"uv":[7.0,8.375,7.125,8.5],"rotation":0,"texture":"#0","tintindex":0},"north":{"uv":[7.125,4.375,7.5,4.5],"rotation":0,"texture":"#0","tintindex":0},"south":{"uv":[4.75,7.125,5.125,7.25],"rotation":0,"texture":"#0","tintindex":0},"up":{"uv":[7.5,5.125,7.125,5.0],"rotation":0,"texture":"#0","tintindex":0},"west":{"uv":[8.375,7.0,8.5,7.125],"rotation":0,"texture":"#0","tintindex":0}}},{"name":"cube","from":[9.08864,5.72288,9.65888],"to":[10.3328,6.08576,9.969919],"rotation":{"angle":45.0,"axis":"y","origin":[8.85536,6.11168,9.39968]},"faces":{"down":{"uv":[7.6875,4.875,7.375,5.0],"rotation":0,"texture":"#0","tintindex":0},"east":{"uv":[7.125,8.375,7.25,8.5],"rotation":0,"texture":"#0","tintindex":0},"north":{"uv":[7.375,4.625,7.6875,4.75],"rotation":0,"texture":"#0","tintindex":0},"south":{"uv":[4.75,7.375,5.0625,7.5],"rotation":0,"texture":"#0","tintindex":0},"up":{"uv":[7.6875,4.875,7.375,4.75],"rotation":0,"texture":"#0","tintindex":0},"west":{"uv":[8.375,7.125,8.5,7.25],"rotation":0,"texture":"#0","tintindex":0}}},{"name":"cube","from":[9.96992,5.7358403,7.7926397],"to":[10.28096,6.11168,8.777599],"rotation":{"angle":0.0,"axis":"x","origin":[8.85536,6.11168,9.39968]},"faces":{"down":{"uv":[7.5,7.875,7.375,8.125],"rotation":0,"texture":"#0","tintindex":0},"east":{"uv":[6.875,7.875,7.125,8.0],"rotation":0,"texture":"#0","tintindex":0},"north":{"uv":[7.25,8.375,7.375,8.5],"rotation":0,"texture":"#0","tintindex":0},"south":{"uv":[8.375,7.25,8.5,7.375],"rotation":0,"texture":"#0","tintindex":0},"up":{"uv":[8.0,7.375,7.875,7.125],"rotation":0,"texture":"#0","tintindex":0},"west":{"uv":[7.125,7.875,7.375,8.0],"rotation":0,"texture":"#0","tintindex":0}}},{"name":"cube","from":[10.28096,5.76176,6.704],"to":[10.592,6.08576,7.84448],"rotation":{"angle":45.0,"axis":"y","origin":[10.38464,5.90432,8.18144]},"faces":{"down":{"uv":[8.0,7.75,7.875,8.0],"rotation":0,"texture":"#0","tintindex":0},"east":{"uv":[7.875,7.375,8.125,7.5],"rotation":0,"texture":"#0","tintindex":0},"north":{"uv":[8.375,7.375,8.5,7.5],"rotation":0,"texture":"#0","tintindex":0},"south":{"uv":[7.5,8.375,7.625,8.5],"rotation":0,"texture":"#0","tintindex":0},"up":{"uv":[7.875,8.125,7.75,7.875],"rotation":0,"texture":"#0","tintindex":0},"west":{"uv":[7.5,7.875,7.75,8.0],"rotation":0,"texture":"#0","tintindex":0}}},{"name":"cube","from":[8.72576,5.7876797,6.9631996],"to":[9.39968,6.05984,7.27424],"rotation":{"angle":0.0,"axis":"x","origin":[10.38464,5.90432,8.75168]},"faces":{"down":{"uv":[8.3125,7.375,8.125,7.5],"rotation":0,"texture":"#0","tintindex":0},"east":{"uv":[8.375,7.5,8.5,7.625],"rotation":0,"texture":"#0","tintindex":0},"north":{"uv":[8.125,7.0,8.3125,7.125],"rotation":0,"texture":"#0","tintindex":0},"south":{"uv":[8.125,7.125,8.3125,7.25],"rotation":0,"texture":"#0","tintindex":0},"up":{"uv":[8.3125,7.375,8.125,7.25],"rotation":0,"texture":"#0","tintindex":0},"west":{"uv":[7.625,8.375,7.75,8.5],"rotation":0,"texture":"#0","tintindex":0}}},{"name":"cube","from":[8.258822,6.0838623,7.01504],"to":[8.829062,6.2912216,7.27424],"rotation":{"angle":-22.5,"axis":"z","origin":[8.103302,6.083862,7.14464]},"faces":{"down":{"uv":[8.6875,8.0,8.5,8.0625],"rotation":0,"texture":"#0","tintindex":0},"east":{"uv":[3.125,8.75,3.1875,8.8125],"rotation":0,"texture":"#0","tintindex":0},"north":{"uv":[8.5,7.5,8.6875,7.5625],"rotation":0,"texture":"#0","tintindex":0},"south":{"uv":[7.75,8.5,7.9375,8.5625],"rotation":0,"texture":"#0","tintindex":0},"up":{"uv":[8.1875,8.5625,8.0,8.5],"rotation":0,"texture":"#0","tintindex":0},"west":{"uv":[8.75,3.125,8.8125,3.1875],"rotation":0,"texture":"#0","tintindex":0}}},{"name":"cube","from":[8.316853,6.73635,6.6780796],"to":[9.249971,6.99555,6.9891195],"rotation":{"angle":-22.5,"axis":"z","origin":[8.601972,6.76227,6.5744]},"faces":{"down":{"uv":[8.625,7.875,8.375,7.9375],"rotation":0,"texture":"#0","tintindex":0},"east":{"uv":[3.25,8.75,3.3125,8.8125],"rotation":0,"texture":"#0","tintindex":0},"north":{"uv":[8.375,7.625,8.625,7.6875],"rotation":0,"texture":"#0","tintindex":0},"south":{"uv":[8.375,7.75,8.625,7.8125],"rotation":0,"texture":"#0","tintindex":0},"up":{"uv":[8.125,8.4375,7.875,8.375],"rotation":0,"texture":"#0","tintindex":0},"west":{"uv":[8.75,3.25,8.8125,3.3125],"rotation":0,"texture":"#0","tintindex":0}}},{"name":"cube","from":[9.06272,6.5134397,6.62624],"to":[9.73664,6.8633604,6.9891195],"rotation":{"angle":0.0,"axis":"x","origin":[10.643841,6.68192,8.18144]},"faces":{"down":{"uv":[8.4375,0.0,8.25,0.125],"rotation":0,"texture":"#0","tintindex":0},"east":{"uv":[8.375,8.0,8.5,8.125],"rotation":0,"texture":"#0","tintindex":0},"north":{"uv":[8.125,7.875,8.3125,8.0],"rotation":0,"texture":"#0","tintindex":0},"south":{"uv":[8.0,8.125,8.1875,8.25],"rotation":0,"texture":"#0","tintindex":0},"up":{"uv":[8.3125,8.125,8.125,8.0],"rotation":0,"texture":"#0","tintindex":0},"west":{"uv":[8.125,8.375,8.25,8.5],"rotation":0,"texture":"#0","tintindex":0}}},{"name":"cube","from":[10.7216,6.4745607,6.41888],"to":[11.08448,6.8892803,7.71488],"rotation":{"angle":45.0,"axis":"y","origin":[10.643841,6.68192,8.18144]},"faces":{"down":{"uv":[4.25,7.375,4.125,7.6875],"rotation":0,"texture":"#0","tintindex":0},"east":{"uv":[7.375,6.375,7.6875,6.5],"rotation":0,"texture":"#0","tintindex":0},"north":{"uv":[8.375,8.25,8.5,8.375],"rotation":0,"texture":"#0","tintindex":0},"south":{"uv":[8.375,8.375,8.5,8.5],"rotation":0,"texture":"#0","tintindex":0},"up":{"uv":[2.875,7.6875,2.75,7.375],"rotation":0,"texture":"#0","tintindex":0},"west":{"uv":[6.5,7.375,6.8125,7.5],"rotation":0,"texture":"#0","tintindex":0}}},{"name":"cube","from":[10.25504,6.44864,7.55936],"to":[10.61792,6.9152,8.699841],"rotation":{"angle":0.0,"axis":"x","origin":[9.11456,6.88928,9.39968]},"faces":{"down":{"uv":[8.125,0.625,8.0,0.875],"rotation":0,"texture":"#0","tintindex":0},"east":{"uv":[0.0,8.0,0.25,8.125],"rotation":0,"texture":"#0","tintindex":0},"north":{"uv":[8.5,0.0,8.625,0.125],"rotation":0,"texture":"#0","tintindex":0},"south":{"uv":[0.125,8.5,0.25,8.625],"rotation":0,"texture":"#0","tintindex":0},"up":{"uv":[8.125,0.625,8.0,0.375],"rotation":0,"texture":"#0","tintindex":0},"west":{"uv":[8.0,0.25,8.25,0.375],"rotation":0,"texture":"#0","tintindex":0}}},{"name":"cube","from":[9.37376,6.4745607,9.632959],"to":[10.66976,6.8892803,9.99584],"rotation":{"angle":45.0,"axis":"y","origin":[9.11456,6.88928,9.39968]},"faces":{"down":{"uv":[7.1875,7.375,6.875,7.5],"rotation":0,"texture":"#0","tintindex":0},"east":{"uv":[8.5,0.125,8.625,0.25],"rotation":0,"texture":"#0","tintindex":0},"north":{"uv":[7.375,6.5,7.6875,6.625],"rotation":0,"texture":"#0","tintindex":0},"south":{"uv":[7.375,6.625,7.6875,6.75],"rotation":0,"texture":"#0","tintindex":0},"up":{"uv":[7.6875,6.875,7.375,6.75],"rotation":0,"texture":"#0","tintindex":0},"west":{"uv":[0.25,8.5,0.375,8.625],"rotation":0,"texture":"#0","tintindex":0}}},{"name":"cube","from":[7.8704,6.681921,9.218241],"to":[9.684801,7.0966406,9.5811205],"rotation":{"angle":-22.5,"axis":"z","origin":[9.11456,6.88928,9.39968]},"faces":{"down":{"uv":[7.5,5.625,7.125,5.75],"rotation":0,"texture":"#0","tintindex":0},"east":{"uv":[8.5,0.25,8.625,0.375],"rotation":0,"texture":"#0","tintindex":0},"north":{"uv":[7.125,5.25,7.5,5.375],"rotation":0,"texture":"#0","tintindex":0},"south":{"uv":[7.125,5.375,7.5,5.5],"rotation":0,"texture":"#0","tintindex":0},"up":{"uv":[7.5,5.625,7.125,5.5],"rotation":0,"texture":"#0","tintindex":0},"west":{"uv":[0.375,8.5,0.5,8.625],"rotation":0,"texture":"#0","tintindex":0}}},{"name":"cube","from":[8.1555195,7.2003207,6.49664],"to":[8.933121,7.48544,6.85952],"rotation":{"angle":-22.5,"axis":"z","origin":[9.270081,7.51136,6.54848]},"faces":{"down":{"uv":[8.6875,8.375,8.5,8.4375],"rotation":0,"texture":"#0","tintindex":0},"east":{"uv":[3.375,8.75,3.4375,8.8125],"rotation":0,"texture":"#0","tintindex":0},"north":{"uv":[8.5,8.125,8.6875,8.1875],"rotation":0,"texture":"#0","tintindex":0},"south":{"uv":[8.25,8.5,8.4375,8.5625],"rotation":0,"texture":"#0","tintindex":0},"up":{"uv":[8.6875,8.3125,8.5,8.25],"rotation":0,"texture":"#0","tintindex":0},"west":{"uv":[8.75,3.375,8.8125,3.4375],"rotation":0,"texture":"#0","tintindex":0}}},{"name":"cube","from":[8.829439,7.3299203,6.4448],"to":[9.76256,7.6928,6.85952],"rotation":{"angle":0.0,"axis":"x","origin":[10.643841,7.51136,8.18144]},"faces":{"down":{"uv":[8.4375,0.25,8.25,0.375],"rotation":0,"texture":"#0","tintindex":0},"east":{"uv":[0.0,8.75,0.125,8.8125],"rotation":0,"texture":"#0","tintindex":0},"north":{"uv":[8.5,8.5,8.6875,8.5625],"rotation":0,"texture":"#0","tintindex":0},"south":{"uv":[0.0,8.625,0.1875,8.6875],"rotation":0,"texture":"#0","tintindex":0},"up":{"uv":[8.4375,0.25,8.25,0.125],"rotation":0,"texture":"#0","tintindex":0},"west":{"uv":[0.125,8.75,0.25,8.8125],"rotation":0,"texture":"#0","tintindex":0}}},{"name":"cube","from":[10.38464,7.2651205,7.32608],"to":[10.79936,7.7705603,8.62208],"rotation":{"angle":0.0,"axis":"x","origin":[9.11456,7.7187204,9.39968]},"faces":{"down":{"uv":[6.375,7.375,6.25,7.6875],"rotation":0,"texture":"#0","tintindex":0},"east":{"uv":[7.375,6.875,7.6875,7.0],"rotation":0,"texture":"#0","tintindex":0},"north":{"uv":[8.5,0.375,8.625,0.5],"rotation":0,"texture":"#0","tintindex":0},"south":{"uv":[0.5,8.5,0.625,8.625],"rotation":0,"texture":"#0","tintindex":0},"up":{"uv":[6.25,7.6875,6.125,7.375],"rotation":0,"texture":"#0","tintindex":0},"west":{"uv":[7.375,7.0,7.6875,7.125],"rotation":0,"texture":"#0","tintindex":0}}},{"name":"cube","from":[9.39968,7.27808,9.60704],"to":[10.79936,7.7446404,10.021761],"rotation":{"angle":45.0,"axis":"y","origin":[9.11456,7.7187204,9.39968]},"faces":{"down":{"uv":[7.8125,0.5,7.5,0.625],"rotation":0,"texture":"#0","tintindex":0},"east":{"uv":[8.5,0.5,8.625,0.625],"rotation":0,"texture":"#0","tintindex":0},"north":{"uv":[7.25,7.375,7.5625,7.5],"rotation":0,"texture":"#0","tintindex":0},"south":{"uv":[0.0,7.5,0.3125,7.625],"rotation":0,"texture":"#0","tintindex":0},"up":{"uv":[0.6875,7.625,0.375,7.5],"rotation":0,"texture":"#0","tintindex":0},"west":{"uv":[0.625,8.5,0.75,8.625],"rotation":0,"texture":"#0","tintindex":0}}},{"name":"cube","from":[7.84448,7.48544,9.19232],"to":[9.71072,7.9520006,9.60704],"rotation":{"angle":-22.5,"axis":"z","origin":[9.11456,7.7187204,9.39968]},"faces":{"down":{"uv":[7.5,6.25,7.125,6.375],"rotation":0,"texture":"#0","tintindex":0},"east":{"uv":[8.5,0.625,8.625,0.75],"rotation":0,"texture":"#0","tintindex":0},"north":{"uv":[7.125,5.75,7.5,5.875],"rotation":0,"texture":"#0","tintindex":0},"south":{"uv":[7.125,5.875,7.5,6.0],"rotation":0,"texture":"#0","tintindex":0},"up":{"uv":[7.5,6.25,7.125,6.125],"rotation":0,"texture":"#0","tintindex":0},"west":{"uv":[0.75,8.5,0.875,8.625],"rotation":0,"texture":"#0","tintindex":0}}},{"name":"cube","from":[8.284742,8.390742,6.71264],"to":[8.906822,8.701781,7.12736],"rotation":{"angle":-22.5,"axis":"z","origin":[8.310662,8.520342,6.92]},"faces":{"down":{"uv":[8.875,0.375,8.75,0.4375],"rotation":0,"texture":"#0","tintindex":0},"east":{"uv":[3.5,8.75,3.5625,8.8125],"rotation":0,"texture":"#0","tintindex":0},"north":{"uv":[0.25,8.75,0.375,8.8125],"rotation":0,"texture":"#0","tintindex":0},"south":{"uv":[8.75,0.25,8.875,0.3125],"rotation":0,"texture":"#0","tintindex":0},"up":{"uv":[0.5,8.8125,0.375,8.75],"rotation":0,"texture":"#0","tintindex":0},"west":{"uv":[8.75,3.5,8.8125,3.5625],"rotation":0,"texture":"#0","tintindex":0}}},{"name":"cube","from":[8.80352,8.13344,6.6608],"to":[9.73664,8.548161,7.12736],"rotation":{"angle":0.0,"axis":"x","origin":[10.592,8.3408,8.5270405]},"faces":{"down":{"uv":[8.4375,0.5,8.25,0.625],"rotation":0,"texture":"#0","tintindex":0},"east":{"uv":[0.5,8.75,0.625,8.8125],"rotation":0,"texture":"#0","tintindex":0},"north":{"uv":[8.625,0.0,8.8125,0.0625],"rotation":0,"texture":"#0","tintindex":0},"south":{"uv":[8.625,0.125,8.8125,0.1875],"rotation":0,"texture":"#0","tintindex":0},"up":{"uv":[8.4375,0.5,8.25,0.375],"rotation":0,"texture":"#0","tintindex":0},"west":{"uv":[8.75,0.5,8.875,0.5625],"rotation":0,"texture":"#0","tintindex":0}}},{"name":"cube","from":[10.877121,8.107521,6.60896],"to":[11.34368,8.6,8.00864],"rotation":{"angle":45.0,"axis":"y","origin":[10.592,8.3408,8.5270405]},"faces":{"down":{"uv":[3.375,7.5,3.25,7.8125],"rotation":0,"texture":"#0","tintindex":0},"east":{"uv":[7.5,0.625,7.8125,0.75],"rotation":0,"texture":"#0","tintindex":0},"north":{"uv":[8.5,0.75,8.625,0.875],"rotation":0,"texture":"#0","tintindex":0},"south":{"uv":[8.5,0.875,8.625,1.0],"rotation":0,"texture":"#0","tintindex":0},"up":{"uv":[3.25,7.8125,3.125,7.5],"rotation":0,"texture":"#0","tintindex":0},"west":{"uv":[7.5,2.375,7.8125,2.5],"rotation":0,"texture":"#0","tintindex":0}}},{"name":"cube","from":[10.30688,8.0816,7.64576],"to":[10.77344,8.625919,8.88992],"rotation":{"angle":0.0,"axis":"x","origin":[9.06272,8.548161,9.74528]},"faces":{"down":{"uv":[8.125,1.0,8.0,1.25],"rotation":0,"texture":"#0","tintindex":0},"east":{"uv":[0.75,8.0,1.0,8.125],"rotation":0,"texture":"#0","tintindex":0},"north":{"uv":[8.5,1.0,8.625,1.125],"rotation":0,"texture":"#0","tintindex":0},"south":{"uv":[1.125,8.5,1.25,8.625],"rotation":0,"texture":"#0","tintindex":0},"up":{"uv":[1.125,8.25,1.0,8.0],"rotation":0,"texture":"#0","tintindex":0},"west":{"uv":[8.0,0.875,8.25,1.0],"rotation":0,"texture":"#0","tintindex":0}}},{"name":"cube","from":[9.89216,8.0816,9.92672],"to":[10.825279,8.6,10.39328],"rotation":{"angle":45.0,"axis":"y","origin":[9.06272,8.548161,9.74528]},"faces":{"down":{"uv":[8.4375,1.0,8.25,1.125],"rotation":0,"texture":"#0","tintindex":0},"east":{"uv":[8.5,1.125,8.625,1.25],"rotation":0,"texture":"#0","tintindex":0},"north":{"uv":[8.25,0.625,8.4375,0.75],"rotation":0,"texture":"#0","tintindex":0},"south":{"uv":[8.25,0.75,8.4375,0.875],"rotation":0,"texture":"#0","tintindex":0},"up":{"uv":[8.4375,1.0,8.25,0.875],"rotation":0,"texture":"#0","tintindex":0},"west":{"uv":[1.25,8.5,1.375,8.625],"rotation":0,"texture":"#0","tintindex":0}}},{"name":"cube","from":[10.954881,7.2910404,6.3929596],"to":[11.369599,7.7446404,7.63712],"rotation":{"angle":45.0,"axis":"y","origin":[10.643841,7.51136,8.18144]},"faces":{"down":{"uv":[8.125,1.375,8.0,1.625],"rotation":0,"texture":"#0","tintindex":0},"east":{"uv":[1.125,8.0,1.375,8.125],"rotation":0,"texture":"#0","tintindex":0},"north":{"uv":[8.5,1.25,8.625,1.375],"rotation":0,"texture":"#0","tintindex":0},"south":{"uv":[1.375,8.5,1.5,8.625],"rotation":0,"texture":"#0","tintindex":0},"up":{"uv":[1.5,8.25,1.375,8.0],"rotation":0,"texture":"#0","tintindex":0},"west":{"uv":[8.0,1.25,8.25,1.375],"rotation":0,"texture":"#0","tintindex":0}}},{"name":"cube","from":[8.513,6.6140003,9.728001],"to":[11.267,9.314001,9.728001],"rotation":{"angle":-22.5,"axis":"z","origin":[9.889999,8.882001,9.323]},"faces":{"down":{"uv":[0.5625,0.0,0.0,0.0],"rotation":0,"texture":"#0","tintindex":0},"east":{"uv":[0.0,0.0,0.0,0.5625],"rotation":0,"texture":"#0","tintindex":0},"north":{"uv":[2.5,2.875,3.0625,3.4375],"rotation":0,"texture":"#0","tintindex":0},"south":{"uv":[3.125,0.0,3.6875,0.5625],"rotation":0,"texture":"#0","tintindex":0},"up":{"uv":[0.5625,0.0,0.0,0.0],"rotation":0,"texture":"#0","tintindex":0},"west":{"uv":[0.0,0.0,0.0,0.5625],"rotation":0,"texture":"#0","tintindex":0}}},{"name":"cube","from":[8.081,9.206,8.972],"to":[8.783,9.8,9.62],"rotation":{"angle":0.0,"axis":"x","origin":[9.889999,8.882001,9.323]},"faces":{"down":{"uv":[1.875,8.5,1.75,8.625],"rotation":0,"texture":"#0","tintindex":0},"east":{"uv":[1.5,8.5,1.625,8.625],"rotation":0,"texture":"#0","tintindex":0},"north":{"uv":[8.5,1.375,8.625,1.5],"rotation":0,"texture":"#0","tintindex":0},"south":{"uv":[8.5,1.5,8.625,1.625],"rotation":0,"texture":"#0","tintindex":0},"up":{"uv":[8.625,1.75,8.5,1.625],"rotation":0,"texture":"#0","tintindex":0},"west":{"uv":[1.625,8.5,1.75,8.625],"rotation":0,"texture":"#0","tintindex":0}}},{"name":"cube","from":[8.513,8.774,8.864],"to":[11.267,9.314001,9.674],"rotation":{"angle":-22.5,"axis":"z","origin":[9.889999,8.882001,9.323]},"faces":{"down":{"uv":[6.4375,2.0,5.875,2.1875],"rotation":0,"texture":"#0","tintindex":0},"east":{"uv":[8.25,1.125,8.4375,1.25],"rotation":0,"texture":"#0","tintindex":0},"north":{"uv":[6.375,1.375,6.9375,1.5],"rotation":0,"texture":"#0","tintindex":0},"south":{"uv":[6.5,0.625,7.0625,0.75],"rotation":0,"texture":"#0","tintindex":0},"up":{"uv":[6.3125,5.0625,5.75,4.875],"rotation":0,"texture":"#0","tintindex":0},"west":{"uv":[8.25,1.25,8.4375,1.375],"rotation":0,"texture":"#0","tintindex":0}}},{"name":"cube","from":[4.733,6.6140003,9.728001],"to":[7.487,9.314001,9.728001],"rotation":{"angle":22.5,"axis":"z","origin":[6.1099997,8.882001,9.323]},"faces":{"down":{"uv":[0.5625,0.0,0.0,0.0],"rotation":0,"texture":"#0","tintindex":0},"east":{"uv":[0.0,0.0,0.0,0.5625],"rotation":0,"texture":"#0","tintindex":0},"north":{"uv":[3.125,0.625,3.6875,1.1875],"rotation":0,"texture":"#0","tintindex":0},"south":{"uv":[3.125,2.875,3.6875,3.4375],"rotation":0,"texture":"#0","tintindex":0},"up":{"uv":[0.5625,0.0,0.0,0.0],"rotation":0,"texture":"#0","tintindex":0},"west":{"uv":[0.0,0.0,0.0,0.5625],"rotation":0,"texture":"#0","tintindex":0}}},{"name":"cube","from":[7.217,9.206,8.972],"to":[7.9189997,9.8,9.62],"rotation":{"angle":0.0,"axis":"x","origin":[6.1099997,8.882001,9.323]},"faces":{"down":{"uv":[2.25,8.5,2.125,8.625],"rotation":0,"texture":"#0","tintindex":0},"east":{"uv":[1.875,8.5,2.0,8.625],"rotation":0,"texture":"#0","tintindex":0},"north":{"uv":[8.5,1.75,8.625,1.875],"rotation":0,"texture":"#0","tintindex":0},"south":{"uv":[8.5,1.875,8.625,2.0],"rotation":0,"texture":"#0","tintindex":0},"up":{"uv":[8.625,2.125,8.5,2.0],"rotation":0,"texture":"#0","tintindex":0},"west":{"uv":[2.0,8.5,2.125,8.625],"rotation":0,"texture":"#0","tintindex":0}}},{"name":"cube","from":[4.733,8.774,8.864],"to":[7.487,9.314001,9.674],"rotation":{"angle":22.5,"axis":"z","origin":[6.1099997,8.882001,9.323]},"faces":{"down":{"uv":[6.4375,2.75,5.875,2.9375],"rotation":0,"texture":"#0","tintindex":0},"east":{"uv":[8.25,1.375,8.4375,1.5],"rotation":0,"texture":"#0","tintindex":0},"north":{"uv":[6.5,2.375,7.0625,2.5],"rotation":0,"texture":"#0","tintindex":0},"south":{"uv":[6.5,3.625,7.0625,3.75],"rotation":0,"texture":"#0","tintindex":0},"up":{"uv":[6.4375,2.4375,5.875,2.25],"rotation":0,"texture":"#0","tintindex":0},"west":{"uv":[8.25,1.5,8.4375,1.625],"rotation":0,"texture":"#0","tintindex":0}}},{"name":"cube","from":[7.541,2.834,8.864],"to":[8.459,3.3739998,9.458],"rotation":{"angle":0.0,"axis":"x","origin":[7.649,6.722,8.0]},"faces":{"down":{"uv":[8.4375,2.0,8.25,2.125],"rotation":0,"texture":"#0","tintindex":0},"east":{"uv":[8.5,2.125,8.625,2.25],"rotation":0,"texture":"#0","tintindex":0},"north":{"uv":[8.25,1.625,8.4375,1.75],"rotation":0,"texture":"#0","tintindex":0},"south":{"uv":[8.25,1.75,8.4375,1.875],"rotation":0,"texture":"#0","tintindex":0},"up":{"uv":[8.4375,2.0,8.25,1.875],"rotation":0,"texture":"#0","tintindex":0},"west":{"uv":[2.25,8.5,2.375,8.625],"rotation":0,"texture":"#0","tintindex":0}}},{"name":"cube","from":[7.433,4.13,8.702],"to":[8.566999,4.67,9.458],"rotation":{"angle":0.0,"axis":"x","origin":[7.757,6.722,8.0]},"faces":{"down":{"uv":[1.375,7.125,1.125,7.3125],"rotation":0,"texture":"#0","tintindex":0},"east":{"uv":[8.25,2.125,8.4375,2.25],"rotation":0,"texture":"#0","tintindex":0},"north":{"uv":[1.5,8.0,1.75,8.125],"rotation":0,"texture":"#0","tintindex":0},"south":{"uv":[8.0,1.625,8.25,1.75],"rotation":0,"texture":"#0","tintindex":0},"up":{"uv":[0.25,7.3125,0.0,7.125],"rotation":0,"texture":"#0","tintindex":0},"west":{"uv":[8.25,2.25,8.4375,2.375],"rotation":0,"texture":"#0","tintindex":0}}},{"name":"cube","from":[7.433,5.75,8.702],"to":[8.566999,6.29,9.458],"rotation":{"angle":0.0,"axis":"x","origin":[7.757,6.722,8.0]},"faces":{"down":{"uv":[6.375,7.125,6.125,7.3125],"rotation":0,"texture":"#0","tintindex":0},"east":{"uv":[2.5,8.25,2.6875,8.375],"rotation":0,"texture":"#0","tintindex":0},"north":{"uv":[1.75,8.0,2.0,8.125],"rotation":0,"texture":"#0","tintindex":0},"south":{"uv":[8.0,1.75,8.25,1.875],"rotation":0,"texture":"#0","tintindex":0},"up":{"uv":[4.0,7.3125,3.75,7.125],"rotation":0,"texture":"#0","tintindex":0},"west":{"uv":[8.25,2.5,8.4375,2.625],"rotation":0,"texture":"#0","tintindex":0}}},{"name":"cube","from":[7.433,7.3700004,8.702],"to":[8.566999,7.9100003,9.458],"rotation":{"angle":0.0,"axis":"x","origin":[7.757,6.722,8.0]},"faces":{"down":{"uv":[6.75,7.125,6.5,7.3125],"rotation":0,"texture":"#0","tintindex":0},"east":{"uv":[8.25,3.125,8.4375,3.25],"rotation":0,"texture":"#0","tintindex":0},"north":{"uv":[8.0,1.875,8.25,2.0],"rotation":0,"texture":"#0","tintindex":0},"south":{"uv":[2.0,8.0,2.25,8.125],"rotation":0,"texture":"#0","tintindex":0},"up":{"uv":[7.375,6.5625,7.125,6.375],"rotation":0,"texture":"#0","tintindex":0},"west":{"uv":[8.25,3.25,8.4375,3.375],"rotation":0,"texture":"#0","tintindex":0}}},{"name":"cube","from":[7.433,10.394,8.702],"to":[8.566999,10.934001,9.512001],"rotation":{"angle":0.0,"axis":"x","origin":[7.757,6.722,8.0]},"faces":{"down":{"uv":[7.0,7.125,6.75,7.3125],"rotation":0,"texture":"#0","tintindex":0},"east":{"uv":[8.25,3.625,8.4375,3.75],"rotation":0,"texture":"#0","tintindex":0},"north":{"uv":[2.25,8.0,2.5,8.125],"rotation":0,"texture":"#0","tintindex":0},"south":{"uv":[8.0,2.25,8.25,2.375],"rotation":0,"texture":"#0","tintindex":0},"up":{"uv":[7.375,6.8125,7.125,6.625],"rotation":0,"texture":"#0","tintindex":0},"west":{"uv":[8.25,3.75,8.4375,3.875],"rotation":0,"texture":"#0","tintindex":0}}},{"name":"cube","from":[7.433,8.99,8.702],"to":[8.566999,9.530001,9.512001],"rotation":{"angle":0.0,"axis":"x","origin":[7.757,6.722,8.0]},"faces":{"down":{"uv":[7.25,7.125,7.0,7.3125],"rotation":0,"texture":"#0","tintindex":0},"east":{"uv":[8.25,3.875,8.4375,4.0],"rotation":0,"texture":"#0","tintindex":0},"north":{"uv":[2.5,8.0,2.75,8.125],"rotation":0,"texture":"#0","tintindex":0},"south":{"uv":[8.0,2.5,8.25,2.625],"rotation":0,"texture":"#0","tintindex":0},"up":{"uv":[7.375,7.0625,7.125,6.875],"rotation":0,"texture":"#0","tintindex":0},"west":{"uv":[8.25,4.0,8.4375,4.125],"rotation":0,"texture":"#0","tintindex":0}}},{"name":"cube","from":[7.736,2.4620001,8.924],"to":[8.264,4.1239996,9.344],"rotation":{"angle":0.0,"axis":"x","origin":[7.514,6.722,8.0]},"faces":{"down":{"uv":[8.875,0.625,8.75,0.6875],"rotation":0,"texture":"#0","tintindex":0},"east":{"uv":[5.875,8.125,5.9375,8.5],"rotation":0,"texture":"#0","tintindex":0},"north":{"uv":[5.125,7.125,5.25,7.5],"rotation":0,"texture":"#0","tintindex":0},"south":{"uv":[0.875,7.25,1.0,7.625],"rotation":0,"texture":"#0","tintindex":0},"up":{"uv":[0.75,8.8125,0.625,8.75],"rotation":0,"texture":"#0","tintindex":0},"west":{"uv":[7.375,8.125,7.4375,8.5],"rotation":0,"texture":"#0","tintindex":0}}},{"name":"cube","from":[7.6219997,3.6979997,8.81],"to":[8.378,10.934001,9.35],"rotation":{"angle":0.0,"axis":"x","origin":[7.6219997,6.722,8.0]},"faces":{"down":{"uv":[8.4375,4.25,8.25,4.375],"rotation":0,"texture":"#0","tintindex":0},"east":{"uv":[0.0,4.375,0.125,5.875],"rotation":0,"texture":"#0","tintindex":0},"north":{"uv":[3.25,3.5,3.4375,5.0],"rotation":0,"texture":"#0","tintindex":0},"south":{"uv":[3.5,3.5,3.6875,5.0],"rotation":0,"texture":"#0","tintindex":0},"up":{"uv":[8.4375,4.25,8.25,4.125],"rotation":0,"texture":"#0","tintindex":0},"west":{"uv":[0.125,4.375,0.25,5.875],"rotation":0,"texture":"#0","tintindex":0}}},{"name":"cube","from":[6.113,2.7140002,10.028],"to":[7.907,3.8539999,11.468],"rotation":{"angle":22.5,"axis":"z","origin":[6.1099997,8.882001,9.323]},"faces":{"down":{"uv":[5.1875,1.625,4.75,2.0],"rotation":0,"texture":"#0","tintindex":0},"east":{"uv":[5.625,0.375,6.0,0.6875],"rotation":0,"texture":"#0","tintindex":0},"north":{"uv":[3.25,5.0,3.6875,5.3125],"rotation":0,"texture":"#0","tintindex":0},"south":{"uv":[1.0,5.125,1.4375,5.4375],"rotation":0,"texture":"#0","tintindex":0},"up":{"uv":[5.1875,1.625,4.75,1.25],"rotation":0,"texture":"#0","tintindex":0},"west":{"uv":[5.625,3.5,6.0,3.8125],"rotation":0,"texture":"#0","tintindex":0}}},{"name":"cube","from":[5.993,3.494,9.908001],"to":[8.027,9.074,11.588],"rotation":{"angle":22.5,"axis":"z","origin":[6.1099997,8.882001,9.323]},"faces":{"down":{"uv":[5.1875,4.0,4.75,4.375],"rotation":0,"texture":"#0","tintindex":0},"east":{"uv":[0.0,2.25,0.375,3.4375],"rotation":0,"texture":"#0","tintindex":0},"north":{"uv":[0.0,1.0,0.4375,2.1875],"rotation":0,"texture":"#0","tintindex":0},"south":{"uv":[0.5,1.0,0.9375,2.1875],"rotation":0,"texture":"#0","tintindex":0},"up":{"uv":[5.1875,3.25,4.75,2.875],"rotation":0,"texture":"#0","tintindex":0},"west":{"uv":[0.375,2.25,0.75,3.4375],"rotation":0,"texture":"#0","tintindex":0}}},{"name":"cube","from":[5.873,7.6940002,9.788],"to":[8.146999,9.314001,11.708],"rotation":{"angle":22.5,"axis":"z","origin":[6.1099997,8.882001,9.323]},"faces":{"down":{"uv":[5.1875,4.75,4.75,5.125],"rotation":0,"texture":"#0","tintindex":0},"east":{"uv":[5.625,5.5,6.0,5.8125],"rotation":0,"texture":"#0","tintindex":0},"north":{"uv":[5.0,5.125,5.4375,5.4375],"rotation":0,"texture":"#0","tintindex":0},"south":{"uv":[5.25,1.25,5.6875,1.5625],"rotation":0,"texture":"#0","tintindex":0},"up":{"uv":[5.1875,4.75,4.75,4.375],"rotation":0,"texture":"#0","tintindex":0},"west":{"uv":[0.25,5.75,0.625,6.0625],"rotation":0,"texture":"#0","tintindex":0}}},{"name":"cube","from":[6.173,3.3140001,8.648],"to":[7.727,9.344,8.648],"rotation":{"angle":22.5,"axis":"z","origin":[6.1099997,8.882001,9.323]},"faces":{"down":{"uv":[0.3125,0.0,0.0,0.0],"rotation":0,"texture":"#0","tintindex":0},"east":{"uv":[0.0,0.0,0.0,1.25],"rotation":0,"texture":"#0","tintindex":0},"north":{"uv":[1.75,2.25,2.0625,3.5],"rotation":0,"texture":"#0","tintindex":0},"south":{"uv":[2.125,2.25,2.4375,3.5],"rotation":0,"texture":"#0","tintindex":0},"up":{"uv":[0.3125,0.0,0.0,0.0],"rotation":0,"texture":"#0","tintindex":0},"west":{"uv":[0.0,0.0,0.0,1.25],"rotation":0,"texture":"#0","tintindex":0}}},{"name":"cube","from":[6.173,9.359001,8.633],"to":[7.727,9.359001,11.648],"rotation":{"angle":22.5,"axis":"z","origin":[6.1099997,8.882001,9.323]},"faces":{"down":{"uv":[1.5625,4.125,1.25,4.75],"rotation":0,"texture":"#0","tintindex":0},"east":{"uv":[0.0,0.0,0.625,0.0],"rotation":0,"texture":"#0","tintindex":0},"north":{"uv":[0.0,0.0,0.3125,0.0],"rotation":0,"texture":"#0","tintindex":0},"south":{"uv":[0.0,0.0,0.3125,0.0],"rotation":0,"texture":"#0","tintindex":0},"up":{"uv":[4.0625,4.625,3.75,4.0],"rotation":0,"texture":"#0","tintindex":0},"west":{"uv":[0.0,0.0,0.625,0.0],"rotation":0,"texture":"#0","tintindex":0}}},{"name":"cube","from":[6.173,3.3739998,8.648],"to":[7.727,3.3739998,10.448],"rotation":{"angle":22.5,"axis":"z","origin":[6.1099997,8.882001,9.323]},"faces":{"down":{"uv":[1.3125,5.75,1.0,6.125],"rotation":0,"texture":"#0","tintindex":0},"east":{"uv":[0.0,0.0,0.375,0.0],"rotation":0,"texture":"#0","tintindex":0},"north":{"uv":[0.0,0.0,0.3125,0.0],"rotation":0,"texture":"#0","tintindex":0},"south":{"uv":[0.0,0.0,0.3125,0.0],"rotation":0,"texture":"#0","tintindex":0},"up":{"uv":[0.9375,6.125,0.625,5.75],"rotation":0,"texture":"#0","tintindex":0},"west":{"uv":[0.0,0.0,0.375,0.0],"rotation":0,"texture":"#0","tintindex":0}}},{"name":"cube","from":[4.808366,6.1865044,10.028],"to":[5.168366,13.506505,10.3880005],"rotation":{"angle":22.5,"axis":"z","origin":[12.008367,14.046504,8.408]},"faces":{"down":{"uv":[8.8125,3.75,8.75,3.8125],"rotation":0,"texture":"#0","tintindex":0},"east":{"uv":[5.25,6.25,5.3125,7.75],"rotation":0,"texture":"#0","tintindex":0},"north":{"uv":[6.25,5.125,6.3125,6.625],"rotation":0,"texture":"#0","tintindex":0},"south":{"uv":[5.375,6.25,5.4375,7.75],"rotation":0,"texture":"#0","tintindex":0},"up":{"uv":[3.8125,8.8125,3.75,8.75],"rotation":0,"texture":"#0","tintindex":0},"west":{"uv":[5.5,6.25,5.5625,7.75],"rotation":0,"texture":"#0","tintindex":0}}},{"name":"cube","from":[4.988366,12.846504,9.308001],"to":[4.988366,15.246504,11.108],"rotation":{"angle":22.5,"axis":"z","origin":[12.008367,14.046504,8.408]},"faces":{"down":{"uv":[0.0,0.0,0.0,0.375],"rotation":0,"texture":"#0","tintindex":0},"east":{"uv":[4.375,4.0,4.75,4.5],"rotation":0,"texture":"#0","tintindex":0},"north":{"uv":[0.0,0.0,0.0,0.5],"rotation":0,"texture":"#0","tintindex":0},"south":{"uv":[0.0,0.0,0.0,0.5],"rotation":0,"texture":"#0","tintindex":0},"up":{"uv":[0.0,0.375,0.0,0.0],"rotation":0,"texture":"#0","tintindex":0},"west":{"uv":[4.5,2.125,4.875,2.625],"rotation":0,"texture":"#0","tintindex":0}}},{"name":"cube","from":[4.088366,12.846504,10.268],"to":[5.8883657,15.246504,10.268],"rotation":{"angle":22.5,"axis":"z","origin":[12.008367,14.046504,8.408]},"faces":{"down":{"uv":[0.375,0.0,0.0,0.0],"rotation":0,"texture":"#0","tintindex":0},"east":{"uv":[0.0,0.0,0.0,0.5],"rotation":0,"texture":"#0","tintindex":0},"north":{"uv":[4.375,4.5,4.75,5.0],"rotation":0,"texture":"#0","tintindex":0},"south":{"uv":[4.625,0.0,5.0,0.5],"rotation":0,"texture":"#0","tintindex":0},"up":{"uv":[0.375,0.0,0.0,0.0],"rotation":0,"texture":"#0","tintindex":0},"west":{"uv":[0.0,0.0,0.0,0.5],"rotation":0,"texture":"#0","tintindex":0}}},{"name":"cube","from":[4.868366,6.1865044,10.988],"to":[5.228366,13.506505,11.348001],"rotation":{"angle":22.5,"axis":"z","origin":[12.008367,14.046504,8.408]},"faces":{"down":{"uv":[8.8125,3.875,8.75,3.9375],"rotation":0,"texture":"#0","tintindex":0},"east":{"uv":[5.75,6.25,5.8125,7.75],"rotation":0,"texture":"#0","tintindex":0},"north":{"uv":[5.625,6.25,5.6875,7.75],"rotation":0,"texture":"#0","tintindex":0},"south":{"uv":[5.875,6.25,5.9375,7.75],"rotation":0,"texture":"#0","tintindex":0},"up":{"uv":[3.9375,8.8125,3.875,8.75],"rotation":0,"texture":"#0","tintindex":0},"west":{"uv":[6.0,6.25,6.0625,7.75],"rotation":0,"texture":"#0","tintindex":0}}},{"name":"cube","from":[5.048366,12.846504,10.268],"to":[5.048366,15.246504,12.068001],"rotation":{"angle":22.5,"axis":"z","origin":[12.008367,14.046504,8.408]},"faces":{"down":{"uv":[0.0,0.0,0.0,0.375],"rotation":0,"texture":"#0","tintindex":0},"east":{"uv":[4.625,0.5,5.0,1.0],"rotation":0,"texture":"#0","tintindex":0},"north":{"uv":[0.0,0.0,0.0,0.5],"rotation":0,"texture":"#0","tintindex":0},"south":{"uv":[0.0,0.0,0.0,0.5],"rotation":0,"texture":"#0","tintindex":0},"up":{"uv":[0.0,0.375,0.0,0.0],"rotation":0,"texture":"#0","tintindex":0},"west":{"uv":[1.875,4.625,2.25,5.125],"rotation":0,"texture":"#0","tintindex":0}}},{"name":"cube","from":[4.148366,12.846504,11.228001],"to":[5.948366,15.246504,11.228001],"rotation":{"angle":22.5,"axis":"z","origin":[12.008367,14.046504,8.408]},"faces":{"down":{"uv":[0.375,0.0,0.0,0.0],"rotation":0,"texture":"#0","tintindex":0},"east":{"uv":[0.0,0.0,0.0,0.5],"rotation":0,"texture":"#0","tintindex":0},"north":{"uv":[2.25,4.625,2.625,5.125],"rotation":0,"texture":"#0","tintindex":0},"south":{"uv":[2.625,4.625,3.0,5.125],"rotation":0,"texture":"#0","tintindex":0},"up":{"uv":[0.375,0.0,0.0,0.0],"rotation":0,"texture":"#0","tintindex":0},"west":{"uv":[0.0,0.0,0.0,0.5],"rotation":0,"texture":"#0","tintindex":0}}}],"display":{"head":{"translation":[0.0,-6.4,0.0],"rotation":[0.0,0.0,0.0],"scale":[3.8095,3.8095,3.8095]}}}