{"textures":{"0":"modelengine:entity/nocsy_skeleton_archer_end"},"elements":[{"name":"cube","from":[7.8199997,10.639999,2.7628531],"to":[8.18,11.6,3.1228528],"rotation":{"angle":0.0,"axis":"x","origin":[8.0,9.92,3.3028533]},"faces":{"down":{"uv":[2.375,8.375,2.25,8.5],"rotation":0,"texture":"#0","tintindex":0},"east":{"uv":[7.875,2.625,8.0,2.875],"rotation":0,"texture":"#0","tintindex":0},"north":{"uv":[0.625,7.875,0.75,8.125],"rotation":0,"texture":"#0","tintindex":0},"south":{"uv":[2.875,7.875,3.0,8.125],"rotation":0,"texture":"#0","tintindex":0},"up":{"uv":[2.25,8.5,2.125,8.375],"rotation":0,"texture":"#0","tintindex":0},"west":{"uv":[3.0,7.875,3.125,8.125],"rotation":0,"texture":"#0","tintindex":0}}},{"name":"cube","from":[7.94,10.52,3.0628533],"to":[7.94,11.72,12.902854],"rotation":{"angle":0.0,"axis":"x","origin":[8.0,9.92,3.3028533]},"faces":{"down":{"uv":[0.0,0.0,0.0,2.0625],"rotation":0,"texture":"#0","tintindex":0},"east":{"uv":[1.0,1.0,3.0625,1.25],"rotation":0,"texture":"#0","tintindex":0},"north":{"uv":[0.0,0.0,0.0,0.25],"rotation":0,"texture":"#0","tintindex":0},"south":{"uv":[0.0,0.0,0.0,0.25],"rotation":0,"texture":"#0","tintindex":0},"up":{"uv":[0.0,2.0625,0.0,0.0],"rotation":0,"texture":"#0","tintindex":0},"west":{"uv":[1.0,1.25,3.0625,1.5],"rotation":0,"texture":"#0","tintindex":0}}},{"name":"cube","from":[7.7599998,9.102409,3.1837108],"to":[8.24,11.382408,3.6637106],"rotation":{"angle":-22.5,"axis":"x","origin":[8.0,9.777409,4.173711]},"faces":{"down":{"uv":[8.5,2.375,8.375,2.5],"rotation":0,"texture":"#0","tintindex":0},"east":{"uv":[6.375,6.75,6.5,7.25],"rotation":0,"texture":"#0","tintindex":0},"north":{"uv":[6.75,6.125,6.875,6.625],"rotation":0,"texture":"#0","tintindex":0},"south":{"uv":[6.75,6.625,6.875,7.125],"rotation":0,"texture":"#0","tintindex":0},"up":{"uv":[2.5,8.5,2.375,8.375],"rotation":0,"texture":"#0","tintindex":0},"west":{"uv":[0.25,6.875,0.375,7.375],"rotation":0,"texture":"#0","tintindex":0}}},{"name":"cube","from":[7.7,8.198704,3.189383],"to":[8.3,8.798704,4.9893837],"rotation":{"angle":45.0,"axis":"x","origin":[8.0,8.168704,4.0593834]},"faces":{"down":{"uv":[4.125,7.0,4.0,7.375],"rotation":0,"texture":"#0","tintindex":0},"east":{"uv":[7.0,1.75,7.375,1.875],"rotation":0,"texture":"#0","tintindex":0},"north":{"uv":[2.5,8.375,2.625,8.5],"rotation":0,"texture":"#0","tintindex":0},"south":{"uv":[2.625,8.375,2.75,8.5],"rotation":0,"texture":"#0","tintindex":0},"up":{"uv":[2.875,7.375,2.75,7.0],"rotation":0,"texture":"#0","tintindex":0},"west":{"uv":[7.0,2.25,7.375,2.375],"rotation":0,"texture":"#0","tintindex":0}}},{"name":"cube","from":[7.694,7.5389423,4.7325263],"to":[8.306,8.150942,11.344527],"rotation":{"angle":0.0,"axis":"x","origin":[7.0184,14.840343,8.196926]},"faces":{"down":{"uv":[4.0,4.625,3.875,6.0],"rotation":0,"texture":"#0","tintindex":0},"east":{"uv":[4.625,1.0,6.0,1.125],"rotation":0,"texture":"#0","tintindex":0},"north":{"uv":[8.375,2.625,8.5,2.75],"rotation":0,"texture":"#0","tintindex":0},"south":{"uv":[2.75,8.375,2.875,8.5],"rotation":0,"texture":"#0","tintindex":0},"up":{"uv":[3.875,6.0,3.75,4.625],"rotation":0,"texture":"#0","tintindex":0},"west":{"uv":[4.75,1.125,6.125,1.25],"rotation":0,"texture":"#0","tintindex":0}}},{"name":"cube","from":[7.64,7.3049426,6.238527],"to":[8.360001,8.324944,9.958527],"rotation":{"angle":0.0,"axis":"x","origin":[7.0184,14.840343,8.196926]},"faces":{"down":{"uv":[4.25,6.25,4.125,7.0],"rotation":0,"texture":"#0","tintindex":0},"east":{"uv":[1.875,5.125,2.625,5.3125],"rotation":0,"texture":"#0","tintindex":0},"north":{"uv":[4.625,8.125,4.75,8.3125],"rotation":0,"texture":"#0","tintindex":0},"south":{"uv":[4.75,8.125,4.875,8.3125],"rotation":0,"texture":"#0","tintindex":0},"up":{"uv":[6.375,4.75,6.25,4.0],"rotation":0,"texture":"#0","tintindex":0},"west":{"uv":[4.25,5.125,5.0,5.3125],"rotation":0,"texture":"#0","tintindex":0}}},{"name":"cube","from":[7.7,8.198704,10.99347],"to":[8.3,8.798704,12.79347],"rotation":{"angle":-45.0,"axis":"x","origin":[8.0,8.168704,11.92347]},"faces":{"down":{"uv":[7.125,4.125,7.0,4.5],"rotation":0,"texture":"#0","tintindex":0},"east":{"uv":[7.0,2.875,7.375,3.0],"rotation":0,"texture":"#0","tintindex":0},"north":{"uv":[8.375,2.75,8.5,2.875],"rotation":0,"texture":"#0","tintindex":0},"south":{"uv":[2.875,8.375,3.0,8.5],"rotation":0,"texture":"#0","tintindex":0},"up":{"uv":[4.25,7.375,4.125,7.0],"rotation":0,"texture":"#0","tintindex":0},"west":{"uv":[7.0,3.375,7.375,3.5],"rotation":0,"texture":"#0","tintindex":0}}},{"name":"cube","from":[7.7599998,9.102409,12.319143],"to":[8.24,11.382408,12.799143],"rotation":{"angle":22.5,"axis":"x","origin":[8.0,9.777409,11.809143]},"faces":{"down":{"uv":[3.125,8.375,3.0,8.5],"rotation":0,"texture":"#0","tintindex":0},"east":{"uv":[0.5,6.875,0.625,7.375],"rotation":0,"texture":"#0","tintindex":0},"north":{"uv":[0.375,6.875,0.5,7.375],"rotation":0,"texture":"#0","tintindex":0},"south":{"uv":[0.625,6.875,0.75,7.375],"rotation":0,"texture":"#0","tintindex":0},"up":{"uv":[8.5,3.0,8.375,2.875],"rotation":0,"texture":"#0","tintindex":0},"west":{"uv":[0.75,6.875,0.875,7.375],"rotation":0,"texture":"#0","tintindex":0}}},{"name":"cube","from":[7.8199997,10.639999,12.860001],"to":[8.18,11.6,13.22],"rotation":{"angle":0.0,"axis":"x","origin":[8.0,9.92,12.679999]},"faces":{"down":{"uv":[3.25,8.375,3.125,8.5],"rotation":0,"texture":"#0","tintindex":0},"east":{"uv":[3.25,7.875,3.375,8.125],"rotation":0,"texture":"#0","tintindex":0},"north":{"uv":[3.125,7.875,3.25,8.125],"rotation":0,"texture":"#0","tintindex":0},"south":{"uv":[3.375,7.875,3.5,8.125],"rotation":0,"texture":"#0","tintindex":0},"up":{"uv":[8.5,3.125,8.375,3.0],"rotation":0,"texture":"#0","tintindex":0},"west":{"uv":[3.5,7.875,3.625,8.125],"rotation":0,"texture":"#0","tintindex":0}}}],"display":{"head":{"translation":[0.0,-6.4,0.0],"rotation":[0.0,0.0,0.0],"scale":[3.8095,3.8095,3.8095]}}}