{"textures":{"0":"modelengine:entity/fallenwardenlance","1":"modelengine:entity/fallenwarden1","2":"modelengine:entity/boneshadin1","3":"modelengine:entity/reditexture","4":"modelengine:entity/boneshadin1xd"},"elements":[{"name":"body","from":[5.0,12.2,6.8],"to":[11.0,15.2,9.2],"rotation":{"angle":0.0,"axis":"x","origin":[8.0,0.7999997,8.0]},"faces":{"down":{"uv":[3.996,5.504,2.754,5.996],"rotation":0,"texture":"#1","tintindex":0},"east":{"uv":[5.129,6.129,5.621,6.746],"rotation":0,"texture":"#1","tintindex":0},"north":{"uv":[3.754,1.129,4.996,1.746],"rotation":0,"texture":"#1","tintindex":0},"south":{"uv":[3.754,1.879,4.996,2.496],"rotation":0,"texture":"#1","tintindex":0},"up":{"uv":[6.371,2.246,5.129,1.754],"rotation":0,"texture":"#1","tintindex":0},"west":{"uv":[5.754,6.129,6.246,6.746],"rotation":0,"texture":"#1","tintindex":0}}},{"name":"body","from":[5.6,10.4,6.8],"to":[10.4,12.2,9.2],"rotation":{"angle":0.0,"axis":"x","origin":[8.0,0.7999997,8.0]},"faces":{"down":{"uv":[6.121,5.504,5.129,5.996],"rotation":0,"texture":"#1","tintindex":0},"east":{"uv":[8.254,6.254,8.746,6.621],"rotation":0,"texture":"#1","tintindex":0},"north":{"uv":[5.629,4.129,6.621,4.496],"rotation":0,"texture":"#1","tintindex":0},"south":{"uv":[6.129,1.004,7.121,1.371],"rotation":0,"texture":"#1","tintindex":0},"up":{"uv":[6.496,5.121,5.504,4.629],"rotation":0,"texture":"#1","tintindex":0},"west":{"uv":[8.254,6.754,8.746,7.121],"rotation":0,"texture":"#1","tintindex":0}}},{"name":"body","from":[8.3,8.0,6.8],"to":[10.1,10.4,9.2],"rotation":{"angle":0.0,"axis":"x","origin":[8.0,0.7999997,8.0]},"faces":{"down":{"uv":[0.371,8.379,0.004,8.871],"rotation":0,"texture":"#1","tintindex":0},"east":{"uv":[7.129,2.129,7.621,2.621],"rotation":0,"texture":"#1","tintindex":0},"north":{"uv":[8.254,7.254,8.621,7.746],"rotation":0,"texture":"#1","tintindex":0},"south":{"uv":[7.504,8.254,7.871,8.746],"rotation":0,"texture":"#1","tintindex":0},"up":{"uv":[8.621,8.371,8.254,7.879],"rotation":0,"texture":"#1","tintindex":0},"west":{"uv":[2.504,7.129,2.996,7.621],"rotation":0,"texture":"#1","tintindex":0}}},{"name":"body","from":[5.8999996,8.0,6.8],"to":[7.7,10.4,9.2],"rotation":{"angle":0.0,"axis":"x","origin":[8.0,0.7999997,8.0]},"faces":{"down":{"uv":[2.746,8.379,2.379,8.871],"rotation":0,"texture":"#1","tintindex":0},"east":{"uv":[3.129,7.129,3.621,7.621],"rotation":0,"texture":"#1","tintindex":0},"north":{"uv":[8.379,1.254,8.746,1.746],"rotation":0,"texture":"#1","tintindex":0},"south":{"uv":[1.879,8.379,2.246,8.871],"rotation":0,"texture":"#1","tintindex":0},"up":{"uv":[8.746,2.371,8.379,1.879],"rotation":0,"texture":"#1","tintindex":0},"west":{"uv":[7.004,7.129,7.496,7.621],"rotation":0,"texture":"#1","tintindex":0}}},{"name":"body","from":[7.1,6.8,6.845],"to":[8.9,8.0,9.155001],"rotation":{"angle":0.0,"axis":"x","origin":[8.0,0.7999997,8.0]},"faces":{"down":{"uv":[2.746,8.379,2.379,8.871],"rotation":0,"texture":"#1","tintindex":0},"east":{"uv":[3.129,7.129,3.61025,7.379],"rotation":0,"texture":"#1","tintindex":0},"north":{"uv":[8.379,1.254,8.754,1.504],"rotation":0,"texture":"#1","tintindex":0},"south":{"uv":[1.879,8.379,2.254,8.629],"rotation":0,"texture":"#1","tintindex":0},"up":{"uv":[8.746,2.371,8.379,1.879],"rotation":0,"texture":"#1","tintindex":0},"west":{"uv":[7.004,7.129,7.48525,7.379],"rotation":0,"texture":"#1","tintindex":0}}},{"name":"body","from":[7.7,8.0,6.95],"to":[8.3,10.4,9.2],"rotation":{"angle":0.0,"axis":"x","origin":[8.0,0.7999997,8.0]},"faces":{"down":{"uv":[2.121,11.254,2.004,11.746],"rotation":0,"texture":"#1","tintindex":0},"east":{"uv":[0.629,7.254,1.121,7.746],"rotation":0,"texture":"#1","tintindex":0},"north":{"uv":[1.0,0.0,5.0,8.0],"rotation":0,"texture":"#2","tintindex":0},"south":{"uv":[1.254,11.254,1.371,11.746],"rotation":0,"texture":"#1","tintindex":0},"up":{"uv":[11.371,2.246,11.254,1.754],"rotation":0,"texture":"#1","tintindex":0},"west":{"uv":[7.254,0.629,7.746,1.121],"rotation":0,"texture":"#1","tintindex":0}}},{"name":"body","from":[6.065,10.025,6.944],"to":[7.8650002,10.325001,6.944],"rotation":{"angle":0.0,"axis":"x","origin":[6.8,-0.40000033,8.0]},"faces":{"down":{"uv":[14.367,2.742,14.25,2.25],"rotation":270,"texture":"#1","tintindex":0},"east":{"uv":[14.367,2.742,14.25,2.25],"rotation":270,"texture":"#1","tintindex":0},"north":{"uv":[2.0,0.0,4.0,6.0],"rotation":90,"texture":"#4","tintindex":0},"south":{"uv":[14.367,2.742,14.25,2.25],"rotation":270,"texture":"#1","tintindex":0},"up":{"uv":[14.367,2.742,14.25,2.25],"rotation":270,"texture":"#1","tintindex":0},"west":{"uv":[14.367,2.742,14.25,2.25],"rotation":270,"texture":"#1","tintindex":0}}},{"name":"body","from":[6.065,9.59,6.944],"to":[7.8650002,9.889999,6.944],"rotation":{"angle":0.0,"axis":"x","origin":[6.8,-0.40000033,8.0]},"faces":{"down":{"uv":[14.367,2.742,14.25,2.25],"rotation":270,"texture":"#1","tintindex":0},"east":{"uv":[14.367,2.742,14.25,2.25],"rotation":270,"texture":"#1","tintindex":0},"north":{"uv":[2.0,0.0,4.0,6.0],"rotation":90,"texture":"#4","tintindex":0},"south":{"uv":[14.367,2.742,14.25,2.25],"rotation":270,"texture":"#1","tintindex":0},"up":{"uv":[14.367,2.742,14.25,2.25],"rotation":270,"texture":"#1","tintindex":0},"west":{"uv":[14.367,2.742,14.25,2.25],"rotation":270,"texture":"#1","tintindex":0}}},{"name":"body","from":[8.135,9.59,6.944],"to":[9.935,9.889999,6.944],"rotation":{"angle":0.0,"axis":"x","origin":[6.8,-0.40000033,8.0]},"faces":{"down":{"uv":[14.367,2.742,14.25,2.25],"rotation":270,"texture":"#1","tintindex":0},"east":{"uv":[14.367,2.742,14.25,2.25],"rotation":270,"texture":"#1","tintindex":0},"north":{"uv":[2.0,0.0,4.0,6.0],"rotation":90,"texture":"#4","tintindex":0},"south":{"uv":[14.367,2.742,14.25,2.25],"rotation":270,"texture":"#1","tintindex":0},"up":{"uv":[14.367,2.742,14.25,2.25],"rotation":270,"texture":"#1","tintindex":0},"west":{"uv":[14.367,2.742,14.25,2.25],"rotation":270,"texture":"#1","tintindex":0}}},{"name":"body","from":[8.135,10.025,6.944],"to":[9.935,10.325001,6.944],"rotation":{"angle":0.0,"axis":"x","origin":[6.8,-0.40000033,8.0]},"faces":{"down":{"uv":[14.367,2.742,14.25,2.25],"rotation":270,"texture":"#1","tintindex":0},"east":{"uv":[14.367,2.742,14.25,2.25],"rotation":270,"texture":"#1","tintindex":0},"north":{"uv":[2.0,0.0,4.0,6.0],"rotation":90,"texture":"#4","tintindex":0},"south":{"uv":[14.367,2.742,14.25,2.25],"rotation":270,"texture":"#1","tintindex":0},"up":{"uv":[14.367,2.742,14.25,2.25],"rotation":270,"texture":"#1","tintindex":0},"west":{"uv":[14.367,2.742,14.25,2.25],"rotation":270,"texture":"#1","tintindex":0}}},{"name":"body","from":[7.7,8.0,6.935],"to":[8.3,8.6,9.185],"rotation":{"angle":0.0,"axis":"x","origin":[8.0,0.7999997,8.0]},"faces":{"down":{"uv":[2.121,11.254,2.004,11.746],"rotation":0,"texture":"#1","tintindex":0},"east":{"uv":[0.629,7.254,1.121,7.746],"rotation":0,"texture":"#1","tintindex":0},"north":{"uv":[1.0,11.25,1.125,11.375],"rotation":0,"texture":"#1","tintindex":0},"south":{"uv":[1.254,11.254,1.371,11.746],"rotation":0,"texture":"#1","tintindex":0},"up":{"uv":[11.371,2.246,11.254,1.754],"rotation":0,"texture":"#1","tintindex":0},"west":{"uv":[7.254,0.629,7.746,1.121],"rotation":0,"texture":"#1","tintindex":0}}},{"name":"body","from":[6.2,12.2,6.2],"to":[9.8,15.2,6.8],"rotation":{"angle":0.0,"axis":"x","origin":[8.0,0.7999997,8.0]},"faces":{"down":{"uv":[10.996,10.004,10.254,10.121],"rotation":0,"texture":"#1","tintindex":0},"east":{"uv":[4.504,11.004,4.621,11.621],"rotation":0,"texture":"#1","tintindex":0},"north":{"uv":[0.004,5.629,0.746,6.246],"rotation":0,"texture":"#1","tintindex":0},"south":{"uv":[5.629,2.379,6.371,2.996],"rotation":0,"texture":"#1","tintindex":0},"up":{"uv":[10.871,9.121,10.129,9.004],"rotation":0,"texture":"#1","tintindex":0},"west":{"uv":[6.129,11.004,6.246,11.621],"rotation":0,"texture":"#1","tintindex":0}}},{"name":"body","from":[9.5,12.2,6.3242636],"to":[10.1,15.2,6.924264],"rotation":{"angle":-45.0,"axis":"y","origin":[9.8,13.7,6.624264]},"faces":{"down":{"uv":[10.246,12.754,10.129,12.871],"rotation":0,"texture":"#1","tintindex":0},"east":{"uv":[8.129,11.004,8.246,11.621],"rotation":0,"texture":"#1","tintindex":0},"north":{"uv":[7.879,11.004,7.996,11.621],"rotation":0,"texture":"#1","tintindex":0},"south":{"uv":[10.254,11.004,10.371,11.621],"rotation":0,"texture":"#1","tintindex":0},"up":{"uv":[9.996,12.871,9.879,12.754],"rotation":0,"texture":"#1","tintindex":0},"west":{"uv":[10.504,11.004,10.621,11.621],"rotation":0,"texture":"#1","tintindex":0}}},{"name":"body","from":[5.8999996,12.2,6.3242636],"to":[6.5,15.2,6.924264],"rotation":{"angle":45.0,"axis":"y","origin":[6.2,13.7,6.624264]},"faces":{"down":{"uv":[12.871,10.379,12.754,10.496],"rotation":0,"texture":"#1","tintindex":0},"east":{"uv":[11.004,11.004,11.121,11.621],"rotation":0,"texture":"#1","tintindex":0},"north":{"uv":[10.754,11.004,10.871,11.621],"rotation":0,"texture":"#1","tintindex":0},"south":{"uv":[1.754,11.129,1.871,11.746],"rotation":0,"texture":"#1","tintindex":0},"up":{"uv":[10.496,12.871,10.379,12.754],"rotation":0,"texture":"#1","tintindex":0},"west":{"uv":[4.754,11.129,4.871,11.746],"rotation":0,"texture":"#1","tintindex":0}}},{"name":"body","from":[6.2,11.900001,6.3242636],"to":[9.8,12.5,6.924264],"rotation":{"angle":-45.0,"axis":"x","origin":[8.3,12.2,6.624264]},"faces":{"down":{"uv":[11.121,6.379,10.379,6.496],"rotation":0,"texture":"#1","tintindex":0},"east":{"uv":[10.629,12.754,10.746,12.871],"rotation":0,"texture":"#1","tintindex":0},"north":{"uv":[10.379,5.629,11.121,5.746],"rotation":0,"texture":"#1","tintindex":0},"south":{"uv":[10.379,5.879,11.121,5.996],"rotation":0,"texture":"#1","tintindex":0},"up":{"uv":[11.121,6.246,10.379,6.129],"rotation":0,"texture":"#1","tintindex":0},"west":{"uv":[10.879,12.754,10.996,12.871],"rotation":0,"texture":"#1","tintindex":0}}},{"name":"body","from":[6.2,11.0,9.2],"to":[9.8,15.2,9.8],"rotation":{"angle":0.0,"axis":"x","origin":[8.0,-0.40000033,8.0]},"faces":{"down":{"uv":[9.121,10.879,8.379,10.996],"rotation":0,"texture":"#1","tintindex":0},"east":{"uv":[0.504,10.004,0.621,10.871],"rotation":0,"texture":"#1","tintindex":0},"north":{"uv":[1.004,5.504,1.746,6.371],"rotation":0,"texture":"#1","tintindex":0},"south":{"uv":[1.879,5.504,2.621,6.371],"rotation":0,"texture":"#1","tintindex":0},"up":{"uv":[11.621,6.746,10.879,6.629],"rotation":0,"texture":"#1","tintindex":0},"west":{"uv":[0.754,10.004,0.871,10.871],"rotation":0,"texture":"#1","tintindex":0}}},{"name":"body","from":[6.8,9.2,9.2],"to":[9.2,11.0,9.8],"rotation":{"angle":0.0,"axis":"x","origin":[8.0,-4.0000005,8.0]},"faces":{"down":{"uv":[12.246,9.754,11.754,9.871],"rotation":0,"texture":"#1","tintindex":0},"east":{"uv":[4.129,12.129,4.246,12.496],"rotation":0,"texture":"#1","tintindex":0},"north":{"uv":[5.004,8.629,5.496,8.996],"rotation":0,"texture":"#1","tintindex":0},"south":{"uv":[5.629,8.629,6.121,8.996],"rotation":0,"texture":"#1","tintindex":0},"up":{"uv":[12.246,8.496,11.754,8.379],"rotation":0,"texture":"#1","tintindex":0},"west":{"uv":[6.879,12.129,6.996,12.496],"rotation":0,"texture":"#1","tintindex":0}}},{"name":"body","from":[5.8999996,11.0,9.075736],"to":[6.5,15.2,9.675735],"rotation":{"angle":-45.0,"axis":"y","origin":[6.2,12.5,9.375736]},"faces":{"down":{"uv":[12.996,11.879,12.879,11.996],"rotation":0,"texture":"#1","tintindex":0},"east":{"uv":[9.254,9.879,9.371,10.746],"rotation":0,"texture":"#1","tintindex":0},"north":{"uv":[9.004,9.879,9.121,10.746],"rotation":0,"texture":"#1","tintindex":0},"south":{"uv":[0.004,10.004,0.121,10.871],"rotation":0,"texture":"#1","tintindex":0},"up":{"uv":[11.996,12.996,11.879,12.879],"rotation":0,"texture":"#1","tintindex":0},"west":{"uv":[0.254,10.004,0.371,10.871],"rotation":0,"texture":"#1","tintindex":0}}},{"name":"body","from":[6.2,10.700001,9.075736],"to":[9.8,11.3,9.675735],"rotation":{"angle":45.0,"axis":"x","origin":[8.3,11.0,9.375736]},"faces":{"down":{"uv":[7.246,10.879,6.504,10.996],"rotation":0,"texture":"#1","tintindex":0},"east":{"uv":[11.629,12.879,11.746,12.996],"rotation":0,"texture":"#1","tintindex":0},"north":{"uv":[10.754,4.504,11.496,4.621],"rotation":0,"texture":"#1","tintindex":0},"south":{"uv":[10.879,0.004,11.621,0.121],"rotation":0,"texture":"#1","tintindex":0},"up":{"uv":[11.621,5.121,10.879,5.004],"rotation":0,"texture":"#1","tintindex":0},"west":{"uv":[12.879,11.629,12.996,11.746],"rotation":0,"texture":"#1","tintindex":0}}},{"name":"body","from":[6.803,8.3,9.075736],"to":[9.1970005,9.5,9.675735],"rotation":{"angle":45.0,"axis":"x","origin":[8.3,9.2,9.375736]},"faces":{"down":{"uv":[11.371,11.754,10.879,11.871],"rotation":0,"texture":"#1","tintindex":0},"east":{"uv":[8.254,12.504,8.371,12.746],"rotation":0,"texture":"#1","tintindex":0},"north":{"uv":[9.379,1.129,9.871,1.371],"rotation":0,"texture":"#1","tintindex":0},"south":{"uv":[9.379,1.504,9.871,1.746],"rotation":0,"texture":"#1","tintindex":0},"up":{"uv":[10.746,11.871,10.254,11.754],"rotation":0,"texture":"#1","tintindex":0},"west":{"uv":[9.129,12.504,9.246,12.746],"rotation":0,"texture":"#1","tintindex":0}}},{"name":"body","from":[7.4,12.2,9.8],"to":[8.6,15.2,10.4],"rotation":{"angle":0.0,"axis":"x","origin":[8.0,0.19999981,8.6]},"faces":{"down":{"uv":[0.996,12.629,0.754,12.746],"rotation":0,"texture":"#1","tintindex":0},"east":{"uv":[6.379,11.129,6.496,11.746],"rotation":0,"texture":"#1","tintindex":0},"north":{"uv":[8.629,8.504,8.871,9.121],"rotation":0,"texture":"#1","tintindex":0},"south":{"uv":[3.629,8.754,3.871,9.371],"rotation":0,"texture":"#1","tintindex":0},"up":{"uv":[0.621,12.746,0.379,12.629],"rotation":0,"texture":"#1","tintindex":0},"west":{"uv":[6.629,11.129,6.746,11.746],"rotation":0,"texture":"#1","tintindex":0}}},{"name":"body","from":[7.403,11.3,9.675735],"to":[8.597,12.5,10.275736],"rotation":{"angle":45.0,"axis":"x","origin":[8.3,12.2,9.975737]},"faces":{"down":{"uv":[0.246,12.629,0.004,12.746],"rotation":0,"texture":"#1","tintindex":0},"east":{"uv":[11.754,12.504,11.871,12.746],"rotation":0,"texture":"#1","tintindex":0},"north":{"uv":[11.504,11.754,11.746,11.996],"rotation":0,"texture":"#1","tintindex":0},"south":{"uv":[0.004,11.879,0.246,12.121],"rotation":0,"texture":"#1","tintindex":0},"up":{"uv":[12.496,12.621,12.254,12.504],"rotation":0,"texture":"#1","tintindex":0},"west":{"uv":[12.004,12.504,12.121,12.746],"rotation":0,"texture":"#1","tintindex":0}}},{"name":"body","from":[9.5,11.0,9.075736],"to":[10.1,15.2,9.675735],"rotation":{"angle":45.0,"axis":"y","origin":[9.8,12.5,9.375736]},"faces":{"down":{"uv":[12.996,11.379,12.879,11.496],"rotation":0,"texture":"#1","tintindex":0},"east":{"uv":[3.879,9.879,3.996,10.746],"rotation":0,"texture":"#1","tintindex":0},"north":{"uv":[3.254,9.879,3.371,10.746],"rotation":0,"texture":"#1","tintindex":0},"south":{"uv":[8.504,9.879,8.621,10.746],"rotation":0,"texture":"#1","tintindex":0},"up":{"uv":[12.996,11.246,12.879,11.129],"rotation":0,"texture":"#1","tintindex":0},"west":{"uv":[8.754,9.879,8.871,10.746],"rotation":0,"texture":"#1","tintindex":0}}},{"name":"body","from":[7.3058877,13.918376,6.8059998],"to":[7.9058876,14.518376,9.194],"rotation":{"angle":-45.0,"axis":"z","origin":[2.205887,14.218376,8.9]},"faces":{"down":{"uv":[2.996,11.254,2.879,11.746],"rotation":0,"texture":"#1","tintindex":0},"east":{"uv":[11.129,9.879,11.621,9.996],"rotation":0,"texture":"#1","tintindex":0},"north":{"uv":[11.129,12.754,11.246,12.871],"rotation":0,"texture":"#1","tintindex":0},"south":{"uv":[11.379,12.754,11.496,12.871],"rotation":0,"texture":"#1","tintindex":0},"up":{"uv":[11.371,2.871,11.254,2.379],"rotation":0,"texture":"#1","tintindex":0},"west":{"uv":[2.254,11.254,2.746,11.371],"rotation":0,"texture":"#1","tintindex":0}}},{"name":"body","from":[8.094112,13.918376,6.8059998],"to":[8.694113,14.518376,9.194],"rotation":{"angle":45.0,"axis":"z","origin":[13.794113,14.218376,8.9]},"faces":{"down":{"uv":[11.371,3.754,11.254,4.246],"rotation":0,"texture":"#1","tintindex":0},"east":{"uv":[11.254,3.004,11.746,3.121],"rotation":0,"texture":"#1","tintindex":0},"north":{"uv":[12.254,12.754,12.371,12.871],"rotation":0,"texture":"#1","tintindex":0},"south":{"uv":[12.504,12.754,12.621,12.871],"rotation":0,"texture":"#1","tintindex":0},"up":{"uv":[3.246,11.746,3.129,11.254],"rotation":0,"texture":"#1","tintindex":0},"west":{"uv":[3.754,11.254,4.246,11.371],"rotation":0,"texture":"#1","tintindex":0}}},{"name":"body","from":[8.514112,15.718376,6.8059998],"to":[9.114113,16.318377,9.194],"rotation":{"angle":45.0,"axis":"z","origin":[14.214112,16.018375,8.9]},"faces":{"down":{"uv":[7.871,11.754,7.754,12.246],"rotation":0,"texture":"#1","tintindex":0},"east":{"uv":[11.754,4.754,12.246,4.871],"rotation":0,"texture":"#1","tintindex":0},"north":{"uv":[12.879,9.754,12.996,9.871],"rotation":0,"texture":"#1","tintindex":0},"south":{"uv":[12.879,10.004,12.996,10.121],"rotation":0,"texture":"#1","tintindex":0},"up":{"uv":[6.246,12.246,6.129,11.754],"rotation":0,"texture":"#1","tintindex":0},"west":{"uv":[11.754,5.004,12.246,5.121],"rotation":0,"texture":"#1","tintindex":0}}},{"name":"body","from":[6.885887,15.718376,6.8059998],"to":[7.4858875,16.318377,9.194],"rotation":{"angle":-45.0,"axis":"z","origin":[1.7858871,16.018375,8.9]},"faces":{"down":{"uv":[9.621,11.754,9.504,12.246],"rotation":0,"texture":"#1","tintindex":0},"east":{"uv":[11.754,6.504,12.246,6.621],"rotation":0,"texture":"#1","tintindex":0},"north":{"uv":[12.879,10.629,12.996,10.746],"rotation":0,"texture":"#1","tintindex":0},"south":{"uv":[12.879,10.879,12.996,10.996],"rotation":0,"texture":"#1","tintindex":0},"up":{"uv":[8.746,12.246,8.629,11.754],"rotation":0,"texture":"#1","tintindex":0},"west":{"uv":[8.004,11.754,8.496,11.871],"rotation":0,"texture":"#1","tintindex":0}}}],"display":{"head":{"translation":[0.0,-6.4,0.0],"rotation":[0.0,0.0,0.0],"scale":[3.8095,3.8095,3.8095]}}}