{"textures":{"0":"modelengine:entity/fallenwardenlance","1":"modelengine:entity/fallenwarden1","2":"modelengine:entity/boneshadin1","3":"modelengine:entity/reditexture","4":"modelengine:entity/boneshadin1xd"},"elements":[{"name":"left leg","from":[7.1,6.8,7.4],"to":[8.9,8.15,9.2],"rotation":{"angle":0.0,"axis":"x","origin":[8.99,3.7999997,8.3]},"faces":{"down":{"uv":[1.371,9.004,1.004,9.371],"rotation":0,"texture":"#1","tintindex":0},"east":{"uv":[0.0,8.0,6.0,12.0],"rotation":0,"texture":"#2","tintindex":0},"north":{"uv":[0.0,8.0,6.0,12.0],"rotation":0,"texture":"#2","tintindex":0},"south":{"uv":[0.0,8.0,6.0,12.0],"rotation":0,"texture":"#2","tintindex":0},"up":{"uv":[0.0,4.0,6.0,8.0],"rotation":0,"texture":"#2","tintindex":0},"west":{"uv":[0.0,8.0,6.0,12.0],"rotation":0,"texture":"#2","tintindex":0}}},{"name":"left leg","from":[7.1,7.4,6.8],"to":[8.9,8.6,7.4],"rotation":{"angle":0.0,"axis":"x","origin":[8.99,3.7999997,8.3]},"faces":{"down":{"uv":[12.496,4.254,12.129,4.371],"rotation":0,"texture":"#1","tintindex":0},"east":{"uv":[2.129,12.504,2.246,12.746],"rotation":0,"texture":"#1","tintindex":0},"north":{"uv":[10.754,3.004,11.121,3.246],"rotation":0,"texture":"#1","tintindex":0},"south":{"uv":[10.754,3.754,11.121,3.996],"rotation":0,"texture":"#1","tintindex":0},"up":{"uv":[12.371,9.621,12.004,9.504],"rotation":0,"texture":"#1","tintindex":0},"west":{"uv":[2.379,12.504,2.496,12.746],"rotation":0,"texture":"#1","tintindex":0}}},{"name":"left leg","from":[6.95,7.4,7.4],"to":[9.05,8.0,9.35],"rotation":{"angle":0.0,"axis":"x","origin":[8.99,3.7999997,8.3]},"faces":{"down":{"uv":[9.121,0.004,8.629,0.371],"rotation":0,"texture":"#1","tintindex":0},"east":{"uv":[12.129,5.254,12.496,5.371],"rotation":0,"texture":"#1","tintindex":0},"north":{"uv":[11.504,4.004,11.996,4.121],"rotation":0,"texture":"#1","tintindex":0},"south":{"uv":[11.504,4.254,11.996,4.371],"rotation":0,"texture":"#1","tintindex":0},"up":{"uv":[8.496,8.871,8.004,8.504],"rotation":0,"texture":"#1","tintindex":0},"west":{"uv":[12.129,5.504,12.496,5.621],"rotation":0,"texture":"#1","tintindex":0}}},{"name":"left leg","from":[6.6499996,4.3999996,7.1],"to":[9.05,6.8,9.5],"rotation":{"angle":0.0,"axis":"x","origin":[7.85,10.700001,8.3]},"faces":{"down":{"uv":[3.621,7.754,3.129,8.246],"rotation":0,"texture":"#1","tintindex":0},"east":{"uv":[7.754,1.254,8.246,1.746],"rotation":0,"texture":"#1","tintindex":0},"north":{"uv":[0.004,7.754,0.496,8.246],"rotation":0,"texture":"#1","tintindex":0},"south":{"uv":[1.879,7.754,2.371,8.246],"rotation":0,"texture":"#1","tintindex":0},"up":{"uv":[2.996,8.246,2.504,7.754],"rotation":0,"texture":"#1","tintindex":0},"west":{"uv":[7.754,1.879,8.246,2.371],"rotation":0,"texture":"#1","tintindex":0}}},{"name":"left leg","from":[6.635,3.7999997,7.1],"to":[9.094999,4.3999996,9.514999],"rotation":{"angle":0.0,"axis":"x","origin":[7.85,8.3,8.3]},"faces":{"down":{"uv":[3.621,7.754,3.129,8.246],"rotation":0,"texture":"#1","tintindex":0},"east":{"uv":[7.754,1.254,8.246,1.371],"rotation":0,"texture":"#1","tintindex":0},"north":{"uv":[0.004,7.754,0.496,8.246],"rotation":0,"texture":"#1","tintindex":0},"south":{"uv":[1.879,7.754,2.3875,7.871],"rotation":0,"texture":"#1","tintindex":0},"up":{"uv":[2.996,8.246,2.504,7.754],"rotation":0,"texture":"#1","tintindex":0},"west":{"uv":[7.754,1.879,8.246,1.996],"rotation":0,"texture":"#1","tintindex":0}}}],"display":{"head":{"translation":[0.0,-6.4,0.0],"rotation":[0.0,0.0,0.0],"scale":[3.8095,3.8095,3.8095]}}}