{"textures":{"0":"modelengine:entity/fallenwardenlance","1":"modelengine:entity/fallenwarden1","2":"modelengine:entity/boneshadin1","3":"modelengine:entity/reditexture","4":"modelengine:entity/boneshadin1xd"},"elements":[{"name":"left leg","from":[6.8,5.6,6.8],"to":[9.2,8.6,9.2],"rotation":{"angle":0.0,"axis":"x","origin":[9.139999,0.19999981,8.0]},"faces":{"down":{"uv":[5.121,6.879,4.629,7.371],"rotation":0,"texture":"#1","tintindex":0},"east":{"uv":[4.004,6.254,4.496,6.871],"rotation":0,"texture":"#1","tintindex":0},"north":{"uv":[6.254,3.129,6.746,3.746],"rotation":0,"texture":"#1","tintindex":0},"south":{"uv":[6.254,5.254,6.746,5.871],"rotation":0,"texture":"#1","tintindex":0},"up":{"uv":[7.371,3.371,6.879,2.879],"rotation":0,"texture":"#1","tintindex":0},"west":{"uv":[0.004,6.379,0.496,6.996],"rotation":0,"texture":"#1","tintindex":0}}},{"name":"left leg","from":[7.25,4.3999996,7.1],"to":[9.05,5.6,8.9],"rotation":{"angle":0.0,"axis":"x","origin":[9.139999,0.19999981,8.0]},"faces":{"down":{"uv":[0.0,4.0,6.0,8.0],"rotation":0,"texture":"#2","tintindex":0},"east":{"uv":[0.0,4.0,6.0,8.0],"rotation":0,"texture":"#2","tintindex":0},"north":{"uv":[0.0,4.0,6.0,8.0],"rotation":0,"texture":"#2","tintindex":0},"south":{"uv":[0.0,4.0,6.0,8.0],"rotation":0,"texture":"#2","tintindex":0},"up":{"uv":[7.871,9.246,7.504,8.879],"rotation":0,"texture":"#1","tintindex":0},"west":{"uv":[0.0,4.0,6.0,8.0],"rotation":0,"texture":"#2","tintindex":0}}}],"display":{"head":{"translation":[0.0,-6.4,0.0],"rotation":[0.0,0.0,0.0],"scale":[3.8095,3.8095,3.8095]}}}