{"textures":{"0":"modelengine:entity/poisonous_spider"},"elements":[{"name":"cube","from":[5.0959997,6.3737516,8.264866],"to":[10.904,11.905752,12.206866],"rotation":{"angle":-22.5,"axis":"x","origin":[8.0,7.525752,10.235867]},"faces":{"down":{"uv":[2.875,6.5,1.625,7.375],"rotation":0,"texture":"#0","tintindex":0},"east":{"uv":[2.875,6.5,3.75,7.625],"rotation":0,"texture":"#0","tintindex":0},"north":{"uv":[6.375,3.0,7.625,4.125],"rotation":0,"texture":"#0","tintindex":0},"south":{"uv":[6.375,4.125,7.625,5.25],"rotation":0,"texture":"#0","tintindex":0},"up":{"uv":[5.75,3.875,4.5,3.0],"rotation":0,"texture":"#0","tintindex":0},"west":{"uv":[6.75,1.625,7.625,2.75],"rotation":0,"texture":"#0","tintindex":0}}}],"display":{"head":{"translation":[0.0,-6.4,0.0],"rotation":[0.0,0.0,0.0],"scale":[3.8095,3.8095,3.8095]}}}