{"textures":{"0":"modelengine:entity/poisonous_spider"},"elements":[{"name":"cube","from":[7.33854,6.495064,7.225],"to":[11.53854,7.9950643,8.725],"rotation":{"angle":-22.5,"axis":"z","origin":[9.4385395,7.2450643,7.975]},"faces":{"down":{"uv":[8.5,2.0,7.625,2.375],"rotation":0,"texture":"#0","tintindex":0},"east":{"uv":[7.625,7.375,8.0,7.75],"rotation":0,"texture":"#0","tintindex":0},"north":{"uv":[7.375,6.25,8.25,6.625],"rotation":0,"texture":"#0","tintindex":0},"south":{"uv":[6.75,7.375,7.625,7.75],"rotation":0,"texture":"#0","tintindex":0},"up":{"uv":[8.5,2.0,7.625,1.625],"rotation":0,"texture":"#0","tintindex":0},"west":{"uv":[6.75,7.75,7.125,8.125],"rotation":0,"texture":"#0","tintindex":0}}},{"name":"cube","from":[11.238541,7.3950644,7.525],"to":[15.438541,8.445065,8.575001],"rotation":{"angle":-45.0,"axis":"z","origin":[9.4385395,7.2450643,7.975]},"faces":{"down":{"uv":[8.5,4.875,7.625,5.125],"rotation":0,"texture":"#0","tintindex":0},"east":{"uv":[1.625,5.75,1.875,6.0],"rotation":0,"texture":"#0","tintindex":0},"north":{"uv":[6.75,2.75,7.625,3.0],"rotation":0,"texture":"#0","tintindex":0},"south":{"uv":[7.375,6.625,8.25,6.875],"rotation":0,"texture":"#0","tintindex":0},"up":{"uv":[5.625,7.875,4.75,7.625],"rotation":0,"texture":"#0","tintindex":0},"west":{"uv":[1.625,6.0,1.875,6.25],"rotation":0,"texture":"#0","tintindex":0}}},{"name":"cube","from":[13.068541,7.3950644,7.975],"to":[18.318539,9.645064,7.975],"rotation":{"angle":-45.0,"axis":"z","origin":[9.4385395,7.2450643,7.975]},"faces":{"down":{"uv":[1.125,0.0,0.0,0.0],"rotation":0,"texture":"#0","tintindex":0},"east":{"uv":[0.0,0.0,0.0,0.5],"rotation":0,"texture":"#0","tintindex":0},"north":{"uv":[6.75,6.875,7.875,7.375],"rotation":0,"texture":"#0","tintindex":0},"south":{"uv":[7.875,6.875,6.75,7.375],"rotation":0,"texture":"#0","tintindex":0},"up":{"uv":[1.125,0.0,0.0,0.0],"rotation":0,"texture":"#0","tintindex":0},"west":{"uv":[0.0,0.0,0.0,0.5],"rotation":0,"texture":"#0","tintindex":0}}}],"display":{"head":{"translation":[0.0,-6.4,0.0],"rotation":[0.0,0.0,0.0],"scale":[3.8095,3.8095,3.8095]}}}