{"textures":{"0":"modelengine:entity/poisonous_spider"},"elements":[{"name":"cube","from":[4.4614596,6.495064,7.225],"to":[8.66146,7.9950643,8.725],"rotation":{"angle":22.5,"axis":"z","origin":[6.5614595,7.2450643,7.975]},"faces":{"down":{"uv":[7.625,2.0,8.5,2.375],"rotation":0,"texture":"#0","tintindex":0},"east":{"uv":[7.125,7.75,6.75,8.125],"rotation":0,"texture":"#0","tintindex":0},"north":{"uv":[8.25,6.25,7.375,6.625],"rotation":0,"texture":"#0","tintindex":0},"south":{"uv":[7.625,7.375,6.75,7.75],"rotation":0,"texture":"#0","tintindex":0},"up":{"uv":[7.625,2.0,8.5,1.625],"rotation":0,"texture":"#0","tintindex":0},"west":{"uv":[8.0,7.375,7.625,7.75],"rotation":0,"texture":"#0","tintindex":0}}},{"name":"cube","from":[0.56145954,7.3950644,7.525],"to":[4.76146,8.445065,8.575001],"rotation":{"angle":45.0,"axis":"z","origin":[6.5614595,7.2450643,7.975]},"faces":{"down":{"uv":[7.625,4.875,8.5,5.125],"rotation":0,"texture":"#0","tintindex":0},"east":{"uv":[1.875,6.0,1.625,6.25],"rotation":0,"texture":"#0","tintindex":0},"north":{"uv":[7.625,2.75,6.75,3.0],"rotation":0,"texture":"#0","tintindex":0},"south":{"uv":[8.25,6.625,7.375,6.875],"rotation":0,"texture":"#0","tintindex":0},"up":{"uv":[4.75,7.875,5.625,7.625],"rotation":0,"texture":"#0","tintindex":0},"west":{"uv":[1.875,5.75,1.625,6.0],"rotation":0,"texture":"#0","tintindex":0}}},{"name":"cube","from":[-2.3185396,7.3950644,7.975],"to":[2.9314597,9.645064,7.975],"rotation":{"angle":45.0,"axis":"z","origin":[6.5614595,7.2450643,7.975]},"faces":{"down":{"uv":[0.0,0.0,1.125,0.0],"rotation":0,"texture":"#0","tintindex":0},"east":{"uv":[0.0,0.0,0.0,0.5],"rotation":0,"texture":"#0","tintindex":0},"north":{"uv":[7.875,6.875,6.75,7.375],"rotation":0,"texture":"#0","tintindex":0},"south":{"uv":[6.75,6.875,7.875,7.375],"rotation":0,"texture":"#0","tintindex":0},"up":{"uv":[0.0,0.0,1.125,0.0],"rotation":0,"texture":"#0","tintindex":0},"west":{"uv":[0.0,0.0,0.0,0.5],"rotation":0,"texture":"#0","tintindex":0}}}],"display":{"head":{"translation":[0.0,-6.4,0.0],"rotation":[0.0,0.0,0.0],"scale":[3.8095,3.8095,3.8095]}}}