{"textures":{"0":"modelengine:entity/nocsy_skeleton_brute2_skin","1":"modelengine:entity/nocsy_skeleton_brute_jaw"},"elements":[{"name":"cube","from":[7.0649424,1.6933433,7.015296],"to":[8.639967,8.742288,8.510401],"rotation":{"angle":0.0,"axis":"x","origin":[8.819966,6.976056,8.014213]},"faces":{"down":{"uv":[7.75,7.3125,7.5625,7.4375],"rotation":0,"texture":"#0","tintindex":0},"east":{"uv":[1.0625,6.1875,1.1875,6.9375],"rotation":0,"texture":"#0","tintindex":0},"north":{"uv":[5.8125,5.5625,6.0,6.3125],"rotation":0,"texture":"#0","tintindex":0},"south":{"uv":[4.9375,5.875,5.125,6.625],"rotation":0,"texture":"#0","tintindex":0},"up":{"uv":[7.75,6.375,7.5625,6.25],"rotation":0,"texture":"#0","tintindex":0},"west":{"uv":[3.5625,6.25,3.6875,7.0],"rotation":0,"texture":"#0","tintindex":0}}}],"display":{"head":{"translation":[0.0,-6.4,0.0],"rotation":[0.0,0.0,0.0],"scale":[3.8095,3.8095,3.8095]}}}