{"textures":{"0":"modelengine:entity/nocsy_skeleton_brute2_skin","1":"modelengine:entity/nocsy_skeleton_brute_jaw"},"elements":[{"name":"cube","from":[7.5894995,1.6651291,7.068427],"to":[9.164523,8.714073,8.563531],"rotation":{"angle":0.0,"axis":"x","origin":[7.4095,6.9478416,8.067343]},"faces":{"down":{"uv":[7.75,4.8125,7.5625,4.9375],"rotation":0,"texture":"#0","tintindex":0},"east":{"uv":[4.75,6.125,4.875,6.875],"rotation":0,"texture":"#0","tintindex":0},"north":{"uv":[4.5625,5.75,4.75,6.5],"rotation":0,"texture":"#0","tintindex":0},"south":{"uv":[5.8125,4.8125,6.0,5.5625],"rotation":0,"texture":"#0","tintindex":0},"up":{"uv":[7.6875,3.1875,7.5,3.0625],"rotation":0,"texture":"#0","tintindex":0},"west":{"uv":[0.9375,6.1875,1.0625,6.9375],"rotation":0,"texture":"#0","tintindex":0}}}],"display":{"head":{"translation":[0.0,-6.4,0.0],"rotation":[0.0,0.0,0.0],"scale":[3.8095,3.8095,3.8095]}}}