{"textures":{"0":"modelengine:entity/3dtext_market"},"elements":[{"name":"market_0","from":[21.05,8.09,7.25],"to":[22.850002,13.64,9.2],"rotation":{"angle":0.0,"axis":"x","origin":[8.0,10.940001,7.925]},"faces":{"down":{"uv":[8.75,10.25,8.0,11.125],"rotation":0,"texture":"#0","tintindex":0},"east":{"uv":[0.0,0.0,0.875,2.375],"rotation":0,"texture":"#0","tintindex":0},"north":{"uv":[0.0,5.0,0.75,7.375],"rotation":0,"texture":"#0","tintindex":0},"south":{"uv":[5.0,0.0,5.75,2.375],"rotation":0,"texture":"#0","tintindex":0},"up":{"uv":[7.75,10.125,7.0,9.25],"rotation":0,"texture":"#0","tintindex":0},"west":{"uv":[1.0,0.0,1.875,2.375],"rotation":0,"texture":"#0","tintindex":0}}},{"name":"market_1","from":[17.45,8.09,7.25],"to":[19.1,13.64,9.2],"rotation":{"angle":0.0,"axis":"x","origin":[8.0,10.940001,7.925]},"faces":{"down":{"uv":[11.5,2.0,10.75,2.875],"rotation":0,"texture":"#0","tintindex":0},"east":{"uv":[2.0,0.0,2.875,2.375],"rotation":0,"texture":"#0","tintindex":0},"north":{"uv":[0.75,5.0,1.5,7.375],"rotation":0,"texture":"#0","tintindex":0},"south":{"uv":[1.5,5.0,2.25,7.375],"rotation":0,"texture":"#0","tintindex":0},"up":{"uv":[11.5,0.875,10.75,0.0],"rotation":0,"texture":"#0","tintindex":0},"west":{"uv":[0.0,2.5,0.875,4.875],"rotation":0,"texture":"#0","tintindex":0}}},{"name":"market_2","from":[14.900001,8.09,7.25],"to":[16.7,13.64,9.2],"rotation":{"angle":0.0,"axis":"x","origin":[8.0,10.940001,7.925]},"faces":{"down":{"uv":[11.5,10.0,10.75,10.875],"rotation":0,"texture":"#0","tintindex":0},"east":{"uv":[1.0,2.5,1.875,4.875],"rotation":0,"texture":"#0","tintindex":0},"north":{"uv":[2.25,5.0,3.0,7.375],"rotation":0,"texture":"#0","tintindex":0},"south":{"uv":[5.0,2.5,5.75,4.875],"rotation":0,"texture":"#0","tintindex":0},"up":{"uv":[11.5,7.375,10.75,6.5],"rotation":0,"texture":"#0","tintindex":0},"west":{"uv":[2.0,2.5,2.875,4.875],"rotation":0,"texture":"#0","tintindex":0}}},{"name":"market_3","from":[12.35,12.44,7.25],"to":[14.900001,13.64,9.2],"rotation":{"angle":0.0,"axis":"x","origin":[8.0,10.940001,7.925]},"faces":{"down":{"uv":[9.125,5.0,8.0,5.875],"rotation":0,"texture":"#0","tintindex":0},"east":{"uv":[12.25,5.25,13.125,5.75],"rotation":0,"texture":"#0","tintindex":0},"north":{"uv":[11.75,1.0,12.875,1.5],"rotation":0,"texture":"#0","tintindex":0},"south":{"uv":[11.75,1.5,12.875,2.0],"rotation":0,"texture":"#0","tintindex":0},"up":{"uv":[9.125,4.875,8.0,4.0],"rotation":0,"texture":"#0","tintindex":0},"west":{"uv":[12.25,5.75,13.125,6.25],"rotation":0,"texture":"#0","tintindex":0}}},{"name":"market_4","from":[9.65,10.190001,7.25],"to":[11.6,13.64,9.2],"rotation":{"angle":0.0,"axis":"x","origin":[8.0,10.940001,7.925]},"faces":{"down":{"uv":[10.625,7.0,9.75,7.875],"rotation":0,"texture":"#0","tintindex":0},"east":{"uv":[1.75,7.5,2.625,9.0],"rotation":0,"texture":"#0","tintindex":0},"north":{"uv":[0.75,7.5,1.625,9.0],"rotation":0,"texture":"#0","tintindex":0},"south":{"uv":[2.75,7.5,3.625,9.0],"rotation":0,"texture":"#0","tintindex":0},"up":{"uv":[10.625,2.875,9.75,2.0],"rotation":0,"texture":"#0","tintindex":0},"west":{"uv":[3.75,7.5,4.625,9.0],"rotation":0,"texture":"#0","tintindex":0}}},{"name":"market_5","from":[7.1,12.29,7.25],"to":[9.65,13.64,9.2],"rotation":{"angle":0.0,"axis":"x","origin":[8.0,10.940001,7.925]},"faces":{"down":{"uv":[8.875,8.0,7.75,8.875],"rotation":0,"texture":"#0","tintindex":0},"east":{"uv":[11.75,3.75,12.625,4.375],"rotation":0,"texture":"#0","tintindex":0},"north":{"uv":[3.0,10.25,4.125,10.875],"rotation":0,"texture":"#0","tintindex":0},"south":{"uv":[4.25,10.25,5.375,10.875],"rotation":0,"texture":"#0","tintindex":0},"up":{"uv":[9.125,6.875,8.0,6.0],"rotation":0,"texture":"#0","tintindex":0},"west":{"uv":[11.75,8.75,12.625,9.375],"rotation":0,"texture":"#0","tintindex":0}}},{"name":"market_6","from":[4.7,8.09,7.25],"to":[6.5,13.64,9.2],"rotation":{"angle":0.0,"axis":"x","origin":[8.0,10.940001,7.925]},"faces":{"down":{"uv":[3.75,11.0,3.0,11.875],"rotation":0,"texture":"#0","tintindex":0},"east":{"uv":[3.0,0.0,3.875,2.375],"rotation":0,"texture":"#0","tintindex":0},"north":{"uv":[3.0,5.0,3.75,7.375],"rotation":0,"texture":"#0","tintindex":0},"south":{"uv":[3.75,5.0,4.5,7.375],"rotation":0,"texture":"#0","tintindex":0},"up":{"uv":[11.75,1.875,11.0,1.0],"rotation":0,"texture":"#0","tintindex":0},"west":{"uv":[3.0,2.5,3.875,4.875],"rotation":0,"texture":"#0","tintindex":0}}},{"name":"market_7","from":[1.8499998,11.84,7.25],"to":[3.6499999,13.64,9.2],"rotation":{"angle":0.0,"axis":"x","origin":[8.0,10.940001,7.925]},"faces":{"down":{"uv":[6.25,11.0,5.5,11.875],"rotation":0,"texture":"#0","tintindex":0},"east":{"uv":[11.0,3.0,11.875,3.75],"rotation":0,"texture":"#0","tintindex":0},"north":{"uv":[0.0,9.5,0.75,10.25],"rotation":0,"texture":"#0","tintindex":0},"south":{"uv":[3.75,11.75,4.5,12.5],"rotation":0,"texture":"#0","tintindex":0},"up":{"uv":[5.5,11.875,4.75,11.0],"rotation":0,"texture":"#0","tintindex":0},"west":{"uv":[3.75,11.0,4.625,11.75],"rotation":0,"texture":"#0","tintindex":0}}},{"name":"market_8","from":[-0.5500004,8.09,7.25],"to":[1.2499998,13.64,9.2],"rotation":{"angle":0.0,"axis":"x","origin":[8.0,10.940001,7.925]},"faces":{"down":{"uv":[7.75,11.0,7.0,11.875],"rotation":0,"texture":"#0","tintindex":0},"east":{"uv":[4.0,0.0,4.875,2.375],"rotation":0,"texture":"#0","tintindex":0},"north":{"uv":[4.5,5.0,5.25,7.375],"rotation":0,"texture":"#0","tintindex":0},"south":{"uv":[5.25,5.0,6.0,7.375],"rotation":0,"texture":"#0","tintindex":0},"up":{"uv":[7.0,11.875,6.25,11.0],"rotation":0,"texture":"#0","tintindex":0},"west":{"uv":[4.0,2.5,4.875,4.875],"rotation":0,"texture":"#0","tintindex":0}}},{"name":"market_9","from":[-3.1000004,12.29,7.25],"to":[-0.5500004,13.64,9.2],"rotation":{"angle":0.0,"axis":"x","origin":[8.0,10.940001,7.925]},"faces":{"down":{"uv":[9.875,1.0,8.75,1.875],"rotation":0,"texture":"#0","tintindex":0},"east":{"uv":[9.5,11.75,10.375,12.375],"rotation":0,"texture":"#0","tintindex":0},"north":{"uv":[10.25,5.0,11.375,5.625],"rotation":0,"texture":"#0","tintindex":0},"south":{"uv":[5.5,10.25,6.625,10.875],"rotation":0,"texture":"#0","tintindex":0},"up":{"uv":[9.625,0.875,8.5,0.0],"rotation":0,"texture":"#0","tintindex":0},"west":{"uv":[10.5,11.75,11.375,12.375],"rotation":0,"texture":"#0","tintindex":0}}},{"name":"market_10","from":[-8.200001,12.29,7.25],"to":[-3.7000003,13.64,9.2],"rotation":{"angle":0.0,"axis":"x","origin":[8.0,10.940001,7.925]},"faces":{"down":{"uv":[7.625,1.0,5.75,1.875],"rotation":0,"texture":"#0","tintindex":0},"east":{"uv":[11.5,11.75,12.375,12.375],"rotation":0,"texture":"#0","tintindex":0},"north":{"uv":[7.75,7.25,9.625,7.875],"rotation":0,"texture":"#0","tintindex":0},"south":{"uv":[8.0,3.25,9.875,3.875],"rotation":0,"texture":"#0","tintindex":0},"up":{"uv":[7.625,0.875,5.75,0.0],"rotation":0,"texture":"#0","tintindex":0},"west":{"uv":[0.0,12.0,0.875,12.625],"rotation":0,"texture":"#0","tintindex":0}}},{"name":"market_11","from":[20.3,10.49,7.25],"to":[21.05,13.04,9.2],"rotation":{"angle":0.0,"axis":"x","origin":[8.0,10.940001,7.925]},"faces":{"down":{"uv":[4.125,12.5,3.75,13.375],"rotation":0,"texture":"#0","tintindex":0},"east":{"uv":[8.75,2.0,9.625,3.125],"rotation":0,"texture":"#0","tintindex":0},"north":{"uv":[12.25,6.25,12.625,7.375],"rotation":0,"texture":"#0","tintindex":0},"south":{"uv":[12.25,7.5,12.625,8.625],"rotation":0,"texture":"#0","tintindex":0},"up":{"uv":[12.625,11.625,12.25,10.75],"rotation":0,"texture":"#0","tintindex":0},"west":{"uv":[0.75,9.0,1.625,10.125],"rotation":0,"texture":"#0","tintindex":0}}},{"name":"market_12","from":[19.1,10.49,7.25],"to":[19.850002,13.04,9.2],"rotation":{"angle":0.0,"axis":"x","origin":[8.0,10.940001,7.925]},"faces":{"down":{"uv":[10.375,12.5,10.0,13.375],"rotation":0,"texture":"#0","tintindex":0},"east":{"uv":[1.75,9.0,2.625,10.125],"rotation":0,"texture":"#0","tintindex":0},"north":{"uv":[7.75,12.25,8.125,13.375],"rotation":0,"texture":"#0","tintindex":0},"south":{"uv":[12.25,9.5,12.625,10.625],"rotation":0,"texture":"#0","tintindex":0},"up":{"uv":[9.875,13.375,9.5,12.5],"rotation":0,"texture":"#0","tintindex":0},"west":{"uv":[2.75,9.0,3.625,10.125],"rotation":0,"texture":"#0","tintindex":0}}},{"name":"market_13","from":[3.6499999,8.84,7.25],"to":[4.25,13.04,9.2],"rotation":{"angle":0.0,"axis":"x","origin":[8.0,10.940001,7.925]},"faces":{"down":{"uv":[3.75,12.75,3.5,13.625],"rotation":0,"texture":"#0","tintindex":0},"east":{"uv":[6.0,6.0,6.875,7.75],"rotation":0,"texture":"#0","tintindex":0},"north":{"uv":[7.5,12.0,7.75,13.75],"rotation":0,"texture":"#0","tintindex":0},"south":{"uv":[9.25,12.0,9.5,13.75],"rotation":0,"texture":"#0","tintindex":0},"up":{"uv":[3.5,13.625,3.25,12.75],"rotation":0,"texture":"#0","tintindex":0},"west":{"uv":[6.75,2.0,7.625,3.75],"rotation":0,"texture":"#0","tintindex":0}}},{"name":"market_14","from":[12.35,8.09,7.25],"to":[14.150001,12.44,9.2],"rotation":{"angle":0.0,"axis":"x","origin":[8.0,10.940001,7.925]},"faces":{"down":{"uv":[11.75,8.75,11.0,9.625],"rotation":0,"texture":"#0","tintindex":0},"east":{"uv":[5.75,2.0,6.625,3.875],"rotation":0,"texture":"#0","tintindex":0},"north":{"uv":[7.0,7.25,7.75,9.125],"rotation":0,"texture":"#0","tintindex":0},"south":{"uv":[0.0,7.5,0.75,9.375],"rotation":0,"texture":"#0","tintindex":0},"up":{"uv":[9.5,11.875,8.75,11.0],"rotation":0,"texture":"#0","tintindex":0},"west":{"uv":[6.0,4.0,6.875,5.875],"rotation":0,"texture":"#0","tintindex":0}}},{"name":"market_15","from":[19.850002,9.889999,7.25],"to":[20.3,12.29,9.2],"rotation":{"angle":0.0,"axis":"x","origin":[8.0,10.940001,7.925]},"faces":{"down":{"uv":[5.0,12.75,4.75,13.625],"rotation":0,"texture":"#0","tintindex":0},"east":{"uv":[9.25,5.0,10.125,6.0],"rotation":0,"texture":"#0","tintindex":0},"north":{"uv":[5.75,4.0,6.0,5.0],"rotation":0,"texture":"#0","tintindex":0},"south":{"uv":[0.75,12.75,1.0,13.75],"rotation":0,"texture":"#0","tintindex":0},"up":{"uv":[4.75,13.625,4.5,12.75],"rotation":0,"texture":"#0","tintindex":0},"west":{"uv":[6.0,9.25,6.875,10.25],"rotation":0,"texture":"#0","tintindex":0}}},{"name":"market_16","from":[7.1,10.639999,7.25],"to":[9.05,12.29,9.2],"rotation":{"angle":0.0,"axis":"x","origin":[8.0,10.940001,7.925]},"faces":{"down":{"uv":[10.875,3.0,10.0,3.875],"rotation":0,"texture":"#0","tintindex":0},"east":{"uv":[10.5,11.0,11.375,11.75],"rotation":0,"texture":"#0","tintindex":0},"north":{"uv":[9.5,11.0,10.375,11.75],"rotation":0,"texture":"#0","tintindex":0},"south":{"uv":[0.0,11.25,0.875,12.0],"rotation":0,"texture":"#0","tintindex":0},"up":{"uv":[10.875,1.875,10.0,1.0],"rotation":0,"texture":"#0","tintindex":0},"west":{"uv":[1.0,11.25,1.875,12.0],"rotation":0,"texture":"#0","tintindex":0}}},{"name":"market_17","from":[-6.8500004,8.09,7.25],"to":[-5.05,12.29,9.2],"rotation":{"angle":0.0,"axis":"x","origin":[8.0,10.940001,7.925]},"faces":{"down":{"uv":[8.5,11.25,7.75,12.125],"rotation":0,"texture":"#0","tintindex":0},"east":{"uv":[7.0,3.75,7.875,5.5],"rotation":0,"texture":"#0","tintindex":0},"north":{"uv":[4.75,7.5,5.5,9.25],"rotation":0,"texture":"#0","tintindex":0},"south":{"uv":[7.75,0.0,8.5,1.75],"rotation":0,"texture":"#0","tintindex":0},"up":{"uv":[2.75,12.125,2.0,11.25],"rotation":0,"texture":"#0","tintindex":0},"west":{"uv":[7.0,5.5,7.875,7.25],"rotation":0,"texture":"#0","tintindex":0}}},{"name":"market_18","from":[4.25,9.59,7.25],"to":[4.7,12.14,9.2],"rotation":{"angle":0.0,"axis":"x","origin":[8.0,10.940001,7.925]},"faces":{"down":{"uv":[5.5,12.75,5.25,13.625],"rotation":0,"texture":"#0","tintindex":0},"east":{"uv":[3.75,9.0,4.625,10.125],"rotation":0,"texture":"#0","tintindex":0},"north":{"uv":[4.25,12.5,4.5,13.625],"rotation":0,"texture":"#0","tintindex":0},"south":{"uv":[0.5,12.75,0.75,13.875],"rotation":0,"texture":"#0","tintindex":0},"up":{"uv":[5.25,13.625,5.0,12.75],"rotation":0,"texture":"#0","tintindex":0},"west":{"uv":[7.75,9.0,8.625,10.125],"rotation":0,"texture":"#0","tintindex":0}}},{"name":"market_19","from":[2.6,11.24,7.25],"to":[3.6499999,11.84,9.2],"rotation":{"angle":0.0,"axis":"x","origin":[8.0,10.940001,7.925]},"faces":{"down":{"uv":[2.5,12.25,2.0,13.125],"rotation":0,"texture":"#0","tintindex":0},"east":{"uv":[8.0,7.0,8.875,7.25],"rotation":0,"texture":"#0","tintindex":0},"north":{"uv":[5.5,7.5,6.0,7.75],"rotation":0,"texture":"#0","tintindex":0},"south":{"uv":[6.5,8.75,7.0,9.0],"rotation":0,"texture":"#0","tintindex":0},"up":{"uv":[7.0,8.625,6.5,7.75],"rotation":0,"texture":"#0","tintindex":0},"west":{"uv":[10.5,4.75,11.375,5.0],"rotation":0,"texture":"#0","tintindex":0}}},{"name":"market_20","from":[9.05,10.190001,7.25],"to":[9.65,11.69,9.2],"rotation":{"angle":0.0,"axis":"x","origin":[8.0,10.940001,7.925]},"faces":{"down":{"uv":[6.0,12.75,5.75,13.625],"rotation":0,"texture":"#0","tintindex":0},"east":{"uv":[1.0,12.0,1.875,12.625],"rotation":0,"texture":"#0","tintindex":0},"north":{"uv":[8.5,1.0,8.75,1.625],"rotation":0,"texture":"#0","tintindex":0},"south":{"uv":[2.75,11.25,3.0,11.875],"rotation":0,"texture":"#0","tintindex":0},"up":{"uv":[5.75,13.625,5.5,12.75],"rotation":0,"texture":"#0","tintindex":0},"west":{"uv":[2.75,12.0,3.625,12.625],"rotation":0,"texture":"#0","tintindex":0}}},{"name":"market_21","from":[-3.1000004,10.190001,7.25],"to":[-0.5500004,11.54,9.2],"rotation":{"angle":0.0,"axis":"x","origin":[8.0,10.940001,7.925]},"faces":{"down":{"uv":[9.875,9.0,8.75,9.875],"rotation":0,"texture":"#0","tintindex":0},"east":{"uv":[12.0,3.0,12.875,3.625],"rotation":0,"texture":"#0","tintindex":0},"north":{"uv":[10.25,5.75,11.375,6.375],"rotation":0,"texture":"#0","tintindex":0},"south":{"uv":[6.75,10.25,7.875,10.875],"rotation":0,"texture":"#0","tintindex":0},"up":{"uv":[10.125,8.875,9.0,8.0],"rotation":0,"texture":"#0","tintindex":0},"west":{"uv":[4.5,12.0,5.375,12.625],"rotation":0,"texture":"#0","tintindex":0}}},{"name":"market_22","from":[3.0499997,8.09,7.25],"to":[3.6499999,11.24,9.2],"rotation":{"angle":0.0,"axis":"x","origin":[8.0,10.940001,7.925]},"faces":{"down":{"uv":[6.5,12.75,6.25,13.625],"rotation":0,"texture":"#0","tintindex":0},"east":{"uv":[7.75,1.75,8.625,3.125],"rotation":0,"texture":"#0","tintindex":0},"north":{"uv":[2.5,12.25,2.75,13.625],"rotation":0,"texture":"#0","tintindex":0},"south":{"uv":[8.25,12.25,8.5,13.625],"rotation":0,"texture":"#0","tintindex":0},"up":{"uv":[6.25,13.625,6.0,12.75],"rotation":0,"texture":"#0","tintindex":0},"west":{"uv":[5.5,7.75,6.375,9.125],"rotation":0,"texture":"#0","tintindex":0}}},{"name":"market_23","from":[14.150001,9.59,7.25],"to":[14.900001,10.940001,9.2],"rotation":{"angle":0.0,"axis":"x","origin":[8.0,10.940001,7.925]},"faces":{"down":{"uv":[11.375,12.5,11.0,13.375],"rotation":0,"texture":"#0","tintindex":0},"east":{"uv":[5.5,12.0,6.375,12.625],"rotation":0,"texture":"#0","tintindex":0},"north":{"uv":[1.5,12.75,1.875,13.375],"rotation":0,"texture":"#0","tintindex":0},"south":{"uv":[2.75,12.75,3.125,13.375],"rotation":0,"texture":"#0","tintindex":0},"up":{"uv":[10.875,13.375,10.5,12.5],"rotation":0,"texture":"#0","tintindex":0},"west":{"uv":[6.5,12.0,7.375,12.625],"rotation":0,"texture":"#0","tintindex":0}}},{"name":"market_24","from":[7.7,10.190001,7.25],"to":[9.05,10.639999,9.2],"rotation":{"angle":0.0,"axis":"x","origin":[8.0,10.940001,7.925]},"faces":{"down":{"uv":[12.875,0.0,12.25,0.875],"rotation":0,"texture":"#0","tintindex":0},"east":{"uv":[12.25,2.75,13.125,3.0],"rotation":0,"texture":"#0","tintindex":0},"north":{"uv":[9.0,7.0,9.625,7.25],"rotation":0,"texture":"#0","tintindex":0},"south":{"uv":[10.25,8.75,10.875,9.0],"rotation":0,"texture":"#0","tintindex":0},"up":{"uv":[9.125,12.875,8.5,12.0],"rotation":0,"texture":"#0","tintindex":0},"west":{"uv":[12.75,3.75,13.625,4.0],"rotation":0,"texture":"#0","tintindex":0}}},{"name":"market_25","from":[20.3,9.889999,7.25],"to":[20.600002,10.49,9.2],"rotation":{"angle":0.0,"axis":"x","origin":[8.0,10.940001,7.925]},"faces":{"down":{"uv":[12.875,9.5,12.75,10.375],"rotation":0,"texture":"#0","tintindex":0},"east":{"uv":[12.75,4.0,13.625,4.25],"rotation":0,"texture":"#0","tintindex":0},"north":{"uv":[6.75,3.75,6.875,4.0],"rotation":0,"texture":"#0","tintindex":0},"south":{"uv":[7.75,3.25,7.875,3.5],"rotation":0,"texture":"#0","tintindex":0},"up":{"uv":[12.875,9.375,12.75,8.5],"rotation":0,"texture":"#0","tintindex":0},"west":{"uv":[12.75,4.25,13.625,4.5],"rotation":0,"texture":"#0","tintindex":0}}},{"name":"market_26","from":[19.55,9.889999,7.25],"to":[19.850002,10.49,9.2],"rotation":{"angle":0.0,"axis":"x","origin":[8.0,10.940001,7.925]},"faces":{"down":{"uv":[12.625,12.75,12.5,13.625],"rotation":0,"texture":"#0","tintindex":0},"east":{"uv":[12.75,6.25,13.625,6.5],"rotation":0,"texture":"#0","tintindex":0},"north":{"uv":[7.75,3.5,7.875,3.75],"rotation":0,"texture":"#0","tintindex":0},"south":{"uv":[6.5,9.0,6.625,9.25],"rotation":0,"texture":"#0","tintindex":0},"up":{"uv":[12.875,11.375,12.75,10.5],"rotation":0,"texture":"#0","tintindex":0},"west":{"uv":[6.5,12.75,7.375,13.0],"rotation":0,"texture":"#0","tintindex":0}}},{"name":"market_27","from":[2.6,8.09,7.25],"to":[3.0499997,10.49,9.2],"rotation":{"angle":0.0,"axis":"x","origin":[8.0,10.940001,7.925]},"faces":{"down":{"uv":[13.0,7.5,12.75,8.375],"rotation":0,"texture":"#0","tintindex":0},"east":{"uv":[9.25,6.0,10.125,7.0],"rotation":0,"texture":"#0","tintindex":0},"north":{"uv":[1.0,12.75,1.25,13.75],"rotation":0,"texture":"#0","tintindex":0},"south":{"uv":[1.25,12.75,1.5,13.75],"rotation":0,"texture":"#0","tintindex":0},"up":{"uv":[13.0,7.375,12.75,6.5],"rotation":0,"texture":"#0","tintindex":0},"west":{"uv":[9.75,0.0,10.625,1.0],"rotation":0,"texture":"#0","tintindex":0}}},{"name":"market_28","from":[9.8,8.09,7.25],"to":[11.6,10.190001,9.2],"rotation":{"angle":0.0,"axis":"x","origin":[8.0,10.940001,7.925]},"faces":{"down":{"uv":[12.25,5.75,11.5,6.625],"rotation":0,"texture":"#0","tintindex":0},"east":{"uv":[8.75,10.0,9.625,10.875],"rotation":0,"texture":"#0","tintindex":0},"north":{"uv":[11.5,0.0,12.25,0.875],"rotation":0,"texture":"#0","tintindex":0},"south":{"uv":[11.5,2.0,12.25,2.875],"rotation":0,"texture":"#0","tintindex":0},"up":{"uv":[12.25,5.625,11.5,4.75],"rotation":0,"texture":"#0","tintindex":0},"west":{"uv":[10.0,9.0,10.875,9.875],"rotation":0,"texture":"#0","tintindex":0}}},{"name":"market_29","from":[7.1,8.09,7.25],"to":[8.9,10.190001,9.2],"rotation":{"angle":0.0,"axis":"x","origin":[8.0,10.940001,7.925]},"faces":{"down":{"uv":[12.25,10.75,11.5,11.625],"rotation":0,"texture":"#0","tintindex":0},"east":{"uv":[9.75,10.0,10.625,10.875],"rotation":0,"texture":"#0","tintindex":0},"north":{"uv":[11.5,6.75,12.25,7.625],"rotation":0,"texture":"#0","tintindex":0},"south":{"uv":[11.5,7.75,12.25,8.625],"rotation":0,"texture":"#0","tintindex":0},"up":{"uv":[12.25,10.625,11.5,9.75],"rotation":0,"texture":"#0","tintindex":0},"west":{"uv":[0.0,10.25,0.875,11.125],"rotation":0,"texture":"#0","tintindex":0}}},{"name":"market_30","from":[1.8499998,8.09,7.25],"to":[2.6,10.04,9.2],"rotation":{"angle":0.0,"axis":"x","origin":[8.0,10.940001,7.925]},"faces":{"down":{"uv":[0.375,12.75,0.0,13.625],"rotation":0,"texture":"#0","tintindex":0},"east":{"uv":[1.0,10.25,1.875,11.125],"rotation":0,"texture":"#0","tintindex":0},"north":{"uv":[11.5,12.5,11.875,13.375],"rotation":0,"texture":"#0","tintindex":0},"south":{"uv":[12.5,11.75,12.875,12.625],"rotation":0,"texture":"#0","tintindex":0},"up":{"uv":[12.375,13.375,12.0,12.5],"rotation":0,"texture":"#0","tintindex":0},"west":{"uv":[2.0,10.25,2.875,11.125],"rotation":0,"texture":"#0","tintindex":0}}},{"name":"market_31","from":[-3.1000004,8.09,7.25],"to":[-0.5500004,9.59,9.2],"rotation":{"angle":0.0,"axis":"x","origin":[8.0,10.940001,7.925]},"faces":{"down":{"uv":[5.875,9.25,4.75,10.125],"rotation":0,"texture":"#0","tintindex":0},"east":{"uv":[12.25,2.0,13.125,2.625],"rotation":0,"texture":"#0","tintindex":0},"north":{"uv":[10.25,8.0,11.375,8.625],"rotation":0,"texture":"#0","tintindex":0},"south":{"uv":[10.5,4.0,11.625,4.625],"rotation":0,"texture":"#0","tintindex":0},"up":{"uv":[10.375,4.875,9.25,4.0],"rotation":0,"texture":"#0","tintindex":0},"west":{"uv":[12.25,4.5,13.125,5.125],"rotation":0,"texture":"#0","tintindex":0}}}],"display":{"head":{"translation":[0.0,-6.4,0.0],"rotation":[0.0,0.0,0.0],"scale":[3.8095,3.8095,3.8095]}}}