{"textures":{"0":"modelengine:entity/stalagtites_man"},"elements":[{"name":"cube","from":[6.2,6.545,3.1399996],"to":[9.8,7.7450004,7.94],"rotation":{"angle":0.0,"axis":"x","origin":[8.0,-24.655003,7.79]},"faces":{"down":{"uv":[6.625,3.625,5.875,4.625],"rotation":0,"texture":"#0","tintindex":0},"east":{"uv":[7.375,0.0,8.375,0.25],"rotation":0,"texture":"#0","tintindex":0},"north":{"uv":[7.5,4.75,8.25,5.0],"rotation":0,"texture":"#0","tintindex":0},"south":{"uv":[7.5,5.0,8.25,5.25],"rotation":0,"texture":"#0","tintindex":0},"up":{"uv":[6.625,2.0,5.875,1.0],"rotation":0,"texture":"#0","tintindex":0},"west":{"uv":[7.375,0.25,8.375,0.5],"rotation":0,"texture":"#0","tintindex":0}}},{"name":"cube","from":[6.95,7.7450004,3.7399998],"to":[9.05,8.345,7.64],"rotation":{"angle":0.0,"axis":"x","origin":[8.0,-24.655003,7.79]},"faces":{"down":{"uv":[7.5,1.375,7.0,2.25],"rotation":0,"texture":"#0","tintindex":0},"east":{"uv":[7.625,7.375,8.5,7.5],"rotation":0,"texture":"#0","tintindex":0},"north":{"uv":[6.75,7.75,7.25,7.875],"rotation":0,"texture":"#0","tintindex":0},"south":{"uv":[7.75,7.125,8.25,7.25],"rotation":0,"texture":"#0","tintindex":0},"up":{"uv":[7.375,4.875,6.875,4.0],"rotation":0,"texture":"#0","tintindex":0},"west":{"uv":[7.625,7.5,8.5,7.625],"rotation":0,"texture":"#0","tintindex":0}}},{"name":"cube","from":[6.35,7.7450004,3.29],"to":[6.35,8.795,7.94],"rotation":{"angle":0.0,"axis":"x","origin":[8.0,-24.655003,7.79]},"faces":{"down":{"uv":[0.0,0.0,0.0,1.0],"rotation":0,"texture":"#0","tintindex":0},"east":{"uv":[1.75,7.375,2.75,7.625],"rotation":0,"texture":"#0","tintindex":0},"north":{"uv":[0.0,0.0,0.0,0.25],"rotation":0,"texture":"#0","tintindex":0},"south":{"uv":[0.0,0.0,0.0,0.25],"rotation":0,"texture":"#0","tintindex":0},"up":{"uv":[0.0,1.0,0.0,0.0],"rotation":0,"texture":"#0","tintindex":0},"west":{"uv":[2.75,7.375,3.75,7.625],"rotation":0,"texture":"#0","tintindex":0}}},{"name":"cube","from":[6.35,7.7450004,3.29],"to":[9.65,8.795,3.29],"rotation":{"angle":0.0,"axis":"x","origin":[8.0,-24.655003,7.79]},"faces":{"down":{"uv":[0.75,0.0,0.0,0.0],"rotation":0,"texture":"#0","tintindex":0},"east":{"uv":[0.0,0.0,0.0,0.25],"rotation":0,"texture":"#0","tintindex":0},"north":{"uv":[7.5,5.25,8.25,5.5],"rotation":0,"texture":"#0","tintindex":0},"south":{"uv":[7.5,5.5,8.25,5.75],"rotation":0,"texture":"#0","tintindex":0},"up":{"uv":[0.75,0.0,0.0,0.0],"rotation":0,"texture":"#0","tintindex":0},"west":{"uv":[0.0,0.0,0.0,0.25],"rotation":0,"texture":"#0","tintindex":0}}},{"name":"cube","from":[9.65,7.7450004,3.29],"to":[9.65,8.795,7.94],"rotation":{"angle":0.0,"axis":"x","origin":[8.0,-24.655003,7.79]},"faces":{"down":{"uv":[0.0,0.0,0.0,1.0],"rotation":0,"texture":"#0","tintindex":0},"east":{"uv":[7.375,3.0,8.375,3.25],"rotation":0,"texture":"#0","tintindex":0},"north":{"uv":[0.0,0.0,0.0,0.25],"rotation":0,"texture":"#0","tintindex":0},"south":{"uv":[0.0,0.0,0.0,0.25],"rotation":0,"texture":"#0","tintindex":0},"up":{"uv":[0.0,1.0,0.0,0.0],"rotation":0,"texture":"#0","tintindex":0},"west":{"uv":[7.375,3.25,8.375,3.5],"rotation":0,"texture":"#0","tintindex":0}}}],"display":{"head":{"translation":[0.0,-6.4,0.0],"rotation":[0.0,0.0,0.0],"scale":[3.8095,3.8095,3.8095]}}}