{"textures":{"0":"modelengine:entity/stalagtites_man"},"elements":[{"name":"cube","from":[7.4,-1.4500003,7.4],"to":[8.6,8.15,8.6],"rotation":{"angle":0.0,"axis":"x","origin":[6.2,-2.0500002,7.4]},"faces":{"down":{"uv":[5.875,1.0,5.625,1.25],"rotation":0,"texture":"#0","tintindex":0},"east":{"uv":[1.0,6.875,1.25,8.875],"rotation":0,"texture":"#0","tintindex":0},"north":{"uv":[6.75,5.125,7.0,7.125],"rotation":0,"texture":"#0","tintindex":0},"south":{"uv":[1.25,6.875,1.5,8.875],"rotation":0,"texture":"#0","tintindex":0},"up":{"uv":[4.125,5.75,3.875,5.5],"rotation":0,"texture":"#0","tintindex":0},"west":{"uv":[1.5,6.875,1.75,8.875],"rotation":0,"texture":"#0","tintindex":0}}}],"display":{"head":{"translation":[0.0,-6.4,0.0],"rotation":[0.0,0.0,0.0],"scale":[3.8095,3.8095,3.8095]}}}