{"textures":{"0":"modelengine:entity/stalagtites_man"},"elements":[{"name":"cube","from":[7.4,-1.4500003,7.4],"to":[8.6,8.15,8.6],"rotation":{"angle":0.0,"axis":"x","origin":[9.8,-2.0500002,7.4]},"faces":{"down":{"uv":[4.125,5.25,3.875,5.5],"rotation":0,"texture":"#0","tintindex":0},"east":{"uv":[6.25,6.5,6.5,8.5],"rotation":0,"texture":"#0","tintindex":0},"north":{"uv":[0.75,6.375,1.0,8.375],"rotation":0,"texture":"#0","tintindex":0},"south":{"uv":[6.5,6.5,6.75,8.5],"rotation":0,"texture":"#0","tintindex":0},"up":{"uv":[2.375,4.25,2.125,4.0],"rotation":0,"texture":"#0","tintindex":0},"west":{"uv":[6.625,3.125,6.875,5.125],"rotation":0,"texture":"#0","tintindex":0}}}],"display":{"head":{"translation":[0.0,-6.4,0.0],"rotation":[0.0,0.0,0.0],"scale":[3.8095,3.8095,3.8095]}}}