{"textures":{"0":"modelengine:entity/stalagtites_man"},"elements":[{"name":"cube","from":[5.6,7.94375,3.0124998],"to":[10.4,12.743751,8.4125],"rotation":{"angle":0.0,"axis":"x","origin":[8.0,-26.256252,7.8125]},"faces":{"down":{"uv":[3.5,3.125,2.5,4.25],"rotation":0,"texture":"#0","tintindex":0},"east":{"uv":[2.5,1.125,3.625,2.125],"rotation":0,"texture":"#0","tintindex":0},"north":{"uv":[3.625,2.125,4.625,3.125],"rotation":0,"texture":"#0","tintindex":0},"south":{"uv":[1.125,4.0,2.125,5.0],"rotation":0,"texture":"#0","tintindex":0},"up":{"uv":[2.5,4.0,1.5,2.875],"rotation":0,"texture":"#0","tintindex":0},"west":{"uv":[2.5,2.125,3.625,3.125],"rotation":0,"texture":"#0","tintindex":0}}},{"name":"cube","from":[5.8999996,6.89375,3.0124998],"to":[10.1,7.94375,3.0124998],"rotation":{"angle":0.0,"axis":"x","origin":[8.0,-26.256252,7.8125]},"faces":{"down":{"uv":[0.875,0.0,0.0,0.0],"rotation":0,"texture":"#0","tintindex":0},"east":{"uv":[0.0,0.0,0.0,0.25],"rotation":0,"texture":"#0","tintindex":0},"north":{"uv":[7.375,4.5,8.25,4.75],"rotation":0,"texture":"#0","tintindex":0},"south":{"uv":[6.75,7.375,7.625,7.625],"rotation":0,"texture":"#0","tintindex":0},"up":{"uv":[0.875,0.0,0.0,0.0],"rotation":0,"texture":"#0","tintindex":0},"west":{"uv":[0.0,0.0,0.0,0.25],"rotation":0,"texture":"#0","tintindex":0}}},{"name":"cube","from":[5.8999996,6.89375,3.0124998],"to":[5.8999996,7.94375,7.6625],"rotation":{"angle":0.0,"axis":"x","origin":[8.0,-26.256252,7.8125]},"faces":{"down":{"uv":[0.0,0.0,0.0,1.0],"rotation":0,"texture":"#0","tintindex":0},"east":{"uv":[7.125,0.5,8.125,0.75],"rotation":0,"texture":"#0","tintindex":0},"north":{"uv":[0.0,0.0,0.0,0.25],"rotation":0,"texture":"#0","tintindex":0},"south":{"uv":[0.0,0.0,0.0,0.25],"rotation":0,"texture":"#0","tintindex":0},"up":{"uv":[0.0,1.0,0.0,0.0],"rotation":0,"texture":"#0","tintindex":0},"west":{"uv":[7.125,0.75,8.125,1.0],"rotation":0,"texture":"#0","tintindex":0}}},{"name":"cube","from":[10.1,6.89375,3.0124998],"to":[10.1,7.94375,7.6625],"rotation":{"angle":0.0,"axis":"x","origin":[8.0,-26.256252,7.8125]},"faces":{"down":{"uv":[0.0,0.0,0.0,1.0],"rotation":0,"texture":"#0","tintindex":0},"east":{"uv":[7.125,1.0,8.125,1.25],"rotation":0,"texture":"#0","tintindex":0},"north":{"uv":[0.0,0.0,0.0,0.25],"rotation":0,"texture":"#0","tintindex":0},"south":{"uv":[0.0,0.0,0.0,0.25],"rotation":0,"texture":"#0","tintindex":0},"up":{"uv":[0.0,1.0,0.0,0.0],"rotation":0,"texture":"#0","tintindex":0},"west":{"uv":[6.75,7.125,7.75,7.375],"rotation":0,"texture":"#0","tintindex":0}}}],"display":{"head":{"translation":[0.0,-6.4,0.0],"rotation":[0.0,0.0,0.0],"scale":[3.8095,3.8095,3.8095]}}}