{"textures":{"0":"modelengine:entity/stalagtites_man"},"elements":[{"name":"cube","from":[7.175,-0.8500004,7.25],"to":[9.425,8.15,9.35],"rotation":{"angle":0.0,"axis":"x","origin":[9.725,-11.050001,7.4]},"faces":{"down":{"uv":[7.5,2.25,7.0,2.75],"rotation":0,"texture":"#0","tintindex":0},"east":{"uv":[0.0,4.5,0.5,6.375],"rotation":0,"texture":"#0","tintindex":0},"north":{"uv":[4.125,4.25,4.625,6.125],"rotation":0,"texture":"#0","tintindex":0},"south":{"uv":[0.5,4.5,1.0,6.375],"rotation":0,"texture":"#0","tintindex":0},"up":{"uv":[6.375,2.5,5.875,2.0],"rotation":0,"texture":"#0","tintindex":0},"west":{"uv":[4.625,0.0,5.125,1.875],"rotation":0,"texture":"#0","tintindex":0}}}],"display":{"head":{"translation":[0.0,-6.4,0.0],"rotation":[0.0,0.0,0.0],"scale":[3.8095,3.8095,3.8095]}}}