{"textures":{"0":"modelengine:entity/3dtext_nether"},"elements":[{"name":"nether_0","from":[23.604336,7.3933334,6.983],"to":[25.710335,11.371333,9.017],"rotation":{"angle":0.0,"axis":"x","origin":[7.2828336,8.095333,8.0]},"faces":{"down":{"uv":[11.875,10.0,11.0,10.875],"rotation":0,"texture":"#0","tintindex":0},"east":{"uv":[2.0,8.25,2.875,9.875],"rotation":0,"texture":"#0","tintindex":0},"north":{"uv":[1.0,8.25,1.875,9.875],"rotation":0,"texture":"#0","tintindex":0},"south":{"uv":[3.0,8.25,3.875,9.875],"rotation":0,"texture":"#0","tintindex":0},"up":{"uv":[11.875,8.625,11.0,7.75],"rotation":0,"texture":"#0","tintindex":0},"west":{"uv":[4.0,8.25,4.875,9.875],"rotation":0,"texture":"#0","tintindex":0}}},{"name":"nether_1","from":[19.392334,4.819333,6.983],"to":[21.498333,11.371333,9.017],"rotation":{"angle":0.0,"axis":"x","origin":[7.2828336,8.095333,8.0]},"faces":{"down":{"uv":[12.125,0.0,11.25,0.875],"rotation":0,"texture":"#0","tintindex":0},"east":{"uv":[1.0,0.0,1.875,2.75],"rotation":0,"texture":"#0","tintindex":0},"north":{"uv":[0.0,0.0,0.875,2.75],"rotation":0,"texture":"#0","tintindex":0},"south":{"uv":[2.0,0.0,2.875,2.75],"rotation":0,"texture":"#0","tintindex":0},"up":{"uv":[11.875,11.875,11.0,11.0],"rotation":0,"texture":"#0","tintindex":0},"west":{"uv":[0.0,2.75,0.875,5.5],"rotation":0,"texture":"#0","tintindex":0}}},{"name":"nether_2","from":[16.584333,4.819333,6.983],"to":[18.690334,11.371333,9.017],"rotation":{"angle":0.0,"axis":"x","origin":[7.2828336,8.095333,8.0]},"faces":{"down":{"uv":[12.125,2.0,11.25,2.875],"rotation":0,"texture":"#0","tintindex":0},"east":{"uv":[2.0,2.75,2.875,5.5],"rotation":0,"texture":"#0","tintindex":0},"north":{"uv":[1.0,2.75,1.875,5.5],"rotation":0,"texture":"#0","tintindex":0},"south":{"uv":[3.0,0.0,3.875,2.75],"rotation":0,"texture":"#0","tintindex":0},"up":{"uv":[12.125,1.875,11.25,1.0],"rotation":0,"texture":"#0","tintindex":0},"west":{"uv":[3.0,2.75,3.875,5.5],"rotation":0,"texture":"#0","tintindex":0}}},{"name":"nether_3","from":[13.542334,9.733334,6.983],"to":[16.584333,11.371333,9.017],"rotation":{"angle":0.0,"axis":"x","origin":[7.2828336,8.095333,8.0]},"faces":{"down":{"uv":[10.25,1.0,9.0,1.875],"rotation":0,"texture":"#0","tintindex":0},"east":{"uv":[12.25,5.75,13.125,6.375],"rotation":0,"texture":"#0","tintindex":0},"north":{"uv":[9.75,10.5,11.0,11.125],"rotation":0,"texture":"#0","tintindex":0},"south":{"uv":[1.0,11.0,2.25,11.625],"rotation":0,"texture":"#0","tintindex":0},"up":{"uv":[10.25,0.875,9.0,0.0],"rotation":0,"texture":"#0","tintindex":0},"west":{"uv":[6.25,12.25,7.125,12.875],"rotation":0,"texture":"#0","tintindex":0}}},{"name":"nether_4","from":[7.692333,9.733334,6.983],"to":[12.840334,11.371333,9.017],"rotation":{"angle":0.0,"axis":"x","origin":[7.2828336,8.095333,8.0]},"faces":{"down":{"uv":[9.875,3.75,7.75,4.625],"rotation":0,"texture":"#0","tintindex":0},"east":{"uv":[12.25,6.5,13.125,7.125],"rotation":0,"texture":"#0","tintindex":0},"north":{"uv":[8.0,2.0,10.125,2.625],"rotation":0,"texture":"#0","tintindex":0},"south":{"uv":[5.0,8.25,7.125,8.875],"rotation":0,"texture":"#0","tintindex":0},"up":{"uv":[9.875,3.625,7.75,2.75],"rotation":0,"texture":"#0","tintindex":0},"west":{"uv":[7.25,12.25,8.125,12.875],"rotation":0,"texture":"#0","tintindex":0}}},{"name":"nether_5","from":[4.884333,4.819333,6.983],"to":[6.7563334,11.371333,9.017],"rotation":{"angle":0.0,"axis":"x","origin":[7.2828336,8.095333,8.0]},"faces":{"down":{"uv":[5.5,12.25,4.75,13.125],"rotation":0,"texture":"#0","tintindex":0},"east":{"uv":[4.0,0.0,4.875,2.75],"rotation":0,"texture":"#0","tintindex":0},"north":{"uv":[7.0,2.75,7.75,5.5],"rotation":0,"texture":"#0","tintindex":0},"south":{"uv":[7.0,5.5,7.75,8.25],"rotation":0,"texture":"#0","tintindex":0},"up":{"uv":[13.0,3.625,12.25,2.75],"rotation":0,"texture":"#0","tintindex":0},"west":{"uv":[4.0,2.75,4.875,5.5],"rotation":0,"texture":"#0","tintindex":0}}},{"name":"nether_6","from":[1.3743329,4.819333,6.983],"to":[3.480333,11.371333,9.017],"rotation":{"angle":0.0,"axis":"x","origin":[7.2828336,8.095333,8.0]},"faces":{"down":{"uv":[5.625,11.25,4.75,12.125],"rotation":0,"texture":"#0","tintindex":0},"east":{"uv":[5.0,2.75,5.875,5.5],"rotation":0,"texture":"#0","tintindex":0},"north":{"uv":[5.0,0.0,5.875,2.75],"rotation":0,"texture":"#0","tintindex":0},"south":{"uv":[0.0,5.5,0.875,8.25],"rotation":0,"texture":"#0","tintindex":0},"up":{"uv":[12.125,3.875,11.25,3.0],"rotation":0,"texture":"#0","tintindex":0},"west":{"uv":[1.0,5.5,1.875,8.25],"rotation":0,"texture":"#0","tintindex":0}}},{"name":"nether_7","from":[-1.6676669,4.819333,6.983],"to":[0.43833327,11.371333,9.017],"rotation":{"angle":0.0,"axis":"x","origin":[7.2828336,8.095333,8.0]},"faces":{"down":{"uv":[7.625,11.25,6.75,12.125],"rotation":0,"texture":"#0","tintindex":0},"east":{"uv":[3.0,5.5,3.875,8.25],"rotation":0,"texture":"#0","tintindex":0},"north":{"uv":[2.0,5.5,2.875,8.25],"rotation":0,"texture":"#0","tintindex":0},"south":{"uv":[4.0,5.5,4.875,8.25],"rotation":0,"texture":"#0","tintindex":0},"up":{"uv":[6.625,12.125,5.75,11.25],"rotation":0,"texture":"#0","tintindex":0},"west":{"uv":[5.0,5.5,5.875,8.25],"rotation":0,"texture":"#0","tintindex":0}}},{"name":"nether_8","from":[-4.4756675,9.733334,6.983],"to":[-1.6676669,11.371333,9.017],"rotation":{"angle":0.0,"axis":"x","origin":[7.2828336,8.095333,8.0]},"faces":{"down":{"uv":[3.375,10.0,2.25,10.875],"rotation":0,"texture":"#0","tintindex":0},"east":{"uv":[12.25,8.75,13.125,9.375],"rotation":0,"texture":"#0","tintindex":0},"north":{"uv":[11.25,4.0,12.375,4.625],"rotation":0,"texture":"#0","tintindex":0},"south":{"uv":[10.75,12.0,11.875,12.625],"rotation":0,"texture":"#0","tintindex":0},"up":{"uv":[2.125,10.875,1.0,10.0],"rotation":0,"texture":"#0","tintindex":0},"west":{"uv":[9.75,12.25,10.625,12.875],"rotation":0,"texture":"#0","tintindex":0}}},{"name":"nether_9","from":[-7.517667,4.819333,6.983],"to":[-5.411667,11.371333,9.017],"rotation":{"angle":0.0,"axis":"x","origin":[7.2828336,8.095333,8.0]},"faces":{"down":{"uv":[12.125,8.75,11.25,9.625],"rotation":0,"texture":"#0","tintindex":0},"east":{"uv":[6.0,2.75,6.875,5.5],"rotation":0,"texture":"#0","tintindex":0},"north":{"uv":[6.0,0.0,6.875,2.75],"rotation":0,"texture":"#0","tintindex":0},"south":{"uv":[6.0,5.5,6.875,8.25],"rotation":0,"texture":"#0","tintindex":0},"up":{"uv":[8.625,12.125,7.75,11.25],"rotation":0,"texture":"#0","tintindex":0},"west":{"uv":[7.0,0.0,7.875,2.75],"rotation":0,"texture":"#0","tintindex":0}}},{"name":"nether_10","from":[-10.559668,9.733334,6.983],"to":[-7.517667,11.371333,9.017],"rotation":{"angle":0.0,"axis":"x","origin":[7.2828336,8.095333,8.0]},"faces":{"down":{"uv":[9.5,9.25,8.25,10.125],"rotation":0,"texture":"#0","tintindex":0},"east":{"uv":[12.0,12.25,12.875,12.875],"rotation":0,"texture":"#0","tintindex":0},"north":{"uv":[2.25,11.0,3.5,11.625],"rotation":0,"texture":"#0","tintindex":0},"south":{"uv":[3.5,11.0,4.75,11.625],"rotation":0,"texture":"#0","tintindex":0},"up":{"uv":[6.25,9.875,5.0,9.0],"rotation":0,"texture":"#0","tintindex":0},"west":{"uv":[0.0,12.5,0.875,13.125],"rotation":0,"texture":"#0","tintindex":0}}},{"name":"nether_11","from":[22.902336,7.3933334,6.983],"to":[23.604336,10.435333,9.017],"rotation":{"angle":0.0,"axis":"x","origin":[7.2828336,8.095333,8.0]},"faces":{"down":{"uv":[13.5,11.0,13.25,11.875],"rotation":0,"texture":"#0","tintindex":0},"east":{"uv":[6.25,9.0,7.125,10.25],"rotation":0,"texture":"#0","tintindex":0},"north":{"uv":[5.25,13.25,5.5,14.5],"rotation":0,"texture":"#0","tintindex":0},"south":{"uv":[5.5,13.25,5.75,14.5],"rotation":0,"texture":"#0","tintindex":0},"up":{"uv":[6.25,14.125,6.0,13.25],"rotation":0,"texture":"#0","tintindex":0},"west":{"uv":[9.5,9.25,10.375,10.5],"rotation":0,"texture":"#0","tintindex":0}}},{"name":"nether_12","from":[21.966335,6.4573336,6.983],"to":[22.902336,9.733334,9.017],"rotation":{"angle":0.0,"axis":"x","origin":[7.2828336,8.095333,8.0]},"faces":{"down":{"uv":[0.375,13.25,0.0,14.125],"rotation":0,"texture":"#0","tintindex":0},"east":{"uv":[8.75,4.75,9.625,6.125],"rotation":0,"texture":"#0","tintindex":0},"north":{"uv":[9.75,13.0,10.125,14.375],"rotation":0,"texture":"#0","tintindex":0},"south":{"uv":[10.25,13.0,10.625,14.375],"rotation":0,"texture":"#0","tintindex":0},"up":{"uv":[13.125,13.875,12.75,13.0],"rotation":0,"texture":"#0","tintindex":0},"west":{"uv":[8.75,6.25,9.625,7.625],"rotation":0,"texture":"#0","tintindex":0}}},{"name":"nether_13","from":[9.096333,4.819333,6.983],"to":[11.202333,9.733334,9.017],"rotation":{"angle":0.0,"axis":"x","origin":[7.2828336,8.095333,8.0]},"faces":{"down":{"uv":[0.875,11.5,0.0,12.375],"rotation":0,"texture":"#0","tintindex":0},"east":{"uv":[7.75,6.75,8.625,8.75],"rotation":0,"texture":"#0","tintindex":0},"north":{"uv":[7.75,4.75,8.625,6.75],"rotation":0,"texture":"#0","tintindex":0},"south":{"uv":[8.0,0.0,8.875,2.0],"rotation":0,"texture":"#0","tintindex":0},"up":{"uv":[10.625,12.125,9.75,11.25],"rotation":0,"texture":"#0","tintindex":0},"west":{"uv":[0.0,8.25,0.875,10.25],"rotation":0,"texture":"#0","tintindex":0}}},{"name":"nether_14","from":[-10.559668,7.6273336,6.983],"to":[-8.453667,9.733334,9.017],"rotation":{"angle":0.0,"axis":"x","origin":[7.2828336,8.095333,8.0]},"faces":{"down":{"uv":[12.875,9.75,12.0,10.625],"rotation":0,"texture":"#0","tintindex":0},"east":{"uv":[2.0,11.75,2.875,12.625],"rotation":0,"texture":"#0","tintindex":0},"north":{"uv":[1.0,11.75,1.875,12.625],"rotation":0,"texture":"#0","tintindex":0},"south":{"uv":[3.0,11.75,3.875,12.625],"rotation":0,"texture":"#0","tintindex":0},"up":{"uv":[12.875,8.625,12.0,7.75],"rotation":0,"texture":"#0","tintindex":0},"west":{"uv":[8.75,11.75,9.625,12.625],"rotation":0,"texture":"#0","tintindex":0}}},{"name":"nether_15","from":[21.498333,5.7553334,6.983],"to":[21.966335,9.031334,9.017],"rotation":{"angle":0.0,"axis":"x","origin":[7.2828336,8.095333,8.0]},"faces":{"down":{"uv":[1.25,13.5,1.0,14.375],"rotation":0,"texture":"#0","tintindex":0},"east":{"uv":[7.25,8.75,8.125,10.125],"rotation":0,"texture":"#0","tintindex":0},"north":{"uv":[8.0,13.0,8.25,14.375],"rotation":0,"texture":"#0","tintindex":0},"south":{"uv":[12.5,13.0,12.75,14.375],"rotation":0,"texture":"#0","tintindex":0},"up":{"uv":[13.5,13.875,13.25,13.0],"rotation":0,"texture":"#0","tintindex":0},"west":{"uv":[8.75,7.75,9.625,9.125],"rotation":0,"texture":"#0","tintindex":0}}},{"name":"nether_16","from":[13.542334,7.3933334,6.983],"to":[16.584333,9.031334,9.017],"rotation":{"angle":0.0,"axis":"x","origin":[7.2828336,8.095333,8.0]},"faces":{"down":{"uv":[11.0,5.75,9.75,6.625],"rotation":0,"texture":"#0","tintindex":0},"east":{"uv":[12.5,3.75,13.375,4.375],"rotation":0,"texture":"#0","tintindex":0},"north":{"uv":[11.0,4.75,12.25,5.375],"rotation":0,"texture":"#0","tintindex":0},"south":{"uv":[11.0,5.5,12.25,6.125],"rotation":0,"texture":"#0","tintindex":0},"up":{"uv":[11.0,5.625,9.75,4.75],"rotation":0,"texture":"#0","tintindex":0},"west":{"uv":[1.0,12.75,1.875,13.375],"rotation":0,"texture":"#0","tintindex":0}}},{"name":"nether_17","from":[3.480333,7.3933334,6.983],"to":[4.884333,9.031334,9.017],"rotation":{"angle":0.0,"axis":"x","origin":[7.2828336,8.095333,8.0]},"faces":{"down":{"uv":[9.625,12.75,9.0,13.625],"rotation":0,"texture":"#0","tintindex":0},"east":{"uv":[2.0,12.75,2.875,13.375],"rotation":0,"texture":"#0","tintindex":0},"north":{"uv":[11.75,13.0,12.375,13.625],"rotation":0,"texture":"#0","tintindex":0},"south":{"uv":[13.0,12.25,13.625,12.875],"rotation":0,"texture":"#0","tintindex":0},"up":{"uv":[8.875,13.625,8.25,12.75],"rotation":0,"texture":"#0","tintindex":0},"west":{"uv":[3.0,12.75,3.875,13.375],"rotation":0,"texture":"#0","tintindex":0}}},{"name":"nether_18","from":[-4.4756675,7.3933334,6.983],"to":[-1.6676669,9.031334,9.017],"rotation":{"angle":0.0,"axis":"x","origin":[7.2828336,8.095333,8.0]},"faces":{"down":{"uv":[4.625,10.0,3.5,10.875],"rotation":0,"texture":"#0","tintindex":0},"east":{"uv":[10.75,12.75,11.625,13.375],"rotation":0,"texture":"#0","tintindex":0},"north":{"uv":[12.0,10.75,13.125,11.375],"rotation":0,"texture":"#0","tintindex":0},"south":{"uv":[12.0,11.5,13.125,12.125],"rotation":0,"texture":"#0","tintindex":0},"up":{"uv":[11.125,3.625,10.0,2.75],"rotation":0,"texture":"#0","tintindex":0},"west":{"uv":[13.0,0.0,13.875,0.625],"rotation":0,"texture":"#0","tintindex":0}}},{"name":"nether_19","from":[-8.453667,7.3933334,6.983],"to":[-7.517667,9.031334,9.017],"rotation":{"angle":0.0,"axis":"x","origin":[7.2828336,8.095333,8.0]},"faces":{"down":{"uv":[5.125,13.25,4.75,14.125],"rotation":0,"texture":"#0","tintindex":0},"east":{"uv":[13.0,2.75,13.875,3.375],"rotation":0,"texture":"#0","tintindex":0},"north":{"uv":[13.25,8.75,13.625,9.375],"rotation":0,"texture":"#0","tintindex":0},"south":{"uv":[13.25,10.25,13.625,10.875],"rotation":0,"texture":"#0","tintindex":0},"up":{"uv":[0.875,14.125,0.5,13.25],"rotation":0,"texture":"#0","tintindex":0},"west":{"uv":[13.0,4.5,13.875,5.125],"rotation":0,"texture":"#0","tintindex":0}}},{"name":"nether_20","from":[-9.857667,4.819333,6.983],"to":[-8.453667,7.6273336,9.017],"rotation":{"angle":0.0,"axis":"x","origin":[7.2828336,8.095333,8.0]},"faces":{"down":{"uv":[6.875,13.0,6.25,13.875],"rotation":0,"texture":"#0","tintindex":0},"east":{"uv":[4.75,10.0,5.625,11.125],"rotation":0,"texture":"#0","tintindex":0},"north":{"uv":[4.0,11.75,4.625,12.875],"rotation":0,"texture":"#0","tintindex":0},"south":{"uv":[12.25,0.0,12.875,1.125],"rotation":0,"texture":"#0","tintindex":0},"up":{"uv":[4.625,13.875,4.0,13.0],"rotation":0,"texture":"#0","tintindex":0},"west":{"uv":[0.0,10.25,0.875,11.375],"rotation":0,"texture":"#0","tintindex":0}}},{"name":"nether_21","from":[23.838337,4.819333,6.983],"to":[25.710335,7.3933334,9.017],"rotation":{"angle":0.0,"axis":"x","origin":[7.2828336,8.095333,8.0]},"faces":{"down":{"uv":[6.25,12.25,5.5,13.125],"rotation":0,"texture":"#0","tintindex":0},"east":{"uv":[10.25,0.0,11.125,1.125],"rotation":0,"texture":"#0","tintindex":0},"north":{"uv":[10.5,8.75,11.25,9.875],"rotation":0,"texture":"#0","tintindex":0},"south":{"uv":[9.0,10.5,9.75,11.625],"rotation":0,"texture":"#0","tintindex":0},"up":{"uv":[13.0,5.625,12.25,4.75],"rotation":0,"texture":"#0","tintindex":0},"west":{"uv":[10.25,1.25,11.125,2.375],"rotation":0,"texture":"#0","tintindex":0}}},{"name":"nether_22","from":[22.902336,6.4573336,6.983],"to":[23.136333,7.3933334,9.017],"rotation":{"angle":0.0,"axis":"x","origin":[7.2828336,8.095333,8.0]},"faces":{"down":{"uv":[2.375,13.5,2.25,14.375],"rotation":0,"texture":"#0","tintindex":0},"east":{"uv":[13.0,0.75,13.875,1.125],"rotation":0,"texture":"#0","tintindex":0},"north":{"uv":[8.25,8.75,8.375,9.125],"rotation":0,"texture":"#0","tintindex":0},"south":{"uv":[8.5,8.75,8.625,9.125],"rotation":0,"texture":"#0","tintindex":0},"up":{"uv":[2.125,14.375,2.0,13.5],"rotation":0,"texture":"#0","tintindex":0},"west":{"uv":[13.0,5.25,13.875,5.625],"rotation":0,"texture":"#0","tintindex":0}}},{"name":"nether_23","from":[-10.559668,4.819333,6.983],"to":[-9.857667,7.159333,9.017],"rotation":{"angle":0.0,"axis":"x","origin":[7.2828336,8.095333,8.0]},"faces":{"down":{"uv":[13.75,1.25,13.5,2.125],"rotation":0,"texture":"#0","tintindex":0},"east":{"uv":[7.0,10.25,7.875,11.25],"rotation":0,"texture":"#0","tintindex":0},"north":{"uv":[5.75,13.25,6.0,14.25],"rotation":0,"texture":"#0","tintindex":0},"south":{"uv":[13.25,5.75,13.5,6.75],"rotation":0,"texture":"#0","tintindex":0},"up":{"uv":[1.5,14.375,1.25,13.5],"rotation":0,"texture":"#0","tintindex":0},"west":{"uv":[8.0,10.25,8.875,11.25],"rotation":0,"texture":"#0","tintindex":0}}},{"name":"nether_24","from":[21.966335,5.7553334,6.983],"to":[22.434334,6.4573336,9.017],"rotation":{"angle":0.0,"axis":"x","origin":[7.2828336,8.095333,8.0]},"faces":{"down":{"uv":[2.0,13.5,1.75,14.375],"rotation":0,"texture":"#0","tintindex":0},"east":{"uv":[10.25,2.5,11.125,2.75],"rotation":0,"texture":"#0","tintindex":0},"north":{"uv":[7.25,8.25,7.5,8.5],"rotation":0,"texture":"#0","tintindex":0},"south":{"uv":[7.5,8.25,7.75,8.5],"rotation":0,"texture":"#0","tintindex":0},"up":{"uv":[1.75,14.375,1.5,13.5],"rotation":0,"texture":"#0","tintindex":0},"west":{"uv":[13.0,3.5,13.875,3.75],"rotation":0,"texture":"#0","tintindex":0}}},{"name":"nether_25","from":[13.542334,4.819333,6.983],"to":[16.584333,6.4573336,9.017],"rotation":{"angle":0.0,"axis":"x","origin":[7.2828336,8.095333,8.0]},"faces":{"down":{"uv":[11.0,7.75,9.75,8.625],"rotation":0,"texture":"#0","tintindex":0},"east":{"uv":[7.0,13.0,7.875,13.625],"rotation":0,"texture":"#0","tintindex":0},"north":{"uv":[11.0,6.25,12.25,6.875],"rotation":0,"texture":"#0","tintindex":0},"south":{"uv":[11.0,7.0,12.25,7.625],"rotation":0,"texture":"#0","tintindex":0},"up":{"uv":[11.0,7.625,9.75,6.75],"rotation":0,"texture":"#0","tintindex":0},"west":{"uv":[13.0,7.25,13.875,7.875],"rotation":0,"texture":"#0","tintindex":0}}},{"name":"nether_26","from":[-4.4756675,4.819333,6.983],"to":[-1.6676669,6.4573336,9.017],"rotation":{"angle":0.0,"axis":"x","origin":[7.2828336,8.095333,8.0]},"faces":{"down":{"uv":[6.875,10.25,5.75,11.125],"rotation":0,"texture":"#0","tintindex":0},"east":{"uv":[13.0,8.0,13.875,8.625],"rotation":0,"texture":"#0","tintindex":0},"north":{"uv":[12.25,1.25,13.375,1.875],"rotation":0,"texture":"#0","tintindex":0},"south":{"uv":[12.25,2.0,13.375,2.625],"rotation":0,"texture":"#0","tintindex":0},"up":{"uv":[11.125,4.625,10.0,3.75],"rotation":0,"texture":"#0","tintindex":0},"west":{"uv":[13.0,9.5,13.875,10.125],"rotation":0,"texture":"#0","tintindex":0}}}],"display":{"head":{"translation":[0.0,-6.4,0.0],"rotation":[0.0,0.0,0.0],"scale":[3.8095,3.8095,3.8095]}}}