{"textures":{"0":"modelengine:entity/dungeon_ironmaiden_dirty"},"elements":[{"name":"cube","from":[1.3999997,8.0,1.3999997],"to":[4.3999996,8.6,4.3999996],"rotation":{"angle":22.5,"axis":"y","origin":[4.3999996,18.8,5.0]},"faces":{"down":{"uv":[5.75,4.625,5.125,5.25],"rotation":0,"texture":"#0","tintindex":0},"east":{"uv":[6.125,1.25,6.75,1.375],"rotation":0,"texture":"#0","tintindex":0},"north":{"uv":[6.125,1.125,6.75,1.25],"rotation":0,"texture":"#0","tintindex":0},"south":{"uv":[6.125,1.375,6.75,1.5],"rotation":0,"texture":"#0","tintindex":0},"up":{"uv":[5.75,4.625,5.125,4.0],"rotation":0,"texture":"#0","tintindex":0},"west":{"uv":[6.125,1.5,6.75,1.625],"rotation":0,"texture":"#0","tintindex":0}}},{"name":"cube","from":[4.3999996,8.0,5.0],"to":[5.0,22.400002,8.0],"rotation":{"angle":0.0,"axis":"x","origin":[8.0,8.0,5.0]},"faces":{"down":{"uv":[3.125,6.0,3.0,6.625],"rotation":0,"texture":"#0","tintindex":0},"east":{"uv":[0.75,2.75,1.375,5.75],"rotation":0,"texture":"#0","tintindex":0},"north":{"uv":[3.875,5.25,4.0,8.25],"rotation":0,"texture":"#0","tintindex":0},"south":{"uv":[4.0,5.25,4.125,8.25],"rotation":0,"texture":"#0","tintindex":0},"up":{"uv":[3.0,6.625,2.875,6.0],"rotation":0,"texture":"#0","tintindex":0},"west":{"uv":[1.375,2.75,2.0,5.75],"rotation":0,"texture":"#0","tintindex":0}}},{"name":"cube","from":[5.6,22.400002,5.0],"to":[6.2,27.2,7.4],"rotation":{"angle":0.0,"axis":"x","origin":[9.2,22.400002,5.0]},"faces":{"down":{"uv":[4.375,6.125,4.25,6.625],"rotation":0,"texture":"#0","tintindex":0},"east":{"uv":[4.625,3.25,5.125,4.25],"rotation":0,"texture":"#0","tintindex":0},"north":{"uv":[1.875,6.0,2.0,7.0],"rotation":0,"texture":"#0","tintindex":0},"south":{"uv":[2.0,6.0,2.125,7.0],"rotation":0,"texture":"#0","tintindex":0},"up":{"uv":[4.25,6.625,4.125,6.125],"rotation":0,"texture":"#0","tintindex":0},"west":{"uv":[4.625,4.25,5.125,5.25],"rotation":0,"texture":"#0","tintindex":0}}},{"name":"cube","from":[9.8,22.400002,5.0],"to":[10.4,27.2,7.4],"rotation":{"angle":0.0,"axis":"x","origin":[9.2,22.400002,5.0]},"faces":{"down":{"uv":[4.625,6.125,4.5,6.625],"rotation":0,"texture":"#0","tintindex":0},"east":{"uv":[5.125,0.0,5.625,1.0],"rotation":0,"texture":"#0","tintindex":0},"north":{"uv":[2.125,6.0,2.25,7.0],"rotation":0,"texture":"#0","tintindex":0},"south":{"uv":[2.25,6.0,2.375,7.0],"rotation":0,"texture":"#0","tintindex":0},"up":{"uv":[4.5,6.625,4.375,6.125],"rotation":0,"texture":"#0","tintindex":0},"west":{"uv":[5.125,1.0,5.625,2.0],"rotation":0,"texture":"#0","tintindex":0}}},{"name":"cube","from":[6.2,26.600002,5.0],"to":[9.8,27.2,7.4],"rotation":{"angle":0.0,"axis":"x","origin":[9.2,22.400002,5.0]},"faces":{"down":{"uv":[5.625,5.25,4.875,5.75],"rotation":0,"texture":"#0","tintindex":0},"east":{"uv":[6.125,3.625,6.625,3.75],"rotation":0,"texture":"#0","tintindex":0},"north":{"uv":[5.875,2.125,6.625,2.25],"rotation":0,"texture":"#0","tintindex":0},"south":{"uv":[5.875,2.25,6.625,2.375],"rotation":0,"texture":"#0","tintindex":0},"up":{"uv":[4.875,5.75,4.125,5.25],"rotation":0,"texture":"#0","tintindex":0},"west":{"uv":[4.625,6.125,5.125,6.25],"rotation":0,"texture":"#0","tintindex":0}}},{"name":"cube","from":[6.2,21.8,7.4],"to":[9.8,26.600002,8.6],"rotation":{"angle":0.0,"axis":"x","origin":[9.2,22.400002,5.0]},"faces":{"down":{"uv":[6.5,5.5,5.75,5.75],"rotation":0,"texture":"#0","tintindex":0},"east":{"uv":[1.125,5.75,1.375,6.75],"rotation":0,"texture":"#0","tintindex":0},"north":{"uv":[3.875,1.25,4.625,2.25],"rotation":0,"texture":"#0","tintindex":0},"south":{"uv":[3.875,2.25,4.625,3.25],"rotation":0,"texture":"#0","tintindex":0},"up":{"uv":[6.5,5.5,5.75,5.25],"rotation":0,"texture":"#0","tintindex":0},"west":{"uv":[1.375,5.75,1.625,6.75],"rotation":0,"texture":"#0","tintindex":0}}},{"name":"cube","from":[11.0,8.0,5.0],"to":[11.6,22.400002,8.0],"rotation":{"angle":0.0,"axis":"x","origin":[8.0,8.0,5.0]},"faces":{"down":{"uv":[6.25,0.0,6.125,0.625],"rotation":0,"texture":"#0","tintindex":0},"east":{"uv":[2.0,2.875,2.625,5.875],"rotation":0,"texture":"#0","tintindex":0},"north":{"uv":[0.0,5.625,0.125,8.625],"rotation":0,"texture":"#0","tintindex":0},"south":{"uv":[5.625,0.0,5.75,3.0],"rotation":0,"texture":"#0","tintindex":0},"up":{"uv":[6.125,6.375,6.0,5.75],"rotation":0,"texture":"#0","tintindex":0},"west":{"uv":[2.625,2.875,3.25,5.875],"rotation":0,"texture":"#0","tintindex":0}}},{"name":"cube","from":[5.0,21.8,5.0],"to":[6.2,22.400002,8.0],"rotation":{"angle":0.0,"axis":"x","origin":[8.0,8.0,5.0]},"faces":{"down":{"uv":[6.125,0.0,5.875,0.625],"rotation":0,"texture":"#0","tintindex":0},"east":{"uv":[5.875,2.625,6.5,2.75],"rotation":0,"texture":"#0","tintindex":0},"north":{"uv":[5.125,6.125,5.375,6.25],"rotation":0,"texture":"#0","tintindex":0},"south":{"uv":[6.25,0.5,6.5,0.625],"rotation":0,"texture":"#0","tintindex":0},"up":{"uv":[6.0,6.375,5.75,5.75],"rotation":0,"texture":"#0","tintindex":0},"west":{"uv":[5.875,2.75,6.5,2.875],"rotation":0,"texture":"#0","tintindex":0}}},{"name":"cube","from":[9.8,21.8,5.0],"to":[11.0,22.400002,8.0],"rotation":{"angle":0.0,"axis":"x","origin":[12.8,8.0,5.0]},"faces":{"down":{"uv":[6.125,1.25,5.875,1.875],"rotation":0,"texture":"#0","tintindex":0},"east":{"uv":[6.125,0.625,6.75,0.75],"rotation":0,"texture":"#0","tintindex":0},"north":{"uv":[4.625,6.25,4.875,6.375],"rotation":0,"texture":"#0","tintindex":0},"south":{"uv":[4.875,6.25,5.125,6.375],"rotation":0,"texture":"#0","tintindex":0},"up":{"uv":[6.125,1.25,5.875,0.625],"rotation":0,"texture":"#0","tintindex":0},"west":{"uv":[6.125,0.75,6.75,0.875],"rotation":0,"texture":"#0","tintindex":0}}},{"name":"cube","from":[5.0,8.0,5.0],"to":[11.0,8.6,8.0],"rotation":{"angle":0.0,"axis":"x","origin":[8.0,8.0,5.0]},"faces":{"down":{"uv":[5.125,0.625,3.875,1.25],"rotation":0,"texture":"#0","tintindex":0},"east":{"uv":[6.125,0.875,6.75,1.0],"rotation":0,"texture":"#0","tintindex":0},"north":{"uv":[5.75,2.875,7.0,3.0],"rotation":0,"texture":"#0","tintindex":0},"south":{"uv":[1.875,5.875,3.125,6.0],"rotation":0,"texture":"#0","tintindex":0},"up":{"uv":[5.125,0.625,3.875,0.0],"rotation":0,"texture":"#0","tintindex":0},"west":{"uv":[6.125,1.0,6.75,1.125],"rotation":0,"texture":"#0","tintindex":0}}},{"name":"cube","from":[5.0,8.6,8.0],"to":[11.0,21.8,8.6],"rotation":{"angle":0.0,"axis":"x","origin":[9.2,17.6,5.6]},"faces":{"down":{"uv":[7.125,2.0,5.875,2.125],"rotation":0,"texture":"#0","tintindex":0},"east":{"uv":[0.875,5.75,1.0,8.5],"rotation":0,"texture":"#0","tintindex":0},"north":{"uv":[0.0,0.0,1.25,2.75],"rotation":0,"texture":"#0","tintindex":0},"south":{"uv":[1.25,0.0,2.5,2.75],"rotation":0,"texture":"#0","tintindex":0},"up":{"uv":[7.125,2.0,5.875,1.875],"rotation":0,"texture":"#0","tintindex":0},"west":{"uv":[1.0,5.75,1.125,8.5],"rotation":0,"texture":"#0","tintindex":0}}},{"name":"cube","from":[0.7999997,8.0,1.3999997],"to":[1.3999997,21.8,5.0],"rotation":{"angle":22.5,"axis":"y","origin":[4.3999996,18.8,5.0]},"faces":{"down":{"uv":[2.875,6.0,2.75,6.75],"rotation":0,"texture":"#0","tintindex":0},"east":{"uv":[2.5,0.0,3.25,2.875],"rotation":0,"texture":"#0","tintindex":0},"north":{"uv":[0.625,5.625,0.75,8.5],"rotation":0,"texture":"#0","tintindex":0},"south":{"uv":[5.625,5.25,5.75,8.125],"rotation":0,"texture":"#0","tintindex":0},"up":{"uv":[2.75,6.75,2.625,6.0],"rotation":0,"texture":"#0","tintindex":0},"west":{"uv":[0.0,2.75,0.75,5.625],"rotation":0,"texture":"#0","tintindex":0}}},{"name":"cube","from":[1.3999997,21.8,3.1999998],"to":[4.3999996,22.400002,5.0],"rotation":{"angle":22.5,"axis":"y","origin":[4.3999996,17.6,5.0]},"faces":{"down":{"uv":[4.75,5.75,4.125,6.125],"rotation":0,"texture":"#0","tintindex":0},"east":{"uv":[6.25,0.0,6.625,0.125],"rotation":0,"texture":"#0","tintindex":0},"north":{"uv":[6.125,1.625,6.75,1.75],"rotation":0,"texture":"#0","tintindex":0},"south":{"uv":[6.125,1.75,6.75,1.875],"rotation":0,"texture":"#0","tintindex":0},"up":{"uv":[6.375,4.125,5.75,3.75],"rotation":0,"texture":"#0","tintindex":0},"west":{"uv":[6.25,0.125,6.625,0.25],"rotation":0,"texture":"#0","tintindex":0}}},{"name":"cube","from":[1.3999997,8.0,4.3999996],"to":[4.3999996,21.8,5.0],"rotation":{"angle":22.5,"axis":"y","origin":[4.3999996,18.8,5.0]},"faces":{"down":{"uv":[6.75,3.125,6.125,3.25],"rotation":0,"texture":"#0","tintindex":0},"east":{"uv":[5.75,0.0,5.875,2.875],"rotation":0,"texture":"#0","tintindex":0},"north":{"uv":[3.25,0.0,3.875,2.875],"rotation":0,"texture":"#0","tintindex":0},"south":{"uv":[3.25,2.875,3.875,5.75],"rotation":0,"texture":"#0","tintindex":0},"up":{"uv":[6.75,3.125,6.125,3.0],"rotation":0,"texture":"#0","tintindex":0},"west":{"uv":[0.75,5.75,0.875,8.625],"rotation":0,"texture":"#0","tintindex":0}}},{"name":"cube","from":[1.9999998,22.400002,3.1999998],"to":[4.3999996,27.2,3.7999997],"rotation":{"angle":22.5,"axis":"y","origin":[4.3999996,17.6,5.0]},"faces":{"down":{"uv":[6.625,5.875,6.125,6.0],"rotation":0,"texture":"#0","tintindex":0},"east":{"uv":[2.375,6.0,2.5,7.0],"rotation":0,"texture":"#0","tintindex":0},"north":{"uv":[5.125,2.0,5.625,3.0],"rotation":0,"texture":"#0","tintindex":0},"south":{"uv":[5.125,3.0,5.625,4.0],"rotation":0,"texture":"#0","tintindex":0},"up":{"uv":[6.625,5.875,6.125,5.75],"rotation":0,"texture":"#0","tintindex":0},"west":{"uv":[2.5,6.0,2.625,7.0],"rotation":0,"texture":"#0","tintindex":0}}},{"name":"cube","from":[1.9999998,26.600002,-0.40000033],"to":[4.3999996,27.2,3.1999998],"rotation":{"angle":22.5,"axis":"y","origin":[4.3999996,17.6,5.0]},"faces":{"down":{"uv":[6.125,3.0,5.625,3.75],"rotation":0,"texture":"#0","tintindex":0},"east":{"uv":[5.875,2.375,6.625,2.5],"rotation":0,"texture":"#0","tintindex":0},"north":{"uv":[6.125,6.0,6.625,6.125],"rotation":0,"texture":"#0","tintindex":0},"south":{"uv":[6.125,6.125,6.625,6.25],"rotation":0,"texture":"#0","tintindex":0},"up":{"uv":[0.625,6.375,0.125,5.625],"rotation":0,"texture":"#0","tintindex":0},"west":{"uv":[5.875,2.5,6.625,2.625],"rotation":0,"texture":"#0","tintindex":0}}},{"name":"cube","from":[0.7999997,21.8,-0.40000033],"to":[1.9999998,26.600002,3.1999998],"rotation":{"angle":22.5,"axis":"y","origin":[4.3999996,17.6,5.0]},"faces":{"down":{"uv":[5.625,5.75,5.375,6.5],"rotation":0,"texture":"#0","tintindex":0},"east":{"uv":[3.875,3.25,4.625,4.25],"rotation":0,"texture":"#0","tintindex":0},"north":{"uv":[1.625,5.75,1.875,6.75],"rotation":0,"texture":"#0","tintindex":0},"south":{"uv":[3.25,5.75,3.5,6.75],"rotation":0,"texture":"#0","tintindex":0},"up":{"uv":[3.75,6.5,3.5,5.75],"rotation":0,"texture":"#0","tintindex":0},"west":{"uv":[3.875,4.25,4.625,5.25],"rotation":0,"texture":"#0","tintindex":0}}},{"name":"cube","from":[1.9999998,22.400002,-1.0000005],"to":[4.3999996,27.2,-0.40000033],"rotation":{"angle":22.5,"axis":"y","origin":[4.3999996,17.6,5.0]},"faces":{"down":{"uv":[6.625,3.5,6.125,3.625],"rotation":0,"texture":"#0","tintindex":0},"east":{"uv":[3.75,5.75,3.875,6.75],"rotation":0,"texture":"#0","tintindex":0},"north":{"uv":[4.625,1.25,5.125,2.25],"rotation":0,"texture":"#0","tintindex":0},"south":{"uv":[4.625,2.25,5.125,3.25],"rotation":0,"texture":"#0","tintindex":0},"up":{"uv":[2.5,2.875,2.0,2.75],"rotation":0,"texture":"#0","tintindex":0},"west":{"uv":[3.125,5.875,3.25,6.875],"rotation":0,"texture":"#0","tintindex":0}}},{"name":"cube","from":[1.3999997,19.400002,1.9999998],"to":[4.3999996,21.2,1.9999998],"rotation":{"angle":22.5,"axis":"y","origin":[4.3999996,18.8,5.0]},"faces":{"down":{"uv":[0.625,0.0,0.0,0.0],"rotation":0,"texture":"#0","tintindex":0},"east":{"uv":[0.0,0.0,0.0,0.375],"rotation":0,"texture":"#0","tintindex":0},"north":{"uv":[5.75,4.125,6.375,4.5],"rotation":0,"texture":"#0","tintindex":0},"south":{"uv":[6.375,4.125,5.75,4.5],"rotation":0,"texture":"#0","tintindex":0},"up":{"uv":[0.625,0.0,0.0,0.0],"rotation":0,"texture":"#0","tintindex":0},"west":{"uv":[0.0,0.0,0.0,0.375],"rotation":0,"texture":"#0","tintindex":0}}},{"name":"cube","from":[1.3999997,21.8,-2.2000003],"to":[4.3999996,22.400002,-0.40000033],"rotation":{"angle":22.5,"axis":"y","origin":[4.3999996,17.6,5.0]},"faces":{"down":{"uv":[6.375,4.875,5.75,5.25],"rotation":0,"texture":"#0","tintindex":0},"east":{"uv":[6.25,0.25,6.625,0.375],"rotation":0,"texture":"#0","tintindex":0},"north":{"uv":[6.125,3.25,6.75,3.375],"rotation":0,"texture":"#0","tintindex":0},"south":{"uv":[6.125,3.375,6.75,3.5],"rotation":0,"texture":"#0","tintindex":0},"up":{"uv":[5.375,6.125,4.75,5.75],"rotation":0,"texture":"#0","tintindex":0},"west":{"uv":[6.25,0.375,6.625,0.5],"rotation":0,"texture":"#0","tintindex":0}}},{"name":"cube","from":[1.3999997,15.8,3.1999998],"to":[4.3999996,17.6,3.1999998],"rotation":{"angle":22.5,"axis":"y","origin":[4.3999996,15.2,5.0]},"faces":{"down":{"uv":[0.625,0.0,0.0,0.0],"rotation":0,"texture":"#0","tintindex":0},"east":{"uv":[0.0,0.0,0.0,0.375],"rotation":0,"texture":"#0","tintindex":0},"north":{"uv":[5.75,4.125,6.375,4.5],"rotation":0,"texture":"#0","tintindex":0},"south":{"uv":[6.375,4.125,5.75,4.5],"rotation":0,"texture":"#0","tintindex":0},"up":{"uv":[0.625,0.0,0.0,0.0],"rotation":0,"texture":"#0","tintindex":0},"west":{"uv":[0.0,0.0,0.0,0.375],"rotation":0,"texture":"#0","tintindex":0}}},{"name":"cube","from":[1.3999997,12.2,1.9999998],"to":[4.3999996,14.0,1.9999998],"rotation":{"angle":22.5,"axis":"y","origin":[4.3999996,11.6,5.0]},"faces":{"down":{"uv":[0.625,0.0,0.0,0.0],"rotation":0,"texture":"#0","tintindex":0},"east":{"uv":[0.0,0.0,0.0,0.375],"rotation":0,"texture":"#0","tintindex":0},"north":{"uv":[5.75,4.125,6.375,4.5],"rotation":0,"texture":"#0","tintindex":0},"south":{"uv":[6.375,4.125,5.75,4.5],"rotation":0,"texture":"#0","tintindex":0},"up":{"uv":[0.625,0.0,0.0,0.0],"rotation":0,"texture":"#0","tintindex":0},"west":{"uv":[0.0,0.0,0.0,0.375],"rotation":0,"texture":"#0","tintindex":0}}},{"name":"cube","from":[14.6,8.0,1.3999997],"to":[15.2,21.8,5.0],"rotation":{"angle":-22.5,"axis":"y","origin":[11.6,18.8,5.0]},"faces":{"down":{"uv":[2.75,6.0,2.875,6.75],"rotation":0,"texture":"#0","tintindex":0},"east":{"uv":[0.75,2.75,0.0,5.625],"rotation":0,"texture":"#0","tintindex":0},"north":{"uv":[0.75,5.625,0.625,8.5],"rotation":0,"texture":"#0","tintindex":0},"south":{"uv":[5.75,5.25,5.625,8.125],"rotation":0,"texture":"#0","tintindex":0},"up":{"uv":[2.625,6.75,2.75,6.0],"rotation":0,"texture":"#0","tintindex":0},"west":{"uv":[3.25,0.0,2.5,2.875],"rotation":0,"texture":"#0","tintindex":0}}},{"name":"cube","from":[11.6,8.0,1.3999997],"to":[14.6,8.6,4.3999996],"rotation":{"angle":-22.5,"axis":"y","origin":[11.6,18.8,5.0]},"faces":{"down":{"uv":[5.125,4.625,5.75,5.25],"rotation":0,"texture":"#0","tintindex":0},"east":{"uv":[6.75,1.5,6.125,1.625],"rotation":0,"texture":"#0","tintindex":0},"north":{"uv":[6.75,1.125,6.125,1.25],"rotation":0,"texture":"#0","tintindex":0},"south":{"uv":[6.75,1.375,6.125,1.5],"rotation":0,"texture":"#0","tintindex":0},"up":{"uv":[5.125,4.625,5.75,4.0],"rotation":0,"texture":"#0","tintindex":0},"west":{"uv":[6.75,1.25,6.125,1.375],"rotation":0,"texture":"#0","tintindex":0}}},{"name":"cube","from":[11.6,8.0,4.3999996],"to":[14.6,21.8,5.0],"rotation":{"angle":-22.5,"axis":"y","origin":[11.6,18.8,5.0]},"faces":{"down":{"uv":[6.125,3.125,6.75,3.25],"rotation":0,"texture":"#0","tintindex":0},"east":{"uv":[0.875,5.75,0.75,8.625],"rotation":0,"texture":"#0","tintindex":0},"north":{"uv":[3.875,0.0,3.25,2.875],"rotation":0,"texture":"#0","tintindex":0},"south":{"uv":[3.875,2.875,3.25,5.75],"rotation":0,"texture":"#0","tintindex":0},"up":{"uv":[6.125,3.125,6.75,3.0],"rotation":0,"texture":"#0","tintindex":0},"west":{"uv":[5.875,0.0,5.75,2.875],"rotation":0,"texture":"#0","tintindex":0}}},{"name":"cube","from":[11.6,19.400002,1.9999998],"to":[14.6,21.2,1.9999998],"rotation":{"angle":-22.5,"axis":"y","origin":[11.6,18.8,5.0]},"faces":{"down":{"uv":[0.0,0.0,0.625,0.0],"rotation":0,"texture":"#0","tintindex":0},"east":{"uv":[0.0,0.0,0.0,0.375],"rotation":0,"texture":"#0","tintindex":0},"north":{"uv":[6.375,4.125,5.75,4.5],"rotation":0,"texture":"#0","tintindex":0},"south":{"uv":[5.75,4.125,6.375,4.5],"rotation":0,"texture":"#0","tintindex":0},"up":{"uv":[0.0,0.0,0.625,0.0],"rotation":0,"texture":"#0","tintindex":0},"west":{"uv":[0.0,0.0,0.0,0.375],"rotation":0,"texture":"#0","tintindex":0}}},{"name":"cube","from":[11.6,12.2,1.9999998],"to":[14.6,14.0,1.9999998],"rotation":{"angle":-22.5,"axis":"y","origin":[11.6,11.6,5.0]},"faces":{"down":{"uv":[0.0,0.0,0.625,0.0],"rotation":0,"texture":"#0","tintindex":0},"east":{"uv":[0.0,0.0,0.0,0.375],"rotation":0,"texture":"#0","tintindex":0},"north":{"uv":[6.375,4.125,5.75,4.5],"rotation":0,"texture":"#0","tintindex":0},"south":{"uv":[5.75,4.125,6.375,4.5],"rotation":0,"texture":"#0","tintindex":0},"up":{"uv":[0.0,0.0,0.625,0.0],"rotation":0,"texture":"#0","tintindex":0},"west":{"uv":[0.0,0.0,0.0,0.375],"rotation":0,"texture":"#0","tintindex":0}}},{"name":"cube","from":[11.6,15.8,3.1999998],"to":[14.6,17.6,3.1999998],"rotation":{"angle":-22.5,"axis":"y","origin":[11.6,15.2,5.0]},"faces":{"down":{"uv":[0.0,0.0,0.625,0.0],"rotation":0,"texture":"#0","tintindex":0},"east":{"uv":[0.0,0.0,0.0,0.375],"rotation":0,"texture":"#0","tintindex":0},"north":{"uv":[6.375,4.125,5.75,4.5],"rotation":0,"texture":"#0","tintindex":0},"south":{"uv":[5.75,4.125,6.375,4.5],"rotation":0,"texture":"#0","tintindex":0},"up":{"uv":[0.0,0.0,0.625,0.0],"rotation":0,"texture":"#0","tintindex":0},"west":{"uv":[0.0,0.0,0.0,0.375],"rotation":0,"texture":"#0","tintindex":0}}},{"name":"cube","from":[1.3999997,23.600002,1.9999998],"to":[4.3999996,25.400002,1.9999998],"rotation":{"angle":22.5,"axis":"y","origin":[4.3999996,18.8,5.0]},"faces":{"down":{"uv":[0.625,0.0,0.0,0.0],"rotation":0,"texture":"#0","tintindex":0},"east":{"uv":[0.0,0.0,0.0,0.375],"rotation":0,"texture":"#0","tintindex":0},"north":{"uv":[5.75,4.125,6.375,4.5],"rotation":0,"texture":"#0","tintindex":0},"south":{"uv":[6.375,4.125,5.75,4.5],"rotation":0,"texture":"#0","tintindex":0},"up":{"uv":[0.625,0.0,0.0,0.0],"rotation":0,"texture":"#0","tintindex":0},"west":{"uv":[0.0,0.0,0.0,0.375],"rotation":0,"texture":"#0","tintindex":0}}},{"name":"cube","from":[1.3999997,23.600002,0.19999981],"to":[4.3999996,25.400002,0.19999981],"rotation":{"angle":22.5,"axis":"y","origin":[4.3999996,18.8,5.0]},"faces":{"down":{"uv":[0.625,0.0,0.0,0.0],"rotation":0,"texture":"#0","tintindex":0},"east":{"uv":[0.0,0.0,0.0,0.375],"rotation":0,"texture":"#0","tintindex":0},"north":{"uv":[5.75,4.125,6.375,4.5],"rotation":0,"texture":"#0","tintindex":0},"south":{"uv":[6.375,4.125,5.75,4.5],"rotation":0,"texture":"#0","tintindex":0},"up":{"uv":[0.625,0.0,0.0,0.0],"rotation":0,"texture":"#0","tintindex":0},"west":{"uv":[0.0,0.0,0.0,0.375],"rotation":0,"texture":"#0","tintindex":0}}},{"name":"cube","from":[6.2,19.400002,5.0],"to":[6.2,21.2,8.0],"rotation":{"angle":0.0,"axis":"x","origin":[8.0,18.8,8.6]},"faces":{"down":{"uv":[0.625,0.0,0.0,0.0],"rotation":90,"texture":"#0","tintindex":0},"east":{"uv":[6.375,4.125,5.75,4.5],"rotation":0,"texture":"#0","tintindex":0},"north":{"uv":[0.0,0.0,0.0,0.375],"rotation":0,"texture":"#0","tintindex":0},"south":{"uv":[0.0,0.0,0.0,0.375],"rotation":0,"texture":"#0","tintindex":0},"up":{"uv":[0.625,0.0,0.0,0.0],"rotation":270,"texture":"#0","tintindex":0},"west":{"uv":[5.75,4.125,6.375,4.5],"rotation":0,"texture":"#0","tintindex":0}}},{"name":"cube","from":[9.8,19.400002,5.0],"to":[9.8,21.2,8.0],"rotation":{"angle":0.0,"axis":"x","origin":[8.0,18.8,8.6]},"faces":{"down":{"uv":[0.625,0.0,0.0,0.0],"rotation":90,"texture":"#0","tintindex":0},"east":{"uv":[6.375,4.125,5.75,4.5],"rotation":0,"texture":"#0","tintindex":0},"north":{"uv":[0.0,0.0,0.0,0.375],"rotation":0,"texture":"#0","tintindex":0},"south":{"uv":[0.0,0.0,0.0,0.375],"rotation":0,"texture":"#0","tintindex":0},"up":{"uv":[0.625,0.0,0.0,0.0],"rotation":270,"texture":"#0","tintindex":0},"west":{"uv":[5.75,4.125,6.375,4.5],"rotation":0,"texture":"#0","tintindex":0}}},{"name":"cube","from":[6.8,15.8,5.0],"to":[6.8,17.6,8.0],"rotation":{"angle":0.0,"axis":"x","origin":[8.0,18.8,8.6]},"faces":{"down":{"uv":[0.625,0.0,0.0,0.0],"rotation":90,"texture":"#0","tintindex":0},"east":{"uv":[6.375,4.125,5.75,4.5],"rotation":0,"texture":"#0","tintindex":0},"north":{"uv":[0.0,0.0,0.0,0.375],"rotation":0,"texture":"#0","tintindex":0},"south":{"uv":[0.0,0.0,0.0,0.375],"rotation":0,"texture":"#0","tintindex":0},"up":{"uv":[0.625,0.0,0.0,0.0],"rotation":270,"texture":"#0","tintindex":0},"west":{"uv":[5.75,4.125,6.375,4.5],"rotation":0,"texture":"#0","tintindex":0}}},{"name":"cube","from":[9.2,15.8,5.0],"to":[9.2,17.6,8.0],"rotation":{"angle":0.0,"axis":"x","origin":[8.0,18.8,8.6]},"faces":{"down":{"uv":[0.625,0.0,0.0,0.0],"rotation":90,"texture":"#0","tintindex":0},"east":{"uv":[6.375,4.125,5.75,4.5],"rotation":0,"texture":"#0","tintindex":0},"north":{"uv":[0.0,0.0,0.0,0.375],"rotation":0,"texture":"#0","tintindex":0},"south":{"uv":[0.0,0.0,0.0,0.375],"rotation":0,"texture":"#0","tintindex":0},"up":{"uv":[0.625,0.0,0.0,0.0],"rotation":270,"texture":"#0","tintindex":0},"west":{"uv":[5.75,4.125,6.375,4.5],"rotation":0,"texture":"#0","tintindex":0}}},{"name":"cube","from":[6.2,12.2,5.0],"to":[6.2,14.0,8.0],"rotation":{"angle":0.0,"axis":"x","origin":[8.0,18.8,8.6]},"faces":{"down":{"uv":[0.625,0.0,0.0,0.0],"rotation":90,"texture":"#0","tintindex":0},"east":{"uv":[6.375,4.125,5.75,4.5],"rotation":0,"texture":"#0","tintindex":0},"north":{"uv":[0.0,0.0,0.0,0.375],"rotation":0,"texture":"#0","tintindex":0},"south":{"uv":[0.0,0.0,0.0,0.375],"rotation":0,"texture":"#0","tintindex":0},"up":{"uv":[0.625,0.0,0.0,0.0],"rotation":270,"texture":"#0","tintindex":0},"west":{"uv":[5.75,4.125,6.375,4.5],"rotation":0,"texture":"#0","tintindex":0}}},{"name":"cube","from":[9.8,12.2,5.0],"to":[9.8,14.0,8.0],"rotation":{"angle":0.0,"axis":"x","origin":[8.0,18.8,8.6]},"faces":{"down":{"uv":[0.625,0.0,0.0,0.0],"rotation":90,"texture":"#0","tintindex":0},"east":{"uv":[6.375,4.125,5.75,4.5],"rotation":0,"texture":"#0","tintindex":0},"north":{"uv":[0.0,0.0,0.0,0.375],"rotation":0,"texture":"#0","tintindex":0},"south":{"uv":[0.0,0.0,0.0,0.375],"rotation":0,"texture":"#0","tintindex":0},"up":{"uv":[0.625,0.0,0.0,0.0],"rotation":270,"texture":"#0","tintindex":0},"west":{"uv":[5.75,4.125,6.375,4.5],"rotation":0,"texture":"#0","tintindex":0}}},{"name":"cube","from":[8.9,23.600002,5.0],"to":[8.9,25.400002,8.0],"rotation":{"angle":0.0,"axis":"x","origin":[8.0,18.8,8.6]},"faces":{"down":{"uv":[0.625,0.0,0.0,0.0],"rotation":90,"texture":"#0","tintindex":0},"east":{"uv":[6.375,4.125,5.75,4.5],"rotation":0,"texture":"#0","tintindex":0},"north":{"uv":[0.0,0.0,0.0,0.375],"rotation":0,"texture":"#0","tintindex":0},"south":{"uv":[0.0,0.0,0.0,0.375],"rotation":0,"texture":"#0","tintindex":0},"up":{"uv":[0.625,0.0,0.0,0.0],"rotation":270,"texture":"#0","tintindex":0},"west":{"uv":[5.75,4.125,6.375,4.5],"rotation":0,"texture":"#0","tintindex":0}}},{"name":"cube","from":[7.1,23.600002,5.0],"to":[7.1,25.400002,8.0],"rotation":{"angle":0.0,"axis":"x","origin":[8.0,18.8,8.6]},"faces":{"down":{"uv":[0.625,0.0,0.0,0.0],"rotation":90,"texture":"#0","tintindex":0},"east":{"uv":[6.375,4.125,5.75,4.5],"rotation":0,"texture":"#0","tintindex":0},"north":{"uv":[0.0,0.0,0.0,0.375],"rotation":0,"texture":"#0","tintindex":0},"south":{"uv":[0.0,0.0,0.0,0.375],"rotation":0,"texture":"#0","tintindex":0},"up":{"uv":[0.625,0.0,0.0,0.0],"rotation":270,"texture":"#0","tintindex":0},"west":{"uv":[5.75,4.125,6.375,4.5],"rotation":0,"texture":"#0","tintindex":0}}}],"display":{"head":{"translation":[0.0,-6.4,0.0],"rotation":[0.0,0.0,0.0],"scale":[3.8095,3.8095,3.8095]}}}