{"textures":{"0":"modelengine:entity/nocsy_skeleton_necromancer_skin","1":"modelengine:entity/nocsy_skeleton_necromancer_red_flame","2":"modelengine:entity/nocsy_skeleton_necromancer_red_flame_animated","3":"modelengine:entity/nocsy_skeleton_necromancer_lantern","4":"modelengine:entity/nocsy_skeleton_necromancer_lantern_animated"},"elements":[{"name":"cube","from":[5.9284735,11.099955,9.841356],"to":[8.153446,11.637016,10.301696],"rotation":{"angle":22.5,"axis":"z","origin":[6.734067,11.368486,10.071527]},"faces":{"down":{"uv":[9.6875,1.4375,9.4375,1.5],"rotation":0,"texture":"#0","tintindex":0},"east":{"uv":[5.0,9.75,5.0625,9.8125],"rotation":0,"texture":"#0","tintindex":0},"north":{"uv":[7.8125,3.625,8.0625,3.6875],"rotation":0,"texture":"#0","tintindex":0},"south":{"uv":[8.125,2.5625,8.375,2.625],"rotation":0,"texture":"#0","tintindex":0},"up":{"uv":[9.6875,1.0625,9.4375,1.0],"rotation":0,"texture":"#0","tintindex":0},"west":{"uv":[9.75,5.0,9.8125,5.0625],"rotation":0,"texture":"#0","tintindex":0}}},{"name":"cube","from":[4.547456,10.793062,10.455143],"to":[6.3888125,11.330125,10.915482],"rotation":{"angle":-45.0,"axis":"y","origin":[6.734067,11.368486,10.071527]},"faces":{"down":{"uv":[9.6875,9.125,9.5,9.1875],"rotation":0,"texture":"#0","tintindex":0},"east":{"uv":[5.0625,9.75,5.125,9.8125],"rotation":0,"texture":"#0","tintindex":0},"north":{"uv":[9.5,6.9375,9.6875,7.0],"rotation":0,"texture":"#0","tintindex":0},"south":{"uv":[9.5,8.375,9.6875,8.4375],"rotation":0,"texture":"#0","tintindex":0},"up":{"uv":[9.6875,9.125,9.5,9.0625],"rotation":0,"texture":"#0","tintindex":0},"west":{"uv":[9.75,5.0625,9.8125,5.125],"rotation":0,"texture":"#0","tintindex":0}}},{"name":"cube","from":[4.624179,10.8122425,7.693107],"to":[5.0845184,11.368485,9.150848],"rotation":{"angle":0.0,"axis":"x","origin":[6.734067,11.368486,10.071527]},"faces":{"down":{"uv":[9.625,0.6875,9.5625,0.875],"rotation":0,"texture":"#0","tintindex":0},"east":{"uv":[9.5625,0.5625,9.75,0.625],"rotation":0,"texture":"#0","tintindex":0},"north":{"uv":[5.125,9.75,5.1875,9.8125],"rotation":0,"texture":"#0","tintindex":0},"south":{"uv":[9.75,5.125,9.8125,5.1875],"rotation":0,"texture":"#0","tintindex":0},"up":{"uv":[0.6875,9.75,0.625,9.5625],"rotation":0,"texture":"#0","tintindex":0},"west":{"uv":[9.5625,0.625,9.75,0.6875],"rotation":0,"texture":"#0","tintindex":0}}},{"name":"cube","from":[4.16384,10.850603,6.0819197],"to":[4.624179,11.330125,7.76983],"rotation":{"angle":-45.0,"axis":"y","origin":[4.4707327,11.061592,8.268531]},"faces":{"down":{"uv":[1.5,9.5625,1.4375,9.75],"rotation":0,"texture":"#0","tintindex":0},"east":{"uv":[9.5625,0.875,9.75,0.9375],"rotation":0,"texture":"#0","tintindex":0},"north":{"uv":[5.1875,9.75,5.25,9.8125],"rotation":0,"texture":"#0","tintindex":0},"south":{"uv":[9.75,5.1875,9.8125,5.25],"rotation":0,"texture":"#0","tintindex":0},"up":{"uv":[1.4375,9.75,1.375,9.5625],"rotation":0,"texture":"#0","tintindex":0},"west":{"uv":[9.5625,0.9375,9.75,1.0],"rotation":0,"texture":"#0","tintindex":0}}},{"name":"cube","from":[5.9284735,10.888966,6.465536],"to":[6.925875,11.291761,6.925875],"rotation":{"angle":0.0,"axis":"x","origin":[4.4707327,11.061592,9.112486]},"faces":{"down":{"uv":[9.8125,2.8125,9.6875,2.875],"rotation":0,"texture":"#0","tintindex":0},"east":{"uv":[5.25,9.75,5.3125,9.8125],"rotation":0,"texture":"#0","tintindex":0},"north":{"uv":[9.6875,2.625,9.8125,2.6875],"rotation":0,"texture":"#0","tintindex":0},"south":{"uv":[2.6875,9.6875,2.8125,9.75],"rotation":0,"texture":"#0","tintindex":0},"up":{"uv":[2.9375,9.75,2.8125,9.6875],"rotation":0,"texture":"#0","tintindex":0},"west":{"uv":[9.75,5.25,9.8125,5.3125],"rotation":0,"texture":"#0","tintindex":0}}},{"name":"cube","from":[6.7729874,11.327313,6.542259],"to":[7.616943,11.634208,6.925875],"rotation":{"angle":22.5,"axis":"z","origin":[7.847112,11.327315,6.734067]},"faces":{"down":{"uv":[9.8125,3.125,9.6875,3.1875],"rotation":0,"texture":"#0","tintindex":0},"east":{"uv":[5.3125,9.75,5.375,9.8125],"rotation":0,"texture":"#0","tintindex":0},"north":{"uv":[2.9375,9.6875,3.0625,9.75],"rotation":0,"texture":"#0","tintindex":0},"south":{"uv":[9.6875,3.0,9.8125,3.0625],"rotation":0,"texture":"#0","tintindex":0},"up":{"uv":[9.8125,3.125,9.6875,3.0625],"rotation":0,"texture":"#0","tintindex":0},"west":{"uv":[9.75,5.3125,9.8125,5.375],"rotation":0,"texture":"#0","tintindex":0}}},{"name":"cube","from":[5.429773,11.96309,5.966835],"to":[6.4271746,12.480972,6.5038977],"rotation":{"angle":0.0,"axis":"x","origin":[4.0871167,12.21244,8.268531]},"faces":{"down":{"uv":[9.8125,3.375,9.6875,3.4375],"rotation":0,"texture":"#0","tintindex":0},"east":{"uv":[5.375,9.75,5.4375,9.8125],"rotation":0,"texture":"#0","tintindex":0},"north":{"uv":[9.6875,3.1875,9.8125,3.25],"rotation":0,"texture":"#0","tintindex":0},"south":{"uv":[9.6875,3.25,9.8125,3.3125],"rotation":0,"texture":"#0","tintindex":0},"up":{"uv":[9.8125,3.375,9.6875,3.3125],"rotation":0,"texture":"#0","tintindex":0},"west":{"uv":[9.75,5.375,9.8125,5.4375],"rotation":0,"texture":"#0","tintindex":0}}},{"name":"cube","from":[3.4349694,11.905549,5.6599426],"to":[3.972032,12.519333,7.5780225],"rotation":{"angle":-45.0,"axis":"y","origin":[4.0871167,12.21244,8.268531]},"faces":{"down":{"uv":[1.625,9.5625,1.5625,9.75],"rotation":0,"texture":"#0","tintindex":0},"east":{"uv":[9.5625,1.125,9.75,1.1875],"rotation":0,"texture":"#0","tintindex":0},"north":{"uv":[5.4375,9.75,5.5,9.8125],"rotation":0,"texture":"#0","tintindex":0},"south":{"uv":[9.75,5.4375,9.8125,5.5],"rotation":0,"texture":"#0","tintindex":0},"up":{"uv":[1.5625,9.75,1.5,9.5625],"rotation":0,"texture":"#0","tintindex":0},"west":{"uv":[9.5625,1.3125,9.75,1.375],"rotation":0,"texture":"#0","tintindex":0}}},{"name":"cube","from":[4.1254783,11.867187,7.3478527],"to":[4.662541,12.557695,9.035763],"rotation":{"angle":0.0,"axis":"x","origin":[6.3504515,12.519334,10.071527]},"faces":{"down":{"uv":[1.75,9.5625,1.6875,9.75],"rotation":0,"texture":"#0","tintindex":0},"east":{"uv":[9.5625,1.375,9.75,1.4375],"rotation":0,"texture":"#0","tintindex":0},"north":{"uv":[5.5,9.75,5.5625,9.8125],"rotation":0,"texture":"#0","tintindex":0},"south":{"uv":[5.625,9.75,5.6875,9.8125],"rotation":0,"texture":"#0","tintindex":0},"up":{"uv":[1.6875,9.75,1.625,9.5625],"rotation":0,"texture":"#0","tintindex":0},"west":{"uv":[9.5625,1.625,9.75,1.6875],"rotation":0,"texture":"#0","tintindex":0}}},{"name":"cube","from":[4.0487547,11.905549,10.41678],"to":[5.966835,12.519333,10.953843],"rotation":{"angle":-45.0,"axis":"y","origin":[6.3504515,12.519334,10.071527]},"faces":{"down":{"uv":[9.75,1.875,9.5625,1.9375],"rotation":0,"texture":"#0","tintindex":0},"east":{"uv":[9.75,5.625,9.8125,5.6875],"rotation":0,"texture":"#0","tintindex":0},"north":{"uv":[9.5625,1.75,9.75,1.8125],"rotation":0,"texture":"#0","tintindex":0},"south":{"uv":[9.5625,1.8125,9.75,1.875],"rotation":0,"texture":"#0","tintindex":0},"up":{"uv":[2.0625,9.625,1.875,9.5625],"rotation":0,"texture":"#0","tintindex":0},"west":{"uv":[5.6875,9.75,5.75,9.8125],"rotation":0,"texture":"#0","tintindex":0}}},{"name":"cube","from":[5.506496,12.212441,9.802996],"to":[8.191809,12.826226,10.340057],"rotation":{"angle":22.5,"axis":"z","origin":[6.3504515,12.519334,10.071527]},"faces":{"down":{"uv":[9.6875,1.5,9.375,1.5625],"rotation":0,"texture":"#0","tintindex":0},"east":{"uv":[5.75,9.75,5.8125,9.8125],"rotation":0,"texture":"#0","tintindex":0},"north":{"uv":[9.375,1.1875,9.6875,1.25],"rotation":0,"texture":"#0","tintindex":0},"south":{"uv":[9.375,1.25,9.6875,1.3125],"rotation":0,"texture":"#0","tintindex":0},"up":{"uv":[1.8125,9.4375,1.5,9.375],"rotation":0,"texture":"#0","tintindex":0},"west":{"uv":[5.8125,9.75,5.875,9.8125],"rotation":0,"texture":"#0","tintindex":0}}},{"name":"cube","from":[6.6189823,12.979672,5.7750273],"to":[7.76983,13.40165,6.31209],"rotation":{"angle":22.5,"axis":"z","origin":[6.120281,13.440011,5.8517504]},"faces":{"down":{"uv":[3.6875,9.6875,3.5625,9.75],"rotation":0,"texture":"#0","tintindex":0},"east":{"uv":[9.75,5.8125,9.8125,5.875],"rotation":0,"texture":"#0","tintindex":0},"north":{"uv":[3.4375,9.6875,3.5625,9.75],"rotation":0,"texture":"#0","tintindex":0},"south":{"uv":[9.6875,3.4375,9.8125,3.5],"rotation":0,"texture":"#0","tintindex":0},"up":{"uv":[9.8125,3.5625,9.6875,3.5],"rotation":0,"texture":"#0","tintindex":0},"west":{"uv":[5.875,9.75,5.9375,9.8125],"rotation":0,"texture":"#0","tintindex":0}}},{"name":"cube","from":[5.3914113,13.17148,5.698304],"to":[6.7724285,13.708545,6.31209],"rotation":{"angle":0.0,"axis":"x","origin":[4.0871167,13.440011,8.268531]},"faces":{"down":{"uv":[9.8125,3.875,9.6875,3.9375],"rotation":0,"texture":"#0","tintindex":0},"east":{"uv":[9.75,5.875,9.8125,5.9375],"rotation":0,"texture":"#0","tintindex":0},"north":{"uv":[9.6875,3.5625,9.8125,3.625],"rotation":0,"texture":"#0","tintindex":0},"south":{"uv":[9.6875,3.75,9.8125,3.8125],"rotation":0,"texture":"#0","tintindex":0},"up":{"uv":[9.8125,3.875,9.6875,3.8125],"rotation":0,"texture":"#0","tintindex":0},"west":{"uv":[5.9375,9.75,6.0,9.8125],"rotation":0,"texture":"#0","tintindex":0}}},{"name":"cube","from":[3.012992,13.113939,5.6215806],"to":[3.6267772,13.785268,7.462938],"rotation":{"angle":-45.0,"axis":"y","origin":[4.0871167,13.440011,8.268531]},"faces":{"down":{"uv":[9.625,2.0625,9.5625,2.25],"rotation":0,"texture":"#0","tintindex":0},"east":{"uv":[9.5625,1.9375,9.75,2.0],"rotation":0,"texture":"#0","tintindex":0},"north":{"uv":[9.75,5.9375,9.8125,6.0],"rotation":0,"texture":"#0","tintindex":0},"south":{"uv":[6.0,9.75,6.0625,9.8125],"rotation":0,"texture":"#0","tintindex":0},"up":{"uv":[2.125,9.75,2.0625,9.5625],"rotation":0,"texture":"#0","tintindex":0},"west":{"uv":[9.5625,2.0,9.75,2.0625],"rotation":0,"texture":"#0","tintindex":0}}},{"name":"cube","from":[3.856947,13.075576,7.002599],"to":[4.4707327,13.823628,8.920678],"rotation":{"angle":0.0,"axis":"x","origin":[6.3504515,13.746905,10.071527]},"faces":{"down":{"uv":[2.25,9.5625,2.1875,9.75],"rotation":0,"texture":"#0","tintindex":0},"east":{"uv":[9.5625,2.3125,9.75,2.375],"rotation":0,"texture":"#0","tintindex":0},"north":{"uv":[9.75,6.0,9.8125,6.0625],"rotation":0,"texture":"#0","tintindex":0},"south":{"uv":[6.0625,9.75,6.125,9.8125],"rotation":0,"texture":"#0","tintindex":0},"up":{"uv":[2.1875,9.75,2.125,9.5625],"rotation":0,"texture":"#0","tintindex":0},"west":{"uv":[9.5625,2.375,9.75,2.4375],"rotation":0,"texture":"#0","tintindex":0}}},{"name":"cube","from":[3.856947,13.094756,10.37842],"to":[5.9284735,13.785268,10.992205],"rotation":{"angle":-45.0,"axis":"y","origin":[6.3504515,13.746905,10.071527]},"faces":{"down":{"uv":[9.6875,6.8125,9.4375,6.875],"rotation":0,"texture":"#0","tintindex":0},"east":{"uv":[6.125,9.75,6.1875,9.8125],"rotation":0,"texture":"#0","tintindex":0},"north":{"uv":[9.4375,2.25,9.6875,2.3125],"rotation":0,"texture":"#0","tintindex":0},"south":{"uv":[9.4375,3.1875,9.6875,3.25],"rotation":0,"texture":"#0","tintindex":0},"up":{"uv":[9.6875,5.625,9.4375,5.5625],"rotation":0,"texture":"#0","tintindex":0},"west":{"uv":[6.1875,9.75,6.25,9.8125],"rotation":0,"texture":"#0","tintindex":0}}},{"name":"cube","from":[5.4681344,13.40165,9.764633],"to":[8.230169,14.092159,10.37842],"rotation":{"angle":22.5,"axis":"z","origin":[6.3504515,13.746905,10.071527]},"faces":{"down":{"uv":[9.6875,2.5625,9.375,2.625],"rotation":0,"texture":"#0","tintindex":0},"east":{"uv":[9.75,6.1875,9.8125,6.25],"rotation":0,"texture":"#0","tintindex":0},"north":{"uv":[9.375,1.5625,9.6875,1.625],"rotation":0,"texture":"#0","tintindex":0},"south":{"uv":[9.375,1.6875,9.6875,1.75],"rotation":0,"texture":"#0","tintindex":0},"up":{"uv":[9.6875,2.5625,9.375,2.5],"rotation":0,"texture":"#0","tintindex":0},"west":{"uv":[6.25,9.75,6.3125,9.8125],"rotation":0,"texture":"#0","tintindex":0}}},{"name":"cube","from":[6.6579027,14.741497,6.094707],"to":[7.5785813,15.201836,6.7084928],"rotation":{"angle":22.5,"axis":"z","origin":[7.54022,14.933305,6.4016]},"faces":{"down":{"uv":[9.8125,4.0625,9.6875,4.125],"rotation":0,"texture":"#0","tintindex":0},"east":{"uv":[9.75,6.25,9.8125,6.3125],"rotation":0,"texture":"#0","tintindex":0},"north":{"uv":[3.9375,9.6875,4.0625,9.75],"rotation":0,"texture":"#0","tintindex":0},"south":{"uv":[9.6875,3.9375,9.8125,4.0],"rotation":0,"texture":"#0","tintindex":0},"up":{"uv":[9.8125,4.0625,9.6875,4.0],"rotation":0,"texture":"#0","tintindex":0},"west":{"uv":[6.3125,9.75,6.375,9.8125],"rotation":0,"texture":"#0","tintindex":0}}},{"name":"cube","from":[5.429773,14.36069,6.017984],"to":[6.81079,14.974476,6.7084928],"rotation":{"angle":0.0,"axis":"x","origin":[4.16384,14.667584,8.780019]},"faces":{"down":{"uv":[4.75,9.6875,4.625,9.75],"rotation":0,"texture":"#0","tintindex":0},"east":{"uv":[9.75,6.3125,9.8125,6.375],"rotation":0,"texture":"#0","tintindex":0},"north":{"uv":[9.6875,4.125,9.8125,4.1875],"rotation":0,"texture":"#0","tintindex":0},"south":{"uv":[4.1875,9.6875,4.3125,9.75],"rotation":0,"texture":"#0","tintindex":0},"up":{"uv":[4.5625,9.75,4.4375,9.6875],"rotation":0,"texture":"#0","tintindex":0},"west":{"uv":[6.375,9.75,6.4375,9.8125],"rotation":0,"texture":"#0","tintindex":0}}},{"name":"cube","from":[3.0513537,14.3223295,5.941261],"to":[3.741862,15.0512,8.012787],"rotation":{"angle":-45.0,"axis":"y","origin":[4.16384,14.667584,8.780019]},"faces":{"down":{"uv":[2.6875,9.5625,2.625,9.75],"rotation":0,"texture":"#0","tintindex":0},"east":{"uv":[9.5625,2.4375,9.75,2.5],"rotation":0,"texture":"#0","tintindex":0},"north":{"uv":[9.75,6.375,9.8125,6.4375],"rotation":0,"texture":"#0","tintindex":0},"south":{"uv":[6.4375,9.75,6.5,9.8125],"rotation":0,"texture":"#0","tintindex":0},"up":{"uv":[2.625,9.75,2.5625,9.5625],"rotation":0,"texture":"#0","tintindex":0},"west":{"uv":[9.5625,2.6875,9.75,2.75],"rotation":0,"texture":"#0","tintindex":0}}},{"name":"cube","from":[3.8953085,14.283967,7.4757247],"to":[4.5858173,15.0895605,9.317081],"rotation":{"angle":0.0,"axis":"x","origin":[6.4271746,14.974476,10.5830145]},"faces":{"down":{"uv":[3.25,9.5625,3.1875,9.75],"rotation":0,"texture":"#0","tintindex":0},"east":{"uv":[9.5625,2.75,9.75,2.8125],"rotation":0,"texture":"#0","tintindex":0},"north":{"uv":[9.75,6.4375,9.8125,6.5],"rotation":0,"texture":"#0","tintindex":0},"south":{"uv":[6.5,9.75,6.5625,9.8125],"rotation":0,"texture":"#0","tintindex":0},"up":{"uv":[3.1875,9.75,3.125,9.5625],"rotation":0,"texture":"#0","tintindex":0},"west":{"uv":[9.5625,2.875,9.75,2.9375],"rotation":0,"texture":"#0","tintindex":0}}},{"name":"cube","from":[3.8953085,15.003967,6.275725],"to":[4.5858173,15.809561,9.917082],"rotation":{"angle":-22.5,"axis":"y","origin":[4.240563,15.406765,8.396403]},"faces":{"down":{"uv":[0.1875,9.3125,0.125,9.6875],"rotation":0,"texture":"#0","tintindex":0},"east":{"uv":[9.1875,1.625,9.5625,1.6875],"rotation":0,"texture":"#0","tintindex":0},"north":{"uv":[6.5625,9.75,6.625,9.8125],"rotation":0,"texture":"#0","tintindex":0},"south":{"uv":[9.75,6.5625,9.8125,6.625],"rotation":0,"texture":"#0","tintindex":0},"up":{"uv":[7.0625,9.625,7.0,9.25],"rotation":0,"texture":"#0","tintindex":0},"west":{"uv":[9.1875,2.6875,9.5625,2.75],"rotation":0,"texture":"#0","tintindex":0}}},{"name":"cube","from":[4.7353086,15.003967,6.275725],"to":[6.6258173,15.809561,6.917082],"rotation":{"angle":0.0,"axis":"x","origin":[4.240563,15.406765,8.396403]},"faces":{"down":{"uv":[9.75,3.6875,9.5625,3.75],"rotation":0,"texture":"#0","tintindex":0},"east":{"uv":[6.625,9.75,6.6875,9.8125],"rotation":0,"texture":"#0","tintindex":0},"north":{"uv":[9.5625,2.9375,9.75,3.0],"rotation":0,"texture":"#0","tintindex":0},"south":{"uv":[3.625,9.5625,3.8125,9.625],"rotation":0,"texture":"#0","tintindex":0},"up":{"uv":[9.75,3.6875,9.5625,3.625],"rotation":0,"texture":"#0","tintindex":0},"west":{"uv":[9.75,6.625,9.8125,6.6875],"rotation":0,"texture":"#0","tintindex":0}}},{"name":"cube","from":[6.415309,15.243969,6.275725],"to":[7.7058177,16.04956,6.917082],"rotation":{"angle":-22.5,"axis":"z","origin":[5.980563,15.406765,6.596403]},"faces":{"down":{"uv":[5.5625,9.6875,5.4375,9.75],"rotation":0,"texture":"#0","tintindex":0},"east":{"uv":[6.6875,9.75,6.75,9.8125],"rotation":0,"texture":"#0","tintindex":0},"north":{"uv":[4.8125,9.6875,4.9375,9.75],"rotation":0,"texture":"#0","tintindex":0},"south":{"uv":[5.1875,9.6875,5.3125,9.75],"rotation":0,"texture":"#0","tintindex":0},"up":{"uv":[5.4375,9.75,5.3125,9.6875],"rotation":0,"texture":"#0","tintindex":0},"west":{"uv":[6.75,9.75,6.8125,9.8125],"rotation":0,"texture":"#0","tintindex":0}}},{"name":"cube","from":[9.374183,15.003967,6.275725],"to":[11.264691,15.809561,6.917082],"rotation":{"angle":0.0,"axis":"x","origin":[11.759437,15.406765,8.396403]},"faces":{"down":{"uv":[9.75,4.375,9.5625,4.4375],"rotation":0,"texture":"#0","tintindex":0},"east":{"uv":[6.8125,9.75,6.875,9.8125],"rotation":0,"texture":"#0","tintindex":0},"north":{"uv":[9.5625,4.1875,9.75,4.25],"rotation":0,"texture":"#0","tintindex":0},"south":{"uv":[9.5625,4.25,9.75,4.3125],"rotation":0,"texture":"#0","tintindex":0},"up":{"uv":[9.75,4.375,9.5625,4.3125],"rotation":0,"texture":"#0","tintindex":0},"west":{"uv":[6.875,9.75,6.9375,9.8125],"rotation":0,"texture":"#0","tintindex":0}}},{"name":"cube","from":[11.414183,15.003967,6.275725],"to":[12.1046915,15.809561,9.917082],"rotation":{"angle":22.5,"axis":"y","origin":[11.759437,15.406765,8.396403]},"faces":{"down":{"uv":[5.8125,9.3125,5.75,9.6875],"rotation":0,"texture":"#0","tintindex":0},"east":{"uv":[9.25,9.1875,9.625,9.25],"rotation":0,"texture":"#0","tintindex":0},"north":{"uv":[6.9375,9.75,7.0,9.8125],"rotation":0,"texture":"#0","tintindex":0},"south":{"uv":[7.0,9.75,7.0625,9.8125],"rotation":0,"texture":"#0","tintindex":0},"up":{"uv":[0.875,9.6875,0.8125,9.3125],"rotation":0,"texture":"#0","tintindex":0},"west":{"uv":[9.3125,1.0625,9.6875,1.125],"rotation":0,"texture":"#0","tintindex":0}}},{"name":"cube","from":[8.294182,15.243969,6.275725],"to":[9.584691,16.04956,6.917082],"rotation":{"angle":22.5,"axis":"z","origin":[10.019438,15.406765,6.596403]},"faces":{"down":{"uv":[5.875,9.6875,5.75,9.75],"rotation":0,"texture":"#0","tintindex":0},"east":{"uv":[9.75,7.0,9.8125,7.0625],"rotation":0,"texture":"#0","tintindex":0},"north":{"uv":[9.6875,5.5,9.8125,5.5625],"rotation":0,"texture":"#0","tintindex":0},"south":{"uv":[9.6875,5.5625,9.8125,5.625],"rotation":0,"texture":"#0","tintindex":0},"up":{"uv":[9.8125,5.75,9.6875,5.6875],"rotation":0,"texture":"#0","tintindex":0},"west":{"uv":[7.0625,9.75,7.125,9.8125],"rotation":0,"texture":"#0","tintindex":0}}},{"name":"cube","from":[3.8185854,14.283967,10.851545],"to":[5.199603,15.0512,11.542054],"rotation":{"angle":-45.0,"axis":"y","origin":[6.4271746,14.974476,10.5830145]},"faces":{"down":{"uv":[9.8125,6.5,9.6875,6.5625],"rotation":0,"texture":"#0","tintindex":0},"east":{"uv":[9.75,7.125,9.8125,7.1875],"rotation":0,"texture":"#0","tintindex":0},"north":{"uv":[6.1875,9.6875,6.3125,9.75],"rotation":0,"texture":"#0","tintindex":0},"south":{"uv":[6.3125,9.6875,6.4375,9.75],"rotation":0,"texture":"#0","tintindex":0},"up":{"uv":[6.625,9.75,6.5,9.6875],"rotation":0,"texture":"#0","tintindex":0},"west":{"uv":[7.1875,9.75,7.25,9.8125],"rotation":0,"texture":"#0","tintindex":0}}},{"name":"cube","from":[4.9097595,14.761355,9.641024],"to":[8.004263,15.44334,10.331533],"rotation":{"angle":22.5,"axis":"z","origin":[6.4271746,14.974476,10.5830145]},"faces":{"down":{"uv":[9.6875,3.125,9.375,3.1875],"rotation":0,"texture":"#0","tintindex":0},"east":{"uv":[9.75,7.1875,9.8125,7.25],"rotation":0,"texture":"#0","tintindex":0},"north":{"uv":[9.375,2.625,9.6875,2.6875],"rotation":0,"texture":"#0","tintindex":0},"south":{"uv":[9.375,3.0,9.6875,3.0625],"rotation":0,"texture":"#0","tintindex":0},"up":{"uv":[9.6875,3.125,9.375,3.0625],"rotation":0,"texture":"#0","tintindex":0},"west":{"uv":[7.25,9.75,7.3125,9.8125],"rotation":0,"texture":"#0","tintindex":0}}},{"name":"cube","from":[7.9957376,14.761355,9.641024],"to":[11.0902405,15.44334,10.331533],"rotation":{"angle":-22.5,"axis":"z","origin":[9.572826,14.974476,10.5830145]},"faces":{"down":{"uv":[9.6875,3.875,9.375,3.9375],"rotation":0,"texture":"#0","tintindex":0},"east":{"uv":[9.75,7.25,9.8125,7.3125],"rotation":0,"texture":"#0","tintindex":0},"north":{"uv":[9.375,3.5,9.6875,3.5625],"rotation":0,"texture":"#0","tintindex":0},"south":{"uv":[9.375,3.5625,9.6875,3.625],"rotation":0,"texture":"#0","tintindex":0},"up":{"uv":[9.6875,3.875,9.375,3.8125],"rotation":0,"texture":"#0","tintindex":0},"west":{"uv":[7.3125,9.75,7.375,9.8125],"rotation":0,"texture":"#0","tintindex":0}}},{"name":"cube","from":[7.846554,11.099955,9.841356],"to":[10.071527,11.637016,10.301696],"rotation":{"angle":-22.5,"axis":"z","origin":[9.265933,11.368486,10.071527]},"faces":{"down":{"uv":[9.75,5.1875,9.5,5.25],"rotation":0,"texture":"#0","tintindex":0},"east":{"uv":[9.75,7.3125,9.8125,7.375],"rotation":0,"texture":"#0","tintindex":0},"north":{"uv":[9.4375,8.125,9.6875,8.1875],"rotation":0,"texture":"#0","tintindex":0},"south":{"uv":[9.5,5.0625,9.75,5.125],"rotation":0,"texture":"#0","tintindex":0},"up":{"uv":[9.75,5.1875,9.5,5.125],"rotation":0,"texture":"#0","tintindex":0},"west":{"uv":[7.375,9.75,7.4375,9.8125],"rotation":0,"texture":"#0","tintindex":0}}},{"name":"cube","from":[9.611187,10.793062,10.455143],"to":[11.452544,11.330125,10.915482],"rotation":{"angle":45.0,"axis":"y","origin":[9.265933,11.368486,10.071527]},"faces":{"down":{"uv":[9.75,4.6875,9.5625,4.75],"rotation":0,"texture":"#0","tintindex":0},"east":{"uv":[9.75,7.375,9.8125,7.4375],"rotation":0,"texture":"#0","tintindex":0},"north":{"uv":[4.5625,9.5625,4.75,9.625],"rotation":0,"texture":"#0","tintindex":0},"south":{"uv":[9.5625,4.5625,9.75,4.625],"rotation":0,"texture":"#0","tintindex":0},"up":{"uv":[9.75,4.6875,9.5625,4.625],"rotation":0,"texture":"#0","tintindex":0},"west":{"uv":[7.4375,9.75,7.5,9.8125],"rotation":0,"texture":"#0","tintindex":0}}},{"name":"cube","from":[10.915482,10.8122425,7.693107],"to":[11.375821,11.368485,9.150848],"rotation":{"angle":0.0,"axis":"x","origin":[9.265933,11.368486,10.071527]},"faces":{"down":{"uv":[3.4375,9.5625,3.375,9.75],"rotation":0,"texture":"#0","tintindex":0},"east":{"uv":[9.5625,4.75,9.75,4.8125],"rotation":0,"texture":"#0","tintindex":0},"north":{"uv":[9.75,7.4375,9.8125,7.5],"rotation":0,"texture":"#0","tintindex":0},"south":{"uv":[7.5,9.75,7.5625,9.8125],"rotation":0,"texture":"#0","tintindex":0},"up":{"uv":[3.375,9.75,3.3125,9.5625],"rotation":0,"texture":"#0","tintindex":0},"west":{"uv":[9.5625,4.8125,9.75,4.875],"rotation":0,"texture":"#0","tintindex":0}}},{"name":"cube","from":[11.375821,10.850603,6.0819197],"to":[11.836161,11.330125,7.76983],"rotation":{"angle":45.0,"axis":"y","origin":[11.529267,11.061592,8.268531]},"faces":{"down":{"uv":[4.1875,9.5625,4.125,9.75],"rotation":0,"texture":"#0","tintindex":0},"east":{"uv":[9.5625,4.875,9.75,4.9375],"rotation":0,"texture":"#0","tintindex":0},"north":{"uv":[9.75,7.5,9.8125,7.5625],"rotation":0,"texture":"#0","tintindex":0},"south":{"uv":[7.5625,9.75,7.625,9.8125],"rotation":0,"texture":"#0","tintindex":0},"up":{"uv":[3.875,9.75,3.8125,9.5625],"rotation":0,"texture":"#0","tintindex":0},"west":{"uv":[9.5625,4.9375,9.75,5.0],"rotation":0,"texture":"#0","tintindex":0}}},{"name":"cube","from":[9.074125,10.888966,6.465536],"to":[10.071527,11.291761,6.925875],"rotation":{"angle":0.0,"axis":"x","origin":[11.529267,11.061592,9.112486]},"faces":{"down":{"uv":[9.8125,6.75,9.6875,6.8125],"rotation":0,"texture":"#0","tintindex":0},"east":{"uv":[9.75,7.5625,9.8125,7.625],"rotation":0,"texture":"#0","tintindex":0},"north":{"uv":[6.625,9.6875,6.75,9.75],"rotation":0,"texture":"#0","tintindex":0},"south":{"uv":[9.6875,6.6875,9.8125,6.75],"rotation":0,"texture":"#0","tintindex":0},"up":{"uv":[6.875,9.75,6.75,9.6875],"rotation":0,"texture":"#0","tintindex":0},"west":{"uv":[7.625,9.75,7.6875,9.8125],"rotation":0,"texture":"#0","tintindex":0}}},{"name":"cube","from":[8.383057,11.327313,6.542259],"to":[9.227013,11.634208,6.925875],"rotation":{"angle":-22.5,"axis":"z","origin":[8.152887,11.327315,6.734067]},"faces":{"down":{"uv":[9.8125,6.9375,9.6875,7.0],"rotation":0,"texture":"#0","tintindex":0},"east":{"uv":[9.75,7.625,9.8125,7.6875],"rotation":0,"texture":"#0","tintindex":0},"north":{"uv":[9.6875,6.8125,9.8125,6.875],"rotation":0,"texture":"#0","tintindex":0},"south":{"uv":[6.875,9.6875,7.0,9.75],"rotation":0,"texture":"#0","tintindex":0},"up":{"uv":[9.8125,6.9375,9.6875,6.875],"rotation":0,"texture":"#0","tintindex":0},"west":{"uv":[7.6875,9.75,7.75,9.8125],"rotation":0,"texture":"#0","tintindex":0}}},{"name":"cube","from":[7.1620884,10.021383,7.043233],"to":[7.9216485,10.297586,7.388488],"rotation":{"angle":22.5,"axis":"z","origin":[8.128801,10.021383,7.2158604]},"faces":{"down":{"uv":[7.6875,9.6875,7.5625,9.75],"rotation":0,"texture":"#0","tintindex":0},"east":{"uv":[9.75,7.6875,9.8125,7.75],"rotation":0,"texture":"#0","tintindex":0},"north":{"uv":[7.0625,9.6875,7.1875,9.75],"rotation":0,"texture":"#0","tintindex":0},"south":{"uv":[7.1875,9.6875,7.3125,9.75],"rotation":0,"texture":"#0","tintindex":0},"up":{"uv":[7.4375,9.75,7.3125,9.6875],"rotation":0,"texture":"#0","tintindex":0},"west":{"uv":[7.75,9.75,7.8125,9.8125],"rotation":0,"texture":"#0","tintindex":0}}},{"name":"cube","from":[6.402026,9.626868,6.974182],"to":[7.299688,9.9893875,7.388488],"rotation":{"angle":0.0,"axis":"x","origin":[5.0900593,9.782234,9.356438]},"faces":{"down":{"uv":[9.8125,8.125,9.6875,8.1875],"rotation":0,"texture":"#0","tintindex":0},"east":{"uv":[9.75,7.75,9.8125,7.8125],"rotation":0,"texture":"#0","tintindex":0},"north":{"uv":[7.6875,9.6875,7.8125,9.75],"rotation":0,"texture":"#0","tintindex":0},"south":{"uv":[7.8125,9.6875,7.9375,9.75],"rotation":0,"texture":"#0","tintindex":0},"up":{"uv":[8.0625,9.75,7.9375,9.6875],"rotation":0,"texture":"#0","tintindex":0},"west":{"uv":[7.8125,9.75,7.875,9.8125],"rotation":0,"texture":"#0","tintindex":0}}},{"name":"cube","from":[5.080256,9.592344,6.4513283],"to":[5.494561,10.023912,7.8816476],"rotation":{"angle":-45.0,"axis":"y","origin":[5.0900593,9.782234,8.241678]},"faces":{"down":{"uv":[4.4375,9.5625,4.375,9.75],"rotation":0,"texture":"#0","tintindex":0},"east":{"uv":[5.0,9.5625,5.1875,9.625],"rotation":0,"texture":"#0","tintindex":0},"north":{"uv":[9.75,7.8125,9.8125,7.875],"rotation":0,"texture":"#0","tintindex":0},"south":{"uv":[7.875,9.75,7.9375,9.8125],"rotation":0,"texture":"#0","tintindex":0},"up":{"uv":[4.375,9.75,4.3125,9.5625],"rotation":0,"texture":"#0","tintindex":0},"west":{"uv":[9.5625,5.0,9.75,5.0625],"rotation":0,"texture":"#0","tintindex":0}}},{"name":"cube","from":[5.3169613,9.557817,7.990196],"to":[5.7312665,10.058436,9.124563],"rotation":{"angle":0.0,"axis":"x","origin":[7.1270604,10.058437,9.864374]},"faces":{"down":{"uv":[3.75,9.6875,3.6875,9.8125],"rotation":0,"texture":"#0","tintindex":0},"east":{"uv":[8.25,9.6875,8.375,9.75],"rotation":0,"texture":"#0","tintindex":0},"north":{"uv":[9.75,7.875,9.8125,7.9375],"rotation":0,"texture":"#0","tintindex":0},"south":{"uv":[7.9375,9.75,8.0,9.8125],"rotation":0,"texture":"#0","tintindex":0},"up":{"uv":[3.125,9.8125,3.0625,9.6875],"rotation":0,"texture":"#0","tintindex":0},"west":{"uv":[8.375,9.6875,8.5,9.75],"rotation":0,"texture":"#0","tintindex":0}}},{"name":"cube","from":[5.33671,9.540554,10.209628],"to":[6.816332,10.023912,10.623934],"rotation":{"angle":-45.0,"axis":"y","origin":[7.1270604,10.058437,9.864374]},"faces":{"down":{"uv":[9.75,6.25,9.5625,6.3125],"rotation":0,"texture":"#0","tintindex":0},"east":{"uv":[9.75,7.9375,9.8125,8.0],"rotation":0,"texture":"#0","tintindex":0},"north":{"uv":[9.5625,5.9375,9.75,6.0],"rotation":0,"texture":"#0","tintindex":0},"south":{"uv":[9.5625,6.0,9.75,6.0625],"rotation":0,"texture":"#0","tintindex":0},"up":{"uv":[9.75,6.25,9.5625,6.1875],"rotation":0,"texture":"#0","tintindex":0},"west":{"uv":[8.0,9.75,8.0625,9.8125],"rotation":0,"texture":"#0","tintindex":0}}},{"name":"cube","from":[6.402026,9.816757,9.657221],"to":[7.8717017,10.300116,10.071527],"rotation":{"angle":22.5,"axis":"z","origin":[7.1270604,10.058437,9.864374]},"faces":{"down":{"uv":[9.75,6.5625,9.5625,6.625],"rotation":0,"texture":"#0","tintindex":0},"east":{"uv":[9.75,8.0,9.8125,8.0625],"rotation":0,"texture":"#0","tintindex":0},"north":{"uv":[9.5625,6.3125,9.75,6.375],"rotation":0,"texture":"#0","tintindex":0},"south":{"uv":[9.5625,6.375,9.75,6.4375],"rotation":0,"texture":"#0","tintindex":0},"up":{"uv":[9.75,6.5,9.5625,6.4375],"rotation":0,"texture":"#0","tintindex":0},"west":{"uv":[8.0625,9.75,8.125,9.8125],"rotation":0,"texture":"#0","tintindex":0}}},{"name":"cube","from":[8.700312,9.626868,6.974182],"to":[9.597975,9.9893875,7.388488],"rotation":{"angle":0.0,"axis":"x","origin":[10.909941,9.782234,9.356438]},"faces":{"down":{"uv":[9.8125,8.5625,9.6875,8.625],"rotation":0,"texture":"#0","tintindex":0},"east":{"uv":[9.75,8.0625,9.8125,8.125],"rotation":0,"texture":"#0","tintindex":0},"north":{"uv":[9.6875,8.375,9.8125,8.4375],"rotation":0,"texture":"#0","tintindex":0},"south":{"uv":[8.5,9.6875,8.625,9.75],"rotation":0,"texture":"#0","tintindex":0},"up":{"uv":[9.8125,8.5625,9.6875,8.5],"rotation":0,"texture":"#0","tintindex":0},"west":{"uv":[8.125,9.75,8.1875,9.8125],"rotation":0,"texture":"#0","tintindex":0}}},{"name":"cube","from":[8.078352,10.021383,7.043233],"to":[8.837912,10.297586,7.388488],"rotation":{"angle":-22.5,"axis":"z","origin":[7.8711987,10.021383,7.2158604]},"faces":{"down":{"uv":[9.8125,8.8125,9.6875,8.875],"rotation":0,"texture":"#0","tintindex":0},"east":{"uv":[8.1875,9.75,8.25,9.8125],"rotation":0,"texture":"#0","tintindex":0},"north":{"uv":[8.625,9.6875,8.75,9.75],"rotation":0,"texture":"#0","tintindex":0},"south":{"uv":[8.75,9.6875,8.875,9.75],"rotation":0,"texture":"#0","tintindex":0},"up":{"uv":[9.8125,8.8125,9.6875,8.75],"rotation":0,"texture":"#0","tintindex":0},"west":{"uv":[9.75,8.1875,9.8125,8.25],"rotation":0,"texture":"#0","tintindex":0}}},{"name":"cube","from":[10.50544,9.592344,6.4513283],"to":[10.9197445,10.023912,7.8816476],"rotation":{"angle":45.0,"axis":"y","origin":[10.909941,9.782234,8.241678]},"faces":{"down":{"uv":[9.625,7.0625,9.5625,7.25],"rotation":0,"texture":"#0","tintindex":0},"east":{"uv":[9.5625,6.625,9.75,6.6875],"rotation":0,"texture":"#0","tintindex":0},"north":{"uv":[8.25,9.75,8.3125,9.8125],"rotation":0,"texture":"#0","tintindex":0},"south":{"uv":[9.75,8.25,9.8125,8.3125],"rotation":0,"texture":"#0","tintindex":0},"up":{"uv":[4.8125,9.75,4.75,9.5625],"rotation":0,"texture":"#0","tintindex":0},"west":{"uv":[9.5625,7.0,9.75,7.0625],"rotation":0,"texture":"#0","tintindex":0}}},{"name":"cube","from":[10.268734,9.557817,7.990196],"to":[10.683039,10.058436,9.124563],"rotation":{"angle":0.0,"axis":"x","origin":[8.872939,10.058437,9.864374]},"faces":{"down":{"uv":[5.625,9.6875,5.5625,9.8125],"rotation":0,"texture":"#0","tintindex":0},"east":{"uv":[9.0,9.6875,9.125,9.75],"rotation":0,"texture":"#0","tintindex":0},"north":{"uv":[8.3125,9.75,8.375,9.8125],"rotation":0,"texture":"#0","tintindex":0},"south":{"uv":[9.75,8.3125,9.8125,8.375],"rotation":0,"texture":"#0","tintindex":0},"up":{"uv":[5.0,9.8125,4.9375,9.6875],"rotation":0,"texture":"#0","tintindex":0},"west":{"uv":[9.6875,9.0625,9.8125,9.125],"rotation":0,"texture":"#0","tintindex":0}}},{"name":"cube","from":[9.183668,9.540554,10.209628],"to":[10.66329,10.023912,10.623934],"rotation":{"angle":45.0,"axis":"y","origin":[8.872939,10.058437,9.864374]},"faces":{"down":{"uv":[9.75,7.4375,9.5625,7.5],"rotation":0,"texture":"#0","tintindex":0},"east":{"uv":[8.375,9.75,8.4375,9.8125],"rotation":0,"texture":"#0","tintindex":0},"north":{"uv":[9.5625,7.25,9.75,7.3125],"rotation":0,"texture":"#0","tintindex":0},"south":{"uv":[9.5625,7.3125,9.75,7.375],"rotation":0,"texture":"#0","tintindex":0},"up":{"uv":[9.75,7.4375,9.5625,7.375],"rotation":0,"texture":"#0","tintindex":0},"west":{"uv":[8.4375,9.75,8.5,9.8125],"rotation":0,"texture":"#0","tintindex":0}}},{"name":"cube","from":[8.128298,9.816757,9.657221],"to":[9.597975,10.300116,10.071527],"rotation":{"angle":-22.5,"axis":"z","origin":[8.872939,10.058437,9.864374]},"faces":{"down":{"uv":[9.75,7.6875,9.5625,7.75],"rotation":0,"texture":"#0","tintindex":0},"east":{"uv":[9.75,8.4375,9.8125,8.5],"rotation":0,"texture":"#0","tintindex":0},"north":{"uv":[9.5625,7.5,9.75,7.5625],"rotation":0,"texture":"#0","tintindex":0},"south":{"uv":[9.5625,7.5625,9.75,7.625],"rotation":0,"texture":"#0","tintindex":0},"up":{"uv":[9.75,7.6875,9.5625,7.625],"rotation":0,"texture":"#0","tintindex":0},"west":{"uv":[8.5,9.75,8.5625,9.8125],"rotation":0,"texture":"#0","tintindex":0}}},{"name":"cube","from":[8.468941,12.292998,6.043558],"to":[9.7299595,12.676614,6.5038977],"rotation":{"angle":-22.5,"axis":"z","origin":[8.890919,12.33136,5.890112]},"faces":{"down":{"uv":[9.4375,9.6875,9.3125,9.75],"rotation":0,"texture":"#0","tintindex":0},"east":{"uv":[8.5625,9.75,8.625,9.8125],"rotation":0,"texture":"#0","tintindex":0},"north":{"uv":[9.6875,9.125,9.8125,9.1875],"rotation":0,"texture":"#0","tintindex":0},"south":{"uv":[9.1875,9.6875,9.3125,9.75],"rotation":0,"texture":"#0","tintindex":0},"up":{"uv":[9.8125,9.3125,9.6875,9.25],"rotation":0,"texture":"#0","tintindex":0},"west":{"uv":[8.625,9.75,8.6875,9.8125],"rotation":0,"texture":"#0","tintindex":0}}},{"name":"cube","from":[6.2700415,12.292998,6.043558],"to":[7.5310593,12.676614,6.5038977],"rotation":{"angle":22.5,"axis":"z","origin":[7.1090813,12.33136,5.890112]},"faces":{"down":{"uv":[9.8125,9.4375,9.6875,9.5],"rotation":0,"texture":"#0","tintindex":0},"east":{"uv":[9.75,8.625,9.8125,8.6875],"rotation":0,"texture":"#0","tintindex":0},"north":{"uv":[9.6875,9.3125,9.8125,9.375],"rotation":0,"texture":"#0","tintindex":0},"south":{"uv":[9.6875,9.375,9.8125,9.4375],"rotation":0,"texture":"#0","tintindex":0},"up":{"uv":[9.5625,9.75,9.4375,9.6875],"rotation":0,"texture":"#0","tintindex":0},"west":{"uv":[8.6875,9.75,8.75,9.8125],"rotation":0,"texture":"#0","tintindex":0}}},{"name":"cube","from":[9.572826,11.96309,5.966835],"to":[10.570228,12.480972,6.5038977],"rotation":{"angle":0.0,"axis":"x","origin":[11.912884,12.21244,8.268531]},"faces":{"down":{"uv":[0.125,9.75,0.0,9.8125],"rotation":0,"texture":"#0","tintindex":0},"east":{"uv":[9.75,8.6875,9.8125,8.75],"rotation":0,"texture":"#0","tintindex":0},"north":{"uv":[9.6875,9.5625,9.8125,9.625],"rotation":0,"texture":"#0","tintindex":0},"south":{"uv":[9.625,9.6875,9.75,9.75],"rotation":0,"texture":"#0","tintindex":0},"up":{"uv":[9.8125,9.6875,9.6875,9.625],"rotation":0,"texture":"#0","tintindex":0},"west":{"uv":[8.75,9.75,8.8125,9.8125],"rotation":0,"texture":"#0","tintindex":0}}},{"name":"cube","from":[12.027968,11.905549,5.6599426],"to":[12.565031,12.519333,7.5780225],"rotation":{"angle":45.0,"axis":"y","origin":[11.912884,12.21244,8.268531]},"faces":{"down":{"uv":[7.5625,9.5625,7.5,9.75],"rotation":0,"texture":"#0","tintindex":0},"east":{"uv":[9.5625,7.75,9.75,7.8125],"rotation":0,"texture":"#0","tintindex":0},"north":{"uv":[8.8125,9.75,8.875,9.8125],"rotation":0,"texture":"#0","tintindex":0},"south":{"uv":[8.875,9.75,8.9375,9.8125],"rotation":0,"texture":"#0","tintindex":0},"up":{"uv":[7.5,9.75,7.4375,9.5625],"rotation":0,"texture":"#0","tintindex":0},"west":{"uv":[9.5625,7.8125,9.75,7.875],"rotation":0,"texture":"#0","tintindex":0}}},{"name":"cube","from":[11.337459,11.867187,7.3478527],"to":[11.874522,12.557695,9.035763],"rotation":{"angle":0.0,"axis":"x","origin":[9.6495495,12.519334,10.071527]},"faces":{"down":{"uv":[8.25,9.5625,8.1875,9.75],"rotation":0,"texture":"#0","tintindex":0},"east":{"uv":[9.5625,7.875,9.75,7.9375],"rotation":0,"texture":"#0","tintindex":0},"north":{"uv":[9.75,8.875,9.8125,8.9375],"rotation":0,"texture":"#0","tintindex":0},"south":{"uv":[8.9375,9.75,9.0,9.8125],"rotation":0,"texture":"#0","tintindex":0},"up":{"uv":[8.1875,9.75,8.125,9.5625],"rotation":0,"texture":"#0","tintindex":0},"west":{"uv":[9.5625,7.9375,9.75,8.0],"rotation":0,"texture":"#0","tintindex":0}}},{"name":"cube","from":[10.033165,11.905549,10.41678],"to":[11.951245,12.519333,10.953843],"rotation":{"angle":45.0,"axis":"y","origin":[9.6495495,12.519334,10.071527]},"faces":{"down":{"uv":[9.75,8.25,9.5625,8.3125],"rotation":0,"texture":"#0","tintindex":0},"east":{"uv":[9.75,8.9375,9.8125,9.0],"rotation":0,"texture":"#0","tintindex":0},"north":{"uv":[9.5625,8.0,9.75,8.0625],"rotation":0,"texture":"#0","tintindex":0},"south":{"uv":[9.5625,8.0625,9.75,8.125],"rotation":0,"texture":"#0","tintindex":0},"up":{"uv":[9.75,8.25,9.5625,8.1875],"rotation":0,"texture":"#0","tintindex":0},"west":{"uv":[9.0,9.75,9.0625,9.8125],"rotation":0,"texture":"#0","tintindex":0}}},{"name":"cube","from":[7.808192,12.212441,9.802996],"to":[10.493504,12.826226,10.340057],"rotation":{"angle":-22.5,"axis":"z","origin":[9.6495495,12.519334,10.071527]},"faces":{"down":{"uv":[9.6875,4.125,9.375,4.1875],"rotation":0,"texture":"#0","tintindex":0},"east":{"uv":[9.75,9.0,9.8125,9.0625],"rotation":0,"texture":"#0","tintindex":0},"north":{"uv":[9.375,3.9375,9.6875,4.0],"rotation":0,"texture":"#0","tintindex":0},"south":{"uv":[9.375,4.0,9.6875,4.0625],"rotation":0,"texture":"#0","tintindex":0},"up":{"uv":[9.6875,4.125,9.375,4.0625],"rotation":0,"texture":"#0","tintindex":0},"west":{"uv":[9.0625,9.75,9.125,9.8125],"rotation":0,"texture":"#0","tintindex":0}}},{"name":"cube","from":[8.230169,12.979672,5.7750273],"to":[9.381018,13.40165,6.31209],"rotation":{"angle":-22.5,"axis":"z","origin":[9.879719,13.440011,5.8517504]},"faces":{"down":{"uv":[9.875,0.5625,9.75,0.625],"rotation":0,"texture":"#0","tintindex":0},"east":{"uv":[9.125,9.75,9.1875,9.8125],"rotation":0,"texture":"#0","tintindex":0},"north":{"uv":[9.75,0.25,9.875,0.3125],"rotation":0,"texture":"#0","tintindex":0},"south":{"uv":[9.75,0.3125,9.875,0.375],"rotation":0,"texture":"#0","tintindex":0},"up":{"uv":[0.625,9.8125,0.5,9.75],"rotation":0,"texture":"#0","tintindex":0},"west":{"uv":[9.1875,9.75,9.25,9.8125],"rotation":0,"texture":"#0","tintindex":0}}},{"name":"cube","from":[9.2275715,13.17148,5.698304],"to":[10.608589,13.708545,6.31209],"rotation":{"angle":0.0,"axis":"x","origin":[11.912884,13.440011,8.268531]},"faces":{"down":{"uv":[9.875,0.875,9.75,0.9375],"rotation":0,"texture":"#0","tintindex":0},"east":{"uv":[9.75,9.1875,9.8125,9.25],"rotation":0,"texture":"#0","tintindex":0},"north":{"uv":[0.625,9.75,0.75,9.8125],"rotation":0,"texture":"#0","tintindex":0},"south":{"uv":[9.75,0.625,9.875,0.6875],"rotation":0,"texture":"#0","tintindex":0},"up":{"uv":[0.875,9.8125,0.75,9.75],"rotation":0,"texture":"#0","tintindex":0},"west":{"uv":[9.25,9.75,9.3125,9.8125],"rotation":0,"texture":"#0","tintindex":0}}},{"name":"cube","from":[11.529267,13.075576,7.002599],"to":[12.143053,13.823628,8.920678],"rotation":{"angle":0.0,"axis":"x","origin":[9.6495495,13.746905,10.071527]},"faces":{"down":{"uv":[9.625,8.6875,9.5625,8.875],"rotation":0,"texture":"#0","tintindex":0},"east":{"uv":[9.5625,8.3125,9.75,8.375],"rotation":0,"texture":"#0","tintindex":0},"north":{"uv":[9.3125,9.75,9.375,9.8125],"rotation":0,"texture":"#0","tintindex":0},"south":{"uv":[9.375,9.75,9.4375,9.8125],"rotation":0,"texture":"#0","tintindex":0},"up":{"uv":[9.625,8.6875,9.5625,8.5],"rotation":0,"texture":"#0","tintindex":0},"west":{"uv":[9.5625,8.4375,9.75,8.5],"rotation":0,"texture":"#0","tintindex":0}}},{"name":"cube","from":[10.071527,13.094756,10.37842],"to":[12.143053,13.785268,10.992205],"rotation":{"angle":45.0,"axis":"y","origin":[9.6495495,13.746905,10.071527]},"faces":{"down":{"uv":[9.75,5.4375,9.5,5.5],"rotation":0,"texture":"#0","tintindex":0},"east":{"uv":[9.4375,9.75,9.5,9.8125],"rotation":0,"texture":"#0","tintindex":0},"north":{"uv":[9.5,5.25,9.75,5.3125],"rotation":0,"texture":"#0","tintindex":0},"south":{"uv":[9.5,5.3125,9.75,5.375],"rotation":0,"texture":"#0","tintindex":0},"up":{"uv":[9.75,5.4375,9.5,5.375],"rotation":0,"texture":"#0","tintindex":0},"west":{"uv":[9.5,9.75,9.5625,9.8125],"rotation":0,"texture":"#0","tintindex":0}}},{"name":"cube","from":[7.76983,13.40165,9.764633],"to":[10.531866,14.092159,10.37842],"rotation":{"angle":-22.5,"axis":"z","origin":[9.6495495,13.746905,10.071527]},"faces":{"down":{"uv":[9.6875,5.75,9.375,5.8125],"rotation":0,"texture":"#0","tintindex":0},"east":{"uv":[9.75,9.5,9.8125,9.5625],"rotation":0,"texture":"#0","tintindex":0},"north":{"uv":[4.5625,9.375,4.875,9.4375],"rotation":0,"texture":"#0","tintindex":0},"south":{"uv":[5.0625,9.375,5.375,9.4375],"rotation":0,"texture":"#0","tintindex":0},"up":{"uv":[9.6875,5.75,9.375,5.6875],"rotation":0,"texture":"#0","tintindex":0},"west":{"uv":[9.5625,9.75,9.625,9.8125],"rotation":0,"texture":"#0","tintindex":0}}},{"name":"cube","from":[8.421419,14.741497,6.094707],"to":[9.342097,15.201836,6.7084928],"rotation":{"angle":-22.5,"axis":"z","origin":[8.45978,14.933305,6.4016]},"faces":{"down":{"uv":[9.875,1.125,9.75,1.1875],"rotation":0,"texture":"#0","tintindex":0},"east":{"uv":[9.625,9.75,9.6875,9.8125],"rotation":0,"texture":"#0","tintindex":0},"north":{"uv":[9.75,0.9375,9.875,1.0],"rotation":0,"texture":"#0","tintindex":0},"south":{"uv":[1.0,9.75,1.125,9.8125],"rotation":0,"texture":"#0","tintindex":0},"up":{"uv":[1.25,9.8125,1.125,9.75],"rotation":0,"texture":"#0","tintindex":0},"west":{"uv":[9.6875,9.75,9.75,9.8125],"rotation":0,"texture":"#0","tintindex":0}}},{"name":"cube","from":[9.189209,14.36069,6.017984],"to":[10.570228,14.974476,6.7084928],"rotation":{"angle":0.0,"axis":"x","origin":[11.836161,14.667584,8.780019]},"faces":{"down":{"uv":[9.875,1.375,9.75,1.4375],"rotation":0,"texture":"#0","tintindex":0},"east":{"uv":[9.75,9.6875,9.8125,9.75],"rotation":0,"texture":"#0","tintindex":0},"north":{"uv":[1.25,9.75,1.375,9.8125],"rotation":0,"texture":"#0","tintindex":0},"south":{"uv":[9.75,1.3125,9.875,1.375],"rotation":0,"texture":"#0","tintindex":0},"up":{"uv":[1.5,9.8125,1.375,9.75],"rotation":0,"texture":"#0","tintindex":0},"west":{"uv":[9.75,9.75,9.8125,9.8125],"rotation":0,"texture":"#0","tintindex":0}}},{"name":"cube","from":[12.258138,14.3223295,5.941261],"to":[12.948647,15.0512,8.012787],"rotation":{"angle":45.0,"axis":"y","origin":[11.836161,14.667584,8.780019]},"faces":{"down":{"uv":[9.625,9.25,9.5625,9.4375],"rotation":0,"texture":"#0","tintindex":0},"east":{"uv":[9.5625,8.875,9.75,8.9375],"rotation":0,"texture":"#0","tintindex":0},"north":{"uv":[0.0,9.8125,0.0625,9.875],"rotation":0,"texture":"#0","tintindex":0},"south":{"uv":[9.8125,0.0,9.875,0.0625],"rotation":0,"texture":"#0","tintindex":0},"up":{"uv":[9.1875,9.75,9.125,9.5625],"rotation":0,"texture":"#0","tintindex":0},"west":{"uv":[8.9375,9.5625,9.125,9.625],"rotation":0,"texture":"#0","tintindex":0}}},{"name":"cube","from":[11.414183,14.283967,7.4757247],"to":[12.1046915,15.0895605,9.317081],"rotation":{"angle":0.0,"axis":"x","origin":[9.572826,14.974476,10.5830145]},"faces":{"down":{"uv":[9.6875,0.0,9.625,0.1875],"rotation":0,"texture":"#0","tintindex":0},"east":{"uv":[9.5625,8.9375,9.75,9.0],"rotation":0,"texture":"#0","tintindex":0},"north":{"uv":[0.0625,9.8125,0.125,9.875],"rotation":0,"texture":"#0","tintindex":0},"south":{"uv":[9.8125,0.0625,9.875,0.125],"rotation":0,"texture":"#0","tintindex":0},"up":{"uv":[9.625,9.625,9.5625,9.4375],"rotation":0,"texture":"#0","tintindex":0},"west":{"uv":[9.5625,9.0,9.75,9.0625],"rotation":0,"texture":"#0","tintindex":0}}},{"name":"cube","from":[10.800397,14.283967,10.851545],"to":[12.181415,15.0512,11.542054],"rotation":{"angle":45.0,"axis":"y","origin":[9.572826,14.974476,10.5830145]},"faces":{"down":{"uv":[1.875,9.75,1.75,9.8125],"rotation":0,"texture":"#0","tintindex":0},"east":{"uv":[0.125,9.8125,0.1875,9.875],"rotation":0,"texture":"#0","tintindex":0},"north":{"uv":[1.5,9.75,1.625,9.8125],"rotation":0,"texture":"#0","tintindex":0},"south":{"uv":[1.625,9.75,1.75,9.8125],"rotation":0,"texture":"#0","tintindex":0},"up":{"uv":[9.875,1.6875,9.75,1.625],"rotation":0,"texture":"#0","tintindex":0},"west":{"uv":[9.8125,0.125,9.875,0.1875],"rotation":0,"texture":"#0","tintindex":0}}},{"name":"cube","from":[12.373222,13.113939,5.6215806],"to":[12.987008,13.785268,7.462938],"rotation":{"angle":45.0,"axis":"y","origin":[11.912884,13.440011,8.268531]},"faces":{"down":{"uv":[0.5,9.625,0.4375,9.8125],"rotation":0,"texture":"#0","tintindex":0},"east":{"uv":[9.625,0.1875,9.8125,0.25],"rotation":0,"texture":"#0","tintindex":0},"north":{"uv":[0.1875,9.8125,0.25,9.875],"rotation":0,"texture":"#0","tintindex":0},"south":{"uv":[9.8125,0.1875,9.875,0.25],"rotation":0,"texture":"#0","tintindex":0},"up":{"uv":[9.6875,0.4375,9.625,0.25],"rotation":0,"texture":"#0","tintindex":0},"west":{"uv":[0.25,9.625,0.4375,9.6875],"rotation":0,"texture":"#0","tintindex":0}}},{"name":"cube","from":[8.11988,15.94808,9.4385605],"to":[9.15884,16.827198,10.3976],"rotation":{"angle":0.0,"axis":"x","origin":[10.797201,15.468559,9.95804]},"faces":{"down":{"uv":[4.3125,9.5,4.1875,9.625],"rotation":0,"texture":"#0","tintindex":0},"east":{"uv":[9.75,1.8125,9.875,1.875],"rotation":0,"texture":"#0","tintindex":0},"north":{"uv":[9.75,1.75,9.875,1.8125],"rotation":0,"texture":"#0","tintindex":0},"south":{"uv":[1.875,9.75,2.0,9.8125],"rotation":0,"texture":"#0","tintindex":0},"up":{"uv":[4.125,9.625,4.0,9.5],"rotation":0,"texture":"#0","tintindex":0},"west":{"uv":[9.75,1.875,9.875,1.9375],"rotation":0,"texture":"#0","tintindex":0}}},{"name":"cube","from":[8.75924,10.91192,10.55744],"to":[14.035161,16.10792,10.55744],"rotation":{"angle":-22.5,"axis":"z","origin":[10.797201,15.468559,9.95804]},"faces":{"down":{"uv":[0.5625,0.0,0.0,0.0],"rotation":0,"texture":"#0","tintindex":0},"east":{"uv":[0.0,0.0,0.0,0.5625],"rotation":0,"texture":"#0","tintindex":0},"north":{"uv":[4.5625,5.625,5.125,6.1875],"rotation":0,"texture":"#0","tintindex":0},"south":{"uv":[0.0,5.75,0.5625,6.3125],"rotation":0,"texture":"#0","tintindex":0},"up":{"uv":[0.5625,0.0,0.0,0.0],"rotation":0,"texture":"#0","tintindex":0},"west":{"uv":[0.0,0.0,0.0,0.5625],"rotation":0,"texture":"#0","tintindex":0}}},{"name":"cube","from":[1.9648395,10.91192,10.55744],"to":[7.24076,16.10792,10.55744],"rotation":{"angle":22.5,"axis":"z","origin":[5.2028,15.468559,9.95804]},"faces":{"down":{"uv":[0.5625,0.0,0.0,0.0],"rotation":0,"texture":"#0","tintindex":0},"east":{"uv":[0.0,0.0,0.0,0.5625],"rotation":0,"texture":"#0","tintindex":0},"north":{"uv":[1.0,5.75,1.5625,6.3125],"rotation":0,"texture":"#0","tintindex":0},"south":{"uv":[5.75,1.375,6.3125,1.9375],"rotation":0,"texture":"#0","tintindex":0},"up":{"uv":[0.5625,0.0,0.0,0.0],"rotation":0,"texture":"#0","tintindex":0},"west":{"uv":[0.0,0.0,0.0,0.5625],"rotation":0,"texture":"#0","tintindex":0}}},{"name":"cube","from":[6.84116,15.94808,9.4385605],"to":[7.88012,16.827198,10.3976],"rotation":{"angle":0.0,"axis":"x","origin":[5.2028,15.468559,9.95804]},"faces":{"down":{"uv":[5.75,9.5,5.625,9.625],"rotation":0,"texture":"#0","tintindex":0},"east":{"uv":[9.75,2.0,9.875,2.0625],"rotation":0,"texture":"#0","tintindex":0},"north":{"uv":[9.75,1.9375,9.875,2.0],"rotation":0,"texture":"#0","tintindex":0},"south":{"uv":[2.0625,9.75,2.1875,9.8125],"rotation":0,"texture":"#0","tintindex":0},"up":{"uv":[5.0,9.625,4.875,9.5],"rotation":0,"texture":"#0","tintindex":0},"west":{"uv":[2.1875,9.75,2.3125,9.8125],"rotation":0,"texture":"#0","tintindex":0}}},{"name":"cube","from":[1.9648395,15.30872,9.27872],"to":[7.24076,16.10792,10.47752],"rotation":{"angle":22.5,"axis":"z","origin":[5.2028,15.468559,9.95804]},"faces":{"down":{"uv":[8.8125,7.9375,8.25,8.0625],"rotation":0,"texture":"#0","tintindex":0},"east":{"uv":[9.75,2.3125,9.875,2.375],"rotation":0,"texture":"#0","tintindex":0},"north":{"uv":[9.0,2.3125,9.5625,2.375],"rotation":0,"texture":"#0","tintindex":0},"south":{"uv":[9.0,2.75,9.5625,2.8125],"rotation":0,"texture":"#0","tintindex":0},"up":{"uv":[8.8125,7.9375,8.25,7.8125],"rotation":0,"texture":"#0","tintindex":0},"west":{"uv":[9.75,2.375,9.875,2.4375],"rotation":0,"texture":"#0","tintindex":0}}},{"name":"cube","from":[2.4448402,15.48872,9.33872],"to":[5.8007603,16.16792,10.4175205],"rotation":{"angle":0.0,"axis":"x","origin":[5.2028,15.468559,9.95804]},"faces":{"down":{"uv":[3.6875,8.6875,3.3125,8.8125],"rotation":0,"texture":"#0","tintindex":0},"east":{"uv":[2.4375,9.75,2.5625,9.8125],"rotation":0,"texture":"#0","tintindex":0},"north":{"uv":[9.3125,2.8125,9.6875,2.875],"rotation":0,"texture":"#0","tintindex":0},"south":{"uv":[9.3125,3.375,9.6875,3.4375],"rotation":0,"texture":"#0","tintindex":0},"up":{"uv":[9.0625,0.125,8.6875,0.0],"rotation":0,"texture":"#0","tintindex":0},"west":{"uv":[9.75,2.4375,9.875,2.5],"rotation":0,"texture":"#0","tintindex":0}}},{"name":"cube","from":[10.19924,15.48872,9.33872],"to":[13.55516,16.16792,10.4175205],"rotation":{"angle":0.0,"axis":"x","origin":[10.797201,15.468559,9.95804]},"faces":{"down":{"uv":[9.0625,4.0625,8.6875,4.1875],"rotation":0,"texture":"#0","tintindex":0},"east":{"uv":[2.5625,9.75,2.6875,9.8125],"rotation":0,"texture":"#0","tintindex":0},"north":{"uv":[9.3125,3.4375,9.6875,3.5],"rotation":0,"texture":"#0","tintindex":0},"south":{"uv":[9.3125,3.75,9.6875,3.8125],"rotation":0,"texture":"#0","tintindex":0},"up":{"uv":[9.0625,4.0625,8.6875,3.9375],"rotation":0,"texture":"#0","tintindex":0},"west":{"uv":[2.6875,9.75,2.8125,9.8125],"rotation":0,"texture":"#0","tintindex":0}}},{"name":"cube","from":[8.75924,15.30872,9.27872],"to":[14.035161,16.10792,10.47752],"rotation":{"angle":-22.5,"axis":"z","origin":[10.797201,15.468559,9.95804]},"faces":{"down":{"uv":[8.8125,8.1875,8.25,8.3125],"rotation":0,"texture":"#0","tintindex":0},"east":{"uv":[9.75,2.6875,9.875,2.75],"rotation":0,"texture":"#0","tintindex":0},"north":{"uv":[9.0,3.625,9.5625,3.6875],"rotation":0,"texture":"#0","tintindex":0},"south":{"uv":[9.0,3.6875,9.5625,3.75],"rotation":0,"texture":"#0","tintindex":0},"up":{"uv":[8.8125,8.1875,8.25,8.0625],"rotation":0,"texture":"#0","tintindex":0},"west":{"uv":[9.75,2.75,9.875,2.8125],"rotation":0,"texture":"#0","tintindex":0}}},{"name":"cube","from":[7.252748,6.033271,9.406592],"to":[8.747252,6.912391,10.373624],"rotation":{"angle":0.0,"axis":"x","origin":[7.4285717,11.642936,8.0]},"faces":{"down":{"uv":[6.0625,9.5,5.9375,9.625],"rotation":0,"texture":"#0","tintindex":0},"east":{"uv":[9.75,2.875,9.875,2.9375],"rotation":0,"texture":"#0","tintindex":0},"north":{"uv":[2.8125,9.75,2.9375,9.8125],"rotation":0,"texture":"#0","tintindex":0},"south":{"uv":[2.9375,9.75,3.0625,9.8125],"rotation":0,"texture":"#0","tintindex":0},"up":{"uv":[9.625,5.9375,9.5,5.8125],"rotation":0,"texture":"#0","tintindex":0},"west":{"uv":[9.75,2.9375,9.875,3.0],"rotation":0,"texture":"#0","tintindex":0}}},{"name":"cube","from":[7.0769243,8.143159,9.142857],"to":[8.923076,9.02228,10.373624],"rotation":{"angle":0.0,"axis":"x","origin":[7.604396,11.642936,8.0]},"faces":{"down":{"uv":[9.5,6.875,9.3125,7.0],"rotation":0,"texture":"#0","tintindex":0},"east":{"uv":[3.125,9.75,3.25,9.8125],"rotation":0,"texture":"#0","tintindex":0},"north":{"uv":[9.625,0.4375,9.8125,0.5],"rotation":0,"texture":"#0","tintindex":0},"south":{"uv":[9.625,0.5,9.8125,0.5625],"rotation":0,"texture":"#0","tintindex":0},"up":{"uv":[9.5,6.1875,9.3125,6.0625],"rotation":0,"texture":"#0","tintindex":0},"west":{"uv":[3.25,9.75,3.375,9.8125],"rotation":0,"texture":"#0","tintindex":0}}},{"name":"cube","from":[7.0769243,10.780519,9.142857],"to":[8.923076,11.65964,10.373624],"rotation":{"angle":0.0,"axis":"x","origin":[7.604396,11.642936,8.0]},"faces":{"down":{"uv":[9.0625,9.3125,8.875,9.4375],"rotation":0,"texture":"#0","tintindex":0},"east":{"uv":[3.375,9.75,3.5,9.8125],"rotation":0,"texture":"#0","tintindex":0},"north":{"uv":[9.625,0.6875,9.8125,0.75],"rotation":0,"texture":"#0","tintindex":0},"south":{"uv":[9.625,0.75,9.8125,0.8125],"rotation":0,"texture":"#0","tintindex":0},"up":{"uv":[9.5,8.3125,9.3125,8.1875],"rotation":0,"texture":"#0","tintindex":0},"west":{"uv":[3.5,9.75,3.625,9.8125],"rotation":0,"texture":"#0","tintindex":0}}},{"name":"cube","from":[7.0769243,13.417878,9.142857],"to":[8.923076,14.297,10.373624],"rotation":{"angle":0.0,"axis":"x","origin":[7.604396,11.642936,8.0]},"faces":{"down":{"uv":[0.4375,9.375,0.25,9.5],"rotation":0,"texture":"#0","tintindex":0},"east":{"uv":[9.75,3.625,9.875,3.6875],"rotation":0,"texture":"#0","tintindex":0},"north":{"uv":[9.625,0.8125,9.8125,0.875],"rotation":0,"texture":"#0","tintindex":0},"south":{"uv":[1.875,9.625,2.0625,9.6875],"rotation":0,"texture":"#0","tintindex":0},"up":{"uv":[9.5,9.375,9.3125,9.25],"rotation":0,"texture":"#0","tintindex":0},"west":{"uv":[9.75,3.6875,9.875,3.75],"rotation":0,"texture":"#0","tintindex":0}}},{"name":"cube","from":[7.070924,18.33495,9.136856],"to":[8.929076,19.22607,10.467537],"rotation":{"angle":0.0,"axis":"x","origin":[7.604396,11.642936,8.0]},"faces":{"down":{"uv":[0.625,9.375,0.4375,9.5],"rotation":0,"texture":"#0","tintindex":0},"east":{"uv":[3.75,9.75,3.875,9.8125],"rotation":0,"texture":"#0","tintindex":0},"north":{"uv":[9.625,2.0625,9.8125,2.125],"rotation":0,"texture":"#0","tintindex":0},"south":{"uv":[9.625,2.125,9.8125,2.1875],"rotation":0,"texture":"#0","tintindex":0},"up":{"uv":[9.5625,0.5,9.375,0.375],"rotation":0,"texture":"#0","tintindex":0},"west":{"uv":[3.875,9.75,4.0,9.8125],"rotation":0,"texture":"#0","tintindex":0}}},{"name":"cube","from":[7.0769243,16.05524,9.142857],"to":[8.923076,16.93436,10.461536],"rotation":{"angle":0.0,"axis":"x","origin":[7.604396,11.642936,8.0]},"faces":{"down":{"uv":[1.25,9.375,1.0625,9.5],"rotation":0,"texture":"#0","tintindex":0},"east":{"uv":[4.0,9.75,4.125,9.8125],"rotation":0,"texture":"#0","tintindex":0},"north":{"uv":[9.625,2.1875,9.8125,2.25],"rotation":0,"texture":"#0","tintindex":0},"south":{"uv":[2.6875,9.625,2.875,9.6875],"rotation":0,"texture":"#0","tintindex":0},"up":{"uv":[1.0625,9.5,0.875,9.375],"rotation":0,"texture":"#0","tintindex":0},"west":{"uv":[4.125,9.75,4.25,9.8125],"rotation":0,"texture":"#0","tintindex":0}}},{"name":"cube","from":[7.570208,5.427655,9.504272],"to":[8.429792,8.133391,10.188032],"rotation":{"angle":0.0,"axis":"x","origin":[7.208792,11.642936,8.0]},"faces":{"down":{"uv":[0.375,9.8125,0.3125,9.875],"rotation":0,"texture":"#0","tintindex":0},"east":{"uv":[1.3125,9.375,1.375,9.6875],"rotation":0,"texture":"#0","tintindex":0},"north":{"uv":[1.25,9.375,1.3125,9.6875],"rotation":0,"texture":"#0","tintindex":0},"south":{"uv":[1.8125,9.375,1.875,9.6875],"rotation":0,"texture":"#0","tintindex":0},"up":{"uv":[0.3125,9.875,0.25,9.8125],"rotation":0,"texture":"#0","tintindex":0},"west":{"uv":[2.375,9.375,2.4375,9.6875],"rotation":0,"texture":"#0","tintindex":0}}},{"name":"cube","from":[7.384616,7.439863,9.31868],"to":[8.615384,19.220074,10.1978],"rotation":{"angle":0.0,"axis":"x","origin":[7.384616,11.642936,8.0]},"faces":{"down":{"uv":[4.375,9.75,4.25,9.8125],"rotation":0,"texture":"#0","tintindex":0},"east":{"uv":[6.25,7.6875,6.3125,8.9375],"rotation":0,"texture":"#0","tintindex":0},"north":{"uv":[4.4375,6.6875,4.5625,7.9375],"rotation":0,"texture":"#0","tintindex":0},"south":{"uv":[3.1875,6.8125,3.3125,8.0625],"rotation":0,"texture":"#0","tintindex":0},"up":{"uv":[9.875,4.25,9.75,4.1875],"rotation":0,"texture":"#0","tintindex":0},"west":{"uv":[0.8125,7.8125,0.875,9.0625],"rotation":0,"texture":"#0","tintindex":0}}}],"display":{"head":{"translation":[0.0,-6.4,0.0],"rotation":[0.0,0.0,0.0],"scale":[3.8095,3.8095,3.8095]}}}