{"textures":{"0":"modelengine:entity/nocsy_skeleton_necromancer_skin","1":"modelengine:entity/nocsy_skeleton_necromancer_red_flame","2":"modelengine:entity/nocsy_skeleton_necromancer_red_flame_animated","3":"modelengine:entity/nocsy_skeleton_necromancer_lantern","4":"modelengine:entity/nocsy_skeleton_necromancer_lantern_animated"},"elements":[{"name":"cube","from":[4.71369,8.896107,4.180322],"to":[10.48711,13.54905,9.953743],"rotation":{"angle":0.0,"axis":"x","origin":[9.725273,3.7384489,6.287033]},"faces":{"down":{"uv":[5.75,1.375,5.125,2.0],"rotation":0,"texture":"#0","tintindex":0},"east":{"uv":[5.8125,3.4375,6.4375,3.9375],"rotation":0,"texture":"#0","tintindex":0},"north":{"uv":[5.75,4.1875,6.375,4.6875],"rotation":0,"texture":"#0","tintindex":0},"south":{"uv":[5.875,0.0,6.5,0.5],"rotation":0,"texture":"#0","tintindex":0},"up":{"uv":[1.625,5.75,1.0,5.125],"rotation":0,"texture":"#0","tintindex":0},"west":{"uv":[5.875,0.5,6.5,1.0],"rotation":0,"texture":"#0","tintindex":0}}},{"name":"cube","from":[8.553089,12.705506,3.7297223],"to":[9.75309,15.705506,4.9297223],"rotation":{"angle":0.0,"axis":"x","origin":[10.3252735,3.7384489,6.287033]},"faces":{"down":{"uv":[8.4375,4.875,8.3125,5.0],"rotation":0,"texture":"#0","tintindex":0},"east":{"uv":[6.8125,7.125,6.9375,7.4375],"rotation":0,"texture":"#0","tintindex":0},"north":{"uv":[3.375,4.0625,3.5,4.375],"rotation":0,"texture":"#0","tintindex":0},"south":{"uv":[3.6875,8.6875,3.8125,9.0],"rotation":0,"texture":"#0","tintindex":0},"up":{"uv":[7.0625,1.75,6.9375,1.625],"rotation":0,"texture":"#0","tintindex":0},"west":{"uv":[3.8125,8.6875,3.9375,9.0],"rotation":0,"texture":"#0","tintindex":0}}},{"name":"cube","from":[7.89309,11.385507,3.9097223],"to":[8.733089,14.025507,4.749722],"rotation":{"angle":-22.5,"axis":"z","origin":[7.7130895,12.405506,4.3297224]},"faces":{"down":{"uv":[3.625,9.375,3.5,9.5],"rotation":0,"texture":"#0","tintindex":0},"east":{"uv":[6.4375,8.6875,6.5625,9.0],"rotation":0,"texture":"#0","tintindex":0},"north":{"uv":[6.3125,8.6875,6.4375,9.0],"rotation":0,"texture":"#0","tintindex":0},"south":{"uv":[6.5625,8.6875,6.6875,9.0],"rotation":0,"texture":"#0","tintindex":0},"up":{"uv":[2.5625,9.5,2.4375,9.375],"rotation":0,"texture":"#0","tintindex":0},"west":{"uv":[6.6875,8.6875,6.8125,9.0],"rotation":0,"texture":"#0","tintindex":0}}},{"name":"cube","from":[8.61309,15.585506,3.7897224],"to":[9.45309,18.225506,4.629722],"rotation":{"angle":0.0,"axis":"x","origin":[10.3252735,3.7384489,6.287033]},"faces":{"down":{"uv":[4.125,9.375,4.0,9.5],"rotation":0,"texture":"#0","tintindex":0},"east":{"uv":[7.875,8.6875,8.0,9.0],"rotation":0,"texture":"#0","tintindex":0},"north":{"uv":[7.75,8.6875,7.875,9.0],"rotation":0,"texture":"#0","tintindex":0},"south":{"uv":[8.0,8.6875,8.125,9.0],"rotation":0,"texture":"#0","tintindex":0},"up":{"uv":[4.0,9.5,3.875,9.375],"rotation":0,"texture":"#0","tintindex":0},"west":{"uv":[8.125,8.6875,8.25,9.0],"rotation":0,"texture":"#0","tintindex":0}}},{"name":"cube","from":[9.75309,12.405506,3.7297223],"to":[11.55309,13.605506,4.9297223],"rotation":{"angle":0.0,"axis":"x","origin":[10.3252735,3.7384489,6.287033]},"faces":{"down":{"uv":[9.375,1.5,9.1875,1.625],"rotation":0,"texture":"#0","tintindex":0},"east":{"uv":[4.875,9.375,5.0,9.5],"rotation":0,"texture":"#0","tintindex":0},"north":{"uv":[9.125,6.0625,9.3125,6.1875],"rotation":0,"texture":"#0","tintindex":0},"south":{"uv":[9.125,8.1875,9.3125,8.3125],"rotation":0,"texture":"#0","tintindex":0},"up":{"uv":[9.375,1.3125,9.1875,1.1875],"rotation":0,"texture":"#0","tintindex":0},"west":{"uv":[9.375,5.8125,9.5,5.9375],"rotation":0,"texture":"#0","tintindex":0}}},{"name":"cube","from":[10.95309,9.405506,4.9297223],"to":[11.55309,13.605506,10.509723],"rotation":{"angle":0.0,"axis":"x","origin":[10.3252735,3.7384489,6.287033]},"faces":{"down":{"uv":[4.5625,8.9375,4.5,9.5],"rotation":0,"texture":"#0","tintindex":0},"east":{"uv":[2.4375,6.0625,3.0,6.5],"rotation":0,"texture":"#0","tintindex":0},"north":{"uv":[3.125,7.25,3.1875,7.6875],"rotation":0,"texture":"#0","tintindex":0},"south":{"uv":[2.1875,7.4375,2.25,7.875],"rotation":0,"texture":"#0","tintindex":0},"up":{"uv":[3.3125,9.5,3.25,8.9375],"rotation":0,"texture":"#0","tintindex":0},"west":{"uv":[6.125,2.3125,6.6875,2.75],"rotation":0,"texture":"#0","tintindex":0}}},{"name":"cube","from":[10.95309,13.605506,4.3297224],"to":[11.55309,14.205506,9.909723],"rotation":{"angle":0.0,"axis":"x","origin":[10.3252735,3.7384489,6.287033]},"faces":{"down":{"uv":[1.4375,9.0,1.375,9.5625],"rotation":0,"texture":"#0","tintindex":0},"east":{"uv":[6.375,5.375,6.9375,5.4375],"rotation":0,"texture":"#0","tintindex":0},"north":{"uv":[4.9375,7.0625,5.0,7.125],"rotation":0,"texture":"#0","tintindex":0},"south":{"uv":[7.0625,6.5625,7.125,6.625],"rotation":0,"texture":"#0","tintindex":0},"up":{"uv":[6.3125,9.5,6.25,8.9375],"rotation":0,"texture":"#0","tintindex":0},"west":{"uv":[8.875,3.1875,9.4375,3.25],"rotation":0,"texture":"#0","tintindex":0}}},{"name":"cube","from":[4.0004,13.605506,4.3297224],"to":[11.2004,14.805507,10.329722],"rotation":{"angle":0.0,"axis":"x","origin":[9.972584,3.7384489,6.287033]},"faces":{"down":{"uv":[2.5,4.25,1.75,4.875],"rotation":0,"texture":"#0","tintindex":0},"east":{"uv":[4.375,4.25,5.0,4.375],"rotation":0,"texture":"#0","tintindex":0},"north":{"uv":[6.5,1.125,7.25,1.25],"rotation":0,"texture":"#0","tintindex":0},"south":{"uv":[7.5,7.3125,8.25,7.4375],"rotation":0,"texture":"#0","tintindex":0},"up":{"uv":[1.625,4.1875,0.875,3.5625],"rotation":0,"texture":"#0","tintindex":0},"west":{"uv":[7.75,3.0625,8.375,3.1875],"rotation":0,"texture":"#0","tintindex":0}}},{"name":"cube","from":[4.1804,14.385506,4.509722],"to":[11.020401,15.225507,10.149723],"rotation":{"angle":0.0,"axis":"x","origin":[9.972584,3.7384489,6.287033]},"faces":{"down":{"uv":[5.0,4.375,4.25,5.0],"rotation":0,"texture":"#0","tintindex":0},"east":{"uv":[7.9375,0.1875,8.5625,0.3125],"rotation":0,"texture":"#0","tintindex":0},"north":{"uv":[7.5625,6.0625,8.3125,6.1875],"rotation":0,"texture":"#0","tintindex":0},"south":{"uv":[7.5625,6.875,8.3125,7.0],"rotation":0,"texture":"#0","tintindex":0},"up":{"uv":[5.125,4.25,4.375,3.625],"rotation":0,"texture":"#0","tintindex":0},"west":{"uv":[7.9375,0.3125,8.5625,0.4375],"rotation":0,"texture":"#0","tintindex":0}}},{"name":"cube","from":[12.21309,7.605506,9.129723],"to":[12.81309,13.605506,10.329722],"rotation":{"angle":-22.5,"axis":"y","origin":[10.3252735,3.7384489,6.287033]},"faces":{"down":{"uv":[6.6875,2.1875,6.625,2.3125],"rotation":0,"texture":"#0","tintindex":0},"east":{"uv":[1.625,2.5,1.75,3.125],"rotation":0,"texture":"#0","tintindex":0},"north":{"uv":[2.375,6.625,2.4375,7.25],"rotation":0,"texture":"#0","tintindex":0},"south":{"uv":[0.6875,7.0625,0.75,7.6875],"rotation":0,"texture":"#0","tintindex":0},"up":{"uv":[2.5,6.0625,2.4375,5.9375],"rotation":0,"texture":"#0","tintindex":0},"west":{"uv":[2.5,3.375,2.625,4.0],"rotation":0,"texture":"#0","tintindex":0}}},{"name":"cube","from":[4.0004,7.605506,9.789722],"to":[11.2004,13.605506,10.989723],"rotation":{"angle":0.0,"axis":"x","origin":[9.792584,3.7384489,6.287033]},"faces":{"down":{"uv":[8.5,2.9375,7.75,3.0625],"rotation":0,"texture":"#0","tintindex":0},"east":{"uv":[4.25,7.5625,4.375,8.1875],"rotation":0,"texture":"#0","tintindex":0},"north":{"uv":[0.0,4.5,0.75,5.125],"rotation":0,"texture":"#0","tintindex":0},"south":{"uv":[1.75,4.875,2.5,5.5],"rotation":0,"texture":"#0","tintindex":0},"up":{"uv":[8.4375,4.6875,7.6875,4.5625],"rotation":0,"texture":"#0","tintindex":0},"west":{"uv":[3.0625,7.6875,3.1875,8.3125],"rotation":0,"texture":"#0","tintindex":0}}},{"name":"cube","from":[4.6004,13.605506,9.789722],"to":[10.6004,14.205506,10.989723],"rotation":{"angle":0.0,"axis":"x","origin":[6.008216,3.7384489,6.287033]},"faces":{"down":{"uv":[8.625,0.8125,8.0,0.9375],"rotation":0,"texture":"#0","tintindex":0},"east":{"uv":[2.5,4.0,2.625,4.0625],"rotation":0,"texture":"#0","tintindex":0},"north":{"uv":[5.125,4.1875,5.75,4.25],"rotation":0,"texture":"#0","tintindex":0},"south":{"uv":[8.5625,6.3125,9.1875,6.375],"rotation":0,"texture":"#0","tintindex":0},"up":{"uv":[8.625,0.8125,8.0,0.6875],"rotation":0,"texture":"#0","tintindex":0},"west":{"uv":[3.25,4.9375,3.375,5.0],"rotation":0,"texture":"#0","tintindex":0}}},{"name":"cube","from":[8.920401,7.9655075,10.029722],"to":[10.7204,13.365508,11.229723],"rotation":{"angle":0.0,"axis":"x","origin":[9.792584,3.7384489,6.287033]},"faces":{"down":{"uv":[9.375,3.0625,9.1875,3.1875],"rotation":0,"texture":"#0","tintindex":0},"east":{"uv":[3.375,2.625,3.5,3.1875],"rotation":0,"texture":"#0","tintindex":0},"north":{"uv":[0.5625,5.75,0.75,6.3125],"rotation":0,"texture":"#0","tintindex":0},"south":{"uv":[7.5,2.0,7.6875,2.5625],"rotation":0,"texture":"#0","tintindex":0},"up":{"uv":[9.375,2.6875,9.1875,2.5625],"rotation":0,"texture":"#0","tintindex":0},"west":{"uv":[5.125,8.0625,5.25,8.625],"rotation":0,"texture":"#0","tintindex":0}}},{"name":"cube","from":[6.7004004,7.9655075,10.029722],"to":[8.5004,13.365508,11.229723],"rotation":{"angle":0.0,"axis":"x","origin":[9.972584,3.7384489,6.287033]},"faces":{"down":{"uv":[5.8125,9.1875,5.625,9.3125],"rotation":0,"texture":"#0","tintindex":0},"east":{"uv":[5.25,8.0625,5.375,8.625],"rotation":0,"texture":"#0","tintindex":0},"north":{"uv":[4.875,7.5,5.0625,8.0625],"rotation":0,"texture":"#0","tintindex":0},"south":{"uv":[5.0625,7.5,5.25,8.0625],"rotation":0,"texture":"#0","tintindex":0},"up":{"uv":[9.375,3.625,9.1875,3.5],"rotation":0,"texture":"#0","tintindex":0},"west":{"uv":[5.375,8.0625,5.5,8.625],"rotation":0,"texture":"#0","tintindex":0}}},{"name":"cube","from":[5.6804,6.945508,9.849722],"to":[9.520401,9.225508,10.929724],"rotation":{"angle":0.0,"axis":"x","origin":[11.772584,3.7384489,6.287033]},"faces":{"down":{"uv":[8.75,5.5625,8.3125,5.6875],"rotation":0,"texture":"#0","tintindex":0},"east":{"uv":[1.625,3.125,1.75,3.375],"rotation":0,"texture":"#0","tintindex":0},"north":{"uv":[5.8125,3.9375,6.25,4.1875],"rotation":0,"texture":"#0","tintindex":0},"south":{"uv":[7.375,7.4375,7.8125,7.6875],"rotation":0,"texture":"#0","tintindex":0},"up":{"uv":[8.75,3.9375,8.3125,3.8125],"rotation":0,"texture":"#0","tintindex":0},"west":{"uv":[4.25,2.375,4.375,2.625],"rotation":0,"texture":"#0","tintindex":0}}},{"name":"cube","from":[6.2804,6.645508,10.2097225],"to":[8.920401,7.4855075,11.049723],"rotation":{"angle":22.5,"axis":"x","origin":[7.6004,7.785508,10.389723]},"faces":{"down":{"uv":[8.875,8.6875,8.5625,8.8125],"rotation":0,"texture":"#0","tintindex":0},"east":{"uv":[5.9375,9.375,6.0625,9.5],"rotation":0,"texture":"#0","tintindex":0},"north":{"uv":[7.0625,4.25,7.375,4.375],"rotation":0,"texture":"#0","tintindex":0},"south":{"uv":[8.6875,5.6875,9.0,5.8125],"rotation":0,"texture":"#0","tintindex":0},"up":{"uv":[8.5625,8.8125,8.25,8.6875],"rotation":0,"texture":"#0","tintindex":0},"west":{"uv":[6.0625,9.375,6.1875,9.5],"rotation":0,"texture":"#0","tintindex":0}}},{"name":"cube","from":[8.200399,6.465506,9.849722],"to":[9.880401,7.545506,10.929724],"rotation":{"angle":22.5,"axis":"z","origin":[7.6004,10.0055065,10.389723]},"faces":{"down":{"uv":[9.375,6.3125,9.1875,6.4375],"rotation":0,"texture":"#0","tintindex":0},"east":{"uv":[9.375,6.3125,9.5,6.4375],"rotation":0,"texture":"#0","tintindex":0},"north":{"uv":[9.1875,5.6875,9.375,5.8125],"rotation":0,"texture":"#0","tintindex":0},"south":{"uv":[9.1875,5.8125,9.375,5.9375],"rotation":0,"texture":"#0","tintindex":0},"up":{"uv":[6.5,9.3125,6.3125,9.1875],"rotation":0,"texture":"#0","tintindex":0},"west":{"uv":[9.375,6.4375,9.5,6.5625],"rotation":0,"texture":"#0","tintindex":0}}},{"name":"cube","from":[10.959089,9.171508,3.6757221],"to":[11.54709,10.959507,7.8637223],"rotation":{"angle":-22.5,"axis":"x","origin":[10.65309,11.805507,7.3297224]},"faces":{"down":{"uv":[0.25,9.125,0.1875,9.5625],"rotation":0,"texture":"#0","tintindex":0},"east":{"uv":[7.75,5.875,8.1875,6.0625],"rotation":0,"texture":"#0","tintindex":0},"north":{"uv":[1.5625,5.75,1.625,5.9375],"rotation":0,"texture":"#0","tintindex":0},"south":{"uv":[6.625,4.6875,6.6875,4.875],"rotation":0,"texture":"#0","tintindex":0},"up":{"uv":[4.25,8.75,4.1875,8.3125],"rotation":0,"texture":"#0","tintindex":0},"west":{"uv":[1.0,7.875,1.4375,8.0625],"rotation":0,"texture":"#0","tintindex":0}}},{"name":"cube","from":[10.959089,10.4915085,9.255722],"to":[11.54709,12.279508,11.043722],"rotation":{"angle":45.0,"axis":"x","origin":[10.65309,11.805507,7.3297224]},"faces":{"down":{"uv":[4.25,7.875,4.1875,8.0625],"rotation":0,"texture":"#0","tintindex":0},"east":{"uv":[7.5,2.5625,7.6875,2.75],"rotation":0,"texture":"#0","tintindex":0},"north":{"uv":[7.0625,2.0,7.125,2.1875],"rotation":0,"texture":"#0","tintindex":0},"south":{"uv":[0.375,7.4375,0.4375,7.625],"rotation":0,"texture":"#0","tintindex":0},"up":{"uv":[5.6875,7.6875,5.625,7.5],"rotation":0,"texture":"#0","tintindex":0},"west":{"uv":[9.0,1.5,9.1875,1.6875],"rotation":0,"texture":"#0","tintindex":0}}},{"name":"cube","from":[10.96509,8.277508,9.021723],"to":[11.54109,9.9935055,10.497723],"rotation":{"angle":0.0,"axis":"x","origin":[10.65309,11.805507,7.3297224]},"faces":{"down":{"uv":[6.1875,9.5,6.125,9.6875],"rotation":0,"texture":"#0","tintindex":0},"east":{"uv":[9.0,1.75,9.1875,1.9375],"rotation":0,"texture":"#0","tintindex":0},"north":{"uv":[5.9375,8.625,6.0,8.8125],"rotation":0,"texture":"#0","tintindex":0},"south":{"uv":[4.5,9.5,4.5625,9.6875],"rotation":0,"texture":"#0","tintindex":0},"up":{"uv":[6.125,9.6875,6.0625,9.5],"rotation":0,"texture":"#0","tintindex":0},"west":{"uv":[9.0,1.9375,9.1875,2.125],"rotation":0,"texture":"#0","tintindex":0}}},{"name":"cube","from":[11.01309,7.065506,3.7897222],"to":[12.09309,12.945506,4.8697224],"rotation":{"angle":0.0,"axis":"x","origin":[10.3252735,3.7384489,6.287033]},"faces":{"down":{"uv":[6.75,9.375,6.625,9.5],"rotation":0,"texture":"#0","tintindex":0},"east":{"uv":[0.6875,7.8125,0.8125,8.4375],"rotation":0,"texture":"#0","tintindex":0},"north":{"uv":[0.0,7.75,0.125,8.375],"rotation":0,"texture":"#0","tintindex":0},"south":{"uv":[4.5625,7.8125,4.6875,8.4375],"rotation":0,"texture":"#0","tintindex":0},"up":{"uv":[6.625,9.5,6.5,9.375],"rotation":0,"texture":"#0","tintindex":0},"west":{"uv":[4.6875,7.8125,4.8125,8.4375],"rotation":0,"texture":"#0","tintindex":0}}},{"name":"cube","from":[10.71309,8.985507,4.809722],"to":[11.79309,13.665506,5.8897223],"rotation":{"angle":0.0,"axis":"x","origin":[10.3252735,3.7384489,6.287033]},"faces":{"down":{"uv":[6.875,9.375,6.75,9.5],"rotation":0,"texture":"#0","tintindex":0},"east":{"uv":[3.9375,8.3125,4.0625,8.8125],"rotation":0,"texture":"#0","tintindex":0},"north":{"uv":[3.0,8.3125,3.125,8.8125],"rotation":0,"texture":"#0","tintindex":0},"south":{"uv":[4.0625,8.3125,4.1875,8.8125],"rotation":0,"texture":"#0","tintindex":0},"up":{"uv":[9.5,6.8125,9.375,6.6875],"rotation":0,"texture":"#0","tintindex":0},"west":{"uv":[4.8125,8.3125,4.9375,8.8125],"rotation":0,"texture":"#0","tintindex":0}}},{"name":"cube","from":[10.71309,9.705507,6.2497225],"to":[11.79309,13.185507,7.9297223],"rotation":{"angle":0.0,"axis":"x","origin":[10.3252735,3.7384489,6.287033]},"faces":{"down":{"uv":[7.1875,9.1875,7.0625,9.375],"rotation":0,"texture":"#0","tintindex":0},"east":{"uv":[6.3125,8.0625,6.5,8.4375],"rotation":0,"texture":"#0","tintindex":0},"north":{"uv":[1.625,5.125,1.75,5.5],"rotation":0,"texture":"#0","tintindex":0},"south":{"uv":[5.125,2.0,5.25,2.375],"rotation":0,"texture":"#0","tintindex":0},"up":{"uv":[6.625,9.375,6.5,9.1875],"rotation":0,"texture":"#0","tintindex":0},"west":{"uv":[6.5,8.0625,6.6875,8.4375],"rotation":0,"texture":"#0","tintindex":0}}},{"name":"cube","from":[10.71309,9.705507,8.469723],"to":[11.79309,13.185507,10.149723],"rotation":{"angle":0.0,"axis":"x","origin":[10.3252735,3.7384489,6.287033]},"faces":{"down":{"uv":[7.4375,9.1875,7.3125,9.375],"rotation":0,"texture":"#0","tintindex":0},"east":{"uv":[7.1875,8.0625,7.375,8.4375],"rotation":0,"texture":"#0","tintindex":0},"north":{"uv":[6.0,7.25,6.125,7.625],"rotation":0,"texture":"#0","tintindex":0},"south":{"uv":[0.25,8.375,0.375,8.75],"rotation":0,"texture":"#0","tintindex":0},"up":{"uv":[7.3125,9.375,7.1875,9.1875],"rotation":0,"texture":"#0","tintindex":0},"west":{"uv":[8.125,2.0,8.3125,2.375],"rotation":0,"texture":"#0","tintindex":0}}},{"name":"cube","from":[10.35309,6.405508,3.1897218],"to":[11.31309,8.565508,4.149722],"rotation":{"angle":0.0,"axis":"x","origin":[10.3252735,3.7384489,6.287033]},"faces":{"down":{"uv":[7.1875,9.375,7.0625,9.5],"rotation":0,"texture":"#0","tintindex":0},"east":{"uv":[5.0,6.625,5.125,6.875],"rotation":0,"texture":"#0","tintindex":0},"north":{"uv":[6.25,3.9375,6.375,4.1875],"rotation":0,"texture":"#0","tintindex":0},"south":{"uv":[5.625,6.875,5.75,7.125],"rotation":0,"texture":"#0","tintindex":0},"up":{"uv":[7.0,9.5,6.875,9.375],"rotation":0,"texture":"#0","tintindex":0},"west":{"uv":[7.0625,6.625,7.1875,6.875],"rotation":0,"texture":"#0","tintindex":0}}},{"name":"cube","from":[9.93309,6.0455065,2.769722],"to":[10.893089,7.0055065,3.7297223],"rotation":{"angle":0.0,"axis":"x","origin":[10.3252735,3.7384489,6.287033]},"faces":{"down":{"uv":[9.5,7.5,9.375,7.625],"rotation":0,"texture":"#0","tintindex":0},"east":{"uv":[7.1875,9.375,7.3125,9.5],"rotation":0,"texture":"#0","tintindex":0},"north":{"uv":[9.375,7.125,9.5,7.25],"rotation":0,"texture":"#0","tintindex":0},"south":{"uv":[9.375,7.25,9.5,7.375],"rotation":0,"texture":"#0","tintindex":0},"up":{"uv":[9.5,7.5,9.375,7.375],"rotation":0,"texture":"#0","tintindex":0},"west":{"uv":[7.3125,9.375,7.4375,9.5],"rotation":0,"texture":"#0","tintindex":0}}},{"name":"cube","from":[10.41909,12.051507,3.7957222],"to":[12.207089,13.239507,4.983722],"rotation":{"angle":-45.0,"axis":"z","origin":[10.65309,13.0055065,4.3297224]},"faces":{"down":{"uv":[8.125,9.1875,7.9375,9.3125],"rotation":0,"texture":"#0","tintindex":0},"east":{"uv":[7.5625,9.375,7.6875,9.5],"rotation":0,"texture":"#0","tintindex":0},"north":{"uv":[9.1875,6.4375,9.375,6.5625],"rotation":0,"texture":"#0","tintindex":0},"south":{"uv":[9.1875,6.6875,9.375,6.8125],"rotation":0,"texture":"#0","tintindex":0},"up":{"uv":[7.9375,9.3125,7.75,9.1875],"rotation":0,"texture":"#0","tintindex":0},"west":{"uv":[9.375,7.625,9.5,7.75],"rotation":0,"texture":"#0","tintindex":0}}},{"name":"cube","from":[9.393089,13.245507,3.7897222],"to":[10.59309,16.245506,4.9897223],"rotation":{"angle":-45.0,"axis":"z","origin":[9.15309,13.905506,4.3297224]},"faces":{"down":{"uv":[8.375,9.375,8.25,9.5],"rotation":0,"texture":"#0","tintindex":0},"east":{"uv":[0.375,8.75,0.5,9.0625],"rotation":0,"texture":"#0","tintindex":0},"north":{"uv":[0.25,8.75,0.375,9.0625],"rotation":0,"texture":"#0","tintindex":0},"south":{"uv":[0.5,8.75,0.625,9.0625],"rotation":0,"texture":"#0","tintindex":0},"up":{"uv":[9.5,7.875,9.375,7.75],"rotation":0,"texture":"#0","tintindex":0},"west":{"uv":[1.0,8.75,1.125,9.0625],"rotation":0,"texture":"#0","tintindex":0}}},{"name":"cube","from":[9.57309,15.105506,3.9697223],"to":[10.41309,17.74551,4.809722],"rotation":{"angle":-45.0,"axis":"z","origin":[9.15309,13.905506,4.3297224]},"faces":{"down":{"uv":[8.5,9.375,8.375,9.5],"rotation":0,"texture":"#0","tintindex":0},"east":{"uv":[1.25,8.75,1.375,9.0625],"rotation":0,"texture":"#0","tintindex":0},"north":{"uv":[1.125,8.75,1.25,9.0625],"rotation":0,"texture":"#0","tintindex":0},"south":{"uv":[8.75,1.375,8.875,1.6875],"rotation":0,"texture":"#0","tintindex":0},"up":{"uv":[9.5,8.4375,9.375,8.3125],"rotation":0,"texture":"#0","tintindex":0},"west":{"uv":[4.1875,8.75,4.3125,9.0625],"rotation":0,"texture":"#0","tintindex":0}}},{"name":"cube","from":[7.9530897,13.0055065,4.089722],"to":[10.95309,20.205505,4.089722],"rotation":{"angle":0.0,"axis":"x","origin":[10.3252735,3.7384489,6.287033]},"faces":{"down":{"uv":[0.3125,0.0,0.0,0.0],"rotation":0,"texture":"#0","tintindex":0},"east":{"uv":[0.0,0.0,0.0,0.75],"rotation":0,"texture":"#0","tintindex":0},"north":{"uv":[3.0,6.0625,3.3125,6.8125],"rotation":0,"texture":"#0","tintindex":0},"south":{"uv":[0.4375,6.3125,0.75,7.0625],"rotation":0,"texture":"#0","tintindex":0},"up":{"uv":[0.3125,0.0,0.0,0.0],"rotation":0,"texture":"#0","tintindex":0},"west":{"uv":[0.0,0.0,0.0,0.75],"rotation":0,"texture":"#0","tintindex":0}}},{"name":"cube","from":[6.1677103,7.005506,4.569722],"to":[6.1677103,19.005507,12.969723],"rotation":{"angle":0.0,"axis":"x","origin":[5.74771,16.605507,4.029722]},"faces":{"down":{"uv":[0.0,0.0,0.0,0.875],"rotation":0,"texture":"#0","tintindex":0},"east":{"uv":[0.0,0.0,0.875,1.25],"rotation":0,"texture":"#0","tintindex":0},"north":{"uv":[0.0,0.0,0.0,1.25],"rotation":0,"texture":"#0","tintindex":0},"south":{"uv":[0.0,0.0,0.0,1.25],"rotation":0,"texture":"#0","tintindex":0},"up":{"uv":[0.0,0.875,0.0,0.0],"rotation":0,"texture":"#0","tintindex":0},"west":{"uv":[0.875,0.0,1.75,1.25],"rotation":0,"texture":"#0","tintindex":0}}},{"name":"cube","from":[9.03309,7.005506,4.569722],"to":[9.03309,19.005507,12.969723],"rotation":{"angle":0.0,"axis":"x","origin":[9.45309,16.605507,4.029722]},"faces":{"down":{"uv":[0.0,0.0,0.0,0.875],"rotation":0,"texture":"#0","tintindex":0},"east":{"uv":[0.0,1.25,0.875,2.5],"rotation":0,"texture":"#0","tintindex":0},"north":{"uv":[0.0,0.0,0.0,1.25],"rotation":0,"texture":"#0","tintindex":0},"south":{"uv":[0.0,0.0,0.0,1.25],"rotation":0,"texture":"#0","tintindex":0},"up":{"uv":[0.0,0.875,0.0,0.0],"rotation":0,"texture":"#0","tintindex":0},"west":{"uv":[0.875,1.25,1.75,2.5],"rotation":0,"texture":"#0","tintindex":0}}},{"name":"cube","from":[1.173089,10.365507,4.029722],"to":[5.37309,16.965506,4.029722],"rotation":{"angle":-45.0,"axis":"z","origin":[10.3252735,3.7384489,6.287033]},"faces":{"down":{"uv":[0.4375,0.0,0.0,0.0],"rotation":0,"texture":"#0","tintindex":0},"east":{"uv":[0.0,0.0,0.0,0.6875],"rotation":0,"texture":"#0","tintindex":0},"north":{"uv":[5.125,5.875,5.5625,6.5625],"rotation":0,"texture":"#0","tintindex":0},"south":{"uv":[5.5625,5.875,6.0,6.5625],"rotation":0,"texture":"#0","tintindex":0},"up":{"uv":[0.4375,0.0,0.0,0.0],"rotation":0,"texture":"#0","tintindex":0},"west":{"uv":[0.0,0.0,0.0,0.6875],"rotation":0,"texture":"#0","tintindex":0}}},{"name":"cube","from":[6.8744,10.8995075,3.7837224],"to":[8.3264,13.791507,4.875722],"rotation":{"angle":0.0,"axis":"x","origin":[7.5404,12.405506,4.3297224]},"faces":{"down":{"uv":[9.0625,9.1875,8.875,9.3125],"rotation":0,"texture":"#0","tintindex":0},"east":{"uv":[4.5625,8.75,4.6875,9.0625],"rotation":0,"texture":"#0","tintindex":0},"north":{"uv":[2.8125,6.5,3.0,6.8125],"rotation":0,"texture":"#0","tintindex":0},"south":{"uv":[8.375,2.5625,8.5625,2.875],"rotation":0,"texture":"#0","tintindex":0},"up":{"uv":[9.375,8.8125,9.1875,8.6875],"rotation":0,"texture":"#0","tintindex":0},"west":{"uv":[4.6875,8.75,4.8125,9.0625],"rotation":0,"texture":"#0","tintindex":0}}},{"name":"cube","from":[6.8803997,11.025508,3.7897222],"to":[8.3204,13.905507,4.8697224],"rotation":{"angle":-22.5,"axis":"x","origin":[7.6004,12.345508,4.3297224]},"faces":{"down":{"uv":[0.625,9.25,0.4375,9.375],"rotation":0,"texture":"#0","tintindex":0},"east":{"uv":[5.0625,8.75,5.1875,9.0625],"rotation":0,"texture":"#0","tintindex":0},"north":{"uv":[3.125,8.375,3.3125,8.6875],"rotation":0,"texture":"#0","tintindex":0},"south":{"uv":[3.3125,8.375,3.5,8.6875],"rotation":0,"texture":"#0","tintindex":0},"up":{"uv":[0.4375,9.375,0.25,9.25],"rotation":0,"texture":"#0","tintindex":0},"west":{"uv":[5.1875,8.75,5.3125,9.0625],"rotation":0,"texture":"#0","tintindex":0}}},{"name":"cube","from":[7.1204,13.065508,3.969722],"to":[8.0804,14.865508,5.169722],"rotation":{"angle":-22.5,"axis":"x","origin":[7.6004,12.345508,4.3297224]},"faces":{"down":{"uv":[9.1875,2.5625,9.0,2.75],"rotation":0,"texture":"#0","tintindex":0},"east":{"uv":[7.5625,1.375,7.75,1.625],"rotation":0,"texture":"#0","tintindex":0},"north":{"uv":[5.9375,2.3125,6.125,2.5625],"rotation":0,"texture":"#0","tintindex":0},"south":{"uv":[6.3125,8.4375,6.5,8.6875],"rotation":0,"texture":"#0","tintindex":0},"up":{"uv":[9.1875,2.3125,9.0,2.125],"rotation":0,"texture":"#0","tintindex":0},"west":{"uv":[6.5,8.4375,6.6875,8.6875],"rotation":0,"texture":"#0","tintindex":0}}},{"name":"cube","from":[5.3203998,6.465506,9.849722],"to":[7.0004,7.545506,10.929724],"rotation":{"angle":-22.5,"axis":"z","origin":[7.6004,10.0055065,10.389723]},"faces":{"down":{"uv":[1.875,9.25,1.6875,9.375],"rotation":0,"texture":"#0","tintindex":0},"east":{"uv":[8.5,9.375,8.625,9.5],"rotation":0,"texture":"#0","tintindex":0},"north":{"uv":[1.0,9.25,1.1875,9.375],"rotation":0,"texture":"#0","tintindex":0},"south":{"uv":[1.1875,9.25,1.375,9.375],"rotation":0,"texture":"#0","tintindex":0},"up":{"uv":[1.6875,9.375,1.5,9.25],"rotation":0,"texture":"#0","tintindex":0},"west":{"uv":[8.625,9.375,8.75,9.5],"rotation":0,"texture":"#0","tintindex":0}}},{"name":"cube","from":[4.4804,7.9655075,10.029722],"to":[6.2804,13.365508,11.229723],"rotation":{"angle":0.0,"axis":"x","origin":[5.4082155,3.7384489,6.287033]},"faces":{"down":{"uv":[9.4375,2.375,9.25,2.5],"rotation":0,"texture":"#0","tintindex":0},"east":{"uv":[5.5,8.0625,5.625,8.625],"rotation":0,"texture":"#0","tintindex":0},"north":{"uv":[5.25,7.5,5.4375,8.0625],"rotation":0,"texture":"#0","tintindex":0},"south":{"uv":[5.4375,7.5,5.625,8.0625],"rotation":0,"texture":"#0","tintindex":0},"up":{"uv":[2.5625,9.375,2.375,9.25],"rotation":0,"texture":"#0","tintindex":0},"west":{"uv":[2.375,8.125,2.5,8.6875],"rotation":0,"texture":"#0","tintindex":0}}},{"name":"cube","from":[3.40771,9.705507,8.469723],"to":[4.48771,13.185507,10.149723],"rotation":{"angle":0.0,"axis":"x","origin":[4.8755264,3.7384489,6.287033]},"faces":{"down":{"uv":[2.6875,9.25,2.5625,9.4375],"rotation":0,"texture":"#0","tintindex":0},"east":{"uv":[2.5,8.125,2.6875,8.5],"rotation":0,"texture":"#0","tintindex":0},"north":{"uv":[0.6875,8.4375,0.8125,8.8125],"rotation":0,"texture":"#0","tintindex":0},"south":{"uv":[0.875,8.4375,1.0,8.8125],"rotation":0,"texture":"#0","tintindex":0},"up":{"uv":[7.6875,9.375,7.5625,9.1875],"rotation":0,"texture":"#0","tintindex":0},"west":{"uv":[8.125,5.3125,8.3125,5.6875],"rotation":0,"texture":"#0","tintindex":0}}},{"name":"cube","from":[3.40771,9.705507,6.2497225],"to":[4.48771,13.185507,7.9297223],"rotation":{"angle":0.0,"axis":"x","origin":[4.8755264,3.7384489,6.287033]},"faces":{"down":{"uv":[9.375,4.0,9.25,4.1875],"rotation":0,"texture":"#0","tintindex":0},"east":{"uv":[7.375,8.125,7.5625,8.5],"rotation":0,"texture":"#0","tintindex":0},"north":{"uv":[1.875,8.5,2.0,8.875],"rotation":0,"texture":"#0","tintindex":0},"south":{"uv":[2.0,8.5,2.125,8.875],"rotation":0,"texture":"#0","tintindex":0},"up":{"uv":[9.375,4.0,9.25,3.8125],"rotation":0,"texture":"#0","tintindex":0},"west":{"uv":[7.5625,8.125,7.75,8.5],"rotation":0,"texture":"#0","tintindex":0}}},{"name":"cube","from":[3.40771,8.985507,4.809722],"to":[4.48771,13.665506,5.8897223],"rotation":{"angle":0.0,"axis":"x","origin":[4.8755264,3.7384489,6.287033]},"faces":{"down":{"uv":[8.875,9.375,8.75,9.5],"rotation":0,"texture":"#0","tintindex":0},"east":{"uv":[6.0,8.3125,6.125,8.8125],"rotation":0,"texture":"#0","tintindex":0},"north":{"uv":[4.9375,8.3125,5.0625,8.8125],"rotation":0,"texture":"#0","tintindex":0},"south":{"uv":[6.125,8.3125,6.25,8.8125],"rotation":0,"texture":"#0","tintindex":0},"up":{"uv":[9.5,8.8125,9.375,8.6875],"rotation":0,"texture":"#0","tintindex":0},"west":{"uv":[8.3125,6.375,8.4375,6.875],"rotation":0,"texture":"#0","tintindex":0}}},{"name":"cube","from":[3.64771,13.605506,4.3297224],"to":[4.24771,14.205506,9.909723],"rotation":{"angle":0.0,"axis":"x","origin":[4.8755264,3.7384489,6.287033]},"faces":{"down":{"uv":[3.75,9.0,3.6875,9.5625],"rotation":0,"texture":"#0","tintindex":0},"east":{"uv":[8.875,6.8125,9.4375,6.875],"rotation":0,"texture":"#0","tintindex":0},"north":{"uv":[7.4375,3.375,7.5,3.4375],"rotation":0,"texture":"#0","tintindex":0},"south":{"uv":[4.875,7.4375,4.9375,7.5],"rotation":0,"texture":"#0","tintindex":0},"up":{"uv":[1.5,9.5625,1.4375,9.0],"rotation":0,"texture":"#0","tintindex":0},"west":{"uv":[9.0,1.125,9.5625,1.1875],"rotation":0,"texture":"#0","tintindex":0}}},{"name":"cube","from":[3.64771,9.405506,4.9297223],"to":[4.24771,13.605506,10.509723],"rotation":{"angle":0.0,"axis":"x","origin":[4.8755264,3.7384489,6.287033]},"faces":{"down":{"uv":[3.875,9.0,3.8125,9.5625],"rotation":0,"texture":"#0","tintindex":0},"east":{"uv":[6.125,2.75,6.6875,3.1875],"rotation":0,"texture":"#0","tintindex":0},"north":{"uv":[3.625,9.125,3.6875,9.5625],"rotation":0,"texture":"#0","tintindex":0},"south":{"uv":[4.125,9.125,4.1875,9.5625],"rotation":0,"texture":"#0","tintindex":0},"up":{"uv":[3.8125,9.5625,3.75,9.0],"rotation":0,"texture":"#0","tintindex":0},"west":{"uv":[4.5625,6.1875,5.125,6.625],"rotation":0,"texture":"#0","tintindex":0}}},{"name":"cube","from":[3.6537104,9.171508,3.6757221],"to":[4.24171,10.959507,7.8637223],"rotation":{"angle":-22.5,"axis":"x","origin":[4.5477104,11.805507,7.3297224]},"faces":{"down":{"uv":[5.5,9.1875,5.4375,9.625],"rotation":0,"texture":"#0","tintindex":0},"east":{"uv":[1.4375,7.875,1.875,8.0625],"rotation":0,"texture":"#0","tintindex":0},"north":{"uv":[6.25,9.5,6.3125,9.6875],"rotation":0,"texture":"#0","tintindex":0},"south":{"uv":[6.3125,9.5,6.375,9.6875],"rotation":0,"texture":"#0","tintindex":0},"up":{"uv":[5.0625,9.5625,5.0,9.125],"rotation":0,"texture":"#0","tintindex":0},"west":{"uv":[3.3125,7.875,3.75,8.0625],"rotation":0,"texture":"#0","tintindex":0}}},{"name":"cube","from":[3.6537104,8.271507,9.015722],"to":[4.24171,9.999506,10.503723],"rotation":{"angle":0.0,"axis":"x","origin":[4.5477104,11.805507,7.3297224]},"faces":{"down":{"uv":[6.625,9.5,6.5625,9.6875],"rotation":0,"texture":"#0","tintindex":0},"east":{"uv":[9.0,3.25,9.1875,3.4375],"rotation":0,"texture":"#0","tintindex":0},"north":{"uv":[9.5,6.3125,9.5625,6.5],"rotation":0,"texture":"#0","tintindex":0},"south":{"uv":[6.375,9.5,6.4375,9.6875],"rotation":0,"texture":"#0","tintindex":0},"up":{"uv":[6.5625,9.6875,6.5,9.5],"rotation":0,"texture":"#0","tintindex":0},"west":{"uv":[9.0,3.4375,9.1875,3.625],"rotation":0,"texture":"#0","tintindex":0}}},{"name":"cube","from":[3.6597102,10.497509,9.261723],"to":[4.23571,12.273508,11.037722],"rotation":{"angle":45.0,"axis":"x","origin":[4.5477104,11.805507,7.3297224]},"faces":{"down":{"uv":[6.875,9.5,6.8125,9.6875],"rotation":0,"texture":"#0","tintindex":0},"east":{"uv":[9.0,4.1875,9.1875,4.375],"rotation":0,"texture":"#0","tintindex":0},"north":{"uv":[6.625,9.5,6.6875,9.6875],"rotation":0,"texture":"#0","tintindex":0},"south":{"uv":[6.6875,9.5,6.75,9.6875],"rotation":0,"texture":"#0","tintindex":0},"up":{"uv":[6.8125,9.6875,6.75,9.5],"rotation":0,"texture":"#0","tintindex":0},"west":{"uv":[9.0,4.375,9.1875,4.5625],"rotation":0,"texture":"#0","tintindex":0}}},{"name":"cube","from":[3.1077101,7.065506,3.7897222],"to":[4.1877103,12.945506,4.8697224],"rotation":{"angle":0.0,"axis":"x","origin":[4.8755264,3.7384489,6.287033]},"faces":{"down":{"uv":[9.5,8.9375,9.375,9.0625],"rotation":0,"texture":"#0","tintindex":0},"east":{"uv":[2.0,7.875,2.125,8.5],"rotation":0,"texture":"#0","tintindex":0},"north":{"uv":[1.875,7.875,2.0,8.5],"rotation":0,"texture":"#0","tintindex":0},"south":{"uv":[2.125,7.875,2.25,8.5],"rotation":0,"texture":"#0","tintindex":0},"up":{"uv":[9.5,8.9375,9.375,8.8125],"rotation":0,"texture":"#0","tintindex":0},"west":{"uv":[0.375,7.9375,0.5,8.5625],"rotation":0,"texture":"#0","tintindex":0}}},{"name":"cube","from":[3.1077101,7.065506,9.189722],"to":[4.1877103,12.945506,10.269722],"rotation":{"angle":0.0,"axis":"x","origin":[9.468956,13.687263,9.684723]},"faces":{"down":{"uv":[9.4375,9.375,9.3125,9.5],"rotation":0,"texture":"#0","tintindex":0},"east":{"uv":[4.375,7.9375,4.5,8.5625],"rotation":0,"texture":"#0","tintindex":0},"north":{"uv":[0.5,7.9375,0.625,8.5625],"rotation":0,"texture":"#0","tintindex":0},"south":{"uv":[8.0,2.0,8.125,2.625],"rotation":0,"texture":"#0","tintindex":0},"up":{"uv":[9.5,9.1875,9.375,9.0625],"rotation":0,"texture":"#0","tintindex":0},"west":{"uv":[2.75,8.0,2.875,8.625],"rotation":0,"texture":"#0","tintindex":0}}},{"name":"cube","from":[11.01309,7.065506,9.189722],"to":[12.09309,12.945506,10.269722],"rotation":{"angle":0.0,"axis":"x","origin":[5.731844,13.687263,9.684723]},"faces":{"down":{"uv":[9.5625,0.125,9.4375,0.25],"rotation":0,"texture":"#0","tintindex":0},"east":{"uv":[5.625,8.0,5.75,8.625],"rotation":0,"texture":"#0","tintindex":0},"north":{"uv":[2.875,8.0,3.0,8.625],"rotation":0,"texture":"#0","tintindex":0},"south":{"uv":[5.75,8.0,5.875,8.625],"rotation":0,"texture":"#0","tintindex":0},"up":{"uv":[9.5625,0.125,9.4375,0.0],"rotation":0,"texture":"#0","tintindex":0},"west":{"uv":[5.875,8.0,6.0,8.625],"rotation":0,"texture":"#0","tintindex":0}}},{"name":"cube","from":[2.9937103,12.051507,3.7957222],"to":[4.78171,13.239507,4.983722],"rotation":{"angle":45.0,"axis":"z","origin":[4.5477104,13.0055065,4.3297224]},"faces":{"down":{"uv":[5.25,9.25,5.0625,9.375],"rotation":0,"texture":"#0","tintindex":0},"east":{"uv":[9.4375,0.25,9.5625,0.375],"rotation":0,"texture":"#0","tintindex":0},"north":{"uv":[9.25,2.875,9.4375,3.0],"rotation":0,"texture":"#0","tintindex":0},"south":{"uv":[4.5625,9.25,4.75,9.375],"rotation":0,"texture":"#0","tintindex":0},"up":{"uv":[9.4375,5.0625,9.25,4.9375],"rotation":0,"texture":"#0","tintindex":0},"west":{"uv":[9.4375,0.5,9.5625,0.625],"rotation":0,"texture":"#0","tintindex":0}}},{"name":"cube","from":[3.64771,12.405506,3.7297223],"to":[5.44771,13.605506,4.9297223],"rotation":{"angle":0.0,"axis":"x","origin":[4.8755264,3.7384489,6.287033]},"faces":{"down":{"uv":[6.8125,9.25,6.625,9.375],"rotation":0,"texture":"#0","tintindex":0},"east":{"uv":[9.4375,0.625,9.5625,0.75],"rotation":0,"texture":"#0","tintindex":0},"north":{"uv":[5.25,9.25,5.4375,9.375],"rotation":0,"texture":"#0","tintindex":0},"south":{"uv":[9.25,6.1875,9.4375,6.3125],"rotation":0,"texture":"#0","tintindex":0},"up":{"uv":[9.4375,6.6875,9.25,6.5625],"rotation":0,"texture":"#0","tintindex":0},"west":{"uv":[9.4375,0.75,9.5625,0.875],"rotation":0,"texture":"#0","tintindex":0}}},{"name":"cube","from":[6.4677105,11.385507,3.9097223],"to":[7.30771,14.025507,4.749722],"rotation":{"angle":22.5,"axis":"z","origin":[7.4877105,12.405506,4.3297224]},"faces":{"down":{"uv":[9.5625,1.3125,9.4375,1.4375],"rotation":0,"texture":"#0","tintindex":0},"east":{"uv":[6.8125,8.75,6.9375,9.0625],"rotation":0,"texture":"#0","tintindex":0},"north":{"uv":[5.3125,8.75,5.4375,9.0625],"rotation":0,"texture":"#0","tintindex":0},"south":{"uv":[6.9375,8.75,7.0625,9.0625],"rotation":0,"texture":"#0","tintindex":0},"up":{"uv":[9.5625,1.0,9.4375,0.875],"rotation":0,"texture":"#0","tintindex":0},"west":{"uv":[0.0,8.8125,0.125,9.125],"rotation":0,"texture":"#0","tintindex":0}}},{"name":"cube","from":[5.44771,12.705506,3.7297223],"to":[6.6477103,15.705506,4.9297223],"rotation":{"angle":0.0,"axis":"x","origin":[4.8755264,3.7384489,6.287033]},"faces":{"down":{"uv":[1.75,9.4375,1.625,9.5625],"rotation":0,"texture":"#0","tintindex":0},"east":{"uv":[0.6875,8.8125,0.8125,9.125],"rotation":0,"texture":"#0","tintindex":0},"north":{"uv":[0.125,8.8125,0.25,9.125],"rotation":0,"texture":"#0","tintindex":0},"south":{"uv":[0.875,8.8125,1.0,9.125],"rotation":0,"texture":"#0","tintindex":0},"up":{"uv":[1.625,9.5625,1.5,9.4375],"rotation":0,"texture":"#0","tintindex":0},"west":{"uv":[2.75,8.8125,2.875,9.125],"rotation":0,"texture":"#0","tintindex":0}}},{"name":"cube","from":[4.6077104,13.245507,3.7897222],"to":[5.80771,16.245506,4.9897223],"rotation":{"angle":45.0,"axis":"z","origin":[6.0477104,13.905506,4.3297224]},"faces":{"down":{"uv":[2.0,9.4375,1.875,9.5625],"rotation":0,"texture":"#0","tintindex":0},"east":{"uv":[3.0,8.8125,3.125,9.125],"rotation":0,"texture":"#0","tintindex":0},"north":{"uv":[2.875,8.8125,3.0,9.125],"rotation":0,"texture":"#0","tintindex":0},"south":{"uv":[3.3125,8.8125,3.4375,9.125],"rotation":0,"texture":"#0","tintindex":0},"up":{"uv":[9.5625,1.875,9.4375,1.75],"rotation":0,"texture":"#0","tintindex":0},"west":{"uv":[3.4375,8.8125,3.5625,9.125],"rotation":0,"texture":"#0","tintindex":0}}},{"name":"cube","from":[4.7877107,15.105506,3.9697223],"to":[5.6277103,17.74551,4.809722],"rotation":{"angle":45.0,"axis":"z","origin":[6.0477104,13.905506,4.3297224]},"faces":{"down":{"uv":[2.125,9.4375,2.0,9.5625],"rotation":0,"texture":"#0","tintindex":0},"east":{"uv":[3.9375,8.8125,4.0625,9.125],"rotation":0,"texture":"#0","tintindex":0},"north":{"uv":[3.5625,8.8125,3.6875,9.125],"rotation":0,"texture":"#0","tintindex":0},"south":{"uv":[4.0625,8.8125,4.1875,9.125],"rotation":0,"texture":"#0","tintindex":0},"up":{"uv":[9.5625,2.0,9.4375,1.875],"rotation":0,"texture":"#0","tintindex":0},"west":{"uv":[4.8125,8.8125,4.9375,9.125],"rotation":0,"texture":"#0","tintindex":0}}},{"name":"cube","from":[5.74771,15.585506,3.7897224],"to":[6.5877104,18.225506,4.629722],"rotation":{"angle":0.0,"axis":"x","origin":[4.8755264,3.7384489,6.287033]},"faces":{"down":{"uv":[2.25,9.4375,2.125,9.5625],"rotation":0,"texture":"#0","tintindex":0},"east":{"uv":[5.9375,8.8125,6.0625,9.125],"rotation":0,"texture":"#0","tintindex":0},"north":{"uv":[4.9375,8.8125,5.0625,9.125],"rotation":0,"texture":"#0","tintindex":0},"south":{"uv":[6.0625,8.8125,6.1875,9.125],"rotation":0,"texture":"#0","tintindex":0},"up":{"uv":[9.5625,2.125,9.4375,2.0],"rotation":0,"texture":"#0","tintindex":0},"west":{"uv":[8.8125,7.5625,8.9375,7.875],"rotation":0,"texture":"#0","tintindex":0}}},{"name":"cube","from":[4.24771,13.0055065,4.089722],"to":[7.24771,20.205505,4.089722],"rotation":{"angle":0.0,"axis":"x","origin":[4.8755264,3.7384489,6.287033]},"faces":{"down":{"uv":[0.3125,0.0,0.0,0.0],"rotation":0,"texture":"#0","tintindex":0},"east":{"uv":[0.0,0.0,0.0,0.75],"rotation":0,"texture":"#0","tintindex":0},"north":{"uv":[1.0,6.3125,1.3125,7.0625],"rotation":0,"texture":"#0","tintindex":0},"south":{"uv":[6.375,3.9375,6.6875,4.6875],"rotation":0,"texture":"#0","tintindex":0},"up":{"uv":[0.3125,0.0,0.0,0.0],"rotation":0,"texture":"#0","tintindex":0},"west":{"uv":[0.0,0.0,0.0,0.75],"rotation":0,"texture":"#0","tintindex":0}}},{"name":"cube","from":[9.827711,10.365507,4.029722],"to":[14.027711,16.965506,4.029722],"rotation":{"angle":45.0,"axis":"z","origin":[4.8755264,3.7384489,6.287033]},"faces":{"down":{"uv":[0.4375,0.0,0.0,0.0],"rotation":0,"texture":"#0","tintindex":0},"east":{"uv":[0.0,0.0,0.0,0.6875],"rotation":0,"texture":"#0","tintindex":0},"north":{"uv":[1.5625,5.9375,2.0,6.625],"rotation":0,"texture":"#0","tintindex":0},"south":{"uv":[2.0,5.9375,2.4375,6.625],"rotation":0,"texture":"#0","tintindex":0},"up":{"uv":[0.4375,0.0,0.0,0.0],"rotation":0,"texture":"#0","tintindex":0},"west":{"uv":[0.0,0.0,0.0,0.6875],"rotation":0,"texture":"#0","tintindex":0}}},{"name":"cube","from":[3.88771,6.405508,3.1897218],"to":[4.8477106,8.565508,4.149722],"rotation":{"angle":0.0,"axis":"x","origin":[4.8755264,3.7384489,6.287033]},"faces":{"down":{"uv":[9.5625,2.375,9.4375,2.5],"rotation":0,"texture":"#0","tintindex":0},"east":{"uv":[7.4375,9.0,7.5625,9.25],"rotation":0,"texture":"#0","tintindex":0},"north":{"uv":[5.8125,9.0,5.9375,9.25],"rotation":0,"texture":"#0","tintindex":0},"south":{"uv":[8.125,9.0,8.25,9.25],"rotation":0,"texture":"#0","tintindex":0},"up":{"uv":[9.5625,2.25,9.4375,2.125],"rotation":0,"texture":"#0","tintindex":0},"west":{"uv":[2.25,9.0625,2.375,9.3125],"rotation":0,"texture":"#0","tintindex":0}}},{"name":"cube","from":[4.30771,6.0455065,2.769722],"to":[5.2677107,7.0055065,3.7297223],"rotation":{"angle":0.0,"axis":"x","origin":[4.8755264,3.7384489,6.287033]},"faces":{"down":{"uv":[9.5625,4.3125,9.4375,4.4375],"rotation":0,"texture":"#0","tintindex":0},"east":{"uv":[9.4375,2.875,9.5625,3.0],"rotation":0,"texture":"#0","tintindex":0},"north":{"uv":[2.5625,9.4375,2.6875,9.5625],"rotation":0,"texture":"#0","tintindex":0},"south":{"uv":[3.3125,9.4375,3.4375,9.5625],"rotation":0,"texture":"#0","tintindex":0},"up":{"uv":[4.4375,9.5625,4.3125,9.4375],"rotation":0,"texture":"#0","tintindex":0},"west":{"uv":[9.4375,4.1875,9.5625,4.3125],"rotation":0,"texture":"#0","tintindex":0}}},{"name":"cube","from":[5.0130897,12.548377,4.378948],"to":[10.18771,14.2025175,7.1535697],"rotation":{"angle":-22.5,"axis":"x","origin":[7.6004,13.795446,6.0662594]},"faces":{"down":{"uv":[6.9375,5.4375,6.3125,5.8125],"rotation":0,"texture":"#0","tintindex":0},"east":{"uv":[7.75,4.0,8.125,4.25],"rotation":0,"texture":"#0","tintindex":0},"north":{"uv":[5.875,1.0,6.5,1.25],"rotation":0,"texture":"#0","tintindex":0},"south":{"uv":[5.0,6.875,5.625,7.125],"rotation":0,"texture":"#0","tintindex":0},"up":{"uv":[6.9375,1.75,6.3125,1.375],"rotation":0,"texture":"#0","tintindex":0},"west":{"uv":[7.75,5.375,8.125,5.625],"rotation":0,"texture":"#0","tintindex":0}}},{"name":"cube","from":[5.6130896,8.295507,3.4597223],"to":[9.58771,10.54965,4.434343],"rotation":{"angle":0.0,"axis":"x","origin":[10.625274,3.7384489,6.287033]},"faces":{"down":{"uv":[8.875,1.1875,8.4375,1.3125],"rotation":0,"texture":"#0","tintindex":0},"east":{"uv":[4.1875,9.0625,4.3125,9.3125],"rotation":0,"texture":"#0","tintindex":0},"north":{"uv":[7.5,0.0,7.9375,0.25],"rotation":0,"texture":"#0","tintindex":0},"south":{"uv":[7.5,0.25,7.9375,0.5],"rotation":0,"texture":"#0","tintindex":0},"up":{"uv":[8.75,7.0,8.3125,6.875],"rotation":0,"texture":"#0","tintindex":0},"west":{"uv":[0.875,9.125,1.0,9.375],"rotation":0,"texture":"#0","tintindex":0}}},{"name":"cube","from":[4.4130898,9.615507,5.319722],"to":[10.78771,11.869651,8.094343],"rotation":{"angle":-22.5,"axis":"x","origin":[8.8004,9.422579,3.9470325]},"faces":{"down":{"uv":[7.125,6.25,6.4375,6.5625],"rotation":0,"texture":"#0","tintindex":0},"east":{"uv":[6.125,3.1875,6.4375,3.4375],"rotation":0,"texture":"#0","tintindex":0},"north":{"uv":[6.6875,4.625,7.375,4.875],"rotation":0,"texture":"#0","tintindex":0},"south":{"uv":[6.6875,5.8125,7.375,6.0625],"rotation":0,"texture":"#0","tintindex":0},"up":{"uv":[7.125,3.875,6.4375,3.5625],"rotation":0,"texture":"#0","tintindex":0},"west":{"uv":[8.0,4.25,8.3125,4.5],"rotation":0,"texture":"#0","tintindex":0}}},{"name":"cube","from":[4.4430895,10.035508,3.939722],"to":[10.75771,12.289649,7.3143435],"rotation":{"angle":0.0,"axis":"x","origin":[9.3704,9.422579,3.9470325]},"faces":{"down":{"uv":[6.6875,5.875,6.0,6.25],"rotation":0,"texture":"#0","tintindex":0},"east":{"uv":[5.125,5.625,5.5,5.875],"rotation":0,"texture":"#0","tintindex":0},"north":{"uv":[6.6875,0.875,7.375,1.125],"rotation":0,"texture":"#0","tintindex":0},"south":{"uv":[6.6875,4.375,7.375,4.625],"rotation":0,"texture":"#0","tintindex":0},"up":{"uv":[6.625,2.3125,5.9375,1.9375],"rotation":0,"texture":"#0","tintindex":0},"west":{"uv":[7.6875,1.0,8.0625,1.25],"rotation":0,"texture":"#0","tintindex":0}}},{"name":"cube","from":[4.7130895,8.055506,7.4797225],"to":[10.487711,11.509649,10.254343],"rotation":{"angle":0.0,"axis":"x","origin":[9.725273,3.7384489,6.287033]},"faces":{"down":{"uv":[7.0625,6.5625,6.4375,6.875],"rotation":0,"texture":"#0","tintindex":0},"east":{"uv":[7.4375,1.625,7.75,2.0],"rotation":0,"texture":"#0","tintindex":0},"north":{"uv":[6.375,5.0,7.0,5.375],"rotation":0,"texture":"#0","tintindex":0},"south":{"uv":[6.4375,3.1875,7.0625,3.5625],"rotation":0,"texture":"#0","tintindex":0},"up":{"uv":[5.75,6.875,5.125,6.5625],"rotation":0,"texture":"#0","tintindex":0},"west":{"uv":[4.5625,7.4375,4.875,7.8125],"rotation":0,"texture":"#0","tintindex":0}}},{"name":"cube","from":[5.1930895,7.4555063,6.0397224],"to":[5.5677104,9.709649,9.414343],"rotation":{"angle":-22.5,"axis":"x","origin":[4.9004,8.2825775,7.967033]},"faces":{"down":{"uv":[4.4375,7.5625,4.375,7.9375],"rotation":0,"texture":"#0","tintindex":0},"east":{"uv":[7.75,5.625,8.125,5.875],"rotation":0,"texture":"#0","tintindex":0},"north":{"uv":[4.8125,7.8125,4.875,8.0625],"rotation":0,"texture":"#0","tintindex":0},"south":{"uv":[7.5625,8.625,7.625,8.875],"rotation":0,"texture":"#0","tintindex":0},"up":{"uv":[1.3125,7.4375,1.25,7.0625],"rotation":0,"texture":"#0","tintindex":0},"west":{"uv":[6.8125,7.75,7.1875,8.0],"rotation":0,"texture":"#0","tintindex":0}}},{"name":"cube","from":[9.633089,7.4555063,6.0397224],"to":[10.00771,9.709649,9.414343],"rotation":{"angle":-22.5,"axis":"x","origin":[10.3004,8.2825775,7.967033]},"faces":{"down":{"uv":[2.75,9.25,2.6875,9.625],"rotation":0,"texture":"#0","tintindex":0},"east":{"uv":[7.8125,3.375,8.1875,3.625],"rotation":0,"texture":"#0","tintindex":0},"north":{"uv":[5.375,9.375,5.4375,9.625],"rotation":0,"texture":"#0","tintindex":0},"south":{"uv":[1.75,9.4375,1.8125,9.6875],"rotation":0,"texture":"#0","tintindex":0},"up":{"uv":[2.75,8.5,2.6875,8.125],"rotation":0,"texture":"#0","tintindex":0},"west":{"uv":[7.8125,6.1875,8.1875,6.4375],"rotation":0,"texture":"#0","tintindex":0}}},{"name":"cube","from":[4.71369,7.5761065,7.7203226],"to":[10.48711,8.629049,9.8937435],"rotation":{"angle":0.0,"axis":"x","origin":[9.725273,3.7384489,6.287033]},"faces":{"down":{"uv":[7.5625,1.375,6.9375,1.625],"rotation":0,"texture":"#0","tintindex":0},"east":{"uv":[7.125,0.75,7.375,0.875],"rotation":0,"texture":"#0","tintindex":0},"north":{"uv":[8.0,5.1875,8.625,5.3125],"rotation":0,"texture":"#0","tintindex":0},"south":{"uv":[7.375,8.0,8.0,8.125],"rotation":0,"texture":"#0","tintindex":0},"up":{"uv":[6.9375,7.125,6.3125,6.875],"rotation":0,"texture":"#0","tintindex":0},"west":{"uv":[7.5,3.6875,7.75,3.8125],"rotation":0,"texture":"#0","tintindex":0}}},{"name":"cube","from":[5.9204817,8.12446,8.403315],"to":[9.280319,12.042137,9.005911],"rotation":{"angle":0.0,"axis":"x","origin":[9.724674,3.7384489,6.287033]},"faces":{"down":{"uv":[9.4375,8.0,9.0625,8.0625],"rotation":0,"texture":"#0","tintindex":0},"east":{"uv":[5.5,9.1875,5.5625,9.625],"rotation":0,"texture":"#0","tintindex":0},"north":{"uv":[2.8125,6.8125,3.1875,7.25],"rotation":0,"texture":"#0","tintindex":0},"south":{"uv":[5.75,6.8125,6.125,7.25],"rotation":0,"texture":"#0","tintindex":0},"up":{"uv":[6.6875,5.875,6.3125,5.8125],"rotation":0,"texture":"#0","tintindex":0},"west":{"uv":[5.5625,9.1875,5.625,9.625],"rotation":0,"texture":"#0","tintindex":0}}},{"name":"cube","from":[5.5208817,7.7210627,7.0143046],"to":[9.679918,9.067515,8.566351],"rotation":{"angle":0.0,"axis":"x","origin":[9.005394,3.7384489,6.287033]},"faces":{"down":{"uv":[8.3125,6.4375,7.875,6.625],"rotation":0,"texture":"#0","tintindex":0},"east":{"uv":[6.8125,9.25,7.0,9.375],"rotation":0,"texture":"#0","tintindex":0},"north":{"uv":[8.4375,5.0625,8.875,5.1875],"rotation":0,"texture":"#0","tintindex":0},"south":{"uv":[8.4375,6.375,8.875,6.5],"rotation":0,"texture":"#0","tintindex":0},"up":{"uv":[4.1875,8.0625,3.75,7.875],"rotation":0,"texture":"#0","tintindex":0},"west":{"uv":[9.25,7.0,9.4375,7.125],"rotation":0,"texture":"#0","tintindex":0}}},{"name":"cube","from":[5.5128894,7.6737094,7.4858327],"to":[9.687911,8.995586,8.494423],"rotation":{"angle":0.0,"axis":"x","origin":[9.005394,3.7384489,6.287033]},"faces":{"down":{"uv":[8.9375,2.375,8.5,2.5],"rotation":0,"texture":"#0","tintindex":0},"east":{"uv":[9.4375,4.4375,9.5625,4.5625],"rotation":0,"texture":"#0","tintindex":0},"north":{"uv":[8.4375,6.5,8.875,6.625],"rotation":0,"texture":"#0","tintindex":0},"south":{"uv":[8.4375,6.625,8.875,6.75],"rotation":0,"texture":"#0","tintindex":0},"up":{"uv":[8.875,6.875,8.4375,6.75],"rotation":0,"texture":"#0","tintindex":0},"west":{"uv":[4.5625,9.4375,4.6875,9.5625],"rotation":0,"texture":"#0","tintindex":0}}},{"name":"cube","from":[5.825217,11.937584,4.4386845],"to":[9.375584,13.082358,7.1834574],"rotation":{"angle":-22.5,"axis":"x","origin":[7.24076,12.14058,5.8110704]},"faces":{"down":{"uv":[7.1875,7.4375,6.8125,7.75],"rotation":0,"texture":"#0","tintindex":0},"east":{"uv":[8.75,3.8125,9.0625,3.9375],"rotation":0,"texture":"#0","tintindex":0},"north":{"uv":[6.6875,3.0625,7.0625,3.1875],"rotation":0,"texture":"#0","tintindex":0},"south":{"uv":[8.5625,7.0,8.9375,7.125],"rotation":0,"texture":"#0","tintindex":0},"up":{"uv":[7.75,6.0625,7.375,5.75],"rotation":0,"texture":"#0","tintindex":0},"west":{"uv":[8.75,5.5625,9.0625,5.6875],"rotation":0,"texture":"#0","tintindex":0}}},{"name":"cube","from":[5.9032984,12.254946,6.1558456],"to":[9.297502,13.723076,8.212747],"rotation":{"angle":22.5,"axis":"x","origin":[7.2008,12.14058,5.8110704]},"faces":{"down":{"uv":[8.1875,7.4375,7.8125,7.6875],"rotation":0,"texture":"#0","tintindex":0},"east":{"uv":[2.5,8.5,2.75,8.6875],"rotation":0,"texture":"#0","tintindex":0},"north":{"uv":[8.0625,3.1875,8.4375,3.375],"rotation":0,"texture":"#0","tintindex":0},"south":{"uv":[8.0625,4.6875,8.4375,4.875],"rotation":0,"texture":"#0","tintindex":0},"up":{"uv":[8.1875,7.25,7.8125,7.0],"rotation":0,"texture":"#0","tintindex":0},"west":{"uv":[0.375,8.5625,0.625,8.75],"rotation":0,"texture":"#0","tintindex":0}}},{"name":"cube","from":[6.0631385,11.924143,7.894453],"to":[9.137661,13.190077,8.664242],"rotation":{"angle":45.0,"axis":"x","origin":[8.15984,12.190996,7.482465]},"faces":{"down":{"uv":[8.375,8.5625,8.0,8.6875],"rotation":0,"texture":"#0","tintindex":0},"east":{"uv":[4.375,9.25,4.5,9.4375],"rotation":0,"texture":"#0","tintindex":0},"north":{"uv":[8.0625,5.0,8.4375,5.1875],"rotation":0,"texture":"#0","tintindex":0},"south":{"uv":[8.125,2.375,8.5,2.5625],"rotation":0,"texture":"#0","tintindex":0},"up":{"uv":[8.9375,7.5625,8.5625,7.4375],"rotation":0,"texture":"#0","tintindex":0},"west":{"uv":[5.8125,9.25,5.9375,9.4375],"rotation":0,"texture":"#0","tintindex":0}}}],"display":{"head":{"translation":[0.0,-6.4,0.0],"rotation":[0.0,0.0,0.0],"scale":[3.8095,3.8095,3.8095]}}}