{"textures":{"0":"modelengine:entity/nocsy_skeleton_necromancer_skin","1":"modelengine:entity/nocsy_skeleton_necromancer_red_flame","2":"modelengine:entity/nocsy_skeleton_necromancer_red_flame_animated","3":"modelengine:entity/nocsy_skeleton_necromancer_lantern","4":"modelengine:entity/nocsy_skeleton_necromancer_lantern_animated"},"elements":[{"name":"cube","from":[7.1002784,-2.0733385,7.906112],"to":[8.900278,8.126662,7.906112],"rotation":{"angle":0.0,"axis":"x","origin":[7.6402783,3.926662,8.266111]},"faces":{"down":{"uv":[0.1875,0.0,0.0,0.0],"rotation":0,"texture":"#0","tintindex":0},"east":{"uv":[0.0,0.0,0.0,1.0625],"rotation":0,"texture":"#0","tintindex":0},"north":{"uv":[1.3125,6.3125,1.5,7.375],"rotation":0,"texture":"#0","tintindex":0},"south":{"uv":[6.5,0.0,6.6875,1.0625],"rotation":0,"texture":"#0","tintindex":0},"up":{"uv":[0.1875,0.0,0.0,0.0],"rotation":0,"texture":"#0","tintindex":0},"west":{"uv":[0.0,0.0,0.0,1.0625],"rotation":0,"texture":"#0","tintindex":0}}},{"name":"cube","from":[7.9826384,-2.0733385,7.0484715],"to":[7.9826384,8.126662,8.848472],"rotation":{"angle":0.0,"axis":"x","origin":[13.022638,3.926662,5.248472]},"faces":{"down":{"uv":[0.0,0.0,0.0,0.1875],"rotation":0,"texture":"#0","tintindex":0},"east":{"uv":[2.4375,6.5,2.625,7.5625],"rotation":0,"texture":"#0","tintindex":0},"north":{"uv":[0.0,0.0,0.0,1.0625],"rotation":0,"texture":"#0","tintindex":0},"south":{"uv":[0.0,0.0,0.0,1.0625],"rotation":0,"texture":"#0","tintindex":0},"up":{"uv":[0.0,0.1875,0.0,0.0],"rotation":0,"texture":"#0","tintindex":0},"west":{"uv":[2.625,6.5,2.8125,7.5625],"rotation":0,"texture":"#0","tintindex":0}}},{"name":"cube","from":[7.5071554,8.455899,6.8084717],"to":[9.907155,8.455899,8.608472],"rotation":{"angle":-45.0,"axis":"x","origin":[8.707155,8.0959,7.948472]},"faces":{"down":{"uv":[0.25,8.625,0.0,8.8125],"rotation":0,"texture":"#0","tintindex":0},"east":{"uv":[0.0,0.0,0.1875,0.0],"rotation":0,"texture":"#0","tintindex":0},"north":{"uv":[0.0,0.0,0.25,0.0],"rotation":0,"texture":"#0","tintindex":0},"south":{"uv":[0.0,0.0,0.25,0.0],"rotation":0,"texture":"#0","tintindex":0},"up":{"uv":[7.0625,8.75,6.8125,8.5625],"rotation":0,"texture":"#0","tintindex":0},"west":{"uv":[0.0,0.0,0.1875,0.0],"rotation":0,"texture":"#0","tintindex":0}}},{"name":"cube","from":[8.767155,8.935899,6.8084717],"to":[11.167155,8.935899,8.608472],"rotation":{"angle":-45.0,"axis":"z","origin":[8.707155,8.0959,7.948472]},"faces":{"down":{"uv":[8.875,3.0625,8.625,3.25],"rotation":0,"texture":"#0","tintindex":0},"east":{"uv":[0.0,0.0,0.1875,0.0],"rotation":0,"texture":"#0","tintindex":0},"north":{"uv":[0.0,0.0,0.25,0.0],"rotation":0,"texture":"#0","tintindex":0},"south":{"uv":[0.0,0.0,0.25,0.0],"rotation":0,"texture":"#0","tintindex":0},"up":{"uv":[3.0,8.8125,2.75,8.625],"rotation":0,"texture":"#0","tintindex":0},"west":{"uv":[0.0,0.0,0.1875,0.0],"rotation":0,"texture":"#0","tintindex":0}}},{"name":"cube","from":[11.03208,3.9589136,6.8084717],"to":[11.03208,6.958914,8.608472],"rotation":{"angle":0.0,"axis":"x","origin":[10.19208,7.7989135,7.7084723]},"faces":{"down":{"uv":[0.0,0.0,0.0,0.1875],"rotation":0,"texture":"#0","tintindex":0},"east":{"uv":[3.5,8.375,3.6875,8.6875],"rotation":0,"texture":"#0","tintindex":0},"north":{"uv":[0.0,0.0,0.0,0.3125],"rotation":0,"texture":"#0","tintindex":0},"south":{"uv":[0.0,0.0,0.0,0.3125],"rotation":0,"texture":"#0","tintindex":0},"up":{"uv":[0.0,0.1875,0.0,0.0],"rotation":0,"texture":"#0","tintindex":0},"west":{"uv":[3.6875,8.375,3.875,8.6875],"rotation":0,"texture":"#0","tintindex":0}}},{"name":"cube","from":[10.432079,2.1589136,7.1684723],"to":[11.632079,3.9589136,8.368471],"rotation":{"angle":0.0,"axis":"x","origin":[10.19208,7.7989135,7.7084723]},"faces":{"down":{"uv":[9.5625,6.1875,9.4375,6.3125],"rotation":0,"texture":"#0","tintindex":0},"east":{"uv":[9.0625,9.25,9.1875,9.4375],"rotation":0,"texture":"#0","tintindex":0},"north":{"uv":[9.25,9.0,9.375,9.1875],"rotation":0,"texture":"#0","tintindex":0},"south":{"uv":[9.1875,9.25,9.3125,9.4375],"rotation":0,"texture":"#0","tintindex":0},"up":{"uv":[9.5625,6.0625,9.4375,5.9375],"rotation":0,"texture":"#0","tintindex":0},"west":{"uv":[0.0,9.3125,0.125,9.5],"rotation":0,"texture":"#0","tintindex":0}}}],"display":{"head":{"translation":[0.0,-6.4,0.0],"rotation":[0.0,0.0,0.0],"scale":[3.8095,3.8095,3.8095]}}}