{"textures":{"0":"modelengine:entity/nocsy_skeleton_necromancer_skin","1":"modelengine:entity/nocsy_skeleton_necromancer_red_flame","2":"modelengine:entity/nocsy_skeleton_necromancer_red_flame_animated","3":"modelengine:entity/nocsy_skeleton_necromancer_lantern","4":"modelengine:entity/nocsy_skeleton_necromancer_lantern_animated"},"elements":[{"name":"cube","from":[6.5382633,6.0165634,8.1998005],"to":[9.461737,8.845731,9.142857],"rotation":{"angle":0.0,"axis":"x","origin":[5.2179847,15.0699005,6.313688]},"faces":{"down":{"uv":[9.0625,8.5625,8.75,8.6875],"rotation":0,"texture":"#0","tintindex":0},"east":{"uv":[8.8125,7.875,8.9375,8.1875],"rotation":0,"texture":"#0","tintindex":0},"north":{"uv":[7.125,2.75,7.4375,3.0625],"rotation":0,"texture":"#0","tintindex":0},"south":{"uv":[7.5,3.375,7.8125,3.6875],"rotation":0,"texture":"#0","tintindex":0},"up":{"uv":[9.0625,7.0,8.75,6.875],"rotation":0,"texture":"#0","tintindex":0},"west":{"uv":[8.25,8.8125,8.375,9.125],"rotation":0,"texture":"#0","tintindex":0}}},{"name":"cube","from":[4.7,6.676563,3.9998],"to":[11.3,8.4765625,9.3998],"rotation":{"angle":0.0,"axis":"x","origin":[9.379722,13.929902,6.313688]},"faces":{"down":{"uv":[5.9375,2.0,5.25,2.5625],"rotation":0,"texture":"#0","tintindex":0},"east":{"uv":[5.25,3.4375,5.8125,3.625],"rotation":0,"texture":"#0","tintindex":0},"north":{"uv":[7.375,4.6875,8.0625,4.875],"rotation":0,"texture":"#0","tintindex":0},"south":{"uv":[7.375,5.0,8.0625,5.1875],"rotation":0,"texture":"#0","tintindex":0},"up":{"uv":[5.8125,4.1875,5.125,3.625],"rotation":0,"texture":"#0","tintindex":0},"west":{"uv":[7.5,0.5,8.0625,0.6875],"rotation":0,"texture":"#0","tintindex":0}}},{"name":"cube","from":[6.7159996,6.676563,3.5197997],"to":[9.115999,9.076563,4.1197996],"rotation":{"angle":-45.0,"axis":"z","origin":[7.916,7.576563,4.2998]},"faces":{"down":{"uv":[7.8125,6.1875,7.5625,6.25],"rotation":0,"texture":"#0","tintindex":0},"east":{"uv":[3.4375,9.4375,3.5,9.6875],"rotation":0,"texture":"#0","tintindex":0},"north":{"uv":[5.75,6.5625,6.0,6.8125],"rotation":0,"texture":"#0","tintindex":0},"south":{"uv":[1.0,7.625,1.25,7.875],"rotation":0,"texture":"#0","tintindex":0},"up":{"uv":[6.6875,3.9375,6.4375,3.875],"rotation":0,"texture":"#0","tintindex":0},"west":{"uv":[4.4375,9.4375,4.5,9.6875],"rotation":0,"texture":"#0","tintindex":0}}},{"name":"cube","from":[6.356,6.376563,3.4597998],"to":[7.076,8.8965645,4.1798],"rotation":{"angle":-45.0,"axis":"z","origin":[7.916,7.336563,4.2998]},"faces":{"down":{"uv":[8.0625,0.9375,8.0,1.0],"rotation":0,"texture":"#0","tintindex":0},"east":{"uv":[9.4375,5.0625,9.5,5.3125],"rotation":0,"texture":"#0","tintindex":0},"north":{"uv":[4.8125,9.4375,4.875,9.6875],"rotation":0,"texture":"#0","tintindex":0},"south":{"uv":[5.1875,9.4375,5.25,9.6875],"rotation":0,"texture":"#0","tintindex":0},"up":{"uv":[7.5625,6.625,7.5,6.5625],"rotation":0,"texture":"#0","tintindex":0},"west":{"uv":[5.25,9.4375,5.3125,9.6875],"rotation":0,"texture":"#0","tintindex":0}}},{"name":"cube","from":[8.93,6.0705633,3.4537997],"to":[9.662001,8.902564,4.1858],"rotation":{"angle":45.0,"axis":"z","origin":[7.916,7.336563,4.2998]},"faces":{"down":{"uv":[8.1875,5.8125,8.125,5.875],"rotation":0,"texture":"#0","tintindex":0},"east":{"uv":[2.375,7.25,2.4375,7.5625],"rotation":0,"texture":"#0","tintindex":0},"north":{"uv":[1.5,6.3125,1.5625,6.625],"rotation":0,"texture":"#0","tintindex":0},"south":{"uv":[0.125,7.75,0.1875,8.0625],"rotation":0,"texture":"#0","tintindex":0},"up":{"uv":[8.125,4.0,8.0625,3.9375],"rotation":0,"texture":"#0","tintindex":0},"west":{"uv":[3.0,8.0,3.0625,8.3125],"rotation":0,"texture":"#0","tintindex":0}}},{"name":"cube","from":[9.056,6.590317,3.4597998],"to":[9.776,9.290318,4.1798],"rotation":{"angle":-45.0,"axis":"z","origin":[7.916,8.150317,4.2998]},"faces":{"down":{"uv":[8.25,7.625,8.1875,7.6875],"rotation":0,"texture":"#0","tintindex":0},"east":{"uv":[9.4375,5.3125,9.5,5.5625],"rotation":0,"texture":"#0","tintindex":0},"north":{"uv":[5.3125,9.4375,5.375,9.6875],"rotation":0,"texture":"#0","tintindex":0},"south":{"uv":[5.8125,9.4375,5.875,9.6875],"rotation":0,"texture":"#0","tintindex":0},"up":{"uv":[8.25,7.25,8.1875,7.1875],"rotation":0,"texture":"#0","tintindex":0},"west":{"uv":[5.875,9.4375,5.9375,9.6875],"rotation":0,"texture":"#0","tintindex":0}}},{"name":"cube","from":[6.29,6.284317,3.4537997],"to":[7.022,9.116317,4.1858],"rotation":{"angle":45.0,"axis":"z","origin":[7.916,8.150317,4.2998]},"faces":{"down":{"uv":[8.625,2.125,8.5625,2.1875],"rotation":0,"texture":"#0","tintindex":0},"east":{"uv":[3.875,8.375,3.9375,8.6875],"rotation":0,"texture":"#0","tintindex":0},"north":{"uv":[5.0625,8.3125,5.125,8.625],"rotation":0,"texture":"#0","tintindex":0},"south":{"uv":[4.75,8.4375,4.8125,8.75],"rotation":0,"texture":"#0","tintindex":0},"up":{"uv":[3.1875,8.375,3.125,8.3125],"rotation":0,"texture":"#0","tintindex":0},"west":{"uv":[6.4375,9.3125,6.5,9.625],"rotation":0,"texture":"#0","tintindex":0}}},{"name":"cube","from":[4.34,8.296563,3.6998],"to":[11.660001,9.016562,9.819799],"rotation":{"angle":0.0,"axis":"x","origin":[9.079721,13.929902,6.313688]},"faces":{"down":{"uv":[4.0,5.0,3.25,5.625],"rotation":0,"texture":"#0","tintindex":0},"east":{"uv":[8.6875,0.125,9.3125,0.1875],"rotation":0,"texture":"#0","tintindex":0},"north":{"uv":[0.875,4.1875,1.625,4.25],"rotation":0,"texture":"#0","tintindex":0},"south":{"uv":[2.5,5.5625,3.25,5.625],"rotation":0,"texture":"#0","tintindex":0},"up":{"uv":[3.25,5.5625,2.5,4.9375],"rotation":0,"texture":"#0","tintindex":0},"west":{"uv":[8.75,1.6875,9.375,1.75],"rotation":0,"texture":"#0","tintindex":0}}},{"name":"cube","from":[4.1,6.676563,4.5998],"to":[11.900001,8.4765625,8.7998],"rotation":{"angle":0.0,"axis":"x","origin":[9.379722,13.929902,6.313688]},"faces":{"down":{"uv":[3.3125,5.625,2.5,6.0625],"rotation":0,"texture":"#0","tintindex":0},"east":{"uv":[7.875,6.625,8.3125,6.8125],"rotation":0,"texture":"#0","tintindex":0},"north":{"uv":[6.9375,5.375,7.75,5.5625],"rotation":0,"texture":"#0","tintindex":0},"south":{"uv":[6.9375,5.5625,7.75,5.75],"rotation":0,"texture":"#0","tintindex":0},"up":{"uv":[6.3125,5.875,5.5,5.4375],"rotation":0,"texture":"#0","tintindex":0},"west":{"uv":[7.9375,0.0,8.375,0.1875],"rotation":0,"texture":"#0","tintindex":0}}},{"name":"cube","from":[3.7399998,8.281564,4.5398],"to":[12.26,9.001564,8.8598],"rotation":{"angle":0.0,"axis":"x","origin":[9.679722,13.929902,6.313688]},"faces":{"down":{"uv":[6.125,3.0,5.25,3.4375],"rotation":0,"texture":"#0","tintindex":0},"east":{"uv":[7.8125,7.25,8.25,7.3125],"rotation":0,"texture":"#0","tintindex":0},"north":{"uv":[8.25,7.375,9.125,7.4375],"rotation":0,"texture":"#0","tintindex":0},"south":{"uv":[8.4375,1.3125,9.3125,1.375],"rotation":0,"texture":"#0","tintindex":0},"up":{"uv":[6.125,3.0,5.25,2.5625],"rotation":0,"texture":"#0","tintindex":0},"west":{"uv":[7.875,6.8125,8.3125,6.875],"rotation":0,"texture":"#0","tintindex":0}}},{"name":"cube","from":[4.3999996,6.496563,3.7598],"to":[11.6,7.0965633,9.7598],"rotation":{"angle":0.0,"axis":"x","origin":[9.079721,13.929902,6.313688]},"faces":{"down":{"uv":[5.75,4.25,5.0,4.875],"rotation":0,"texture":"#0","tintindex":0},"east":{"uv":[8.8125,5.9375,9.4375,6.0],"rotation":0,"texture":"#0","tintindex":0},"north":{"uv":[8.5625,2.8125,9.3125,2.875],"rotation":0,"texture":"#0","tintindex":0},"south":{"uv":[8.5625,3.75,9.3125,3.8125],"rotation":0,"texture":"#0","tintindex":0},"up":{"uv":[4.75,5.625,4.0,5.0],"rotation":0,"texture":"#0","tintindex":0},"west":{"uv":[8.8125,6.0,9.4375,6.0625],"rotation":0,"texture":"#0","tintindex":0}}},{"name":"cube","from":[3.7999997,6.4815636,4.5998],"to":[12.2,7.0815635,8.7998],"rotation":{"angle":0.0,"axis":"x","origin":[9.679722,13.929902,6.313688]},"faces":{"down":{"uv":[6.375,5.0,5.5,5.4375],"rotation":0,"texture":"#0","tintindex":0},"east":{"uv":[8.0,4.5,8.4375,4.5625],"rotation":0,"texture":"#0","tintindex":0},"north":{"uv":[8.5,2.5,9.375,2.5625],"rotation":0,"texture":"#0","tintindex":0},"south":{"uv":[8.5,3.0,9.375,3.0625],"rotation":0,"texture":"#0","tintindex":0},"up":{"uv":[2.5,5.9375,1.625,5.5],"rotation":0,"texture":"#0","tintindex":0},"west":{"uv":[8.0625,2.875,8.5,2.9375],"rotation":0,"texture":"#0","tintindex":0}}},{"name":"cube","from":[4.64272,6.0071325,8.567592],"to":[7.019222,8.855162,9.623816],"rotation":{"angle":-22.5,"axis":"y","origin":[8.0,8.374204,8.1998005]},"faces":{"down":{"uv":[9.3125,6.875,9.0625,7.0],"rotation":0,"texture":"#0","tintindex":0},"east":{"uv":[8.375,8.8125,8.5,9.125],"rotation":0,"texture":"#0","tintindex":0},"north":{"uv":[6.0,8.0,6.25,8.3125],"rotation":0,"texture":"#0","tintindex":0},"south":{"uv":[6.8125,8.0,7.0625,8.3125],"rotation":0,"texture":"#0","tintindex":0},"up":{"uv":[9.3125,5.6875,9.0625,5.5625],"rotation":0,"texture":"#0","tintindex":0},"west":{"uv":[8.5,8.8125,8.625,9.125],"rotation":0,"texture":"#0","tintindex":0}}},{"name":"cube","from":[4.64272,6.0071325,8.567592],"to":[4.654721,8.855162,9.623816],"rotation":{"angle":-22.5,"axis":"y","origin":[8.0,8.374204,8.1998005]},"faces":{"down":{"uv":[0.0,0.0,0.0,0.125],"rotation":0,"texture":"#0","tintindex":0},"east":{"uv":[8.625,8.8125,8.75,9.125],"rotation":0,"texture":"#0","tintindex":0},"north":{"uv":[0.0,0.0,0.0,0.3125],"rotation":0,"texture":"#0","tintindex":0},"south":{"uv":[0.0,0.0,0.0,0.3125],"rotation":0,"texture":"#0","tintindex":0},"up":{"uv":[0.0,0.125,0.0,0.0],"rotation":0,"texture":"#0","tintindex":0},"west":{"uv":[8.75,8.8125,8.875,9.125],"rotation":0,"texture":"#0","tintindex":0}}},{"name":"cube","from":[4.661582,6.0259933,6.7003407],"to":[5.6800823,8.8363,9.510648],"rotation":{"angle":-22.5,"axis":"y","origin":[8.0,8.374204,8.1998005]},"faces":{"down":{"uv":[2.25,8.875,2.125,9.1875],"rotation":0,"texture":"#0","tintindex":0},"east":{"uv":[7.5,6.25,7.8125,6.5625],"rotation":0,"texture":"#0","tintindex":0},"north":{"uv":[8.875,1.375,9.0,1.6875],"rotation":0,"texture":"#0","tintindex":0},"south":{"uv":[1.875,8.875,2.0,9.1875],"rotation":0,"texture":"#0","tintindex":0},"up":{"uv":[2.125,9.1875,2.0,8.875],"rotation":0,"texture":"#0","tintindex":0},"west":{"uv":[7.5,7.0,7.8125,7.3125],"rotation":0,"texture":"#0","tintindex":0}}},{"name":"cube","from":[8.980778,6.0071325,8.567592],"to":[11.35728,8.855162,9.623816],"rotation":{"angle":22.5,"axis":"y","origin":[8.0,8.374204,8.1998005]},"faces":{"down":{"uv":[9.375,0.375,9.125,0.5],"rotation":0,"texture":"#0","tintindex":0},"east":{"uv":[8.875,6.375,9.0,6.6875],"rotation":0,"texture":"#0","tintindex":0},"north":{"uv":[8.0,7.6875,8.25,8.0],"rotation":0,"texture":"#0","tintindex":0},"south":{"uv":[8.0,8.0,8.25,8.3125],"rotation":0,"texture":"#0","tintindex":0},"up":{"uv":[9.3125,8.6875,9.0625,8.5625],"rotation":0,"texture":"#0","tintindex":0},"west":{"uv":[7.5625,8.875,7.6875,9.1875],"rotation":0,"texture":"#0","tintindex":0}}},{"name":"cube","from":[10.319918,6.0259933,6.7003407],"to":[11.338418,8.8363,9.510648],"rotation":{"angle":22.5,"axis":"y","origin":[8.0,8.374204,8.1998005]},"faces":{"down":{"uv":[2.75,8.9375,2.625,9.25],"rotation":0,"texture":"#0","tintindex":0},"east":{"uv":[3.3125,7.5625,3.625,7.875],"rotation":0,"texture":"#0","tintindex":0},"north":{"uv":[8.875,8.6875,9.0,9.0],"rotation":0,"texture":"#0","tintindex":0},"south":{"uv":[2.375,8.9375,2.5,9.25],"rotation":0,"texture":"#0","tintindex":0},"up":{"uv":[2.625,9.25,2.5,8.9375],"rotation":0,"texture":"#0","tintindex":0},"west":{"uv":[3.625,7.5625,3.9375,7.875],"rotation":0,"texture":"#0","tintindex":0}}},{"name":"cube","from":[9.1507015,6.7804384,4.8354363],"to":[10.169201,8.270468,6.8912983],"rotation":{"angle":45.0,"axis":"y","origin":[9.47134,7.0539246,5.3446865]},"faces":{"down":{"uv":[9.375,7.5,9.25,7.6875],"rotation":0,"texture":"#0","tintindex":0},"east":{"uv":[9.0,4.5625,9.1875,4.75],"rotation":0,"texture":"#0","tintindex":0},"north":{"uv":[9.25,7.125,9.375,7.3125],"rotation":0,"texture":"#0","tintindex":0},"south":{"uv":[9.25,7.3125,9.375,7.5],"rotation":0,"texture":"#0","tintindex":0},"up":{"uv":[7.5625,9.4375,7.4375,9.25],"rotation":0,"texture":"#0","tintindex":0},"west":{"uv":[9.0,4.75,9.1875,4.9375],"rotation":0,"texture":"#0","tintindex":0}}},{"name":"cube","from":[9.527924,6.4032164,4.363909],"to":[10.169201,7.1387997,6.1368537],"rotation":{"angle":22.5,"axis":"y","origin":[9.47134,7.0539246,5.3446865]},"faces":{"down":{"uv":[7.0,9.5,6.9375,9.6875],"rotation":0,"texture":"#0","tintindex":0},"east":{"uv":[5.75,1.9375,5.9375,2.0],"rotation":0,"texture":"#0","tintindex":0},"north":{"uv":[8.5625,5.9375,8.625,6.0],"rotation":0,"texture":"#0","tintindex":0},"south":{"uv":[8.5625,7.125,8.625,7.1875],"rotation":0,"texture":"#0","tintindex":0},"up":{"uv":[6.9375,9.6875,6.875,9.5],"rotation":0,"texture":"#0","tintindex":0},"west":{"uv":[6.5,1.0625,6.6875,1.125],"rotation":0,"texture":"#0","tintindex":0}}},{"name":"cube","from":[5.830798,6.7804384,4.8354363],"to":[6.8492985,8.270468,6.8912983],"rotation":{"angle":-45.0,"axis":"y","origin":[6.52866,7.0539246,5.3446865]},"faces":{"down":{"uv":[9.375,8.8125,9.25,9.0],"rotation":0,"texture":"#0","tintindex":0},"east":{"uv":[9.0,5.1875,9.1875,5.375],"rotation":0,"texture":"#0","tintindex":0},"north":{"uv":[9.25,7.6875,9.375,7.875],"rotation":0,"texture":"#0","tintindex":0},"south":{"uv":[8.125,9.25,8.25,9.4375],"rotation":0,"texture":"#0","tintindex":0},"up":{"uv":[9.375,8.5,9.25,8.3125],"rotation":0,"texture":"#0","tintindex":0},"west":{"uv":[9.0,5.375,9.1875,5.5625],"rotation":0,"texture":"#0","tintindex":0}}},{"name":"cube","from":[5.830798,6.4032164,4.363909],"to":[6.4720764,7.1387997,6.1368537],"rotation":{"angle":-22.5,"axis":"y","origin":[6.52866,7.0539246,5.3446865]},"faces":{"down":{"uv":[7.1875,9.5,7.125,9.6875],"rotation":0,"texture":"#0","tintindex":0},"east":{"uv":[1.3125,7.375,1.5,7.4375],"rotation":0,"texture":"#0","tintindex":0},"north":{"uv":[8.5625,7.5625,8.625,7.625],"rotation":0,"texture":"#0","tintindex":0},"south":{"uv":[0.8125,9.0625,0.875,9.125],"rotation":0,"texture":"#0","tintindex":0},"up":{"uv":[7.125,9.6875,7.0625,9.5],"rotation":0,"texture":"#0","tintindex":0},"west":{"uv":[7.5,0.6875,7.6875,0.75],"rotation":0,"texture":"#0","tintindex":0}}}],"display":{"head":{"translation":[0.0,-6.4,0.0],"rotation":[0.0,0.0,0.0],"scale":[3.8095,3.8095,3.8095]}}}