{"textures":{"0":"modelengine:entity/nocsy_skeleton_necromancer_skin","1":"modelengine:entity/nocsy_skeleton_necromancer_red_flame","2":"modelengine:entity/nocsy_skeleton_necromancer_red_flame_animated","3":"modelengine:entity/nocsy_skeleton_necromancer_lantern","4":"modelengine:entity/nocsy_skeleton_necromancer_lantern_animated"},"elements":[{"name":"cube","from":[6.3209963,6.446,6.407505],"to":[9.560996,7.8859997,9.647505],"rotation":{"angle":0.0,"axis":"x","origin":[7.745096,5.0550675,8.417498]},"faces":{"down":{"uv":[2.25,7.0625,1.875,7.4375],"rotation":0,"texture":"#0","tintindex":0},"east":{"uv":[8.1875,3.375,8.5625,3.5625],"rotation":0,"texture":"#0","tintindex":0},"north":{"uv":[8.1875,1.75,8.5625,1.9375],"rotation":0,"texture":"#0","tintindex":0},"south":{"uv":[8.1875,5.8125,8.5625,6.0],"rotation":0,"texture":"#0","tintindex":0},"up":{"uv":[7.4375,2.0,7.0625,1.625],"rotation":0,"texture":"#0","tintindex":0},"west":{"uv":[8.1875,6.1875,8.5625,6.375],"rotation":0,"texture":"#0","tintindex":0}}},{"name":"cube","from":[6.140996,6.266,6.2275047],"to":[9.740995,7.4659996,9.827505],"rotation":{"angle":0.0,"axis":"x","origin":[7.745096,5.0550675,8.417498]},"faces":{"down":{"uv":[1.875,7.0625,1.5,7.4375],"rotation":0,"texture":"#0","tintindex":0},"east":{"uv":[8.625,4.4375,9.0,4.5625],"rotation":0,"texture":"#0","tintindex":0},"north":{"uv":[8.625,3.25,9.0,3.375],"rotation":0,"texture":"#0","tintindex":0},"south":{"uv":[8.625,4.5625,9.0,4.6875],"rotation":0,"texture":"#0","tintindex":0},"up":{"uv":[7.375,5.375,7.0,5.0],"rotation":0,"texture":"#0","tintindex":0},"west":{"uv":[8.625,4.6875,9.0,4.8125],"rotation":0,"texture":"#0","tintindex":0}}},{"name":"cube","from":[6.5309954,3.1759999,6.3775043],"to":[7.430996,6.476,7.277505],"rotation":{"angle":0.0,"axis":"x","origin":[7.745096,5.0550675,8.417498]},"faces":{"down":{"uv":[9.5625,7.875,9.4375,8.0],"rotation":0,"texture":"#0","tintindex":0},"east":{"uv":[5.5625,8.625,5.6875,9.0],"rotation":0,"texture":"#0","tintindex":0},"north":{"uv":[5.4375,8.625,5.5625,9.0],"rotation":0,"texture":"#0","tintindex":0},"south":{"uv":[5.6875,8.625,5.8125,9.0],"rotation":0,"texture":"#0","tintindex":0},"up":{"uv":[7.5625,9.5625,7.4375,9.4375],"rotation":0,"texture":"#0","tintindex":0},"west":{"uv":[5.8125,8.625,5.9375,9.0],"rotation":0,"texture":"#0","tintindex":0}}},{"name":"cube","from":[8.690996,3.1759999,8.657505],"to":[9.590996,6.476,9.557505],"rotation":{"angle":0.0,"axis":"x","origin":[7.745096,5.0550675,8.417498]},"faces":{"down":{"uv":[8.25,9.4375,8.125,9.5625],"rotation":0,"texture":"#0","tintindex":0},"east":{"uv":[7.1875,8.625,7.3125,9.0],"rotation":0,"texture":"#0","tintindex":0},"north":{"uv":[7.0625,8.625,7.1875,9.0],"rotation":0,"texture":"#0","tintindex":0},"south":{"uv":[7.3125,8.625,7.4375,9.0],"rotation":0,"texture":"#0","tintindex":0},"up":{"uv":[9.5625,8.125,9.4375,8.0],"rotation":0,"texture":"#0","tintindex":0},"west":{"uv":[7.4375,8.625,7.5625,9.0],"rotation":0,"texture":"#0","tintindex":0}}},{"name":"cube","from":[6.4109955,3.1759999,8.657505],"to":[7.310996,6.476,9.557505],"rotation":{"angle":0.0,"axis":"x","origin":[7.745096,5.0550675,8.417498]},"faces":{"down":{"uv":[9.5625,8.5625,9.4375,8.6875],"rotation":0,"texture":"#0","tintindex":0},"east":{"uv":[1.625,8.6875,1.75,9.0625],"rotation":0,"texture":"#0","tintindex":0},"north":{"uv":[1.5,8.6875,1.625,9.0625],"rotation":0,"texture":"#0","tintindex":0},"south":{"uv":[1.75,8.6875,1.875,9.0625],"rotation":0,"texture":"#0","tintindex":0},"up":{"uv":[9.5625,8.5625,9.4375,8.4375],"rotation":0,"texture":"#0","tintindex":0},"west":{"uv":[2.25,8.6875,2.375,9.0625],"rotation":0,"texture":"#0","tintindex":0}}},{"name":"cube","from":[8.690996,3.1759999,6.3775043],"to":[9.590996,6.476,7.277505],"rotation":{"angle":0.0,"axis":"x","origin":[7.745096,5.0550675,8.417498]},"faces":{"down":{"uv":[9.5625,7.0,9.4375,7.125],"rotation":0,"texture":"#0","tintindex":0},"east":{"uv":[7.625,8.5,7.75,8.875],"rotation":0,"texture":"#0","tintindex":0},"north":{"uv":[2.125,8.5,2.25,8.875],"rotation":0,"texture":"#0","tintindex":0},"south":{"uv":[4.375,8.5625,4.5,8.9375],"rotation":0,"texture":"#0","tintindex":0},"up":{"uv":[9.5625,6.6875,9.4375,6.5625],"rotation":0,"texture":"#0","tintindex":0},"west":{"uv":[1.375,8.625,1.5,9.0],"rotation":0,"texture":"#0","tintindex":0}}},{"name":"cube","from":[6.2260303,2.126,8.0524845],"to":[9.82603,6.9259996,8.0524845],"rotation":{"angle":0.0,"axis":"x","origin":[17.46193,5.0550675,7.362492]},"faces":{"down":{"uv":[6.0,0.0,0.0,0.0],"rotation":0,"texture":"#4","tintindex":0},"east":{"uv":[0.0,0.0,0.0,8.0],"rotation":0,"texture":"#4","tintindex":0},"north":{"uv":[0.0,8.0,6.0,16.0],"rotation":0,"texture":"#4","tintindex":0},"south":{"uv":[0.0,8.0,6.0,16.0],"rotation":0,"texture":"#4","tintindex":0},"up":{"uv":[6.0,0.0,0.0,0.0],"rotation":0,"texture":"#4","tintindex":0},"west":{"uv":[0.0,0.0,0.0,8.0],"rotation":0,"texture":"#4","tintindex":0}}},{"name":"cube","from":[8.086002,2.126,6.1674776],"to":[8.086002,6.9259996,9.767477],"rotation":{"angle":0.0,"axis":"x","origin":[12.076011,5.0550675,3.0315776]},"faces":{"down":{"uv":[0.0,0.0,0.0,6.0],"rotation":0,"texture":"#4","tintindex":0},"east":{"uv":[0.0,0.0,6.0,8.0],"rotation":0,"texture":"#4","tintindex":0},"north":{"uv":[0.0,0.0,0.0,8.0],"rotation":0,"texture":"#4","tintindex":0},"south":{"uv":[0.0,0.0,0.0,8.0],"rotation":0,"texture":"#4","tintindex":0},"up":{"uv":[0.0,6.0,0.0,0.0],"rotation":0,"texture":"#4","tintindex":0},"west":{"uv":[6.0,0.0,0.0,8.0],"rotation":0,"texture":"#4","tintindex":0}}},{"name":"cube","from":[6.140996,2.126,6.2275047],"to":[9.740995,3.3259997,9.827505],"rotation":{"angle":0.0,"axis":"x","origin":[7.745096,5.0550675,8.417498]},"faces":{"down":{"uv":[7.5,0.0,7.125,0.375],"rotation":0,"texture":"#0","tintindex":0},"east":{"uv":[8.625,4.9375,9.0,5.0625],"rotation":0,"texture":"#0","tintindex":0},"north":{"uv":[8.625,4.8125,9.0,4.9375],"rotation":0,"texture":"#0","tintindex":0},"south":{"uv":[5.0625,8.625,5.4375,8.75],"rotation":0,"texture":"#0","tintindex":0},"up":{"uv":[4.9375,7.4375,4.5625,7.0625],"rotation":0,"texture":"#0","tintindex":0},"west":{"uv":[8.625,5.1875,9.0,5.3125],"rotation":0,"texture":"#0","tintindex":0}}},{"name":"cube","from":[6.3209963,1.7659996,6.407505],"to":[9.560996,3.2059996,9.647505],"rotation":{"angle":0.0,"axis":"x","origin":[7.745096,5.0550675,8.417498]},"faces":{"down":{"uv":[7.4375,3.875,7.0625,4.25],"rotation":0,"texture":"#0","tintindex":0},"east":{"uv":[8.1875,7.4375,8.5625,7.625],"rotation":0,"texture":"#0","tintindex":0},"north":{"uv":[8.1875,7.0,8.5625,7.1875],"rotation":0,"texture":"#0","tintindex":0},"south":{"uv":[8.25,7.1875,8.625,7.375],"rotation":0,"texture":"#0","tintindex":0},"up":{"uv":[7.4375,3.4375,7.0625,3.0625],"rotation":0,"texture":"#0","tintindex":0},"west":{"uv":[8.25,7.625,8.625,7.8125],"rotation":0,"texture":"#0","tintindex":0}}}],"display":{"head":{"translation":[0.0,-6.4,0.0],"rotation":[0.0,0.0,0.0],"scale":[3.8095,3.8095,3.8095]}}}