{"textures":{"0":"modelengine:entity/nocsy_skeleton_necromancer_skin","1":"modelengine:entity/nocsy_skeleton_necromancer_red_flame","2":"modelengine:entity/nocsy_skeleton_necromancer_red_flame_animated","3":"modelengine:entity/nocsy_skeleton_necromancer_lantern","4":"modelengine:entity/nocsy_skeleton_necromancer_lantern_animated"},"elements":[{"name":"cube","from":[7.8258886,2.143621,7.1889715],"to":[8.598911,8.009431,8.6224165],"rotation":{"angle":0.0,"axis":"x","origin":[10.546251,13.846947,8.0]},"faces":{"down":{"uv":[5.75,7.125,5.6875,7.25],"rotation":0,"texture":"#0","tintindex":0},"east":{"uv":[7.0625,8.0,7.1875,8.625],"rotation":0,"texture":"#0","tintindex":0},"north":{"uv":[4.3125,8.75,4.375,9.375],"rotation":0,"texture":"#0","tintindex":0},"south":{"uv":[6.1875,8.8125,6.25,9.4375],"rotation":0,"texture":"#0","tintindex":0},"up":{"uv":[7.125,3.5625,7.0625,3.4375],"rotation":0,"texture":"#0","tintindex":0},"west":{"uv":[8.0625,1.375,8.1875,2.0],"rotation":0,"texture":"#0","tintindex":0}}},{"name":"cube","from":[6.905488,2.143621,7.1889715],"to":[7.5369115,8.009431,8.6224165],"rotation":{"angle":0.0,"axis":"x","origin":[10.546251,13.846947,8.0]},"faces":{"down":{"uv":[0.75,7.6875,0.6875,7.8125],"rotation":0,"texture":"#0","tintindex":0},"east":{"uv":[1.5,8.0625,1.625,8.6875],"rotation":0,"texture":"#0","tintindex":0},"north":{"uv":[7.6875,8.875,7.75,9.5],"rotation":0,"texture":"#0","tintindex":0},"south":{"uv":[0.625,8.9375,0.6875,9.5625],"rotation":0,"texture":"#0","tintindex":0},"up":{"uv":[2.8125,7.6875,2.75,7.5625],"rotation":0,"texture":"#0","tintindex":0},"west":{"uv":[1.625,8.0625,1.75,8.6875],"rotation":0,"texture":"#0","tintindex":0}}},{"name":"cube","from":[6.777345,6.602684,6.734502],"to":[9.013096,8.838434,8.875948],"rotation":{"angle":0.0,"axis":"x","origin":[8.188611,6.6325684,7.9056945]},"faces":{"down":{"uv":[7.0625,8.3125,6.8125,8.5625],"rotation":0,"texture":"#0","tintindex":0},"east":{"uv":[8.3125,1.9375,8.5625,2.1875],"rotation":0,"texture":"#0","tintindex":0},"north":{"uv":[8.3125,0.9375,8.5625,1.1875],"rotation":0,"texture":"#0","tintindex":0},"south":{"uv":[8.3125,3.5625,8.5625,3.8125],"rotation":0,"texture":"#0","tintindex":0},"up":{"uv":[8.5625,5.5625,8.3125,5.3125],"rotation":0,"texture":"#0","tintindex":0},"west":{"uv":[8.3125,4.1875,8.5625,4.4375],"rotation":0,"texture":"#0","tintindex":0}}},{"name":"cube","from":[6.577567,-0.31926465,6.511816],"to":[8.179103,2.3324587,9.426085],"rotation":{"angle":0.0,"axis":"x","origin":[11.513448,18.597233,8.034588]},"faces":{"down":{"uv":[8.625,4.4375,8.4375,4.75],"rotation":0,"texture":"#0","tintindex":0},"east":{"uv":[8.0625,0.4375,8.375,0.6875],"rotation":0,"texture":"#0","tintindex":0},"north":{"uv":[8.625,5.9375,8.8125,6.1875],"rotation":0,"texture":"#0","tintindex":0},"south":{"uv":[8.625,7.125,8.8125,7.375],"rotation":0,"texture":"#0","tintindex":0},"up":{"uv":[8.625,3.375,8.4375,3.0625],"rotation":0,"texture":"#0","tintindex":0},"west":{"uv":[8.0625,2.625,8.375,2.875],"rotation":0,"texture":"#0","tintindex":0}}},{"name":"cube","from":[7.1062937,-1.2719979,6.4461794],"to":[8.445283,0.8546314,7.194438],"rotation":{"angle":22.5,"axis":"z","origin":[8.092737,-1.5422397,7.952542]},"faces":{"down":{"uv":[7.375,1.125,7.25,1.1875],"rotation":0,"texture":"#0","tintindex":0},"east":{"uv":[6.1875,9.4375,6.25,9.6875],"rotation":0,"texture":"#0","tintindex":0},"north":{"uv":[3.5,9.125,3.625,9.375],"rotation":0,"texture":"#0","tintindex":0},"south":{"uv":[3.875,9.125,4.0,9.375],"rotation":0,"texture":"#0","tintindex":0},"up":{"uv":[6.4375,6.875,6.3125,6.8125],"rotation":0,"texture":"#0","tintindex":0},"west":{"uv":[8.875,9.4375,8.9375,9.6875],"rotation":0,"texture":"#0","tintindex":0}}},{"name":"cube","from":[0.46758723,-0.6931281,6.59058],"to":[2.3054147,0.35705853,7.115674],"rotation":{"angle":-22.5,"axis":"z","origin":[1.7031646,-17.555584,7.952542]},"faces":{"down":{"uv":[7.1875,9.5,7.25,9.6875],"rotation":270,"texture":"#0","tintindex":0},"east":{"uv":[8.0625,0.4375,7.9375,0.5],"rotation":270,"texture":"#0","tintindex":0},"north":{"uv":[9.3125,0.0,9.4375,0.1875],"rotation":90,"texture":"#0","tintindex":0},"south":{"uv":[9.3125,0.1875,9.4375,0.375],"rotation":270,"texture":"#0","tintindex":0},"up":{"uv":[9.5,7.125,9.5625,7.3125],"rotation":270,"texture":"#0","tintindex":0},"west":{"uv":[6.125,7.6875,6.0,7.625],"rotation":270,"texture":"#0","tintindex":0}}},{"name":"cube","from":[13.7671795,-5.7425594,6.6562166],"to":[15.473734,-4.8236456,7.0500374],"rotation":{"angle":22.5,"axis":"z","origin":[1.7031646,-17.555584,7.952542]},"faces":{"down":{"uv":[7.3125,9.5,7.375,9.6875],"rotation":270,"texture":"#0","tintindex":0},"east":{"uv":[8.3125,1.9375,8.1875,2.0],"rotation":270,"texture":"#0","tintindex":0},"north":{"uv":[9.3125,0.5,9.4375,0.6875],"rotation":90,"texture":"#0","tintindex":0},"south":{"uv":[0.6875,9.3125,0.8125,9.5],"rotation":270,"texture":"#0","tintindex":0},"up":{"uv":[7.25,9.5,7.3125,9.6875],"rotation":270,"texture":"#0","tintindex":0},"west":{"uv":[8.125,5.375,8.0,5.3125],"rotation":270,"texture":"#0","tintindex":0}}},{"name":"cube","from":[0.46758723,-0.6931281,8.723773],"to":[2.3054147,0.35705853,9.347322],"rotation":{"angle":-22.5,"axis":"z","origin":[1.7031646,-17.555584,7.952542]},"faces":{"down":{"uv":[7.375,9.5,7.4375,9.6875],"rotation":270,"texture":"#0","tintindex":0},"east":{"uv":[8.3125,6.0,8.1875,6.0625],"rotation":270,"texture":"#0","tintindex":0},"north":{"uv":[9.3125,0.6875,9.4375,0.875],"rotation":90,"texture":"#0","tintindex":0},"south":{"uv":[9.3125,0.875,9.4375,1.0625],"rotation":270,"texture":"#0","tintindex":0},"up":{"uv":[9.5,7.3125,9.5625,7.5],"rotation":270,"texture":"#0","tintindex":0},"west":{"uv":[8.3125,3.625,8.1875,3.5625],"rotation":270,"texture":"#0","tintindex":0}}},{"name":"cube","from":[13.980683,-5.818739,7.804859],"to":[15.424691,-5.0310993,8.165861],"rotation":{"angle":22.5,"axis":"z","origin":[1.7031646,-17.555584,7.952542]},"faces":{"down":{"uv":[7.5625,9.5,7.625,9.6875],"rotation":270,"texture":"#0","tintindex":0},"east":{"uv":[8.4375,1.1875,8.3125,1.25],"rotation":270,"texture":"#0","tintindex":0},"north":{"uv":[9.3125,1.3125,9.4375,1.5],"rotation":90,"texture":"#0","tintindex":0},"south":{"uv":[9.3125,1.75,9.4375,1.9375],"rotation":270,"texture":"#0","tintindex":0},"up":{"uv":[9.5,7.5,9.5625,7.6875],"rotation":270,"texture":"#0","tintindex":0},"west":{"uv":[8.3125,6.4375,8.1875,6.375],"rotation":270,"texture":"#0","tintindex":0}}},{"name":"cube","from":[13.980683,-5.818739,8.855046],"to":[15.424691,-5.0310993,9.216048],"rotation":{"angle":22.5,"axis":"z","origin":[1.7031646,-17.555584,7.952542]},"faces":{"down":{"uv":[7.6875,9.5,7.75,9.6875],"rotation":270,"texture":"#0","tintindex":0},"east":{"uv":[6.8125,9.0,6.6875,9.0625],"rotation":270,"texture":"#0","tintindex":0},"north":{"uv":[9.3125,1.9375,9.4375,2.125],"rotation":90,"texture":"#0","tintindex":0},"south":{"uv":[9.3125,2.125,9.4375,2.3125],"rotation":270,"texture":"#0","tintindex":0},"up":{"uv":[7.625,9.5,7.6875,9.6875],"rotation":270,"texture":"#0","tintindex":0},"west":{"uv":[8.4375,4.5,8.3125,4.4375],"rotation":270,"texture":"#0","tintindex":0}}},{"name":"cube","from":[0.46758723,-0.6931281,7.673586],"to":[2.3054147,0.35705853,8.297134],"rotation":{"angle":-22.5,"axis":"z","origin":[1.7031646,-17.555584,7.952542]},"faces":{"down":{"uv":[7.75,9.5,7.8125,9.6875],"rotation":270,"texture":"#0","tintindex":0},"east":{"uv":[9.3125,2.25,9.1875,2.3125],"rotation":270,"texture":"#0","tintindex":0},"north":{"uv":[2.25,9.3125,2.375,9.5],"rotation":90,"texture":"#0","tintindex":0},"south":{"uv":[2.75,9.3125,2.875,9.5],"rotation":270,"texture":"#0","tintindex":0},"up":{"uv":[9.5,7.6875,9.5625,7.875],"rotation":270,"texture":"#0","tintindex":0},"west":{"uv":[9.25,7.4375,9.125,7.375],"rotation":270,"texture":"#0","tintindex":0}}},{"name":"cube","from":[8.940489,-0.31926465,6.3805428],"to":[9.885657,1.8073648,7.7195315],"rotation":{"angle":22.5,"axis":"z","origin":[9.150526,0.74405074,7.0500374]},"faces":{"down":{"uv":[9.1875,9.4375,9.0625,9.5625],"rotation":0,"texture":"#0","tintindex":0},"east":{"uv":[4.75,9.125,4.875,9.375],"rotation":0,"texture":"#0","tintindex":0},"north":{"uv":[4.0,9.125,4.125,9.375],"rotation":0,"texture":"#0","tintindex":0},"south":{"uv":[4.875,9.125,5.0,9.375],"rotation":0,"texture":"#0","tintindex":0},"up":{"uv":[9.0625,9.5625,8.9375,9.4375],"rotation":0,"texture":"#0","tintindex":0},"west":{"uv":[5.9375,9.125,6.0625,9.375],"rotation":0,"texture":"#0","tintindex":0}}},{"name":"cube","from":[9.47871,-1.6188707,6.5249434],"to":[10.1350765,0.21895695,7.5751305],"rotation":{"angle":0.0,"axis":"x","origin":[9.150526,0.74405074,7.0500374]},"faces":{"down":{"uv":[7.875,6.4375,7.8125,6.5625],"rotation":0,"texture":"#0","tintindex":0},"east":{"uv":[2.875,9.3125,3.0,9.5],"rotation":0,"texture":"#0","tintindex":0},"north":{"uv":[7.8125,9.5,7.875,9.6875],"rotation":0,"texture":"#0","tintindex":0},"south":{"uv":[7.875,9.5,7.9375,9.6875],"rotation":0,"texture":"#0","tintindex":0},"up":{"uv":[7.75,2.75,7.6875,2.625],"rotation":0,"texture":"#0","tintindex":0},"west":{"uv":[3.0,9.3125,3.125,9.5],"rotation":0,"texture":"#0","tintindex":0}}},{"name":"cube","from":[10.003803,-2.1439643,6.6562166],"to":[10.397623,-1.487597,7.4438577],"rotation":{"angle":-22.5,"axis":"z","origin":[9.806892,-0.6999569,7.0500374]},"faces":{"down":{"uv":[3.9375,9.0,3.875,9.125],"rotation":0,"texture":"#0","tintindex":0},"east":{"uv":[0.6875,9.625,0.8125,9.6875],"rotation":0,"texture":"#0","tintindex":0},"north":{"uv":[4.75,9.0625,4.8125,9.125],"rotation":0,"texture":"#0","tintindex":0},"south":{"uv":[6.625,9.1875,6.6875,9.25],"rotation":0,"texture":"#0","tintindex":0},"up":{"uv":[8.4375,3.1875,8.375,3.0625],"rotation":0,"texture":"#0","tintindex":0},"west":{"uv":[0.875,9.625,1.0,9.6875],"rotation":0,"texture":"#0","tintindex":0}}},{"name":"cube","from":[7.1062937,-1.2719979,7.5620036],"to":[8.445283,0.8546314,8.375898],"rotation":{"angle":22.5,"axis":"z","origin":[8.092737,-1.5422397,7.952542]},"faces":{"down":{"uv":[2.5625,9.625,2.4375,9.6875],"rotation":0,"texture":"#0","tintindex":0},"east":{"uv":[9.1875,9.4375,9.25,9.6875],"rotation":0,"texture":"#0","tintindex":0},"north":{"uv":[6.0625,9.125,6.1875,9.375],"rotation":0,"texture":"#0","tintindex":0},"south":{"uv":[9.125,7.125,9.25,7.375],"rotation":0,"texture":"#0","tintindex":0},"up":{"uv":[2.375,9.6875,2.25,9.625],"rotation":0,"texture":"#0","tintindex":0},"west":{"uv":[9.25,9.4375,9.3125,9.6875],"rotation":0,"texture":"#0","tintindex":0}}},{"name":"cube","from":[7.1062937,-1.2719979,8.61219],"to":[8.445283,0.8546314,9.458904],"rotation":{"angle":22.5,"axis":"z","origin":[8.092737,-1.5422397,7.952542]},"faces":{"down":{"uv":[3.125,9.625,3.0,9.6875],"rotation":0,"texture":"#0","tintindex":0},"east":{"uv":[9.4375,9.375,9.5,9.625],"rotation":0,"texture":"#0","tintindex":0},"north":{"uv":[8.25,9.125,8.375,9.375],"rotation":0,"texture":"#0","tintindex":0},"south":{"uv":[8.375,9.125,8.5,9.375],"rotation":0,"texture":"#0","tintindex":0},"up":{"uv":[3.0,9.6875,2.875,9.625],"rotation":0,"texture":"#0","tintindex":0},"west":{"uv":[0.0,9.5,0.0625,9.75],"rotation":0,"texture":"#0","tintindex":0}}},{"name":"cube","from":[6.656331,1.0722346,6.59058],"to":[9.413073,2.253694,9.3473215],"rotation":{"angle":0.0,"axis":"x","origin":[11.513448,18.597233,8.034588]},"faces":{"down":{"uv":[8.0,0.6875,7.6875,1.0],"rotation":0,"texture":"#0","tintindex":0},"east":{"uv":[8.8125,7.125,9.125,7.25],"rotation":0,"texture":"#0","tintindex":0},"north":{"uv":[8.8125,6.0625,9.125,6.1875],"rotation":0,"texture":"#0","tintindex":0},"south":{"uv":[8.8125,7.25,9.125,7.375],"rotation":0,"texture":"#0","tintindex":0},"up":{"uv":[0.6875,7.9375,0.375,7.625],"rotation":0,"texture":"#0","tintindex":0},"west":{"uv":[8.8125,8.1875,9.125,8.3125],"rotation":0,"texture":"#0","tintindex":0}}},{"name":"cube","from":[6.050335,2.143621,6.1089716],"to":[9.662334,5.755621,9.720972],"rotation":{"angle":0.0,"axis":"x","origin":[15.622995,13.846947,8.0]},"faces":{"down":{"uv":[5.6875,7.125,5.3125,7.5],"rotation":0,"texture":"#0","tintindex":0},"east":{"uv":[7.125,2.0,7.5,2.375],"rotation":0,"texture":"#0","tintindex":0},"north":{"uv":[7.125,0.375,7.5,0.75],"rotation":0,"texture":"#0","tintindex":0},"south":{"uv":[7.125,2.375,7.5,2.75],"rotation":0,"texture":"#0","tintindex":0},"up":{"uv":[5.3125,7.5,4.9375,7.125],"rotation":0,"texture":"#0","tintindex":0},"west":{"uv":[7.125,3.4375,7.5,3.8125],"rotation":0,"texture":"#0","tintindex":0}}},{"name":"cube","from":[5.696335,1.9696214,5.6949716],"to":[9.896336,3.1696215,9.894972],"rotation":{"angle":0.0,"axis":"x","origin":[15.622995,13.846947,8.0]},"faces":{"down":{"uv":[7.0625,1.75,6.625,2.1875],"rotation":0,"texture":"#0","tintindex":0},"east":{"uv":[8.5625,1.0625,9.0,1.1875],"rotation":0,"texture":"#0","tintindex":0},"north":{"uv":[8.5625,0.9375,9.0,1.0625],"rotation":0,"texture":"#0","tintindex":0},"south":{"uv":[8.5625,1.75,9.0,1.875],"rotation":0,"texture":"#0","tintindex":0},"up":{"uv":[1.9375,7.0625,1.5,6.625],"rotation":0,"texture":"#0","tintindex":0},"west":{"uv":[8.5625,1.875,9.0,2.0],"rotation":0,"texture":"#0","tintindex":0}}},{"name":"cube","from":[5.696335,4.729622,5.6949716],"to":[9.896336,5.9296217,9.894972],"rotation":{"angle":0.0,"axis":"x","origin":[15.622995,13.846947,8.0]},"faces":{"down":{"uv":[5.0,6.625,4.5625,7.0625],"rotation":0,"texture":"#0","tintindex":0},"east":{"uv":[8.5625,2.5625,9.0,2.6875],"rotation":0,"texture":"#0","tintindex":0},"north":{"uv":[8.5625,2.0,9.0,2.125],"rotation":0,"texture":"#0","tintindex":0},"south":{"uv":[8.5625,2.6875,9.0,2.8125],"rotation":0,"texture":"#0","tintindex":0},"up":{"uv":[2.375,7.0625,1.9375,6.625],"rotation":0,"texture":"#0","tintindex":0},"west":{"uv":[8.5625,3.375,9.0,3.5],"rotation":0,"texture":"#0","tintindex":0}}}],"display":{"head":{"translation":[0.0,-6.4,0.0],"rotation":[0.0,0.0,0.0],"scale":[3.8095,3.8095,3.8095]}}}