{"textures":{"0":"modelengine:entity/nocsy_skeleton_necromancer_skin","1":"modelengine:entity/nocsy_skeleton_necromancer_red_flame","2":"modelengine:entity/nocsy_skeleton_necromancer_red_flame_animated","3":"modelengine:entity/nocsy_skeleton_necromancer_lantern","4":"modelengine:entity/nocsy_skeleton_necromancer_lantern_animated"},"elements":[{"name":"cube","from":[7.7,-1.8400011,4.22],"to":[7.7,8.359999,11.42],"rotation":{"angle":0.0,"axis":"x","origin":[7.64,3.1399996,7.4]},"faces":{"down":{"uv":[0.0,0.0,0.0,0.75],"rotation":0,"texture":"#0","tintindex":0},"east":{"uv":[2.625,1.0625,3.375,2.125],"rotation":0,"texture":"#0","tintindex":0},"north":{"uv":[0.0,0.0,0.0,1.0625],"rotation":0,"texture":"#0","tintindex":0},"south":{"uv":[0.0,0.0,0.0,1.0625],"rotation":0,"texture":"#0","tintindex":0},"up":{"uv":[0.0,0.75,0.0,0.0],"rotation":0,"texture":"#0","tintindex":0},"west":{"uv":[2.625,2.125,3.375,3.1875],"rotation":0,"texture":"#0","tintindex":0}}},{"name":"cube","from":[6.62,-8.020001,4.22],"to":[6.62,-2.020001,11.42],"rotation":{"angle":-22.5,"axis":"z","origin":[7.7,-4.840001,7.22]},"faces":{"down":{"uv":[0.0,0.0,0.0,0.75],"rotation":0,"texture":"#0","tintindex":0},"east":{"uv":[5.125,0.0,5.875,0.625],"rotation":0,"texture":"#0","tintindex":0},"north":{"uv":[0.0,0.0,0.0,0.625],"rotation":0,"texture":"#0","tintindex":0},"south":{"uv":[0.0,0.0,0.0,0.625],"rotation":0,"texture":"#0","tintindex":0},"up":{"uv":[0.0,0.75,0.0,0.0],"rotation":0,"texture":"#0","tintindex":0},"west":{"uv":[5.125,0.625,5.875,1.25],"rotation":0,"texture":"#0","tintindex":0}}}],"display":{"head":{"translation":[0.0,-6.4,0.0],"rotation":[0.0,0.0,0.0],"scale":[3.8095,3.8095,3.8095]}}}