{"textures":{"0":"modelengine:entity/nocsy_skeleton_necromancer_skin","1":"modelengine:entity/nocsy_skeleton_necromancer_red_flame","2":"modelengine:entity/nocsy_skeleton_necromancer_red_flame_animated","3":"modelengine:entity/nocsy_skeleton_necromancer_lantern","4":"modelengine:entity/nocsy_skeleton_necromancer_lantern_animated"},"elements":[{"name":"cube","from":[8.674746,6.8172026,7.619322],"to":[9.725254,8.2227955,8.5606785],"rotation":{"angle":0.0,"axis":"x","origin":[8.0,8.0,8.0]},"faces":{"down":{"uv":[9.625,3.25,9.5,3.375],"rotation":0,"texture":"#0","tintindex":0},"east":{"uv":[2.4375,9.5,2.5625,9.625],"rotation":0,"texture":"#0","tintindex":0},"north":{"uv":[2.25,9.5,2.375,9.625],"rotation":0,"texture":"#0","tintindex":0},"south":{"uv":[2.75,9.5,2.875,9.625],"rotation":0,"texture":"#0","tintindex":0},"up":{"uv":[3.125,9.625,3.0,9.5],"rotation":0,"texture":"#0","tintindex":0},"west":{"uv":[2.875,9.5,3.0,9.625],"rotation":0,"texture":"#0","tintindex":0}}},{"name":"cube","from":[8.674746,1.5972021,7.679322],"to":[9.725254,1.9827948,8.320679],"rotation":{"angle":0.0,"axis":"x","origin":[8.0,8.0,8.0]},"faces":{"down":{"uv":[9.8125,6.125,9.6875,6.1875],"rotation":0,"texture":"#0","tintindex":0},"east":{"uv":[9.75,7.0625,9.8125,7.125],"rotation":0,"texture":"#0","tintindex":0},"north":{"uv":[9.6875,5.75,9.8125,5.8125],"rotation":0,"texture":"#0","tintindex":0},"south":{"uv":[6.0625,9.6875,6.1875,9.75],"rotation":0,"texture":"#0","tintindex":0},"up":{"uv":[9.8125,6.125,9.6875,6.0625],"rotation":0,"texture":"#0","tintindex":0},"west":{"uv":[7.125,9.75,7.1875,9.8125],"rotation":0,"texture":"#0","tintindex":0}}},{"name":"cube","from":[8.554746,4.237203,7.559322],"to":[9.845255,6.8427963,8.500679],"rotation":{"angle":0.0,"axis":"x","origin":[8.12,8.0,8.0]},"faces":{"down":{"uv":[4.0,9.5,3.875,9.625],"rotation":0,"texture":"#0","tintindex":0},"east":{"uv":[9.1875,4.6875,9.3125,4.9375],"rotation":0,"texture":"#0","tintindex":0},"north":{"uv":[9.1875,4.4375,9.3125,4.6875],"rotation":0,"texture":"#0","tintindex":0},"south":{"uv":[9.1875,5.0625,9.3125,5.3125],"rotation":0,"texture":"#0","tintindex":0},"up":{"uv":[3.625,9.625,3.5,9.5],"rotation":0,"texture":"#0","tintindex":0},"west":{"uv":[9.1875,5.3125,9.3125,5.5625],"rotation":0,"texture":"#0","tintindex":0}}},{"name":"cube","from":[8.434746,1.9572011,7.619322],"to":[9.965254,4.2627964,8.440678],"rotation":{"angle":0.0,"axis":"x","origin":[8.24,8.0,8.0]},"faces":{"down":{"uv":[9.75,4.5,9.5625,4.5625],"rotation":0,"texture":"#0","tintindex":0},"east":{"uv":[1.1875,9.5,1.25,9.75],"rotation":0,"texture":"#0","tintindex":0},"north":{"uv":[2.5625,8.6875,2.75,8.9375],"rotation":0,"texture":"#0","tintindex":0},"south":{"uv":[3.125,8.6875,3.3125,8.9375],"rotation":0,"texture":"#0","tintindex":0},"up":{"uv":[9.75,4.5,9.5625,4.4375],"rotation":0,"texture":"#0","tintindex":0},"west":{"uv":[3.25,9.5,3.3125,9.75],"rotation":0,"texture":"#0","tintindex":0}}}],"display":{"head":{"translation":[0.0,-6.4,0.0],"rotation":[0.0,0.0,0.0],"scale":[3.8095,3.8095,3.8095]}}}