{"textures":{"0":"modelengine:entity/nocsy_skeleton_necromancer_skin","1":"modelengine:entity/nocsy_skeleton_necromancer_red_flame","2":"modelengine:entity/nocsy_skeleton_necromancer_red_flame_animated","3":"modelengine:entity/nocsy_skeleton_necromancer_lantern","4":"modelengine:entity/nocsy_skeleton_necromancer_lantern_animated"},"elements":[{"name":"cube","from":[6.50204,6.578966,3.4509854],"to":[9.50204,6.578966,4.6509852],"rotation":{"angle":-45.0,"axis":"x","origin":[8.00204,7.838968,2.0709853]},"faces":{"down":{"uv":[9.25,8.4375,8.9375,8.5625],"rotation":0,"texture":"#0","tintindex":0},"east":{"uv":[0.0,0.0,0.125,0.0],"rotation":0,"texture":"#0","tintindex":0},"north":{"uv":[0.0,0.0,0.3125,0.0],"rotation":0,"texture":"#0","tintindex":0},"south":{"uv":[0.0,0.0,0.3125,0.0],"rotation":0,"texture":"#0","tintindex":0},"up":{"uv":[9.25,8.4375,8.9375,8.3125],"rotation":0,"texture":"#0","tintindex":0},"west":{"uv":[0.0,0.0,0.125,0.0],"rotation":0,"texture":"#0","tintindex":0}}},{"name":"cube","from":[6.50204,6.1289663,3.9309855],"to":[9.50204,7.9289665,3.9309855],"rotation":{"angle":0.0,"axis":"x","origin":[8.00204,7.838968,2.0709853]},"faces":{"down":{"uv":[0.3125,0.0,0.0,0.0],"rotation":0,"texture":"#0","tintindex":0},"east":{"uv":[0.0,0.0,0.0,0.1875],"rotation":0,"texture":"#0","tintindex":0},"north":{"uv":[6.3125,1.75,6.625,1.9375],"rotation":0,"texture":"#0","tintindex":0},"south":{"uv":[8.3125,2.1875,8.625,2.375],"rotation":0,"texture":"#0","tintindex":0},"up":{"uv":[0.3125,0.0,0.0,0.0],"rotation":0,"texture":"#0","tintindex":0},"west":{"uv":[0.0,0.0,0.0,0.1875],"rotation":0,"texture":"#0","tintindex":0}}},{"name":"cube","from":[6.50204,2.3939672,3.4509854],"to":[9.50204,5.3939676,3.4509854],"rotation":{"angle":0.0,"axis":"x","origin":[8.00204,7.838968,2.0709853]},"faces":{"down":{"uv":[0.3125,0.0,0.0,0.0],"rotation":0,"texture":"#0","tintindex":0},"east":{"uv":[0.0,0.0,0.0,0.3125],"rotation":0,"texture":"#0","tintindex":0},"north":{"uv":[7.75,1.375,8.0625,1.6875],"rotation":0,"texture":"#0","tintindex":0},"south":{"uv":[7.75,1.6875,8.0625,2.0],"rotation":0,"texture":"#0","tintindex":0},"up":{"uv":[0.3125,0.0,0.0,0.0],"rotation":0,"texture":"#0","tintindex":0},"west":{"uv":[0.0,0.0,0.0,0.3125],"rotation":0,"texture":"#0","tintindex":0}}},{"name":"cube","from":[6.50204,-1.6860323,2.910985],"to":[9.50204,2.5139678,2.910985],"rotation":{"angle":-22.5,"axis":"x","origin":[8.00204,3.8939672,3.4509854]},"faces":{"down":{"uv":[0.3125,0.0,0.0,0.0],"rotation":0,"texture":"#0","tintindex":0},"east":{"uv":[0.0,0.0,0.0,0.4375],"rotation":0,"texture":"#0","tintindex":0},"north":{"uv":[5.6875,7.25,6.0,7.6875],"rotation":0,"texture":"#0","tintindex":0},"south":{"uv":[7.375,0.75,7.6875,1.1875],"rotation":0,"texture":"#0","tintindex":0},"up":{"uv":[0.3125,0.0,0.0,0.0],"rotation":0,"texture":"#0","tintindex":0},"west":{"uv":[0.0,0.0,0.0,0.4375],"rotation":0,"texture":"#0","tintindex":0}}},{"name":"cube","from":[6.50204,6.113968,4.290985],"to":[9.50204,7.3139677,4.290985],"rotation":{"angle":22.5,"axis":"x","origin":[8.00204,7.838968,2.0709853]},"faces":{"down":{"uv":[0.3125,0.0,0.0,0.0],"rotation":0,"texture":"#0","tintindex":0},"east":{"uv":[0.0,0.0,0.0,0.125],"rotation":0,"texture":"#0","tintindex":0},"north":{"uv":[9.0,0.5,9.3125,0.625],"rotation":0,"texture":"#0","tintindex":0},"south":{"uv":[9.0,0.625,9.3125,0.75],"rotation":0,"texture":"#0","tintindex":0},"up":{"uv":[0.3125,0.0,0.0,0.0],"rotation":0,"texture":"#0","tintindex":0},"west":{"uv":[0.0,0.0,0.0,0.125],"rotation":0,"texture":"#0","tintindex":0}}},{"name":"cube","from":[6.50204,8.74016,4.8006797],"to":[9.50204,8.74016,9.00068],"rotation":{"angle":0.0,"axis":"x","origin":[8.0,8.0,8.0]},"faces":{"down":{"uv":[1.5625,7.4375,1.25,7.875],"rotation":0,"texture":"#0","tintindex":0},"east":{"uv":[0.0,0.0,0.4375,0.0],"rotation":0,"texture":"#0","tintindex":0},"north":{"uv":[0.0,0.0,0.3125,0.0],"rotation":0,"texture":"#0","tintindex":0},"south":{"uv":[0.0,0.0,0.3125,0.0],"rotation":0,"texture":"#0","tintindex":0},"up":{"uv":[7.6875,4.6875,7.375,4.25],"rotation":0,"texture":"#0","tintindex":0},"west":{"uv":[0.0,0.0,0.4375,0.0],"rotation":0,"texture":"#0","tintindex":0}}},{"name":"cube","from":[6.50204,-1.4598389,9.03068],"to":[9.50204,8.74016,9.03068],"rotation":{"angle":0.0,"axis":"x","origin":[8.00204,8.74016,6.9006796]},"faces":{"down":{"uv":[0.3125,0.0,0.0,0.0],"rotation":0,"texture":"#0","tintindex":0},"east":{"uv":[0.0,0.0,0.0,1.0625],"rotation":0,"texture":"#0","tintindex":0},"north":{"uv":[3.3125,5.625,3.625,6.6875],"rotation":0,"texture":"#0","tintindex":0},"south":{"uv":[3.625,5.625,3.9375,6.6875],"rotation":0,"texture":"#0","tintindex":0},"up":{"uv":[0.3125,0.0,0.0,0.0],"rotation":0,"texture":"#0","tintindex":0},"west":{"uv":[0.0,0.0,0.0,1.0625],"rotation":0,"texture":"#0","tintindex":0}}}],"display":{"head":{"translation":[0.0,-6.4,0.0],"rotation":[0.0,0.0,0.0],"scale":[3.8095,3.8095,3.8095]}}}