{"textures":{"0":"modelengine:entity/nocsy_skeleton_necromancer_skin","1":"modelengine:entity/nocsy_skeleton_necromancer_red_flame","2":"modelengine:entity/nocsy_skeleton_necromancer_red_flame_animated","3":"modelengine:entity/nocsy_skeleton_necromancer_lantern","4":"modelengine:entity/nocsy_skeleton_necromancer_lantern_animated"},"elements":[{"name":"cube","from":[8.3,-1.8400011,4.22],"to":[8.3,8.359999,11.42],"rotation":{"angle":0.0,"axis":"x","origin":[8.360001,3.1399996,7.4]},"faces":{"down":{"uv":[0.0,0.0,0.0,0.75],"rotation":0,"texture":"#0","tintindex":0},"east":{"uv":[0.875,2.5,1.625,3.5625],"rotation":0,"texture":"#0","tintindex":0},"north":{"uv":[0.0,0.0,0.0,1.0625],"rotation":0,"texture":"#0","tintindex":0},"south":{"uv":[0.0,0.0,0.0,1.0625],"rotation":0,"texture":"#0","tintindex":0},"up":{"uv":[0.0,0.75,0.0,0.0],"rotation":0,"texture":"#0","tintindex":0},"west":{"uv":[2.625,0.0,3.375,1.0625],"rotation":0,"texture":"#0","tintindex":0}}},{"name":"cube","from":[9.379999,-8.020001,4.22],"to":[9.379999,-2.020001,11.42],"rotation":{"angle":22.5,"axis":"z","origin":[8.3,-4.840001,7.22]},"faces":{"down":{"uv":[0.0,0.0,0.0,0.75],"rotation":0,"texture":"#0","tintindex":0},"east":{"uv":[4.75,5.0,5.5,5.625],"rotation":0,"texture":"#0","tintindex":0},"north":{"uv":[0.0,0.0,0.0,0.625],"rotation":0,"texture":"#0","tintindex":0},"south":{"uv":[0.0,0.0,0.0,0.625],"rotation":0,"texture":"#0","tintindex":0},"up":{"uv":[0.0,0.75,0.0,0.0],"rotation":0,"texture":"#0","tintindex":0},"west":{"uv":[0.0,5.125,0.75,5.75],"rotation":0,"texture":"#0","tintindex":0}}}],"display":{"head":{"translation":[0.0,-6.4,0.0],"rotation":[0.0,0.0,0.0],"scale":[3.8095,3.8095,3.8095]}}}