{"textures":{"0":"modelengine:entity/mso_octopus_1"},"elements":[{"name":"cube","from":[9.050428,2.8136668,7.4],"to":[9.650429,7.613667,8.6],"rotation":{"angle":-22.5,"axis":"z","origin":[9.950428,11.213667,8.3]},"faces":{"down":{"uv":[6.25,4.5,6.0,5.0],"rotation":0,"texture":"#0","tintindex":0},"east":{"uv":[6.25,4.0,6.75,6.0],"rotation":0,"texture":"#0","tintindex":0},"north":{"uv":[8.5,8.5,8.75,10.5],"rotation":0,"texture":"#0","tintindex":0},"south":{"uv":[0.0,8.75,0.25,10.75],"rotation":0,"texture":"#0","tintindex":0},"up":{"uv":[6.0,5.0,5.75,4.5],"rotation":0,"texture":"#0","tintindex":0},"west":{"uv":[1.25,6.5,1.75,8.5],"rotation":0,"texture":"#0","tintindex":0}}}],"display":{"head":{"translation":[0.0,-6.4,0.0],"rotation":[0.0,0.0,0.0],"scale":[3.8095,3.8095,3.8095]}}}