{"textures":{"0":"modelengine:entity/mso_octopus_1"},"elements":[{"name":"cube","from":[7.4,2.8136668,6.3495717],"to":[8.6,7.613667,6.9495716],"rotation":{"angle":-22.5,"axis":"x","origin":[8.3,11.213667,6.049571]},"faces":{"down":{"uv":[4.0,1.75,3.5,2.0],"rotation":0,"texture":"#0","tintindex":0},"east":{"uv":[3.5,8.5,3.75,10.5],"rotation":0,"texture":"#0","tintindex":0},"north":{"uv":[5.25,2.5,5.75,4.5],"rotation":0,"texture":"#0","tintindex":0},"south":{"uv":[5.75,2.5,6.25,4.5],"rotation":0,"texture":"#0","tintindex":0},"up":{"uv":[4.0,1.75,3.5,1.5],"rotation":0,"texture":"#0","tintindex":0},"west":{"uv":[7.25,8.5,7.5,10.5],"rotation":0,"texture":"#0","tintindex":0}}}],"display":{"head":{"translation":[0.0,-6.4,0.0],"rotation":[0.0,0.0,0.0],"scale":[3.8095,3.8095,3.8095]}}}