{"textures":{"0":"modelengine:entity/mso_octopus_1"},"elements":[{"name":"cube","from":[7.4,4.379045,7.2135477],"to":[8.6,7.9790454,7.8135476],"rotation":{"angle":22.5,"axis":"x","origin":[7.7,6.779045,8.113548]},"faces":{"down":{"uv":[9.5,9.5,9.0,9.75],"rotation":0,"texture":"#0","tintindex":0},"east":{"uv":[2.5,9.25,2.75,10.75],"rotation":0,"texture":"#0","tintindex":0},"north":{"uv":[6.75,8.0,7.25,9.5],"rotation":0,"texture":"#0","tintindex":0},"south":{"uv":[8.25,0.0,8.75,1.5],"rotation":0,"texture":"#0","tintindex":0},"up":{"uv":[10.0,9.0,9.5,8.75],"rotation":0,"texture":"#0","tintindex":0},"west":{"uv":[2.75,9.25,3.0,10.75],"rotation":0,"texture":"#0","tintindex":0}}}],"display":{"head":{"translation":[0.0,-6.4,0.0],"rotation":[0.0,0.0,0.0],"scale":[3.8095,3.8095,3.8095]}}}