{"textures":{"0":"modelengine:entity/mso_octopus_1"},"elements":[{"name":"cube","from":[7.4,3.5766501,10.039259],"to":[8.6,7.17665,10.639259],"rotation":{"angle":22.5,"axis":"x","origin":[7.7,13.17665,10.939259]},"faces":{"down":{"uv":[10.0,8.5,9.5,8.75],"rotation":0,"texture":"#0","tintindex":0},"east":{"uv":[2.0,9.25,2.25,10.75],"rotation":0,"texture":"#0","tintindex":0},"north":{"uv":[3.75,8.0,4.25,9.5],"rotation":0,"texture":"#0","tintindex":0},"south":{"uv":[4.25,8.0,4.75,9.5],"rotation":0,"texture":"#0","tintindex":0},"up":{"uv":[10.0,8.5,9.5,8.25],"rotation":0,"texture":"#0","tintindex":0},"west":{"uv":[2.25,9.25,2.5,10.75],"rotation":0,"texture":"#0","tintindex":0}}}],"display":{"head":{"translation":[0.0,-6.4,0.0],"rotation":[0.0,0.0,0.0],"scale":[3.8095,3.8095,3.8095]}}}