{"textures":{"0":"modelengine:entity/mso_octopus_1"},"elements":[{"name":"cube","from":[6.3495717,2.9636667,7.4],"to":[6.9495716,7.763667,8.6],"rotation":{"angle":22.5,"axis":"z","origin":[6.0495715,11.3636675,7.7]},"faces":{"down":{"uv":[7.25,9.5,7.0,10.0],"rotation":0,"texture":"#0","tintindex":0},"east":{"uv":[4.75,7.0,5.25,9.0],"rotation":0,"texture":"#0","tintindex":0},"north":{"uv":[9.0,5.25,9.25,7.25],"rotation":0,"texture":"#0","tintindex":0},"south":{"uv":[5.5,9.0,5.75,11.0],"rotation":0,"texture":"#0","tintindex":0},"up":{"uv":[9.75,7.25,9.5,6.75],"rotation":0,"texture":"#0","tintindex":0},"west":{"uv":[5.25,7.0,5.75,9.0],"rotation":0,"texture":"#0","tintindex":0}}}],"display":{"head":{"translation":[0.0,-6.4,0.0],"rotation":[0.0,0.0,0.0],"scale":[3.8095,3.8095,3.8095]}}}