{"textures":{"0":"modelengine:entity/mso_octopus_1"},"elements":[{"name":"cube","from":[8.3,4.3999996,7.1],"to":[8.9,9.2,8.3],"rotation":{"angle":22.5,"axis":"z","origin":[8.0,8.0,8.0]},"faces":{"down":{"uv":[7.0,9.5,6.75,10.0],"rotation":0,"texture":"#0","tintindex":0},"east":{"uv":[6.75,4.0,7.25,6.0],"rotation":0,"texture":"#0","tintindex":0},"north":{"uv":[5.0,9.0,5.25,11.0],"rotation":0,"texture":"#0","tintindex":0},"south":{"uv":[5.25,9.0,5.5,11.0],"rotation":0,"texture":"#0","tintindex":0},"up":{"uv":[4.75,10.0,4.5,9.5],"rotation":0,"texture":"#0","tintindex":0},"west":{"uv":[6.75,6.0,7.25,8.0],"rotation":0,"texture":"#0","tintindex":0}}}],"display":{"head":{"translation":[0.0,-6.4,0.0],"rotation":[0.0,0.0,0.0],"scale":[3.8095,3.8095,3.8095]}}}