{"textures":{"0":"modelengine:entity/nocsy_skeleton_warrior"},"elements":[{"name":"cube","from":[6.0127997,8.91524,5.13632],"to":[9.4472,11.508441,8.570721],"rotation":{"angle":0.0,"axis":"x","origin":[8.8748,4.90844,6.85352]},"faces":{"down":{"uv":[1.4375,2.5,0.75,3.1875],"rotation":0,"texture":"#0","tintindex":0},"east":{"uv":[1.5,2.5,2.1875,3.0625],"rotation":0,"texture":"#0","tintindex":0},"north":{"uv":[2.5,1.25,3.1875,1.8125],"rotation":0,"texture":"#0","tintindex":0},"south":{"uv":[2.5,1.875,3.1875,2.4375],"rotation":0,"texture":"#0","tintindex":0},"up":{"uv":[0.6875,3.1875,0.0,2.5],"rotation":0,"texture":"#0","tintindex":0},"west":{"uv":[2.25,2.5,2.9375,3.0625],"rotation":0,"texture":"#0","tintindex":0}}},{"name":"cube","from":[6.4687996,8.20124,8.44232],"to":[8.9912,11.142441,8.89472],"rotation":{"angle":0.0,"axis":"x","origin":[9.3248005,4.90844,6.85352]},"faces":{"down":{"uv":[6.5,5.25,6.0,5.375],"rotation":0,"texture":"#0","tintindex":0},"east":{"uv":[2.25,5.75,2.375,6.375],"rotation":0,"texture":"#0","tintindex":0},"north":{"uv":[0.0,3.25,0.5,3.875],"rotation":0,"texture":"#0","tintindex":0},"south":{"uv":[3.25,0.0,3.75,0.625],"rotation":0,"texture":"#0","tintindex":0},"up":{"uv":[5.125,3.0,4.625,2.875],"rotation":0,"texture":"#0","tintindex":0},"west":{"uv":[4.125,5.75,4.25,6.375],"rotation":0,"texture":"#0","tintindex":0}}},{"name":"cube","from":[6.1688,8.34884,7.39952],"to":[9.291201,8.90924,8.56472],"rotation":{"angle":0.0,"axis":"x","origin":[8.784801,4.90844,6.85352]},"faces":{"down":{"uv":[5.125,3.25,4.5,3.5],"rotation":0,"texture":"#0","tintindex":0},"east":{"uv":[0.75,7.25,1.0,7.375],"rotation":0,"texture":"#0","tintindex":0},"north":{"uv":[5.5,2.0,6.125,2.125],"rotation":0,"texture":"#0","tintindex":0},"south":{"uv":[5.625,2.25,6.25,2.375],"rotation":0,"texture":"#0","tintindex":0},"up":{"uv":[5.125,3.25,4.5,3.0],"rotation":0,"texture":"#0","tintindex":0},"west":{"uv":[7.25,0.875,7.5,1.0],"rotation":0,"texture":"#0","tintindex":0}}},{"name":"cube","from":[6.1628,7.86284,7.75352],"to":[9.297199,8.85524,8.51072],"rotation":{"angle":0.0,"axis":"x","origin":[8.784801,4.90844,6.85352]},"faces":{"down":{"uv":[5.3125,1.125,4.625,1.3125],"rotation":0,"texture":"#0","tintindex":0},"east":{"uv":[5.5,6.125,5.6875,6.375],"rotation":0,"texture":"#0","tintindex":0},"north":{"uv":[4.5,2.125,5.1875,2.375],"rotation":0,"texture":"#0","tintindex":0},"south":{"uv":[4.5,2.375,5.1875,2.625],"rotation":0,"texture":"#0","tintindex":0},"up":{"uv":[5.3125,1.0625,4.625,0.875],"rotation":0,"texture":"#0","tintindex":0},"west":{"uv":[6.25,4.25,6.4375,4.5],"rotation":0,"texture":"#0","tintindex":0}}},{"name":"cube","from":[5.7208757,8.909515,4.9588757],"to":[9.739124,10.033964,6.1151237],"rotation":{"angle":0.0,"axis":"x","origin":[9.160999,4.90844,6.85352]},"faces":{"down":{"uv":[4.6875,0.625,3.875,0.875],"rotation":0,"texture":"#0","tintindex":0},"east":{"uv":[3.875,0.875,4.125,1.125],"rotation":0,"texture":"#0","tintindex":0},"north":{"uv":[3.75,0.375,4.5625,0.625],"rotation":0,"texture":"#0","tintindex":0},"south":{"uv":[1.375,3.75,2.1875,4.0],"rotation":0,"texture":"#0","tintindex":0},"up":{"uv":[3.0625,4.0,2.25,3.75],"rotation":0,"texture":"#0","tintindex":0},"west":{"uv":[4.0,3.625,4.25,3.875],"rotation":0,"texture":"#0","tintindex":0}}},{"name":"cube","from":[6.524,7.9754353,5.078876],"to":[8.936,9.187435,5.690876],"rotation":{"angle":0.0,"axis":"x","origin":[7.73,8.581435,5.3848763]},"faces":{"down":{"uv":[6.5,5.5,6.0,5.625],"rotation":0,"texture":"#0","tintindex":0},"east":{"uv":[1.0,7.25,1.125,7.5],"rotation":0,"texture":"#0","tintindex":0},"north":{"uv":[4.625,1.375,5.125,1.625],"rotation":0,"texture":"#0","tintindex":0},"south":{"uv":[4.625,1.625,5.125,1.875],"rotation":0,"texture":"#0","tintindex":0},"up":{"uv":[6.5,5.5,6.0,5.375],"rotation":0,"texture":"#0","tintindex":0},"west":{"uv":[7.25,1.0,7.375,1.25],"rotation":0,"texture":"#0","tintindex":0}}},{"name":"cube","from":[6.3972797,11.063946,5.465871],"to":[9.06272,11.923386,7.526511],"rotation":{"angle":-22.5,"axis":"x","origin":[7.46,11.216346,6.496191]},"faces":{"down":{"uv":[3.875,0.625,3.25,1.125],"rotation":0,"texture":"#0","tintindex":0},"east":{"uv":[4.625,2.625,5.125,2.875],"rotation":0,"texture":"#0","tintindex":0},"north":{"uv":[4.5,3.5,5.125,3.75],"rotation":0,"texture":"#0","tintindex":0},"south":{"uv":[3.625,4.5,4.25,4.75],"rotation":0,"texture":"#0","tintindex":0},"up":{"uv":[1.125,3.75,0.5,3.25],"rotation":0,"texture":"#0","tintindex":0},"west":{"uv":[4.75,0.5,5.25,0.75],"rotation":0,"texture":"#0","tintindex":0}}},{"name":"cube","from":[6.4559,11.302205,6.7550316],"to":[9.0041,12.404406,8.299252],"rotation":{"angle":22.5,"axis":"x","origin":[7.4300003,11.216346,6.496191]},"faces":{"down":{"uv":[1.0625,3.75,0.5,4.125],"rotation":0,"texture":"#0","tintindex":0},"east":{"uv":[4.75,5.0,5.125,5.3125],"rotation":0,"texture":"#0","tintindex":0},"north":{"uv":[2.0,4.0,2.5625,4.3125],"rotation":0,"texture":"#0","tintindex":0},"south":{"uv":[4.0,2.625,4.5625,2.9375],"rotation":0,"texture":"#0","tintindex":0},"up":{"uv":[4.3125,0.375,3.75,0.0],"rotation":0,"texture":"#0","tintindex":0},"west":{"uv":[0.5,5.125,0.875,5.4375],"rotation":0,"texture":"#0","tintindex":0}}},{"name":"cube","from":[6.5759,11.053856,8.060292],"to":[8.8841,12.004256,8.638212],"rotation":{"angle":45.0,"axis":"x","origin":[8.15,11.254195,7.750992]},"faces":{"down":{"uv":[5.6875,4.625,5.125,4.8125],"rotation":0,"texture":"#0","tintindex":0},"east":{"uv":[4.75,6.25,4.9375,6.5],"rotation":0,"texture":"#0","tintindex":0},"north":{"uv":[4.5,3.75,5.0625,4.0],"rotation":0,"texture":"#0","tintindex":0},"south":{"uv":[4.625,0.25,5.1875,0.5],"rotation":0,"texture":"#0","tintindex":0},"up":{"uv":[5.6875,3.9375,5.125,3.75],"rotation":0,"texture":"#0","tintindex":0},"west":{"uv":[5.0,6.25,5.1875,6.5],"rotation":0,"texture":"#0","tintindex":0}}},{"name":"cube","from":[5.7265997,9.182119,5.12804],"to":[9.7334,10.60742,7.9900403],"rotation":{"angle":-22.5,"axis":"x","origin":[8.0162,10.0600395,6.85352]},"faces":{"down":{"uv":[3.1875,0.625,2.375,1.25],"rotation":0,"texture":"#0","tintindex":0},"east":{"uv":[3.625,3.875,4.25,4.1875],"rotation":0,"texture":"#0","tintindex":0},"north":{"uv":[3.25,1.125,4.0625,1.4375],"rotation":0,"texture":"#0","tintindex":0},"south":{"uv":[3.25,1.5,4.0625,1.8125],"rotation":0,"texture":"#0","tintindex":0},"up":{"uv":[3.1875,0.625,2.375,0.0],"rotation":0,"texture":"#0","tintindex":0},"west":{"uv":[1.375,4.0,2.0,4.3125],"rotation":0,"texture":"#0","tintindex":0}}}],"display":{"head":{"translation":[0.0,-6.4,0.0],"rotation":[0.0,0.0,0.0],"scale":[3.8095,3.8095,3.8095]}}}