{"textures":{"0":"modelengine:entity/nocsy_skeleton_warrior"},"elements":[{"name":"cube","from":[7.53145,3.694233,7.664603],"to":[8.19025,8.457033,8.269403],"rotation":{"angle":0.0,"axis":"x","origin":[7.8697925,7.9484997,8.027545]},"faces":{"down":{"uv":[1.0,7.75,0.875,7.875],"rotation":0,"texture":"#0","tintindex":0},"east":{"uv":[2.375,5.0,2.5,6.0],"rotation":0,"texture":"#0","tintindex":0},"north":{"uv":[4.125,4.75,4.25,5.75],"rotation":0,"texture":"#0","tintindex":0},"south":{"uv":[2.5,5.0,2.625,6.0],"rotation":0,"texture":"#0","tintindex":0},"up":{"uv":[0.875,7.875,0.75,7.75],"rotation":0,"texture":"#0","tintindex":0},"west":{"uv":[2.625,5.0,2.75,6.0],"rotation":0,"texture":"#0","tintindex":0}}},{"name":"cube","from":[8.068251,3.8305304,7.738055],"to":[9.051051,4.8133307,8.720856],"rotation":{"angle":45.0,"axis":"z","origin":[7.95834,3.4207609,7.997487]},"faces":{"down":{"uv":[2.4375,6.75,2.25,6.9375],"rotation":0,"texture":"#0","tintindex":0},"east":{"uv":[1.5,6.75,1.6875,6.9375],"rotation":0,"texture":"#0","tintindex":0},"north":{"uv":[0.0,6.75,0.1875,6.9375],"rotation":0,"texture":"#0","tintindex":0},"south":{"uv":[6.75,1.5,6.9375,1.6875],"rotation":0,"texture":"#0","tintindex":0},"up":{"uv":[2.1875,6.9375,2.0,6.75],"rotation":0,"texture":"#0","tintindex":0},"west":{"uv":[1.75,6.75,1.9375,6.9375],"rotation":0,"texture":"#0","tintindex":0}}}],"display":{"head":{"translation":[0.0,-6.4,0.0],"rotation":[0.0,0.0,0.0],"scale":[3.8095,3.8095,3.8095]}}}