{"textures":{"0":"modelengine:entity/nocsy_skeleton_warrior"},"elements":[{"name":"cube","from":[7.6975994,4.6465993,7.5355997],"to":[8.3024,8.0054,8.3564],"rotation":{"angle":0.0,"axis":"x","origin":[6.542,11.348001,8.0]},"faces":{"down":{"uv":[2.875,7.5,2.75,7.6875],"rotation":0,"texture":"#0","tintindex":0},"east":{"uv":[4.875,4.25,5.0625,4.9375],"rotation":0,"texture":"#0","tintindex":0},"north":{"uv":[5.625,5.375,5.75,6.0625],"rotation":0,"texture":"#0","tintindex":0},"south":{"uv":[1.375,5.75,1.5,6.4375],"rotation":0,"texture":"#0","tintindex":0},"up":{"uv":[2.75,7.6875,2.625,7.5],"rotation":0,"texture":"#0","tintindex":0},"west":{"uv":[2.125,5.0,2.3125,5.6875],"rotation":0,"texture":"#0","tintindex":0}}},{"name":"cube","from":[8.00945,7.1593466,7.6807733],"to":[8.884251,8.034147,8.501573],"rotation":{"angle":45.0,"axis":"z","origin":[7.8919997,7.216999,7.946]},"faces":{"down":{"uv":[6.6875,7.0,6.5,7.1875],"rotation":0,"texture":"#0","tintindex":0},"east":{"uv":[7.0,5.5,7.1875,5.6875],"rotation":0,"texture":"#0","tintindex":0},"north":{"uv":[5.25,7.0,5.4375,7.1875],"rotation":0,"texture":"#0","tintindex":0},"south":{"uv":[6.0,7.0,6.1875,7.1875],"rotation":0,"texture":"#0","tintindex":0},"up":{"uv":[6.4375,7.1875,6.25,7.0],"rotation":0,"texture":"#0","tintindex":0},"west":{"uv":[7.0,6.125,7.1875,6.3125],"rotation":0,"texture":"#0","tintindex":0}}},{"name":"cube","from":[7.775456,4.267495,7.245056],"to":[8.539663,5.5328236,8.635664],"rotation":{"angle":0.0,"axis":"x","origin":[6.1843996,13.29392,7.9716797]},"faces":{"down":{"uv":[2.9375,6.125,2.75,6.4375],"rotation":0,"texture":"#0","tintindex":0},"east":{"uv":[6.0,1.0,6.3125,1.25],"rotation":0,"texture":"#0","tintindex":0},"north":{"uv":[6.375,2.625,6.5625,2.875],"rotation":0,"texture":"#0","tintindex":0},"south":{"uv":[3.0,6.375,3.1875,6.625],"rotation":0,"texture":"#0","tintindex":0},"up":{"uv":[6.3125,2.9375,6.125,2.625],"rotation":0,"texture":"#0","tintindex":0},"west":{"uv":[2.375,6.0,2.6875,6.25],"rotation":0,"texture":"#0","tintindex":0}}},{"name":"cube","from":[7.4570327,5.520583,7.45063],"to":[8.52124,6.1859117,8.481238],"rotation":{"angle":45.0,"axis":"y","origin":[8.00756,5.86016,7.97036]},"faces":{"down":{"uv":[4.125,6.375,3.875,6.5625],"rotation":0,"texture":"#0","tintindex":0},"east":{"uv":[7.5,0.875,7.6875,1.0],"rotation":0,"texture":"#0","tintindex":0},"north":{"uv":[3.375,7.25,3.625,7.375],"rotation":0,"texture":"#0","tintindex":0},"south":{"uv":[7.25,3.375,7.5,3.5],"rotation":0,"texture":"#0","tintindex":0},"up":{"uv":[3.875,6.5625,3.625,6.375],"rotation":0,"texture":"#0","tintindex":0},"west":{"uv":[7.5,2.875,7.6875,3.0],"rotation":0,"texture":"#0","tintindex":0}}},{"name":"cube","from":[7.543376,3.8210952,7.213736],"to":[8.182304,4.7158637,7.570784],"rotation":{"angle":-22.5,"axis":"z","origin":[7.711601,3.6921432,7.93253]},"faces":{"down":{"uv":[5.875,8.0,5.75,8.0625],"rotation":0,"texture":"#0","tintindex":0},"east":{"uv":[5.375,7.875,5.4375,8.0625],"rotation":0,"texture":"#0","tintindex":0},"north":{"uv":[3.0,7.5,3.125,7.6875],"rotation":0,"texture":"#0","tintindex":0},"south":{"uv":[7.5,3.0,7.625,3.1875],"rotation":0,"texture":"#0","tintindex":0},"up":{"uv":[8.125,5.6875,8.0,5.625],"rotation":0,"texture":"#0","tintindex":0},"west":{"uv":[7.875,5.375,7.9375,5.5625],"rotation":0,"texture":"#0","tintindex":0}}},{"name":"cube","from":[7.5528727,3.1614091,7.28264],"to":[8.053993,4.0383687,7.5332003],"rotation":{"angle":-45.0,"axis":"z","origin":[7.711601,3.6921432,7.93253]},"faces":{"down":{"uv":[8.125,5.875,8.0,5.9375],"rotation":0,"texture":"#0","tintindex":0},"east":{"uv":[5.5,7.875,5.5625,8.0625],"rotation":0,"texture":"#0","tintindex":0},"north":{"uv":[3.125,7.5,3.25,7.6875],"rotation":0,"texture":"#0","tintindex":0},"south":{"uv":[7.5,3.25,7.625,3.4375],"rotation":0,"texture":"#0","tintindex":0},"up":{"uv":[8.125,5.8125,8.0,5.75],"rotation":0,"texture":"#0","tintindex":0},"west":{"uv":[5.625,7.875,5.6875,8.0625],"rotation":0,"texture":"#0","tintindex":0}}},{"name":"cube","from":[7.1163216,3.1168213,7.31396],"to":[7.554801,3.4511414,7.5018797],"rotation":{"angle":0.0,"axis":"x","origin":[7.3355613,3.3439813,7.40792]},"faces":{"down":{"uv":[8.125,6.25,8.0,6.3125],"rotation":0,"texture":"#0","tintindex":0},"east":{"uv":[6.0,8.0,6.0625,8.125],"rotation":0,"texture":"#0","tintindex":0},"north":{"uv":[5.0,7.75,5.125,7.875],"rotation":0,"texture":"#0","tintindex":0},"south":{"uv":[7.75,5.0,7.875,5.125],"rotation":0,"texture":"#0","tintindex":0},"up":{"uv":[8.125,6.1875,8.0,6.125],"rotation":0,"texture":"#0","tintindex":0},"west":{"uv":[8.0,6.0,8.0625,6.125],"rotation":0,"texture":"#0","tintindex":0}}},{"name":"cube","from":[7.5528727,3.1614091,8.30054],"to":[8.053993,4.0383687,8.59808],"rotation":{"angle":-45.0,"axis":"z","origin":[7.711601,3.6921432,7.93253]},"faces":{"down":{"uv":[8.125,6.5,8.0,6.5625],"rotation":0,"texture":"#0","tintindex":0},"east":{"uv":[7.875,5.625,7.9375,5.8125],"rotation":0,"texture":"#0","tintindex":0},"north":{"uv":[3.625,7.5,3.75,7.6875],"rotation":0,"texture":"#0","tintindex":0},"south":{"uv":[3.75,7.5,3.875,7.6875],"rotation":0,"texture":"#0","tintindex":0},"up":{"uv":[8.125,6.4375,8.0,6.375],"rotation":0,"texture":"#0","tintindex":0},"west":{"uv":[5.875,7.875,5.9375,8.0625],"rotation":0,"texture":"#0","tintindex":0}}},{"name":"cube","from":[7.0172863,3.1019263,7.86206],"to":[7.6331263,3.4309661,8.034321],"rotation":{"angle":0.0,"axis":"x","origin":[7.325206,3.2664459,7.94819]},"faces":{"down":{"uv":[8.0625,3.375,7.875,3.4375],"rotation":0,"texture":"#0","tintindex":0},"east":{"uv":[8.0,6.625,8.0625,6.75],"rotation":0,"texture":"#0","tintindex":0},"north":{"uv":[7.5,3.75,7.6875,3.875],"rotation":0,"texture":"#0","tintindex":0},"south":{"uv":[3.875,7.5,4.0625,7.625],"rotation":0,"texture":"#0","tintindex":0},"up":{"uv":[8.0625,2.9375,7.875,2.875],"rotation":0,"texture":"#0","tintindex":0},"west":{"uv":[8.0,6.75,8.0625,6.875],"rotation":0,"texture":"#0","tintindex":0}}},{"name":"cube","from":[7.077286,3.1019263,8.36318],"to":[7.5731263,3.4309661,8.53544],"rotation":{"angle":0.0,"axis":"x","origin":[7.325206,3.2664459,8.44931]},"faces":{"down":{"uv":[8.125,7.0,8.0,7.0625],"rotation":0,"texture":"#0","tintindex":0},"east":{"uv":[6.875,8.0,6.9375,8.125],"rotation":0,"texture":"#0","tintindex":0},"north":{"uv":[5.125,7.75,5.25,7.875],"rotation":0,"texture":"#0","tintindex":0},"south":{"uv":[7.75,5.125,7.875,5.25],"rotation":0,"texture":"#0","tintindex":0},"up":{"uv":[7.125,8.0625,7.0,8.0],"rotation":0,"texture":"#0","tintindex":0},"west":{"uv":[8.0,6.875,8.0625,7.0],"rotation":0,"texture":"#0","tintindex":0}}},{"name":"cube","from":[7.5528727,3.1614091,7.79942],"to":[8.053993,4.0383687,8.09696],"rotation":{"angle":-45.0,"axis":"z","origin":[7.711601,3.6921432,7.93253]},"faces":{"down":{"uv":[8.125,7.125,8.0,7.1875],"rotation":0,"texture":"#0","tintindex":0},"east":{"uv":[7.875,5.875,7.9375,6.0625],"rotation":0,"texture":"#0","tintindex":0},"north":{"uv":[7.5,3.875,7.625,4.0625],"rotation":0,"texture":"#0","tintindex":0},"south":{"uv":[4.125,7.5,4.25,7.6875],"rotation":0,"texture":"#0","tintindex":0},"up":{"uv":[7.25,8.0625,7.125,8.0],"rotation":0,"texture":"#0","tintindex":0},"west":{"uv":[6.125,7.875,6.1875,8.0625],"rotation":0,"texture":"#0","tintindex":0}}},{"name":"cube","from":[6.961136,4.267495,7.182416],"to":[7.4121437,5.2822633,7.821344],"rotation":{"angle":-22.5,"axis":"z","origin":[7.31192,4.774879,7.5018797]},"faces":{"down":{"uv":[8.0625,7.25,8.0,7.375],"rotation":0,"texture":"#0","tintindex":0},"east":{"uv":[7.5,4.125,7.625,4.3125],"rotation":0,"texture":"#0","tintindex":0},"north":{"uv":[7.875,6.125,7.9375,6.3125],"rotation":0,"texture":"#0","tintindex":0},"south":{"uv":[6.25,7.875,6.3125,8.0625],"rotation":0,"texture":"#0","tintindex":0},"up":{"uv":[7.3125,8.125,7.25,8.0],"rotation":0,"texture":"#0","tintindex":0},"west":{"uv":[4.25,7.5,4.375,7.6875],"rotation":0,"texture":"#0","tintindex":0}}},{"name":"cube","from":[6.84212,3.6473594,7.25132],"to":[7.15532,4.5243196,7.75244],"rotation":{"angle":0.0,"axis":"x","origin":[7.01379,3.803927,7.5018797]},"faces":{"down":{"uv":[8.0625,7.375,8.0,7.5],"rotation":0,"texture":"#0","tintindex":0},"east":{"uv":[4.375,7.5,4.5,7.6875],"rotation":0,"texture":"#0","tintindex":0},"north":{"uv":[6.375,7.875,6.4375,8.0625],"rotation":0,"texture":"#0","tintindex":0},"south":{"uv":[7.875,6.375,7.9375,6.5625],"rotation":0,"texture":"#0","tintindex":0},"up":{"uv":[7.4375,8.125,7.375,8.0],"rotation":0,"texture":"#0","tintindex":0},"west":{"uv":[7.5,4.375,7.625,4.5625],"rotation":0,"texture":"#0","tintindex":0}}},{"name":"cube","from":[6.8258705,3.381107,7.31396],"to":[7.01379,3.6943073,7.6898],"rotation":{"angle":22.5,"axis":"z","origin":[7.01379,3.803927,7.5018797]},"faces":{"down":{"uv":[8.0625,7.625,8.0,7.75],"rotation":0,"texture":"#0","tintindex":0},"east":{"uv":[5.25,7.75,5.375,7.875],"rotation":0,"texture":"#0","tintindex":0},"north":{"uv":[7.5,8.0,7.5625,8.125],"rotation":0,"texture":"#0","tintindex":0},"south":{"uv":[8.0,7.5,8.0625,7.625],"rotation":0,"texture":"#0","tintindex":0},"up":{"uv":[7.6875,8.125,7.625,8.0],"rotation":0,"texture":"#0","tintindex":0},"west":{"uv":[5.375,7.75,5.5,7.875],"rotation":0,"texture":"#0","tintindex":0}}},{"name":"cube","from":[7.543376,3.8210952,7.7461762],"to":[8.182304,4.7158637,8.134544],"rotation":{"angle":-22.5,"axis":"z","origin":[7.711601,3.6921432,7.93253]},"faces":{"down":{"uv":[8.125,7.75,8.0,7.8125],"rotation":0,"texture":"#0","tintindex":0},"east":{"uv":[6.5,7.875,6.5625,8.0625],"rotation":0,"texture":"#0","tintindex":0},"north":{"uv":[4.5,7.5,4.625,7.6875],"rotation":0,"texture":"#0","tintindex":0},"south":{"uv":[4.625,7.5,4.75,7.6875],"rotation":0,"texture":"#0","tintindex":0},"up":{"uv":[7.875,8.0625,7.75,8.0],"rotation":0,"texture":"#0","tintindex":0},"west":{"uv":[6.625,7.875,6.6875,8.0625],"rotation":0,"texture":"#0","tintindex":0}}},{"name":"cube","from":[7.543376,3.8210952,8.247295],"to":[8.182304,4.7158637,8.651323],"rotation":{"angle":-22.5,"axis":"z","origin":[7.711601,3.6921432,7.93253]},"faces":{"down":{"uv":[8.125,7.875,8.0,7.9375],"rotation":0,"texture":"#0","tintindex":0},"east":{"uv":[7.875,6.625,7.9375,6.8125],"rotation":0,"texture":"#0","tintindex":0},"north":{"uv":[7.5,4.625,7.625,4.8125],"rotation":0,"texture":"#0","tintindex":0},"south":{"uv":[4.75,7.5,4.875,7.6875],"rotation":0,"texture":"#0","tintindex":0},"up":{"uv":[8.0,8.0625,7.875,8.0],"rotation":0,"texture":"#0","tintindex":0},"west":{"uv":[6.75,7.875,6.8125,8.0625],"rotation":0,"texture":"#0","tintindex":0}}},{"name":"cube","from":[7.18664,4.9314795,7.28264],"to":[8.50208,5.4952393,8.59808],"rotation":{"angle":0.0,"axis":"x","origin":[6.1843996,13.29392,7.9716797]},"faces":{"down":{"uv":[5.8125,3.0,5.5,3.3125],"rotation":0,"texture":"#0","tintindex":0},"east":{"uv":[6.75,0.625,7.0625,0.75],"rotation":0,"texture":"#0","tintindex":0},"north":{"uv":[6.75,0.5,7.0625,0.625],"rotation":0,"texture":"#0","tintindex":0},"south":{"uv":[0.75,6.75,1.0625,6.875],"rotation":0,"texture":"#0","tintindex":0},"up":{"uv":[5.8125,2.9375,5.5,2.625],"rotation":0,"texture":"#0","tintindex":0},"west":{"uv":[6.75,1.375,7.0625,1.5],"rotation":0,"texture":"#0","tintindex":0}}},{"name":"cube","from":[7.2176,4.0465994,6.9356],"to":[7.8296,4.6586,9.9476],"rotation":{"angle":0.0,"axis":"x","origin":[6.542,11.348001,8.0]},"faces":{"down":{"uv":[3.625,5.875,3.5,6.5],"rotation":0,"texture":"#0","tintindex":0},"east":{"uv":[2.75,6.0,3.375,6.125],"rotation":0,"texture":"#0","tintindex":0},"north":{"uv":[5.5,7.75,5.625,7.875],"rotation":0,"texture":"#0","tintindex":0},"south":{"uv":[7.75,5.5,7.875,5.625],"rotation":0,"texture":"#0","tintindex":0},"up":{"uv":[3.5,6.5,3.375,5.875],"rotation":0,"texture":"#0","tintindex":0},"west":{"uv":[6.0,3.375,6.625,3.5],"rotation":0,"texture":"#0","tintindex":0}}},{"name":"cube","from":[7.1035995,3.9325995,9.2216],"to":[7.9435997,4.772599,9.7616005],"rotation":{"angle":0.0,"axis":"x","origin":[6.542,11.348001,8.0]},"faces":{"down":{"uv":[0.25,8.125,0.125,8.1875],"rotation":0,"texture":"#0","tintindex":0},"east":{"uv":[8.0,8.0,8.0625,8.125],"rotation":0,"texture":"#0","tintindex":0},"north":{"uv":[5.625,7.75,5.75,7.875],"rotation":0,"texture":"#0","tintindex":0},"south":{"uv":[7.75,5.625,7.875,5.75],"rotation":0,"texture":"#0","tintindex":0},"up":{"uv":[8.25,0.0625,8.125,0.0],"rotation":0,"texture":"#0","tintindex":0},"west":{"uv":[0.0,8.125,0.0625,8.25],"rotation":0,"texture":"#0","tintindex":0}}},{"name":"cube","from":[7.2236,2.8525996,6.6415997],"to":[7.8236,5.8525996,6.9416],"rotation":{"angle":0.0,"axis":"x","origin":[6.542,11.348001,8.0]},"faces":{"down":{"uv":[0.375,8.125,0.25,8.1875],"rotation":0,"texture":"#0","tintindex":0},"east":{"uv":[5.5,6.625,5.5625,7.25],"rotation":0,"texture":"#0","tintindex":0},"north":{"uv":[6.0,4.5,6.125,5.125],"rotation":0,"texture":"#0","tintindex":0},"south":{"uv":[4.625,6.0,4.75,6.625],"rotation":0,"texture":"#0","tintindex":0},"up":{"uv":[8.25,0.1875,8.125,0.125],"rotation":0,"texture":"#0","tintindex":0},"west":{"uv":[5.625,6.625,5.6875,7.25],"rotation":0,"texture":"#0","tintindex":0}}},{"name":"cube","from":[7.2236,5.0725994,6.3416],"to":[7.8236,6.272599,6.6415997],"rotation":{"angle":0.0,"axis":"x","origin":[6.542,11.348001,8.0]},"faces":{"down":{"uv":[0.5,8.125,0.375,8.1875],"rotation":0,"texture":"#0","tintindex":0},"east":{"uv":[5.75,7.75,5.8125,8.0],"rotation":0,"texture":"#0","tintindex":0},"north":{"uv":[7.25,3.5,7.375,3.75],"rotation":0,"texture":"#0","tintindex":0},"south":{"uv":[3.625,7.25,3.75,7.5],"rotation":0,"texture":"#0","tintindex":0},"up":{"uv":[8.25,0.3125,8.125,0.25],"rotation":0,"texture":"#0","tintindex":0},"west":{"uv":[7.75,5.75,7.8125,6.0],"rotation":0,"texture":"#0","tintindex":0}}},{"name":"cube","from":[7.2236,2.372599,6.3416],"to":[7.8236,3.5725994,6.6415997],"rotation":{"angle":0.0,"axis":"x","origin":[6.542,11.348001,8.0]},"faces":{"down":{"uv":[0.625,8.125,0.5,8.1875],"rotation":0,"texture":"#0","tintindex":0},"east":{"uv":[6.0,7.75,6.0625,8.0],"rotation":0,"texture":"#0","tintindex":0},"north":{"uv":[3.75,7.25,3.875,7.5],"rotation":0,"texture":"#0","tintindex":0},"south":{"uv":[7.25,3.75,7.375,4.0],"rotation":0,"texture":"#0","tintindex":0},"up":{"uv":[8.25,0.4375,8.125,0.375],"rotation":0,"texture":"#0","tintindex":0},"west":{"uv":[7.75,6.0,7.8125,6.25],"rotation":0,"texture":"#0","tintindex":0}}},{"name":"cube","from":[7.5236,2.8525996,-4.4584002],"to":[7.5236,5.8525996,6.6415997],"rotation":{"angle":0.0,"axis":"x","origin":[6.542,11.348001,8.0]},"faces":{"down":{"uv":[0.0,0.0,0.0,2.3125],"rotation":0,"texture":"#0","tintindex":0},"east":{"uv":[0.0,0.0,2.3125,0.625],"rotation":0,"texture":"#0","tintindex":0},"north":{"uv":[0.0,0.0,0.0,0.625],"rotation":0,"texture":"#0","tintindex":0},"south":{"uv":[0.0,0.0,0.0,0.625],"rotation":0,"texture":"#0","tintindex":0},"up":{"uv":[0.0,2.3125,0.0,0.0],"rotation":0,"texture":"#0","tintindex":0},"west":{"uv":[0.0,0.625,2.3125,1.25],"rotation":0,"texture":"#0","tintindex":0}}}],"display":{"head":{"translation":[0.0,-6.4,0.0],"rotation":[0.0,0.0,0.0],"scale":[3.8095,3.8095,3.8095]}}}