{"textures":{"0":"modelengine:entity/bamboo_creeper","1":"modelengine:entity/bamboo_creeper_e","2":"modelengine:entity/creeper_armor_1"},"elements":[{"name":"body","from":[7.1,8.0,7.1],"to":[8.9,20.0,8.9],"rotation":{"angle":0.0,"axis":"x","origin":[8.0,4.3999996,8.0]},"faces":{"down":{"uv":[6.75,3.5,6.0,4.25],"rotation":0,"texture":"#0","tintindex":0},"east":{"uv":[4.5,4.25,5.25,9.25],"rotation":0,"texture":"#0","tintindex":0},"north":{"uv":[5.25,4.25,6.0,9.25],"rotation":0,"texture":"#0","tintindex":0},"south":{"uv":[6.75,4.25,7.5,9.25],"rotation":0,"texture":"#0","tintindex":0},"up":{"uv":[6.0,4.25,5.25,3.5],"rotation":0,"texture":"#0","tintindex":0},"west":{"uv":[6.0,4.25,6.75,9.25],"rotation":0,"texture":"#0","tintindex":0}}},{"name":"body","from":[5.3,9.2,8.0],"to":[10.700001,20.0,8.0],"rotation":{"angle":0.0,"axis":"x","origin":[8.0,4.3999996,8.0]},"faces":{"down":{"uv":[4.5,3.5,2.25,3.5],"rotation":0,"texture":"#0","tintindex":0},"east":{"uv":[0.0,3.5,0.0,8.0],"rotation":0,"texture":"#0","tintindex":0},"north":{"uv":[0.0,3.5,2.25,8.0],"rotation":0,"texture":"#0","tintindex":0},"south":{"uv":[2.25,3.5,0.0,8.0],"rotation":0,"texture":"#0","tintindex":0},"up":{"uv":[2.25,3.5,0.0,3.5],"rotation":0,"texture":"#0","tintindex":0},"west":{"uv":[2.25,3.5,2.25,8.0],"rotation":0,"texture":"#0","tintindex":0}}}],"display":{"head":{"translation":[0.0,-6.4,0.0],"rotation":[0.0,0.0,0.0],"scale":[3.8095,3.8095,3.8095]}}}