{"textures":{"0":"modelengine:entity/bamboo_creeper","1":"modelengine:entity/bamboo_creeper_e","2":"modelengine:entity/creeper_armor_1"},"elements":[{"name":"head","from":[5.8999996,8.0,5.8999996],"to":[10.1,12.2,10.1],"rotation":{"angle":0.0,"axis":"x","origin":[8.0,-2.8000002,8.0]},"faces":{"down":{"uv":[5.25,0.0,3.5,1.75],"rotation":0,"texture":"#0","tintindex":0},"east":{"uv":[0.0,1.75,1.75,3.5],"rotation":0,"texture":"#0","tintindex":0},"north":{"uv":[1.75,1.75,3.5,3.5],"rotation":0,"texture":"#0","tintindex":0},"south":{"uv":[5.25,1.75,7.0,3.5],"rotation":0,"texture":"#0","tintindex":0},"up":{"uv":[3.5,1.75,1.75,0.0],"rotation":0,"texture":"#0","tintindex":0},"west":{"uv":[3.5,1.75,5.25,3.5],"rotation":0,"texture":"#0","tintindex":0}}},{"name":"head","from":[4.1,9.2,8.0],"to":[11.900001,11.6,8.0],"rotation":{"angle":0.0,"axis":"x","origin":[8.0,-2.8000002,8.0]},"faces":{"down":{"uv":[11.75,0.0,8.5,0.0],"rotation":0,"texture":"#0","tintindex":0},"east":{"uv":[5.25,0.0,5.25,1.0],"rotation":0,"texture":"#0","tintindex":0},"north":{"uv":[5.25,0.0,8.5,1.0],"rotation":0,"texture":"#0","tintindex":0},"south":{"uv":[8.5,0.0,5.25,1.0],"rotation":0,"texture":"#0","tintindex":0},"up":{"uv":[8.5,0.0,5.25,0.0],"rotation":0,"texture":"#0","tintindex":0},"west":{"uv":[8.5,0.0,8.5,1.0],"rotation":0,"texture":"#0","tintindex":0}}}],"display":{"head":{"translation":[0.0,-6.4,0.0],"rotation":[0.0,0.0,0.0],"scale":[3.8095,3.8095,3.8095]}}}