{"textures":{"0":"modelengine:entity/bamboo_creeper","1":"modelengine:entity/bamboo_creeper_e","2":"modelengine:entity/creeper_armor_1"},"elements":[{"name":"leg3","from":[5.8999996,3.1999998,5.6],"to":[10.1,9.2,9.8],"rotation":{"angle":0.0,"axis":"x","origin":[9.2,4.3999996,5.6]},"faces":{"down":{"uv":[9.75,5.5,9.0,6.25],"rotation":0,"texture":"#2","tintindex":0},"east":{"uv":[7.5,6.25,8.25,7.75],"rotation":0,"texture":"#2","tintindex":0},"north":{"uv":[8.25,6.25,9.0,7.75],"rotation":0,"texture":"#2","tintindex":0},"south":{"uv":[9.75,6.25,10.5,7.75],"rotation":0,"texture":"#2","tintindex":0},"up":{"uv":[9.0,6.25,8.25,5.5],"rotation":0,"texture":"#2","tintindex":0},"west":{"uv":[9.0,6.25,9.75,7.75],"rotation":0,"texture":"#2","tintindex":0}}},{"name":"leg3 inverted","from":[10.1,9.2,9.8],"to":[5.8999996,3.1999998,5.6],"rotation":{"angle":0.0,"axis":"x","origin":[9.2,4.3999996,5.6]},"faces":{"down":{"uv":[8.25,6.25,9.0,5.5],"rotation":0,"texture":"#2","tintindex":0},"east":{"uv":[9.0,7.75,9.75,6.25],"rotation":0,"texture":"#2","tintindex":0},"north":{"uv":[9.75,7.75,10.5,6.25],"rotation":0,"texture":"#2","tintindex":0},"south":{"uv":[8.25,7.75,9.0,6.25],"rotation":0,"texture":"#2","tintindex":0},"up":{"uv":[9.0,5.5,9.75,6.25],"rotation":0,"texture":"#2","tintindex":0},"west":{"uv":[7.5,7.75,8.25,6.25],"rotation":0,"texture":"#2","tintindex":0}}}],"display":{"head":{"translation":[0.0,-6.4,0.0],"rotation":[0.0,0.0,0.0],"scale":[3.8095,3.8095,3.8095]}}}