{"textures":{"0":"modelengine:entity/bamboo_creeper","1":"modelengine:entity/bamboo_creeper_e","2":"modelengine:entity/creeper_armor_1"},"elements":[{"name":"leg5","from":[5.8999996,3.1999998,6.2],"to":[10.1,9.2,10.4],"rotation":{"angle":0.0,"axis":"x","origin":[9.2,4.3999996,10.4]},"faces":{"down":{"uv":[9.25,1.0,8.5,1.75],"rotation":0,"texture":"#2","tintindex":0},"east":{"uv":[7.0,1.75,7.75,3.25],"rotation":0,"texture":"#2","tintindex":0},"north":{"uv":[7.75,1.75,8.5,3.25],"rotation":0,"texture":"#2","tintindex":0},"south":{"uv":[9.25,1.75,10.0,3.25],"rotation":0,"texture":"#2","tintindex":0},"up":{"uv":[8.5,1.75,7.75,1.0],"rotation":0,"texture":"#2","tintindex":0},"west":{"uv":[8.5,1.75,9.25,3.25],"rotation":0,"texture":"#2","tintindex":0}}},{"name":"leg5 inverted","from":[10.1,9.2,10.4],"to":[5.8999996,3.1999998,6.2],"rotation":{"angle":0.0,"axis":"x","origin":[9.2,4.3999996,10.4]},"faces":{"down":{"uv":[7.75,1.75,8.5,1.0],"rotation":0,"texture":"#2","tintindex":0},"east":{"uv":[8.5,3.25,9.25,1.75],"rotation":0,"texture":"#2","tintindex":0},"north":{"uv":[9.25,3.25,10.0,1.75],"rotation":0,"texture":"#2","tintindex":0},"south":{"uv":[7.75,3.25,8.5,1.75],"rotation":0,"texture":"#2","tintindex":0},"up":{"uv":[8.5,1.0,9.25,1.75],"rotation":0,"texture":"#2","tintindex":0},"west":{"uv":[7.0,3.25,7.75,1.75],"rotation":0,"texture":"#2","tintindex":0}}}],"display":{"head":{"translation":[0.0,-6.4,0.0],"rotation":[0.0,0.0,0.0],"scale":[3.8095,3.8095,3.8095]}}}